<layer>
  <name>geo$1327542268264</name>
  <id>LayerInfoImpl-138846a5:13517ae6de4:-7ffb</id>
  <type>VECTOR</type>
  <defaultStyle>
    <id>StyleInfoImpl-19aa05c:134eec39c32:-7fdb</id>
  </defaultStyle>
  <resource class="featureType">
    <id>FeatureTypeInfoImpl-138846a5:13517ae6de4:-7ffc</id>
  </resource>
  <enabled>true</enabled>
  <queryable>true</queryable>
  <metadata>
    <entry key="advertised">true</entry>
  </metadata>
  <attribution>
    <logoWidth>0</logoWidth>
    <logoHeight>0</logoHeight>
  </attribution>
</layer>