<featureType datastore = "AfricaShape" >
  <name>country</name>
  <!--
    native wich EPGS code for the FeatureTypeInfoDTO
  -->
  <SRS>4326</SRS>
  <SRSHandling>0</SRSHandling>
  <title>country_Type</title>
  <abstract>Generated from AfricaShape</abstract>
  <wmspath>/</wmspath>
  <numDecimals value = "0" />
  <keywords>country, AfricaShape</keywords>
  <latLonBoundingBox dynamic = "false" miny = "-46.9697265625" maxy = "37.34041213989258" maxx = "51.41131591796875" minx = "-17.532779693603516" />
  <nativeBBox dynamic = "false" miny = "-46.9697265625" maxy = "37.34041213989258" maxx = "51.41131591796875" minx = "-17.532779693603516" />
  <!--
    the default style this FeatureTypeInfoDTO can be represented by.
    at least must contain the "default" attribute
  -->
  <styles default = "Africa" />
  <cacheinfo enabled = "false" maxage = "" />
  <searchable enabled = "false" />
  <regionateAttribute value = "null" />
  <regionateStrategy value = "best_guess" />
  <regionateFeatureLimit value = "15" />
  <maxFeatures>0</maxFeatures>
</featureType>
