INSERT INTO class_cache (set_id, item_id)  VALUES  ('2cdup13robt13m3jhclspkmyt9q1rh1b', '0000000000000000000000000000023100000000000000000000000000000222');
INSERT INTO metadata_display_label ( default_locale, id, site_master, key_name) VALUES ('MdForm', 'x9a6ve6gxr55xho6lrocqla8m6oa1zziNM200904120000000000000000000030', 'runwaysdk.com', 'x9a6ve6gxr55xho6lrocqla8m6oa1zziNM200904120000000000000000000030');
INSERT INTO metadata_display_label ( default_locale, id, site_master, key_name) VALUES ('Metadata Form', 'r4akbr7k13wzlx5h4r83fn9e3wjq8p8zNM200904120000000000000000000030', 'runwaysdk.com', 'r4akbr7k13wzlx5h4r83fn9e3wjq8p8zNM200904120000000000000000000030');
INSERT INTO md_business ( cache_algorithm, cache_algorithm_c, super_md_business, id) VALUES ('2cdup13robt13m3jhclspkmyt9q1rh1b', '0000000000000000000000000000023100000000000000000000000000000222', '0000000000000000000000000000018000000000000000000000000000000001', '1yd2fgkyvjxstizcgyfqsu97qbpvpiru00000000000000000000000000000001');
INSERT INTO md_element ( extendable, is_abstract, id) VALUES (1, 1, '1yd2fgkyvjxstizcgyfqsu97qbpvpiru00000000000000000000000000000001');
INSERT INTO md_entity ( query_dto_source, query_source, cache_size, enforce_site_master, table_name, id) VALUES (NULL, NULL, 0, 1, 'md_form', '1yd2fgkyvjxstizcgyfqsu97qbpvpiru00000000000000000000000000000001');
INSERT INTO md_class ( publish, stub_dto_source, stub_source, id) VALUES (1, NULL, NULL, '1yd2fgkyvjxstizcgyfqsu97qbpvpiru00000000000000000000000000000001');
INSERT INTO md_type ( display_label, root_id, package_name, type_name, base_source, js_base, js_stub, exported, dto_source, id) VALUES ('x9a6ve6gxr55xho6lrocqla8m6oa1zziNM200904120000000000000000000030', '1yd2fgkyvjxstizcgyfqsu97qbpvpiru', 'com.runwaysdk.system.metadata', 'MdForm', NULL, NULL, NULL, 1, NULL, '1yd2fgkyvjxstizcgyfqsu97qbpvpiru00000000000000000000000000000001');
INSERT INTO metadata ( description, created_by, owner, id, create_date, seq, type, remove, site_master, locked_by, entity_domain, last_updated_by, last_update_date, key_name) VALUES ('r4akbr7k13wzlx5h4r83fn9e3wjq8p8zNM200904120000000000000000000030', '0000000000000000000000000000001000000000000000000000000000000003', '0000000000000000000000000000001000000000000000000000000000000003', '1yd2fgkyvjxstizcgyfqsu97qbpvpiru00000000000000000000000000000001', '2011-10-03 16:03:31', 2746, 'com.runwaysdk.system.metadata.MdBusiness', 1, 'runwaysdk.com', NULL, NULL, '0000000000000000000000000000001000000000000000000000000000000003', '2011-10-03 16:03:31', 'com.runwaysdk.system.metadata.MdForm');
CREATE TABLE md_form ( id CHAR(64) NOT NULL PRIMARY KEY );
INSERT INTO business_inheritance ( id, parent_id, child_id) VALUES ('1xi3ufwqqpxueh31vfztacwaaxyqn44w20070926NM0000000000000000000004', '0000000000000000000000000000018000000000000000000000000000000001', '1yd2fgkyvjxstizcgyfqsu97qbpvpiru00000000000000000000000000000001');
INSERT INTO class_inheritance ( id, parent_id, child_id) VALUES ('1xi3ufwqqpxueh31vfztacwaaxyqn44w20070926NM0000000000000000000004', '0000000000000000000000000000018000000000000000000000000000000001', '1yd2fgkyvjxstizcgyfqsu97qbpvpiru00000000000000000000000000000001');
INSERT INTO metadata_relationship ( entity_domain, site_master, last_updated_by, id, owner, locked_by, create_date, type, created_by, seq, key_name, last_update_date, parent_id, child_id) VALUES (NULL, 'runwaysdk.com', '0000000000000000000000000000001000000000000000000000000000000003', '1xi3ufwqqpxueh31vfztacwaaxyqn44w20070926NM0000000000000000000004', '0000000000000000000000000000001000000000000000000000000000000003', NULL, '2011-10-03 16:03:31', 'com.runwaysdk.system.metadata.BusinessInheritance', '0000000000000000000000000000001000000000000000000000000000000003', 2747, '1xi3ufwqqpxueh31vfztacwaaxyqn44w20070926NM0000000000000000000004', '2011-10-03 16:03:31', '0000000000000000000000000000018000000000000000000000000000000001', '1yd2fgkyvjxstizcgyfqsu97qbpvpiru00000000000000000000000000000001');
 INSERT INTO visibilitymodifier (set_id, item_id)  VALUES  ('1s5nakmt2l9mse0jde9sjs5mgavbk0eg', '20071109NM000000000000000000000520071109NM0000000000000000000001');
INSERT INTO metadata_display_label ( default_locale, id, site_master, key_name) VALUES ('Form Class', 'xjrcgj5p8r8zm572mihjbwcmioav7znwNM200904120000000000000000000030', 'runwaysdk.com', 'xjrcgj5p8r8zm572mihjbwcmioav7znwNM200904120000000000000000000030');
 INSERT INTO visibilitymodifier (set_id, item_id)  VALUES  ('z8s2nsff0m6ytienlbo1ka5y4whrup3x', '20071109NM000000000000000000000520071109NM0000000000000000000001');
 INSERT INTO md_attribute_indicies (set_id, item_id)  VALUES  ('0gevtuipqh2yiogzze8wvskzhxx9lp3y', '0000000000000000000000000000040100000000000000000000000000000403');
INSERT INTO metadata_display_label ( default_locale, id, site_master, key_name) VALUES ('The underlying MdClass of this Form', 'zlaf9dazhy9a59949dtseq1kp785q5ldNM200904120000000000000000000030', 'runwaysdk.com', 'zlaf9dazhy9a59949dtseq1kp785q5ldNM200904120000000000000000000030');
INSERT INTO md_attribute_reference ( default_value, md_business, id) VALUES (NULL, '20070920NM000000000000000000000100000000000000000000000000000001', '91rsjpppm0189r3b12d54x2p129a6riv00000000000000000000000000000186');
INSERT INTO md_attribute_ref ( id) VALUES ('91rsjpppm0189r3b12d54x2p129a6riv00000000000000000000000000000186');
INSERT INTO md_attribute_concrete ( column_name, defining_md_class, setter_visibility, setter_visibility_c, immutable, index_name, generate_accessor, system, required, display_label, getter_visibility, getter_visibility_c, index_type, index_type_c, attribute_name, id) VALUES ('form_md_class', '1yd2fgkyvjxstizcgyfqsu97qbpvpiru00000000000000000000000000000001', '1s5nakmt2l9mse0jde9sjs5mgavbk0eg', '20071109NM000000000000000000000520071109NM0000000000000000000001', 0, 'af3zhljd68oozecrnu71qapa6mtkt5', 1, 0, 1, 'xjrcgj5p8r8zm572mihjbwcmioav7znwNM200904120000000000000000000030', 'z8s2nsff0m6ytienlbo1ka5y4whrup3x', '20071109NM000000000000000000000520071109NM0000000000000000000001', '0gevtuipqh2yiogzze8wvskzhxx9lp3y', '0000000000000000000000000000040100000000000000000000000000000403', 'formMdClass', '91rsjpppm0189r3b12d54x2p129a6riv00000000000000000000000000000186');
INSERT INTO md_attribute ( id) VALUES ('91rsjpppm0189r3b12d54x2p129a6riv00000000000000000000000000000186');
INSERT INTO metadata ( description, created_by, owner, id, create_date, seq, type, remove, site_master, locked_by, entity_domain, last_updated_by, last_update_date, key_name) VALUES ('zlaf9dazhy9a59949dtseq1kp785q5ldNM200904120000000000000000000030', '0000000000000000000000000000001000000000000000000000000000000003', '0000000000000000000000000000001000000000000000000000000000000003', '91rsjpppm0189r3b12d54x2p129a6riv00000000000000000000000000000186', '2011-10-03 16:03:31', 2748, 'com.runwaysdk.system.metadata.MdAttributeReference', 1, 'runwaysdk.com', NULL, NULL, '0000000000000000000000000000001000000000000000000000000000000003', '2011-10-03 16:03:31', 'com.runwaysdk.system.metadata.MdForm.formMdClass');
ALTER TABLE md_form ADD COLUMN form_md_class  char(64);
INSERT INTO class_attribute_concrete ( id, parent_id, child_id) VALUES ('xpkymtxcxihsmgsrwnwzui9fln5arfj300000000000000000000000000000073', '1yd2fgkyvjxstizcgyfqsu97qbpvpiru00000000000000000000000000000001', '91rsjpppm0189r3b12d54x2p129a6riv00000000000000000000000000000186');
INSERT INTO class_attribute ( id, parent_id, child_id) VALUES ('xpkymtxcxihsmgsrwnwzui9fln5arfj300000000000000000000000000000073', '1yd2fgkyvjxstizcgyfqsu97qbpvpiru00000000000000000000000000000001', '91rsjpppm0189r3b12d54x2p129a6riv00000000000000000000000000000186');
INSERT INTO metadata_relationship ( entity_domain, site_master, last_updated_by, id, owner, locked_by, create_date, type, created_by, seq, key_name, last_update_date, parent_id, child_id) VALUES (NULL, 'runwaysdk.com', '0000000000000000000000000000001000000000000000000000000000000003', 'xpkymtxcxihsmgsrwnwzui9fln5arfj300000000000000000000000000000073', '0000000000000000000000000000001000000000000000000000000000000003', NULL, '2011-10-03 16:03:31', 'com.runwaysdk.system.metadata.ClassAttributeConcrete', '0000000000000000000000000000001000000000000000000000000000000003', 2749, 'com.runwaysdk.system.metadata.MdForm.formMdClass', '2011-10-03 16:03:31', '1yd2fgkyvjxstizcgyfqsu97qbpvpiru00000000000000000000000000000001', '91rsjpppm0189r3b12d54x2p129a6riv00000000000000000000000000000186');
 INSERT INTO visibilitymodifier (set_id, item_id)  VALUES  ('qxis9adhzgytml7ufhf26xun1o116ttd', '20071109NM000000000000000000000520071109NM0000000000000000000001');
INSERT INTO metadata_display_label ( default_locale, id, site_master, key_name) VALUES ('Form Name', 'ziwnm02eipda15groqszty1yuq13sq6mNM200904120000000000000000000030', 'runwaysdk.com', 'ziwnm02eipda15groqszty1yuq13sq6mNM200904120000000000000000000030');
 INSERT INTO visibilitymodifier (set_id, item_id)  VALUES  ('8zluw5kup9d6nnz1odsmubxvuq8vep1w', '20071109NM000000000000000000000520071109NM0000000000000000000001');
 INSERT INTO md_attribute_indicies (set_id, item_id)  VALUES  ('6ylw4r0y2cu7k7hnh9kab50yfgtyai84', '0000000000000000000000000000040100000000000000000000000000000403');
INSERT INTO metadata_display_label ( default_locale, id, site_master, key_name) VALUES ('The name of the form', '8yryce6a97nl2rysiimi1132gxtl9grqNM200904120000000000000000000030', 'runwaysdk.com', '8yryce6a97nl2rysiimi1132gxtl9grqNM200904120000000000000000000030');
INSERT INTO md_attribute_character ( default_value, database_size, id) VALUES (NULL, 100, '0rnspknd15ufb2zuap19lrpvt3hw7vkl00000000000000000000000000000138');
INSERT INTO md_attribute_char ( id) VALUES ('0rnspknd15ufb2zuap19lrpvt3hw7vkl00000000000000000000000000000138');
INSERT INTO md_attribute_primitive ( id) VALUES ('0rnspknd15ufb2zuap19lrpvt3hw7vkl00000000000000000000000000000138');
INSERT INTO md_attribute_concrete ( column_name, defining_md_class, setter_visibility, setter_visibility_c, immutable, index_name, generate_accessor, system, required, display_label, getter_visibility, getter_visibility_c, index_type, index_type_c, attribute_name, id) VALUES ('form_name', '1yd2fgkyvjxstizcgyfqsu97qbpvpiru00000000000000000000000000000001', 'qxis9adhzgytml7ufhf26xun1o116ttd', '20071109NM000000000000000000000520071109NM0000000000000000000001', 0, 'ag3tq0zir9x4x4eepk98mdzwb0c99f', 1, 0, 1, 'ziwnm02eipda15groqszty1yuq13sq6mNM200904120000000000000000000030', '8zluw5kup9d6nnz1odsmubxvuq8vep1w', '20071109NM000000000000000000000520071109NM0000000000000000000001', '6ylw4r0y2cu7k7hnh9kab50yfgtyai84', '0000000000000000000000000000040100000000000000000000000000000403', 'formName', '0rnspknd15ufb2zuap19lrpvt3hw7vkl00000000000000000000000000000138');
INSERT INTO md_attribute ( id) VALUES ('0rnspknd15ufb2zuap19lrpvt3hw7vkl00000000000000000000000000000138');
INSERT INTO metadata ( description, created_by, owner, id, create_date, seq, type, remove, site_master, locked_by, entity_domain, last_updated_by, last_update_date, key_name) VALUES ('8yryce6a97nl2rysiimi1132gxtl9grqNM200904120000000000000000000030', '0000000000000000000000000000001000000000000000000000000000000003', '0000000000000000000000000000001000000000000000000000000000000003', '0rnspknd15ufb2zuap19lrpvt3hw7vkl00000000000000000000000000000138', '2011-10-03 16:03:31', 2750, 'com.runwaysdk.system.metadata.MdAttributeCharacter', 1, 'runwaysdk.com', NULL, NULL, '0000000000000000000000000000001000000000000000000000000000000003', '2011-10-03 16:03:31', 'com.runwaysdk.system.metadata.MdForm.formName');
ALTER TABLE md_form ADD COLUMN form_name  varchar(100);
INSERT INTO class_attribute_concrete ( id, parent_id, child_id) VALUES ('928seqxzxnxbi4z4hsn6qgcu2hrz4mcz00000000000000000000000000000073', '1yd2fgkyvjxstizcgyfqsu97qbpvpiru00000000000000000000000000000001', '0rnspknd15ufb2zuap19lrpvt3hw7vkl00000000000000000000000000000138');
INSERT INTO class_attribute ( id, parent_id, child_id) VALUES ('928seqxzxnxbi4z4hsn6qgcu2hrz4mcz00000000000000000000000000000073', '1yd2fgkyvjxstizcgyfqsu97qbpvpiru00000000000000000000000000000001', '0rnspknd15ufb2zuap19lrpvt3hw7vkl00000000000000000000000000000138');
INSERT INTO metadata_relationship ( entity_domain, site_master, last_updated_by, id, owner, locked_by, create_date, type, created_by, seq, key_name, last_update_date, parent_id, child_id) VALUES (NULL, 'runwaysdk.com', '0000000000000000000000000000001000000000000000000000000000000003', '928seqxzxnxbi4z4hsn6qgcu2hrz4mcz00000000000000000000000000000073', '0000000000000000000000000000001000000000000000000000000000000003', NULL, '2011-10-03 16:03:31', 'com.runwaysdk.system.metadata.ClassAttributeConcrete', '0000000000000000000000000000001000000000000000000000000000000003', 2751, 'com.runwaysdk.system.metadata.MdForm.formName', '2011-10-03 16:03:31', '1yd2fgkyvjxstizcgyfqsu97qbpvpiru00000000000000000000000000000001', '0rnspknd15ufb2zuap19lrpvt3hw7vkl00000000000000000000000000000138');
 INSERT INTO class_cache (set_id, item_id)  VALUES  ('6uhud5bbf921wb654juur6fivun1nagc', '0000000000000000000000000000023100000000000000000000000000000222');
INSERT INTO metadata_display_label ( default_locale, id, site_master, key_name) VALUES ('MdWebForm', '7b8h82wnhtvsdchfj2d27g89v72g6e7sNM200904120000000000000000000030', 'runwaysdk.com', '7b8h82wnhtvsdchfj2d27g89v72g6e7sNM200904120000000000000000000030');
INSERT INTO metadata_display_label ( default_locale, id, site_master, key_name) VALUES ('Metadata Web Form', '8lu0iqx8vo6anial19m4onxkdp88enecNM200904120000000000000000000030', 'runwaysdk.com', '8lu0iqx8vo6anial19m4onxkdp88enecNM200904120000000000000000000030');
INSERT INTO md_business ( cache_algorithm, cache_algorithm_c, super_md_business, id) VALUES ('6uhud5bbf921wb654juur6fivun1nagc', '0000000000000000000000000000023100000000000000000000000000000222', '1yd2fgkyvjxstizcgyfqsu97qbpvpiru00000000000000000000000000000001', 'zo86ttx2qfhw4ayiqelfr3igdjhd90eu00000000000000000000000000000001');
INSERT INTO md_element ( extendable, is_abstract, id) VALUES (1, 0, 'zo86ttx2qfhw4ayiqelfr3igdjhd90eu00000000000000000000000000000001');
INSERT INTO md_entity ( query_dto_source, query_source, cache_size, enforce_site_master, table_name, id) VALUES (NULL, NULL, 0, 1, 'md_web_form', 'zo86ttx2qfhw4ayiqelfr3igdjhd90eu00000000000000000000000000000001');
INSERT INTO md_class ( publish, stub_dto_source, stub_source, id) VALUES (1, NULL, NULL, 'zo86ttx2qfhw4ayiqelfr3igdjhd90eu00000000000000000000000000000001');
INSERT INTO md_type ( display_label, root_id, package_name, type_name, base_source, js_base, js_stub, exported, dto_source, id) VALUES ('7b8h82wnhtvsdchfj2d27g89v72g6e7sNM200904120000000000000000000030', 'zo86ttx2qfhw4ayiqelfr3igdjhd90eu', 'com.runwaysdk.system.metadata', 'MdWebForm', NULL, NULL, NULL, 1, NULL, 'zo86ttx2qfhw4ayiqelfr3igdjhd90eu00000000000000000000000000000001');
INSERT INTO metadata ( description, created_by, owner, id, create_date, seq, type, remove, site_master, locked_by, entity_domain, last_updated_by, last_update_date, key_name) VALUES ('8lu0iqx8vo6anial19m4onxkdp88enecNM200904120000000000000000000030', '0000000000000000000000000000001000000000000000000000000000000003', '0000000000000000000000000000001000000000000000000000000000000003', 'zo86ttx2qfhw4ayiqelfr3igdjhd90eu00000000000000000000000000000001', '2011-10-03 16:03:31', 2752, 'com.runwaysdk.system.metadata.MdBusiness', 1, 'runwaysdk.com', NULL, NULL, '0000000000000000000000000000001000000000000000000000000000000003', '2011-10-03 16:03:31', 'com.runwaysdk.system.metadata.MdWebForm');
CREATE TABLE md_web_form ( id CHAR(64) NOT NULL PRIMARY KEY );
INSERT INTO business_inheritance ( id, parent_id, child_id) VALUES ('re60z50mg8dt99grx4kvo87vulnumyb520070926NM0000000000000000000004', '1yd2fgkyvjxstizcgyfqsu97qbpvpiru00000000000000000000000000000001', 'zo86ttx2qfhw4ayiqelfr3igdjhd90eu00000000000000000000000000000001');
INSERT INTO class_inheritance ( id, parent_id, child_id) VALUES ('re60z50mg8dt99grx4kvo87vulnumyb520070926NM0000000000000000000004', '1yd2fgkyvjxstizcgyfqsu97qbpvpiru00000000000000000000000000000001', 'zo86ttx2qfhw4ayiqelfr3igdjhd90eu00000000000000000000000000000001');
INSERT INTO metadata_relationship ( entity_domain, site_master, last_updated_by, id, owner, locked_by, create_date, type, created_by, seq, key_name, last_update_date, parent_id, child_id) VALUES (NULL, 'runwaysdk.com', '0000000000000000000000000000001000000000000000000000000000000003', 're60z50mg8dt99grx4kvo87vulnumyb520070926NM0000000000000000000004', '0000000000000000000000000000001000000000000000000000000000000003', NULL, '2011-10-03 16:03:31', 'com.runwaysdk.system.metadata.BusinessInheritance', '0000000000000000000000000000001000000000000000000000000000000003', 2753, 're60z50mg8dt99grx4kvo87vulnumyb520070926NM0000000000000000000004', '2011-10-03 16:03:31', '1yd2fgkyvjxstizcgyfqsu97qbpvpiru00000000000000000000000000000001', 'zo86ttx2qfhw4ayiqelfr3igdjhd90eu00000000000000000000000000000001');
 INSERT INTO class_cache (set_id, item_id)  VALUES  ('8kelgi8eu6tit2l2e6o5c7n0kccc3nb2', '0000000000000000000000000000023100000000000000000000000000000222');
INSERT INTO metadata_display_label ( default_locale, id, site_master, key_name) VALUES ('MdMobileForm', 'sffpvjmyvwo9evyihmebzauzvlszxvbmNM200904120000000000000000000030', 'runwaysdk.com', 'sffpvjmyvwo9evyihmebzauzvlszxvbmNM200904120000000000000000000030');
INSERT INTO metadata_display_label ( default_locale, id, site_master, key_name) VALUES ('Metadata Mobile Form', '0hmpjll5ozvq2esq0g7kkz6gv444cx32NM200904120000000000000000000030', 'runwaysdk.com', '0hmpjll5ozvq2esq0g7kkz6gv444cx32NM200904120000000000000000000030');
INSERT INTO md_business ( cache_algorithm, cache_algorithm_c, super_md_business, id) VALUES ('8kelgi8eu6tit2l2e6o5c7n0kccc3nb2', '0000000000000000000000000000023100000000000000000000000000000222', '1yd2fgkyvjxstizcgyfqsu97qbpvpiru00000000000000000000000000000001', '8mo9yxmv916zjsqqlraen62vg2xzm9ia00000000000000000000000000000001');
INSERT INTO md_element ( extendable, is_abstract, id) VALUES (1, 0, '8mo9yxmv916zjsqqlraen62vg2xzm9ia00000000000000000000000000000001');
INSERT INTO md_entity ( query_dto_source, query_source, cache_size, enforce_site_master, table_name, id) VALUES (NULL, NULL, 0, 1, 'md_mobile_form', '8mo9yxmv916zjsqqlraen62vg2xzm9ia00000000000000000000000000000001');
INSERT INTO md_class ( publish, stub_dto_source, stub_source, id) VALUES (1, NULL, NULL, '8mo9yxmv916zjsqqlraen62vg2xzm9ia00000000000000000000000000000001');
INSERT INTO md_type ( display_label, root_id, package_name, type_name, base_source, js_base, js_stub, exported, dto_source, id) VALUES ('sffpvjmyvwo9evyihmebzauzvlszxvbmNM200904120000000000000000000030', '8mo9yxmv916zjsqqlraen62vg2xzm9ia', 'com.runwaysdk.system.metadata', 'MdMobileForm', NULL, NULL, NULL, 1, NULL, '8mo9yxmv916zjsqqlraen62vg2xzm9ia00000000000000000000000000000001');
INSERT INTO metadata ( description, created_by, owner, id, create_date, seq, type, remove, site_master, locked_by, entity_domain, last_updated_by, last_update_date, key_name) VALUES ('0hmpjll5ozvq2esq0g7kkz6gv444cx32NM200904120000000000000000000030', '0000000000000000000000000000001000000000000000000000000000000003', '0000000000000000000000000000001000000000000000000000000000000003', '8mo9yxmv916zjsqqlraen62vg2xzm9ia00000000000000000000000000000001', '2011-10-03 16:03:31', 2754, 'com.runwaysdk.system.metadata.MdBusiness', 1, 'runwaysdk.com', NULL, NULL, '0000000000000000000000000000001000000000000000000000000000000003', '2011-10-03 16:03:31', 'com.runwaysdk.system.metadata.MdMobileForm');
CREATE TABLE md_mobile_form ( id CHAR(64) NOT NULL PRIMARY KEY );
INSERT INTO business_inheritance ( id, parent_id, child_id) VALUES ('qxo1j3snkd0utxcretei6ithu4ap7nfx20070926NM0000000000000000000004', '1yd2fgkyvjxstizcgyfqsu97qbpvpiru00000000000000000000000000000001', '8mo9yxmv916zjsqqlraen62vg2xzm9ia00000000000000000000000000000001');
INSERT INTO class_inheritance ( id, parent_id, child_id) VALUES ('qxo1j3snkd0utxcretei6ithu4ap7nfx20070926NM0000000000000000000004', '1yd2fgkyvjxstizcgyfqsu97qbpvpiru00000000000000000000000000000001', '8mo9yxmv916zjsqqlraen62vg2xzm9ia00000000000000000000000000000001');
INSERT INTO metadata_relationship ( entity_domain, site_master, last_updated_by, id, owner, locked_by, create_date, type, created_by, seq, key_name, last_update_date, parent_id, child_id) VALUES (NULL, 'runwaysdk.com', '0000000000000000000000000000001000000000000000000000000000000003', 'qxo1j3snkd0utxcretei6ithu4ap7nfx20070926NM0000000000000000000004', '0000000000000000000000000000001000000000000000000000000000000003', NULL, '2011-10-03 16:03:31', 'com.runwaysdk.system.metadata.BusinessInheritance', '0000000000000000000000000000001000000000000000000000000000000003', 2755, 'qxo1j3snkd0utxcretei6ithu4ap7nfx20070926NM0000000000000000000004', '2011-10-03 16:03:31', '1yd2fgkyvjxstizcgyfqsu97qbpvpiru00000000000000000000000000000001', '8mo9yxmv916zjsqqlraen62vg2xzm9ia00000000000000000000000000000001');
 INSERT INTO class_cache (set_id, item_id)  VALUES  ('015qzfkpo7jdxk1tj0galhuqhyn9zfv5', '0000000000000000000000000000023100000000000000000000000000000222');
INSERT INTO metadata_display_label ( default_locale, id, site_master, key_name) VALUES ('Field', 'xlantdp993cctc6wk92t475yh81zh7c2NM200904120000000000000000000030', 'runwaysdk.com', 'xlantdp993cctc6wk92t475yh81zh7c2NM200904120000000000000000000030');
INSERT INTO metadata_display_label ( default_locale, id, site_master, key_name) VALUES ('Metadata Field', 'sg77etaa3vsxs6bibnzz9vn6ukuxhmwgNM200904120000000000000000000030', 'runwaysdk.com', 'sg77etaa3vsxs6bibnzz9vn6ukuxhmwgNM200904120000000000000000000030');
INSERT INTO md_business ( cache_algorithm, cache_algorithm_c, super_md_business, id) VALUES ('015qzfkpo7jdxk1tj0galhuqhyn9zfv5', '0000000000000000000000000000023100000000000000000000000000000222', '0000000000000000000000000000017800000000000000000000000000000001', '1p8imi9p4g6xmfg82cskzb95veiiu78r00000000000000000000000000000001');
INSERT INTO md_element ( extendable, is_abstract, id) VALUES (1, 1, '1p8imi9p4g6xmfg82cskzb95veiiu78r00000000000000000000000000000001');
INSERT INTO md_entity ( query_dto_source, query_source, cache_size, enforce_site_master, table_name, id) VALUES (NULL, NULL, 0, 1, 'md_field', '1p8imi9p4g6xmfg82cskzb95veiiu78r00000000000000000000000000000001');
INSERT INTO md_class ( publish, stub_dto_source, stub_source, id) VALUES (1, NULL, NULL, '1p8imi9p4g6xmfg82cskzb95veiiu78r00000000000000000000000000000001');
INSERT INTO md_type ( display_label, root_id, package_name, type_name, base_source, js_base, js_stub, exported, dto_source, id) VALUES ('xlantdp993cctc6wk92t475yh81zh7c2NM200904120000000000000000000030', '1p8imi9p4g6xmfg82cskzb95veiiu78r', 'com.runwaysdk.system.metadata', 'MdField', NULL, NULL, NULL, 1, NULL, '1p8imi9p4g6xmfg82cskzb95veiiu78r00000000000000000000000000000001');
INSERT INTO metadata ( description, created_by, owner, id, create_date, seq, type, remove, site_master, locked_by, entity_domain, last_updated_by, last_update_date, key_name) VALUES ('sg77etaa3vsxs6bibnzz9vn6ukuxhmwgNM200904120000000000000000000030', '0000000000000000000000000000001000000000000000000000000000000003', '0000000000000000000000000000001000000000000000000000000000000003', '1p8imi9p4g6xmfg82cskzb95veiiu78r00000000000000000000000000000001', '2011-10-03 16:03:31', 2756, 'com.runwaysdk.system.metadata.MdBusiness', 1, 'runwaysdk.com', NULL, NULL, '0000000000000000000000000000001000000000000000000000000000000003', '2011-10-03 16:03:31', 'com.runwaysdk.system.metadata.MdField');
CREATE TABLE md_field ( id CHAR(64) NOT NULL PRIMARY KEY );
INSERT INTO business_inheritance ( id, parent_id, child_id) VALUES ('25hkndvjaw5ukcs70z540vykdyf4711w20070926NM0000000000000000000004', '0000000000000000000000000000017800000000000000000000000000000001', '1p8imi9p4g6xmfg82cskzb95veiiu78r00000000000000000000000000000001');
INSERT INTO class_inheritance ( id, parent_id, child_id) VALUES ('25hkndvjaw5ukcs70z540vykdyf4711w20070926NM0000000000000000000004', '0000000000000000000000000000017800000000000000000000000000000001', '1p8imi9p4g6xmfg82cskzb95veiiu78r00000000000000000000000000000001');
INSERT INTO metadata_relationship ( entity_domain, site_master, last_updated_by, id, owner, locked_by, create_date, type, created_by, seq, key_name, last_update_date, parent_id, child_id) VALUES (NULL, 'runwaysdk.com', '0000000000000000000000000000001000000000000000000000000000000003', '25hkndvjaw5ukcs70z540vykdyf4711w20070926NM0000000000000000000004', '0000000000000000000000000000001000000000000000000000000000000003', NULL, '2011-10-03 16:03:31', 'com.runwaysdk.system.metadata.BusinessInheritance', '0000000000000000000000000000001000000000000000000000000000000003', 2757, '25hkndvjaw5ukcs70z540vykdyf4711w20070926NM0000000000000000000004', '2011-10-03 16:03:31', '0000000000000000000000000000017800000000000000000000000000000001', '1p8imi9p4g6xmfg82cskzb95veiiu78r00000000000000000000000000000001');
 INSERT INTO visibilitymodifier (set_id, item_id)  VALUES  ('0fl8xdo4u3phghwm8lwrz98sxhq9spjq', '20071109NM000000000000000000000520071109NM0000000000000000000001');
INSERT INTO metadata_display_label ( default_locale, id, site_master, key_name) VALUES ('Field Name', 'zfc056bihe0oicz7olcswu1hjyqqgvk3NM200904120000000000000000000030', 'runwaysdk.com', 'zfc056bihe0oicz7olcswu1hjyqqgvk3NM200904120000000000000000000030');
 INSERT INTO visibilitymodifier (set_id, item_id)  VALUES  ('zhqbrfjr69nfw7zu7dpzv85j8osrzecs', '20071109NM000000000000000000000520071109NM0000000000000000000001');
 INSERT INTO md_attribute_indicies (set_id, item_id)  VALUES  ('70gq5421nugdoaqrn1v3z7c3f5ylc5ww', '0000000000000000000000000000040100000000000000000000000000000403');
INSERT INTO metadata_display_label ( default_locale, id, site_master, key_name) VALUES ('The name of the field.', 'xxq8upzcw2f88e9tzwlc1xh5jibujiehNM200904120000000000000000000030', 'runwaysdk.com', 'xxq8upzcw2f88e9tzwlc1xh5jibujiehNM200904120000000000000000000030');
INSERT INTO md_attribute_character ( default_value, database_size, id) VALUES (NULL, 50, '8tr2ed5n6ql70d3bjsk6c457r3tttwct00000000000000000000000000000138');
INSERT INTO md_attribute_char ( id) VALUES ('8tr2ed5n6ql70d3bjsk6c457r3tttwct00000000000000000000000000000138');
INSERT INTO md_attribute_primitive ( id) VALUES ('8tr2ed5n6ql70d3bjsk6c457r3tttwct00000000000000000000000000000138');
INSERT INTO md_attribute_concrete ( column_name, defining_md_class, setter_visibility, setter_visibility_c, immutable, index_name, generate_accessor, system, required, display_label, getter_visibility, getter_visibility_c, index_type, index_type_c, attribute_name, id) VALUES ('field_name', '1p8imi9p4g6xmfg82cskzb95veiiu78r00000000000000000000000000000001', '0fl8xdo4u3phghwm8lwrz98sxhq9spjq', '20071109NM000000000000000000000520071109NM0000000000000000000001', 0, 'ag5cjik38vvuw71yibikb0axpuf6oj', 1, 0, 1, 'zfc056bihe0oicz7olcswu1hjyqqgvk3NM200904120000000000000000000030', 'zhqbrfjr69nfw7zu7dpzv85j8osrzecs', '20071109NM000000000000000000000520071109NM0000000000000000000001', '70gq5421nugdoaqrn1v3z7c3f5ylc5ww', '0000000000000000000000000000040100000000000000000000000000000403', 'fieldName', '8tr2ed5n6ql70d3bjsk6c457r3tttwct00000000000000000000000000000138');
INSERT INTO md_attribute ( id) VALUES ('8tr2ed5n6ql70d3bjsk6c457r3tttwct00000000000000000000000000000138');
INSERT INTO metadata ( description, created_by, owner, id, create_date, seq, type, remove, site_master, locked_by, entity_domain, last_updated_by, last_update_date, key_name) VALUES ('xxq8upzcw2f88e9tzwlc1xh5jibujiehNM200904120000000000000000000030', '0000000000000000000000000000001000000000000000000000000000000003', '0000000000000000000000000000001000000000000000000000000000000003', '8tr2ed5n6ql70d3bjsk6c457r3tttwct00000000000000000000000000000138', '2011-10-03 16:03:31', 2758, 'com.runwaysdk.system.metadata.MdAttributeCharacter', 1, 'runwaysdk.com', NULL, NULL, '0000000000000000000000000000001000000000000000000000000000000003', '2011-10-03 16:03:31', 'com.runwaysdk.system.metadata.MdField.fieldName');
ALTER TABLE md_field ADD COLUMN field_name  varchar(50);
INSERT INTO class_attribute_concrete ( id, parent_id, child_id) VALUES ('8j6msavbzuif42g1jh0dt8pxbf5clm4t00000000000000000000000000000073', '1p8imi9p4g6xmfg82cskzb95veiiu78r00000000000000000000000000000001', '8tr2ed5n6ql70d3bjsk6c457r3tttwct00000000000000000000000000000138');
INSERT INTO class_attribute ( id, parent_id, child_id) VALUES ('8j6msavbzuif42g1jh0dt8pxbf5clm4t00000000000000000000000000000073', '1p8imi9p4g6xmfg82cskzb95veiiu78r00000000000000000000000000000001', '8tr2ed5n6ql70d3bjsk6c457r3tttwct00000000000000000000000000000138');
INSERT INTO metadata_relationship ( entity_domain, site_master, last_updated_by, id, owner, locked_by, create_date, type, created_by, seq, key_name, last_update_date, parent_id, child_id) VALUES (NULL, 'runwaysdk.com', '0000000000000000000000000000001000000000000000000000000000000003', '8j6msavbzuif42g1jh0dt8pxbf5clm4t00000000000000000000000000000073', '0000000000000000000000000000001000000000000000000000000000000003', NULL, '2011-10-03 16:03:31', 'com.runwaysdk.system.metadata.ClassAttributeConcrete', '0000000000000000000000000000001000000000000000000000000000000003', 2759, 'com.runwaysdk.system.metadata.MdField.fieldName', '2011-10-03 16:03:31', '1p8imi9p4g6xmfg82cskzb95veiiu78r00000000000000000000000000000001', '8tr2ed5n6ql70d3bjsk6c457r3tttwct00000000000000000000000000000138');
INSERT INTO metadata_display_label ( default_locale, id, site_master, key_name) VALUES ('false', 'soqk72kxatx6vb1x8ozdjddeyowfu4g3NM200904120000000000000000000030', 'runwaysdk.com', 'soqk72kxatx6vb1x8ozdjddeyowfu4g3NM200904120000000000000000000030');
INSERT INTO metadata_display_label ( default_locale, id, site_master, key_name) VALUES ('true', '05aiw0rh4emhf39m7x7z53e97ev062lkNM200904120000000000000000000030', 'runwaysdk.com', '05aiw0rh4emhf39m7x7z53e97ev062lkNM200904120000000000000000000030');
 INSERT INTO visibilitymodifier (set_id, item_id)  VALUES  ('sg8dezvs0mjpocrnobrtkqqcw5j6xfui', '20071109NM000000000000000000000520071109NM0000000000000000000001');
INSERT INTO metadata_display_label ( default_locale, id, site_master, key_name) VALUES ('Required', 'xegjjxm4ubg9evehiy8h87kaariojdj0NM200904120000000000000000000030', 'runwaysdk.com', 'xegjjxm4ubg9evehiy8h87kaariojdj0NM200904120000000000000000000030');
 INSERT INTO visibilitymodifier (set_id, item_id)  VALUES  ('8o1y5twwzutnyf1ipm6uzrqv4hhxkai2', '20071109NM000000000000000000000520071109NM0000000000000000000001');
 INSERT INTO md_attribute_indicies (set_id, item_id)  VALUES  ('23c57hvv8x9hza6hpitwahcpfql631k7', '0000000000000000000000000000040100000000000000000000000000000403');
INSERT INTO metadata_display_label ( default_locale, id, site_master, key_name) VALUES ('Denotes if this field is required', 'z3sx2yem2csauhh8i65kzrul99x7jbdvNM200904120000000000000000000030', 'runwaysdk.com', 'z3sx2yem2csauhh8i65kzrul99x7jbdvNM200904120000000000000000000030');
INSERT INTO md_attribute_boolean ( negative_display_label, default_value, positive_display_label, id) VALUES ('soqk72kxatx6vb1x8ozdjddeyowfu4g3NM200904120000000000000000000030', 0, '05aiw0rh4emhf39m7x7z53e97ev062lkNM200904120000000000000000000030', 'xo1tm6dt6l3qp1eezu98299p2huxwmyd00000000000000000000000000000194');
INSERT INTO md_attribute_primitive ( id) VALUES ('xo1tm6dt6l3qp1eezu98299p2huxwmyd00000000000000000000000000000194');
INSERT INTO md_attribute_concrete ( column_name, defining_md_class, setter_visibility, setter_visibility_c, immutable, index_name, generate_accessor, system, required, display_label, getter_visibility, getter_visibility_c, index_type, index_type_c, attribute_name, id) VALUES ('required', '1p8imi9p4g6xmfg82cskzb95veiiu78r00000000000000000000000000000001', 'sg8dezvs0mjpocrnobrtkqqcw5j6xfui', '20071109NM000000000000000000000520071109NM0000000000000000000001', 0, 'a7kf3lts95igpbegtcedbpi9i77nbz', 1, 0, 1, 'xegjjxm4ubg9evehiy8h87kaariojdj0NM200904120000000000000000000030', '8o1y5twwzutnyf1ipm6uzrqv4hhxkai2', '20071109NM000000000000000000000520071109NM0000000000000000000001', '23c57hvv8x9hza6hpitwahcpfql631k7', '0000000000000000000000000000040100000000000000000000000000000403', 'required', 'xo1tm6dt6l3qp1eezu98299p2huxwmyd00000000000000000000000000000194');
INSERT INTO md_attribute ( id) VALUES ('xo1tm6dt6l3qp1eezu98299p2huxwmyd00000000000000000000000000000194');
INSERT INTO metadata ( description, created_by, owner, id, create_date, seq, type, remove, site_master, locked_by, entity_domain, last_updated_by, last_update_date, key_name) VALUES ('z3sx2yem2csauhh8i65kzrul99x7jbdvNM200904120000000000000000000030', '0000000000000000000000000000001000000000000000000000000000000003', '0000000000000000000000000000001000000000000000000000000000000003', 'xo1tm6dt6l3qp1eezu98299p2huxwmyd00000000000000000000000000000194', '2011-10-03 16:03:31', 2760, 'com.runwaysdk.system.metadata.MdAttributeBoolean', 1, 'runwaysdk.com', NULL, NULL, '0000000000000000000000000000001000000000000000000000000000000003', '2011-10-03 16:03:31', 'com.runwaysdk.system.metadata.MdField.required');
ALTER TABLE md_field ADD COLUMN required  int;
INSERT INTO class_attribute_concrete ( id, parent_id, child_id) VALUES ('zk348a94cohsz2t0ni5956djfhv9qwv400000000000000000000000000000073', '1p8imi9p4g6xmfg82cskzb95veiiu78r00000000000000000000000000000001', 'xo1tm6dt6l3qp1eezu98299p2huxwmyd00000000000000000000000000000194');
INSERT INTO class_attribute ( id, parent_id, child_id) VALUES ('zk348a94cohsz2t0ni5956djfhv9qwv400000000000000000000000000000073', '1p8imi9p4g6xmfg82cskzb95veiiu78r00000000000000000000000000000001', 'xo1tm6dt6l3qp1eezu98299p2huxwmyd00000000000000000000000000000194');
INSERT INTO metadata_relationship ( entity_domain, site_master, last_updated_by, id, owner, locked_by, create_date, type, created_by, seq, key_name, last_update_date, parent_id, child_id) VALUES (NULL, 'runwaysdk.com', '0000000000000000000000000000001000000000000000000000000000000003', 'zk348a94cohsz2t0ni5956djfhv9qwv400000000000000000000000000000073', '0000000000000000000000000000001000000000000000000000000000000003', NULL, '2011-10-03 16:03:31', 'com.runwaysdk.system.metadata.ClassAttributeConcrete', '0000000000000000000000000000001000000000000000000000000000000003', 2761, 'com.runwaysdk.system.metadata.MdField.required', '2011-10-03 16:03:31', '1p8imi9p4g6xmfg82cskzb95veiiu78r00000000000000000000000000000001', 'xo1tm6dt6l3qp1eezu98299p2huxwmyd00000000000000000000000000000194');
 INSERT INTO visibilitymodifier (set_id, item_id)  VALUES  ('z6o83vxaar9t9ysx6o7b9p6i9gy3vb6k', '20071109NM000000000000000000000520071109NM0000000000000000000001');
INSERT INTO metadata_display_label ( default_locale, id, site_master, key_name) VALUES ('Field Order', '0sytt35y2t98yrdgpyxcxvhtna333bcrNM200904120000000000000000000030', 'runwaysdk.com', '0sytt35y2t98yrdgpyxcxvhtna333bcrNM200904120000000000000000000030');
 INSERT INTO visibilitymodifier (set_id, item_id)  VALUES  ('0b6qle2nfecv7dxyrxyvdta4prsqqurb', '20071109NM000000000000000000000520071109NM0000000000000000000001');
 INSERT INTO md_attribute_indicies (set_id, item_id)  VALUES  ('2620v3q1ts3e0x8bdj68pm5j1yqzkj5p', '0000000000000000000000000000040100000000000000000000000000000403');
INSERT INTO metadata_display_label ( default_locale, id, site_master, key_name) VALUES ('The order of the field in the form', '8uhnjn83opaan1coeasbi6e4eyjuqag2NM200904120000000000000000000030', 'runwaysdk.com', '8uhnjn83opaan1coeasbi6e4eyjuqag2NM200904120000000000000000000030');
INSERT INTO md_attribute_integer ( default_value, id) VALUES (NULL, 'r7boxd2s0i8lg2z92tv5752ms5aauwg900000000000000000000000000000332');
INSERT INTO md_attribute_int ( id) VALUES ('r7boxd2s0i8lg2z92tv5752ms5aauwg900000000000000000000000000000332');
INSERT INTO md_attribute_number ( reject_negative, reject_zero, reject_positive, id) VALUES (0, 0, 0, 'r7boxd2s0i8lg2z92tv5752ms5aauwg900000000000000000000000000000332');
INSERT INTO md_attribute_primitive ( id) VALUES ('r7boxd2s0i8lg2z92tv5752ms5aauwg900000000000000000000000000000332');
INSERT INTO md_attribute_concrete ( column_name, defining_md_class, setter_visibility, setter_visibility_c, immutable, index_name, generate_accessor, system, required, display_label, getter_visibility, getter_visibility_c, index_type, index_type_c, attribute_name, id) VALUES ('field_order', '1p8imi9p4g6xmfg82cskzb95veiiu78r00000000000000000000000000000001', 'z6o83vxaar9t9ysx6o7b9p6i9gy3vb6k', '20071109NM000000000000000000000520071109NM0000000000000000000001', 0, 'acvkohctutr4vcvtopm2l6w2xtdooz', 1, 0, 1, '0sytt35y2t98yrdgpyxcxvhtna333bcrNM200904120000000000000000000030', '0b6qle2nfecv7dxyrxyvdta4prsqqurb', '20071109NM000000000000000000000520071109NM0000000000000000000001', '2620v3q1ts3e0x8bdj68pm5j1yqzkj5p', '0000000000000000000000000000040100000000000000000000000000000403', 'fieldOrder', 'r7boxd2s0i8lg2z92tv5752ms5aauwg900000000000000000000000000000332');
INSERT INTO md_attribute ( id) VALUES ('r7boxd2s0i8lg2z92tv5752ms5aauwg900000000000000000000000000000332');
INSERT INTO metadata ( description, created_by, owner, id, create_date, seq, type, remove, site_master, locked_by, entity_domain, last_updated_by, last_update_date, key_name) VALUES ('8uhnjn83opaan1coeasbi6e4eyjuqag2NM200904120000000000000000000030', '0000000000000000000000000000001000000000000000000000000000000003', '0000000000000000000000000000001000000000000000000000000000000003', 'r7boxd2s0i8lg2z92tv5752ms5aauwg900000000000000000000000000000332', '2011-10-03 16:03:31', 2762, 'com.runwaysdk.system.metadata.MdAttributeInteger', 1, 'runwaysdk.com', NULL, NULL, '0000000000000000000000000000001000000000000000000000000000000003', '2011-10-03 16:03:31', 'com.runwaysdk.system.metadata.MdField.fieldOrder');
ALTER TABLE md_field ADD COLUMN field_order  int;
INSERT INTO class_attribute_concrete ( id, parent_id, child_id) VALUES ('8yixuznid2t5sow69pbldw4yhif5kcgy00000000000000000000000000000073', '1p8imi9p4g6xmfg82cskzb95veiiu78r00000000000000000000000000000001', 'r7boxd2s0i8lg2z92tv5752ms5aauwg900000000000000000000000000000332');
INSERT INTO class_attribute ( id, parent_id, child_id) VALUES ('8yixuznid2t5sow69pbldw4yhif5kcgy00000000000000000000000000000073', '1p8imi9p4g6xmfg82cskzb95veiiu78r00000000000000000000000000000001', 'r7boxd2s0i8lg2z92tv5752ms5aauwg900000000000000000000000000000332');
INSERT INTO metadata_relationship ( entity_domain, site_master, last_updated_by, id, owner, locked_by, create_date, type, created_by, seq, key_name, last_update_date, parent_id, child_id) VALUES (NULL, 'runwaysdk.com', '0000000000000000000000000000001000000000000000000000000000000003', '8yixuznid2t5sow69pbldw4yhif5kcgy00000000000000000000000000000073', '0000000000000000000000000000001000000000000000000000000000000003', NULL, '2011-10-03 16:03:31', 'com.runwaysdk.system.metadata.ClassAttributeConcrete', '0000000000000000000000000000001000000000000000000000000000000003', 2763, 'com.runwaysdk.system.metadata.MdField.fieldOrder', '2011-10-03 16:03:31', '1p8imi9p4g6xmfg82cskzb95veiiu78r00000000000000000000000000000001', 'r7boxd2s0i8lg2z92tv5752ms5aauwg900000000000000000000000000000332');
 INSERT INTO struct_cache (set_id, item_id)  VALUES  ('quxjh57s8w7kn9ed8xuercttvoy8cccr', '0000000000000000000000000000023100000000000000000000000000000222');
INSERT INTO metadata_display_label ( default_locale, id, site_master, key_name) VALUES ('Display Label', 'skevlv8kko62dxbnqxbghdr194fifzwxNM200904120000000000000000000030', 'runwaysdk.com', 'skevlv8kko62dxbnqxbghdr194fifzwxNM200904120000000000000000000030');
INSERT INTO metadata_display_label ( default_locale, id, site_master, key_name) VALUES ('The display label of the form', '0hk08jp60faa8t37fcp1vs77p33h0l1xNM200904120000000000000000000030', 'runwaysdk.com', '0hk08jp60faa8t37fcp1vs77p33h0l1xNM200904120000000000000000000030');
INSERT INTO md_local_struct ( id) VALUES ('8ual4o5g20fv0rl7dqgfe54tghwhmx8j0000000000000000000MdLocalStruct');
INSERT INTO md_struct ( cache_algorithm, cache_algorithm_c, id) VALUES ('quxjh57s8w7kn9ed8xuercttvoy8cccr', '0000000000000000000000000000023100000000000000000000000000000222', '8ual4o5g20fv0rl7dqgfe54tghwhmx8j0000000000000000000MdLocalStruct');
INSERT INTO md_entity ( query_dto_source, query_source, cache_size, enforce_site_master, table_name, id) VALUES (NULL, NULL, 0, 1, 'md_field_display_label', '8ual4o5g20fv0rl7dqgfe54tghwhmx8j0000000000000000000MdLocalStruct');
INSERT INTO md_class ( publish, stub_dto_source, stub_source, id) VALUES (1, NULL, NULL, '8ual4o5g20fv0rl7dqgfe54tghwhmx8j0000000000000000000MdLocalStruct');
INSERT INTO md_type ( display_label, root_id, package_name, type_name, base_source, js_base, js_stub, exported, dto_source, id) VALUES ('skevlv8kko62dxbnqxbghdr194fifzwxNM200904120000000000000000000030', '8ual4o5g20fv0rl7dqgfe54tghwhmx8j', 'com.runwaysdk.system.metadata', 'MdFieldDisplayLabel', NULL, NULL, NULL, 1, NULL, '8ual4o5g20fv0rl7dqgfe54tghwhmx8j0000000000000000000MdLocalStruct');
INSERT INTO metadata ( description, created_by, owner, id, create_date, seq, type, remove, site_master, locked_by, entity_domain, last_updated_by, last_update_date, key_name) VALUES ('0hk08jp60faa8t37fcp1vs77p33h0l1xNM200904120000000000000000000030', '0000000000000000000000000000001000000000000000000000000000000003', '0000000000000000000000000000001000000000000000000000000000000003', '8ual4o5g20fv0rl7dqgfe54tghwhmx8j0000000000000000000MdLocalStruct', '2011-10-03 16:03:31', 2764, 'com.runwaysdk.system.metadata.MdLocalStruct', 1, 'runwaysdk.com', NULL, NULL, '0000000000000000000000000000001000000000000000000000000000000003', '2011-10-03 16:03:31', 'com.runwaysdk.system.metadata.MdFieldDisplayLabel');
CREATE TABLE md_field_display_label ( id CHAR(64) NOT NULL PRIMARY KEY );
 INSERT INTO visibilitymodifier (set_id, item_id)  VALUES  ('qwvhdao1keq9goarxhueirzosu8zv05m', '20071109NM000000000000000000000520071109NM0000000000000000000001');
INSERT INTO metadata_display_label ( default_locale, id, site_master, key_name) VALUES ('ID', 'qnixu748v1ra3j71mzffpncmgb53lniyNM200904120000000000000000000030', 'runwaysdk.com', 'qnixu748v1ra3j71mzffpncmgb53lniyNM200904120000000000000000000030');
 INSERT INTO visibilitymodifier (set_id, item_id)  VALUES  ('0spv4q0zhkvau4a32r3ksrgj9o1v2scx', '20071109NM000000000000000000000520071109NM0000000000000000000001');
 INSERT INTO md_attribute_indicies (set_id, item_id)  VALUES  ('0t4z9t6zywjlinqwf4gx55zdqko8513f', '0000000000000000000000000000040900000000000000000000000000000403');
INSERT INTO metadata_display_label ( default_locale, id, site_master, key_name) VALUES ('ID of this object', '0q1ynazmojb8gx128fnibj7yz6p7loypNM200904120000000000000000000030', 'runwaysdk.com', '0q1ynazmojb8gx128fnibj7yz6p7loypNM200904120000000000000000000030');
INSERT INTO md_attribute_character ( default_value, database_size, id) VALUES (NULL, 64, '8l0caneb4yc0jcp4afyqxxqguez7lrrn00000000000000000000000000000138');
INSERT INTO md_attribute_char ( id) VALUES ('8l0caneb4yc0jcp4afyqxxqguez7lrrn00000000000000000000000000000138');
INSERT INTO md_attribute_primitive ( id) VALUES ('8l0caneb4yc0jcp4afyqxxqguez7lrrn00000000000000000000000000000138');
INSERT INTO md_attribute_concrete ( column_name, defining_md_class, setter_visibility, setter_visibility_c, immutable, index_name, generate_accessor, system, required, display_label, getter_visibility, getter_visibility_c, index_type, index_type_c, attribute_name, id) VALUES ('id', '8ual4o5g20fv0rl7dqgfe54tghwhmx8j0000000000000000000MdLocalStruct', 'qwvhdao1keq9goarxhueirzosu8zv05m', '20071109NM000000000000000000000520071109NM0000000000000000000001', 0, 'a65c9vpcpjqh2n0ph6rc53l2w9ipko', 1, 1, 1, 'qnixu748v1ra3j71mzffpncmgb53lniyNM200904120000000000000000000030', '0spv4q0zhkvau4a32r3ksrgj9o1v2scx', '20071109NM000000000000000000000520071109NM0000000000000000000001', '0t4z9t6zywjlinqwf4gx55zdqko8513f', '0000000000000000000000000000040900000000000000000000000000000403', 'id', '8l0caneb4yc0jcp4afyqxxqguez7lrrn00000000000000000000000000000138');
INSERT INTO md_attribute ( id) VALUES ('8l0caneb4yc0jcp4afyqxxqguez7lrrn00000000000000000000000000000138');
INSERT INTO metadata ( description, created_by, owner, id, create_date, seq, type, remove, site_master, locked_by, entity_domain, last_updated_by, last_update_date, key_name) VALUES ('0q1ynazmojb8gx128fnibj7yz6p7loypNM200904120000000000000000000030', '0000000000000000000000000000001000000000000000000000000000000003', '0000000000000000000000000000001000000000000000000000000000000003', '8l0caneb4yc0jcp4afyqxxqguez7lrrn00000000000000000000000000000138', '2011-10-03 16:03:31', 2765, 'com.runwaysdk.system.metadata.MdAttributeCharacter', 0, 'runwaysdk.com', NULL, NULL, '0000000000000000000000000000001000000000000000000000000000000003', '2011-10-03 16:03:31', 'com.runwaysdk.system.metadata.MdFieldDisplayLabel.id');
INSERT INTO class_attribute_concrete ( id, parent_id, child_id) VALUES ('25j2frjmauy3eu7wqnh53ff8sfe4sft300000000000000000000000000000073', '8ual4o5g20fv0rl7dqgfe54tghwhmx8j0000000000000000000MdLocalStruct', '8l0caneb4yc0jcp4afyqxxqguez7lrrn00000000000000000000000000000138');
INSERT INTO class_attribute ( id, parent_id, child_id) VALUES ('25j2frjmauy3eu7wqnh53ff8sfe4sft300000000000000000000000000000073', '8ual4o5g20fv0rl7dqgfe54tghwhmx8j0000000000000000000MdLocalStruct', '8l0caneb4yc0jcp4afyqxxqguez7lrrn00000000000000000000000000000138');
INSERT INTO metadata_relationship ( entity_domain, site_master, last_updated_by, id, owner, locked_by, create_date, type, created_by, seq, key_name, last_update_date, parent_id, child_id) VALUES (NULL, 'runwaysdk.com', '0000000000000000000000000000001000000000000000000000000000000003', '25j2frjmauy3eu7wqnh53ff8sfe4sft300000000000000000000000000000073', '0000000000000000000000000000001000000000000000000000000000000003', NULL, '2011-10-03 16:03:31', 'com.runwaysdk.system.metadata.ClassAttributeConcrete', '0000000000000000000000000000001000000000000000000000000000000003', 2766, 'com.runwaysdk.system.metadata.MdFieldDisplayLabel.id', '2011-10-03 16:03:31', '8ual4o5g20fv0rl7dqgfe54tghwhmx8j0000000000000000000MdLocalStruct', '8l0caneb4yc0jcp4afyqxxqguez7lrrn00000000000000000000000000000138');
 INSERT INTO visibilitymodifier (set_id, item_id)  VALUES  ('1tlu3v757vcy00dx5xee4az1qi3x5lda', '20071109NM000000000000000000000520071109NM0000000000000000000001');
INSERT INTO metadata_display_label ( default_locale, id, site_master, key_name) VALUES ('Site Master', '7c0f9xay5bvbb9j6ya133nvuren7aem1NM200904120000000000000000000030', 'runwaysdk.com', '7c0f9xay5bvbb9j6ya133nvuren7aem1NM200904120000000000000000000030');
 INSERT INTO visibilitymodifier (set_id, item_id)  VALUES  ('7e7z1igibybglsj9uokm802j0l94mq1q', '20071109NM000000000000000000000520071109NM0000000000000000000001');
 INSERT INTO md_attribute_indicies (set_id, item_id)  VALUES  ('0g1ozkpvbhdxkgk33lclvflgh9fyvgv7', '0000000000000000000000000000040100000000000000000000000000000403');
INSERT INTO metadata_display_label ( default_locale, id, site_master, key_name) VALUES ('The name of the site responsible for this object', 'zon06wzms5u9wcy3lvlsy866tkw8544jNM200904120000000000000000000030', 'runwaysdk.com', 'zon06wzms5u9wcy3lvlsy866tkw8544jNM200904120000000000000000000030');
INSERT INTO md_attribute_character ( default_value, database_size, id) VALUES (NULL, 255, '0lj953aur2l7u5hpkvhzk8z12pf080jc00000000000000000000000000000138');
INSERT INTO md_attribute_char ( id) VALUES ('0lj953aur2l7u5hpkvhzk8z12pf080jc00000000000000000000000000000138');
INSERT INTO md_attribute_primitive ( id) VALUES ('0lj953aur2l7u5hpkvhzk8z12pf080jc00000000000000000000000000000138');
INSERT INTO md_attribute_concrete ( column_name, defining_md_class, setter_visibility, setter_visibility_c, immutable, index_name, generate_accessor, system, required, display_label, getter_visibility, getter_visibility_c, index_type, index_type_c, attribute_name, id) VALUES ('site_master', '8ual4o5g20fv0rl7dqgfe54tghwhmx8j0000000000000000000MdLocalStruct', '1tlu3v757vcy00dx5xee4az1qi3x5lda', '20071109NM000000000000000000000520071109NM0000000000000000000001', 1, 'ajypdq6bi81w58tjwhylct9felqnjg', 1, 1, 1, '7c0f9xay5bvbb9j6ya133nvuren7aem1NM200904120000000000000000000030', '7e7z1igibybglsj9uokm802j0l94mq1q', '20071109NM000000000000000000000520071109NM0000000000000000000001', '0g1ozkpvbhdxkgk33lclvflgh9fyvgv7', '0000000000000000000000000000040100000000000000000000000000000403', 'siteMaster', '0lj953aur2l7u5hpkvhzk8z12pf080jc00000000000000000000000000000138');
INSERT INTO md_attribute ( id) VALUES ('0lj953aur2l7u5hpkvhzk8z12pf080jc00000000000000000000000000000138');
INSERT INTO metadata ( description, created_by, owner, id, create_date, seq, type, remove, site_master, locked_by, entity_domain, last_updated_by, last_update_date, key_name) VALUES ('zon06wzms5u9wcy3lvlsy866tkw8544jNM200904120000000000000000000030', '0000000000000000000000000000001000000000000000000000000000000003', '0000000000000000000000000000001000000000000000000000000000000003', '0lj953aur2l7u5hpkvhzk8z12pf080jc00000000000000000000000000000138', '2011-10-03 16:03:31', 2767, 'com.runwaysdk.system.metadata.MdAttributeCharacter', 0, 'runwaysdk.com', NULL, NULL, '0000000000000000000000000000001000000000000000000000000000000003', '2011-10-03 16:03:31', 'com.runwaysdk.system.metadata.MdFieldDisplayLabel.siteMaster');
ALTER TABLE md_field_display_label ADD COLUMN site_master  varchar(255);
INSERT INTO class_attribute_concrete ( id, parent_id, child_id) VALUES ('szgw8w58u0w3a7tyc8avcvexzaq7twkh00000000000000000000000000000073', '8ual4o5g20fv0rl7dqgfe54tghwhmx8j0000000000000000000MdLocalStruct', '0lj953aur2l7u5hpkvhzk8z12pf080jc00000000000000000000000000000138');
INSERT INTO class_attribute ( id, parent_id, child_id) VALUES ('szgw8w58u0w3a7tyc8avcvexzaq7twkh00000000000000000000000000000073', '8ual4o5g20fv0rl7dqgfe54tghwhmx8j0000000000000000000MdLocalStruct', '0lj953aur2l7u5hpkvhzk8z12pf080jc00000000000000000000000000000138');
INSERT INTO metadata_relationship ( entity_domain, site_master, last_updated_by, id, owner, locked_by, create_date, type, created_by, seq, key_name, last_update_date, parent_id, child_id) VALUES (NULL, 'runwaysdk.com', '0000000000000000000000000000001000000000000000000000000000000003', 'szgw8w58u0w3a7tyc8avcvexzaq7twkh00000000000000000000000000000073', '0000000000000000000000000000001000000000000000000000000000000003', NULL, '2011-10-03 16:03:31', 'com.runwaysdk.system.metadata.ClassAttributeConcrete', '0000000000000000000000000000001000000000000000000000000000000003', 2768, 'com.runwaysdk.system.metadata.MdFieldDisplayLabel.siteMaster', '2011-10-03 16:03:31', '8ual4o5g20fv0rl7dqgfe54tghwhmx8j0000000000000000000MdLocalStruct', '0lj953aur2l7u5hpkvhzk8z12pf080jc00000000000000000000000000000138');
 INSERT INTO visibilitymodifier (set_id, item_id)  VALUES  ('0a2ifcjpjf478ici30vjpmdld49u1gfq', '20071109NM000000000000000000000520071109NM0000000000000000000001');
INSERT INTO metadata_display_label ( default_locale, id, site_master, key_name) VALUES ('Key Name', 'shpmkpm3655qpingc84cecivw5hssbc3NM200904120000000000000000000030', 'runwaysdk.com', 'shpmkpm3655qpingc84cecivw5hssbc3NM200904120000000000000000000030');
 INSERT INTO visibilitymodifier (set_id, item_id)  VALUES  ('xyw3irrslbg2xky03dhhkaliadgjau5n', '20071109NM000000000000000000000520071109NM0000000000000000000001');
 INSERT INTO md_attribute_indicies (set_id, item_id)  VALUES  ('xkwo8g4a26curl2wniv3ia470f01dc0w', '0000000000000000000000000000040900000000000000000000000000000403');
INSERT INTO metadata_display_label ( default_locale, id, site_master, key_name) VALUES ('Key which uniquely identifies each instance of this type heirarchy.', '71q0hcwmknzystxsvwwe3n5o7p91wsk6NM200904120000000000000000000030', 'runwaysdk.com', '71q0hcwmknzystxsvwwe3n5o7p91wsk6NM200904120000000000000000000030');
INSERT INTO md_attribute_character ( default_value, database_size, id) VALUES (NULL, 255, 'xrqfoimyo52v3154hyn09bjg2cqgc2d000000000000000000000000000000138');
INSERT INTO md_attribute_char ( id) VALUES ('xrqfoimyo52v3154hyn09bjg2cqgc2d000000000000000000000000000000138');
INSERT INTO md_attribute_primitive ( id) VALUES ('xrqfoimyo52v3154hyn09bjg2cqgc2d000000000000000000000000000000138');
INSERT INTO md_attribute_concrete ( column_name, defining_md_class, setter_visibility, setter_visibility_c, immutable, index_name, generate_accessor, system, required, display_label, getter_visibility, getter_visibility_c, index_type, index_type_c, attribute_name, id) VALUES ('key_name', '8ual4o5g20fv0rl7dqgfe54tghwhmx8j0000000000000000000MdLocalStruct', '0a2ifcjpjf478ici30vjpmdld49u1gfq', '20071109NM000000000000000000000520071109NM0000000000000000000001', 0, 'ajwcj2chtc4jr1w2jn9jmg3e7bwnq5', 1, 0, 1, 'shpmkpm3655qpingc84cecivw5hssbc3NM200904120000000000000000000030', 'xyw3irrslbg2xky03dhhkaliadgjau5n', '20071109NM000000000000000000000520071109NM0000000000000000000001', 'xkwo8g4a26curl2wniv3ia470f01dc0w', '0000000000000000000000000000040900000000000000000000000000000403', 'keyName', 'xrqfoimyo52v3154hyn09bjg2cqgc2d000000000000000000000000000000138');
INSERT INTO md_attribute ( id) VALUES ('xrqfoimyo52v3154hyn09bjg2cqgc2d000000000000000000000000000000138');
INSERT INTO metadata ( description, created_by, owner, id, create_date, seq, type, remove, site_master, locked_by, entity_domain, last_updated_by, last_update_date, key_name) VALUES ('71q0hcwmknzystxsvwwe3n5o7p91wsk6NM200904120000000000000000000030', '0000000000000000000000000000001000000000000000000000000000000003', '0000000000000000000000000000001000000000000000000000000000000003', 'xrqfoimyo52v3154hyn09bjg2cqgc2d000000000000000000000000000000138', '2011-10-03 16:03:31', 2769, 'com.runwaysdk.system.metadata.MdAttributeCharacter', 1, 'runwaysdk.com', NULL, NULL, '0000000000000000000000000000001000000000000000000000000000000003', '2011-10-03 16:03:31', 'com.runwaysdk.system.metadata.MdFieldDisplayLabel.keyName');
ALTER TABLE md_field_display_label ADD COLUMN key_name  varchar(255);
INSERT INTO class_attribute_concrete ( id, parent_id, child_id) VALUES ('0d7q8zxfrr6ui0k6k4qlxo33jgn1kyqh00000000000000000000000000000073', '8ual4o5g20fv0rl7dqgfe54tghwhmx8j0000000000000000000MdLocalStruct', 'xrqfoimyo52v3154hyn09bjg2cqgc2d000000000000000000000000000000138');
INSERT INTO class_attribute ( id, parent_id, child_id) VALUES ('0d7q8zxfrr6ui0k6k4qlxo33jgn1kyqh00000000000000000000000000000073', '8ual4o5g20fv0rl7dqgfe54tghwhmx8j0000000000000000000MdLocalStruct', 'xrqfoimyo52v3154hyn09bjg2cqgc2d000000000000000000000000000000138');
INSERT INTO metadata_relationship ( entity_domain, site_master, last_updated_by, id, owner, locked_by, create_date, type, created_by, seq, key_name, last_update_date, parent_id, child_id) VALUES (NULL, 'runwaysdk.com', '0000000000000000000000000000001000000000000000000000000000000003', '0d7q8zxfrr6ui0k6k4qlxo33jgn1kyqh00000000000000000000000000000073', '0000000000000000000000000000001000000000000000000000000000000003', NULL, '2011-10-03 16:03:31', 'com.runwaysdk.system.metadata.ClassAttributeConcrete', '0000000000000000000000000000001000000000000000000000000000000003', 2770, 'com.runwaysdk.system.metadata.MdFieldDisplayLabel.keyName', '2011-10-03 16:03:31', '8ual4o5g20fv0rl7dqgfe54tghwhmx8j0000000000000000000MdLocalStruct', 'xrqfoimyo52v3154hyn09bjg2cqgc2d000000000000000000000000000000138');
CREATE UNIQUE INDEX ajwcj2chtc4jr1w2jn9jmg3e7bwnq5 ON md_field_display_label (key_name);
INSERT INTO metadata_display_label ( default_locale, id, site_master, key_name) VALUES (NULL, '6vud1u6g4xvilu6j6m4cr60w9bbc2lmpNM200904120000000000000000000030', 'runwaysdk.com', '6vud1u6g4xvilu6j6m4cr60w9bbc2lmpNM200904120000000000000000000030');
INSERT INTO metadata_display_label ( default_locale, id, site_master, key_name) VALUES (NULL, 'sw432yvimuk8qwgg5cnhewmfqj3aivhnNM200904120000000000000000000030', 'runwaysdk.com', 'sw432yvimuk8qwgg5cnhewmfqj3aivhnNM200904120000000000000000000030');
INSERT INTO md_controller ( stub_source, id) VALUES (NULL, 'sssuyyjfxhk7q1t6421f891tewbquhy2NM200810110000000000000000000112');
INSERT INTO md_type ( display_label, root_id, package_name, type_name, base_source, js_base, js_stub, exported, dto_source, id) VALUES ('6vud1u6g4xvilu6j6m4cr60w9bbc2lmpNM200904120000000000000000000030', 'sssuyyjfxhk7q1t6421f891tewbquhy2', 'com.runwaysdk.system.metadata', 'MdFieldDisplayLabelController', NULL, NULL, NULL, 1, NULL, 'sssuyyjfxhk7q1t6421f891tewbquhy2NM200810110000000000000000000112');
INSERT INTO metadata ( description, created_by, owner, id, create_date, seq, type, remove, site_master, locked_by, entity_domain, last_updated_by, last_update_date, key_name) VALUES ('sw432yvimuk8qwgg5cnhewmfqj3aivhnNM200904120000000000000000000030', '0000000000000000000000000000001000000000000000000000000000000003', '0000000000000000000000000000001000000000000000000000000000000003', 'sssuyyjfxhk7q1t6421f891tewbquhy2NM200810110000000000000000000112', '2011-10-03 16:03:31', 2771, 'com.runwaysdk.system.metadata.MdController', 1, 'runwaysdk.com', NULL, NULL, '0000000000000000000000000000001000000000000000000000000000000003', '2011-10-03 16:03:31', 'com.runwaysdk.system.metadata.MdFieldDisplayLabelController');
INSERT INTO metadata_display_label ( default_locale, id, site_master, key_name) VALUES ('View Page', 'qyvkmcb7cpvanpqrl8j9ziv4jo3fum55NM200904120000000000000000000030', 'runwaysdk.com', 'qyvkmcb7cpvanpqrl8j9ziv4jo3fum55NM200904120000000000000000000030');
INSERT INTO metadata_display_label ( default_locale, id, site_master, key_name) VALUES ('Loads a ViewAll query for a specific page into the request object', '77sr59u28mybxkqigdy5ofjycp25d5ftNM200904120000000000000000000030', 'runwaysdk.com', '77sr59u28mybxkqigdy5ofjycp25d5ftNM200904120000000000000000000030');
INSERT INTO md_action ( is_query, enclosing_md_controller, is_post, action_name, display_label, id) VALUES (1, 'sssuyyjfxhk7q1t6421f891tewbquhy2NM200810110000000000000000000112', 0, 'viewPage', 'qyvkmcb7cpvanpqrl8j9ziv4jo3fum55NM200904120000000000000000000030', 'xbqiirhokoujqsz6cyi0906o6afym0suNM200810110000000000000000000113');
INSERT INTO metadata ( description, created_by, owner, id, create_date, seq, type, remove, site_master, locked_by, entity_domain, last_updated_by, last_update_date, key_name) VALUES ('77sr59u28mybxkqigdy5ofjycp25d5ftNM200904120000000000000000000030', '0000000000000000000000000000001000000000000000000000000000000003', '0000000000000000000000000000001000000000000000000000000000000003', 'xbqiirhokoujqsz6cyi0906o6afym0suNM200810110000000000000000000113', '2011-10-03 16:03:31', 2772, 'com.runwaysdk.system.metadata.MdAction', 1, 'runwaysdk.com', NULL, NULL, '0000000000000000000000000000001000000000000000000000000000000003', '2011-10-03 16:03:31', 'com.runwaysdk.system.metadata.MdFieldDisplayLabelController.viewPage');
INSERT INTO controller_action ( key_name, locked_by, id, owner, entity_domain, created_by, type, last_update_date, create_date, seq, last_updated_by, site_master, parent_id, child_id) VALUES ('com.runwaysdk.system.metadata.MdFieldDisplayLabelController.viewPage', NULL, 'qnaqd62njohg6ecuxbtfbdbe4gzxbko4JS200807230000000000000000111111', '0000000000000000000000000000001000000000000000000000000000000003', NULL, '0000000000000000000000000000001000000000000000000000000000000003', 'com.runwaysdk.system.ControllerAction', '2011-10-03 16:03:31', '2011-10-03 16:03:31', 2773, '0000000000000000000000000000001000000000000000000000000000000003', 'runwaysdk.com', 'sssuyyjfxhk7q1t6421f891tewbquhy2NM200810110000000000000000000112', 'xbqiirhokoujqsz6cyi0906o6afym0suNM200810110000000000000000000113');
INSERT INTO metadata_display_label ( default_locale, id, site_master, key_name) VALUES ('Sort Attribute', 'xl6oxo13ns4rcxotwkufukjj4v6btikgNM200904120000000000000000000030', 'runwaysdk.com', 'xl6oxo13ns4rcxotwkufukjj4v6btikgNM200904120000000000000000000030');
INSERT INTO metadata_display_label ( default_locale, id, site_master, key_name) VALUES (NULL, '26er36bu6ibyrumrwdrltxv4lqodq741NM200904120000000000000000000030', 'runwaysdk.com', '26er36bu6ibyrumrwdrltxv4lqodq741NM200904120000000000000000000030');
INSERT INTO md_parameter ( metadata, parameter_order, parameter_name, parameter_type, display_label, id) VALUES ('xbqiirhokoujqsz6cyi0906o6afym0suNM200810110000000000000000000113', -4, 'sortAttribute', 'java.lang.String', 'xl6oxo13ns4rcxotwkufukjj4v6btikgNM200904120000000000000000000030', 'xmzye5ic7jpbj4vogiiem6ta3sgbmbzg20070427JS0000000000000000001517');
INSERT INTO metadata ( description, created_by, owner, id, create_date, seq, type, remove, site_master, locked_by, entity_domain, last_updated_by, last_update_date, key_name) VALUES ('26er36bu6ibyrumrwdrltxv4lqodq741NM200904120000000000000000000030', '0000000000000000000000000000001000000000000000000000000000000003', '0000000000000000000000000000001000000000000000000000000000000003', 'xmzye5ic7jpbj4vogiiem6ta3sgbmbzg20070427JS0000000000000000001517', '2011-10-03 16:03:31', 2774, 'com.runwaysdk.system.metadata.MdParameter', 1, 'runwaysdk.com', NULL, NULL, '0000000000000000000000000000001000000000000000000000000000000003', '2011-10-03 16:03:31', 'com.runwaysdk.system.metadata.MdFieldDisplayLabelController.viewPage.sortAttribute');
INSERT INTO metadata_parameter ( site_master, last_updated_by, create_date, seq, locked_by, entity_domain, created_by, type, last_update_date, key_name, owner, id, parent_id, child_id) VALUES ('runwaysdk.com', '0000000000000000000000000000001000000000000000000000000000000003', '2011-10-03 16:03:31', 2775, NULL, NULL, '0000000000000000000000000000001000000000000000000000000000000003', 'com.runwaysdk.system.MetadataParameter', '2011-10-03 16:03:31', 'com.runwaysdk.system.metadata.MdFieldDisplayLabelController.viewPage.sortAttribute', '0000000000000000000000000000001000000000000000000000000000000003', '8sdaj4wxr9z7p0slan4s2c55jpqcfw3a20070427JS0000000000000000001524', 'xbqiirhokoujqsz6cyi0906o6afym0suNM200810110000000000000000000113', 'xmzye5ic7jpbj4vogiiem6ta3sgbmbzg20070427JS0000000000000000001517');
INSERT INTO metadata_display_label ( default_locale, id, site_master, key_name) VALUES ('Is Ascending', '8ed98q7l5yfp52sdnjnr11j0a6mqegztNM200904120000000000000000000030', 'runwaysdk.com', '8ed98q7l5yfp52sdnjnr11j0a6mqegztNM200904120000000000000000000030');
INSERT INTO metadata_display_label ( default_locale, id, site_master, key_name) VALUES (NULL, 'sti8kda0eodgvjvxx1g27y6zjg1z6913NM200904120000000000000000000030', 'runwaysdk.com', 'sti8kda0eodgvjvxx1g27y6zjg1z6913NM200904120000000000000000000030');
INSERT INTO md_parameter ( metadata, parameter_order, parameter_name, parameter_type, display_label, id) VALUES ('xbqiirhokoujqsz6cyi0906o6afym0suNM200810110000000000000000000113', -3, 'isAscending', 'java.lang.Boolean', '8ed98q7l5yfp52sdnjnr11j0a6mqegztNM200904120000000000000000000030', 'z688vcg4uc752vi0k39f9agkywznvzv120070427JS0000000000000000001517');
INSERT INTO metadata ( description, created_by, owner, id, create_date, seq, type, remove, site_master, locked_by, entity_domain, last_updated_by, last_update_date, key_name) VALUES ('sti8kda0eodgvjvxx1g27y6zjg1z6913NM200904120000000000000000000030', '0000000000000000000000000000001000000000000000000000000000000003', '0000000000000000000000000000001000000000000000000000000000000003', 'z688vcg4uc752vi0k39f9agkywznvzv120070427JS0000000000000000001517', '2011-10-03 16:03:31', 2776, 'com.runwaysdk.system.metadata.MdParameter', 1, 'runwaysdk.com', NULL, NULL, '0000000000000000000000000000001000000000000000000000000000000003', '2011-10-03 16:03:31', 'com.runwaysdk.system.metadata.MdFieldDisplayLabelController.viewPage.isAscending');
INSERT INTO metadata_parameter ( site_master, last_updated_by, create_date, seq, locked_by, entity_domain, created_by, type, last_update_date, key_name, owner, id, parent_id, child_id) VALUES ('runwaysdk.com', '0000000000000000000000000000001000000000000000000000000000000003', '2011-10-03 16:03:31', 2777, NULL, NULL, '0000000000000000000000000000001000000000000000000000000000000003', 'com.runwaysdk.system.MetadataParameter', '2011-10-03 16:03:31', 'com.runwaysdk.system.metadata.MdFieldDisplayLabelController.viewPage.isAscending', '0000000000000000000000000000001000000000000000000000000000000003', 'x9hakkbcapr5oefpserl9l1i6sb81lek20070427JS0000000000000000001524', 'xbqiirhokoujqsz6cyi0906o6afym0suNM200810110000000000000000000113', 'z688vcg4uc752vi0k39f9agkywznvzv120070427JS0000000000000000001517');
INSERT INTO metadata_display_label ( default_locale, id, site_master, key_name) VALUES ('Page Size', 'xqn5gp078i5g6vca7aic197s45n80v3tNM200904120000000000000000000030', 'runwaysdk.com', 'xqn5gp078i5g6vca7aic197s45n80v3tNM200904120000000000000000000030');
INSERT INTO metadata_display_label ( default_locale, id, site_master, key_name) VALUES (NULL, 'xxbayefcksadl3rctnkc3vyxfxyoi12qNM200904120000000000000000000030', 'runwaysdk.com', 'xxbayefcksadl3rctnkc3vyxfxyoi12qNM200904120000000000000000000030');
INSERT INTO md_parameter ( metadata, parameter_order, parameter_name, parameter_type, display_label, id) VALUES ('xbqiirhokoujqsz6cyi0906o6afym0suNM200810110000000000000000000113', -2, 'pageSize', 'java.lang.Integer', 'xqn5gp078i5g6vca7aic197s45n80v3tNM200904120000000000000000000030', 'zaus2636o3ph8zgfhb1kn7wflu11jwrp20070427JS0000000000000000001517');
INSERT INTO metadata ( description, created_by, owner, id, create_date, seq, type, remove, site_master, locked_by, entity_domain, last_updated_by, last_update_date, key_name) VALUES ('xxbayefcksadl3rctnkc3vyxfxyoi12qNM200904120000000000000000000030', '0000000000000000000000000000001000000000000000000000000000000003', '0000000000000000000000000000001000000000000000000000000000000003', 'zaus2636o3ph8zgfhb1kn7wflu11jwrp20070427JS0000000000000000001517', '2011-10-03 16:03:31', 2778, 'com.runwaysdk.system.metadata.MdParameter', 1, 'runwaysdk.com', NULL, NULL, '0000000000000000000000000000001000000000000000000000000000000003', '2011-10-03 16:03:31', 'com.runwaysdk.system.metadata.MdFieldDisplayLabelController.viewPage.pageSize');
INSERT INTO metadata_parameter ( site_master, last_updated_by, create_date, seq, locked_by, entity_domain, created_by, type, last_update_date, key_name, owner, id, parent_id, child_id) VALUES ('runwaysdk.com', '0000000000000000000000000000001000000000000000000000000000000003', '2011-10-03 16:03:31', 2779, NULL, NULL, '0000000000000000000000000000001000000000000000000000000000000003', 'com.runwaysdk.system.MetadataParameter', '2011-10-03 16:03:31', 'com.runwaysdk.system.metadata.MdFieldDisplayLabelController.viewPage.pageSize', '0000000000000000000000000000001000000000000000000000000000000003', '20zx6ge6472dvi5d6qn8wpjpeneuhg0g20070427JS0000000000000000001524', 'xbqiirhokoujqsz6cyi0906o6afym0suNM200810110000000000000000000113', 'zaus2636o3ph8zgfhb1kn7wflu11jwrp20070427JS0000000000000000001517');
INSERT INTO metadata_display_label ( default_locale, id, site_master, key_name) VALUES ('Page Number', 'sh90neerwf3ac7cy78eb0r7ga8kbrdl1NM200904120000000000000000000030', 'runwaysdk.com', 'sh90neerwf3ac7cy78eb0r7ga8kbrdl1NM200904120000000000000000000030');
INSERT INTO metadata_display_label ( default_locale, id, site_master, key_name) VALUES (NULL, '0t88a2olmk7myoijqd667i1xa22c4rwxNM200904120000000000000000000030', 'runwaysdk.com', '0t88a2olmk7myoijqd667i1xa22c4rwxNM200904120000000000000000000030');
INSERT INTO md_parameter ( metadata, parameter_order, parameter_name, parameter_type, display_label, id) VALUES ('xbqiirhokoujqsz6cyi0906o6afym0suNM200810110000000000000000000113', -1, 'pageNumber', 'java.lang.Integer', 'sh90neerwf3ac7cy78eb0r7ga8kbrdl1NM200904120000000000000000000030', '1p1bslndeokkiavk4e8549t010881ef920070427JS0000000000000000001517');
INSERT INTO metadata ( description, created_by, owner, id, create_date, seq, type, remove, site_master, locked_by, entity_domain, last_updated_by, last_update_date, key_name) VALUES ('0t88a2olmk7myoijqd667i1xa22c4rwxNM200904120000000000000000000030', '0000000000000000000000000000001000000000000000000000000000000003', '0000000000000000000000000000001000000000000000000000000000000003', '1p1bslndeokkiavk4e8549t010881ef920070427JS0000000000000000001517', '2011-10-03 16:03:31', 2780, 'com.runwaysdk.system.metadata.MdParameter', 1, 'runwaysdk.com', NULL, NULL, '0000000000000000000000000000001000000000000000000000000000000003', '2011-10-03 16:03:31', 'com.runwaysdk.system.metadata.MdFieldDisplayLabelController.viewPage.pageNumber');
INSERT INTO metadata_parameter ( site_master, last_updated_by, create_date, seq, locked_by, entity_domain, created_by, type, last_update_date, key_name, owner, id, parent_id, child_id) VALUES ('runwaysdk.com', '0000000000000000000000000000001000000000000000000000000000000003', '2011-10-03 16:03:31', 2781, NULL, NULL, '0000000000000000000000000000001000000000000000000000000000000003', 'com.runwaysdk.system.MetadataParameter', '2011-10-03 16:03:31', 'com.runwaysdk.system.metadata.MdFieldDisplayLabelController.viewPage.pageNumber', '0000000000000000000000000000001000000000000000000000000000000003', 'ssvgv80843xz02tdauwq7egwgyw6qq5k20070427JS0000000000000000001524', 'xbqiirhokoujqsz6cyi0906o6afym0suNM200810110000000000000000000113', '1p1bslndeokkiavk4e8549t010881ef920070427JS0000000000000000001517');
INSERT INTO metadata_display_label ( default_locale, id, site_master, key_name) VALUES ('View All', '793nfu36o3rap9bee63aqrxlv29kif84NM200904120000000000000000000030', 'runwaysdk.com', '793nfu36o3rap9bee63aqrxlv29kif84NM200904120000000000000000000030');
INSERT INTO metadata_display_label ( default_locale, id, site_master, key_name) VALUES ('Loads a ViewAll query with the default settings', 'rcjdb7aaa4a1ddk8mmmeb4f4l9ea79ufNM200904120000000000000000000030', 'runwaysdk.com', 'rcjdb7aaa4a1ddk8mmmeb4f4l9ea79ufNM200904120000000000000000000030');
INSERT INTO md_action ( is_query, enclosing_md_controller, is_post, action_name, display_label, id) VALUES (0, 'sssuyyjfxhk7q1t6421f891tewbquhy2NM200810110000000000000000000112', 0, 'viewAll', '793nfu36o3rap9bee63aqrxlv29kif84NM200904120000000000000000000030', '1x94vqbyv0cbbr6h6opi18t96815xo1bNM200810110000000000000000000113');
INSERT INTO metadata ( description, created_by, owner, id, create_date, seq, type, remove, site_master, locked_by, entity_domain, last_updated_by, last_update_date, key_name) VALUES ('rcjdb7aaa4a1ddk8mmmeb4f4l9ea79ufNM200904120000000000000000000030', '0000000000000000000000000000001000000000000000000000000000000003', '0000000000000000000000000000001000000000000000000000000000000003', '1x94vqbyv0cbbr6h6opi18t96815xo1bNM200810110000000000000000000113', '2011-10-03 16:03:31', 2782, 'com.runwaysdk.system.metadata.MdAction', 1, 'runwaysdk.com', NULL, NULL, '0000000000000000000000000000001000000000000000000000000000000003', '2011-10-03 16:03:31', 'com.runwaysdk.system.metadata.MdFieldDisplayLabelController.viewAll');
INSERT INTO controller_action ( key_name, locked_by, id, owner, entity_domain, created_by, type, last_update_date, create_date, seq, last_updated_by, site_master, parent_id, child_id) VALUES ('com.runwaysdk.system.metadata.MdFieldDisplayLabelController.viewAll', NULL, '0odjb5v7rydrk4f7vdaaxlscg24shpf3JS200807230000000000000000111111', '0000000000000000000000000000001000000000000000000000000000000003', NULL, '0000000000000000000000000000001000000000000000000000000000000003', 'com.runwaysdk.system.ControllerAction', '2011-10-03 16:03:31', '2011-10-03 16:03:31', 2783, '0000000000000000000000000000001000000000000000000000000000000003', 'runwaysdk.com', 'sssuyyjfxhk7q1t6421f891tewbquhy2NM200810110000000000000000000112', '1x94vqbyv0cbbr6h6opi18t96815xo1bNM200810110000000000000000000113');
INSERT INTO metadata_display_label ( default_locale, id, site_master, key_name) VALUES ('View', '6y15l9fyan82801vg9gx6m5eqm3hirxmNM200904120000000000000000000030', 'runwaysdk.com', '6y15l9fyan82801vg9gx6m5eqm3hirxmNM200904120000000000000000000030');
INSERT INTO metadata_display_label ( default_locale, id, site_master, key_name) VALUES ('View an existing instance of com.runwaysdk.system.metadata.MdFieldDisplayLabel', '03s8wx4400lth48km4efssv92v4urncnNM200904120000000000000000000030', 'runwaysdk.com', '03s8wx4400lth48km4efssv92v4urncnNM200904120000000000000000000030');
INSERT INTO md_action ( is_query, enclosing_md_controller, is_post, action_name, display_label, id) VALUES (0, 'sssuyyjfxhk7q1t6421f891tewbquhy2NM200810110000000000000000000112', 0, 'view', '6y15l9fyan82801vg9gx6m5eqm3hirxmNM200904120000000000000000000030', '7fm6cp7r26ybivlm20sveh0xuzggcg3vNM200810110000000000000000000113');
INSERT INTO metadata ( description, created_by, owner, id, create_date, seq, type, remove, site_master, locked_by, entity_domain, last_updated_by, last_update_date, key_name) VALUES ('03s8wx4400lth48km4efssv92v4urncnNM200904120000000000000000000030', '0000000000000000000000000000001000000000000000000000000000000003', '0000000000000000000000000000001000000000000000000000000000000003', '7fm6cp7r26ybivlm20sveh0xuzggcg3vNM200810110000000000000000000113', '2011-10-03 16:03:31', 2784, 'com.runwaysdk.system.metadata.MdAction', 1, 'runwaysdk.com', NULL, NULL, '0000000000000000000000000000001000000000000000000000000000000003', '2011-10-03 16:03:31', 'com.runwaysdk.system.metadata.MdFieldDisplayLabelController.view');
INSERT INTO controller_action ( key_name, locked_by, id, owner, entity_domain, created_by, type, last_update_date, create_date, seq, last_updated_by, site_master, parent_id, child_id) VALUES ('com.runwaysdk.system.metadata.MdFieldDisplayLabelController.view', NULL, 'xw68zyfycpmpzhje2zhig4kjn3orwhpwJS200807230000000000000000111111', '0000000000000000000000000000001000000000000000000000000000000003', NULL, '0000000000000000000000000000001000000000000000000000000000000003', 'com.runwaysdk.system.ControllerAction', '2011-10-03 16:03:31', '2011-10-03 16:03:31', 2785, '0000000000000000000000000000001000000000000000000000000000000003', 'runwaysdk.com', 'sssuyyjfxhk7q1t6421f891tewbquhy2NM200810110000000000000000000112', '7fm6cp7r26ybivlm20sveh0xuzggcg3vNM200810110000000000000000000113');
INSERT INTO metadata_display_label ( default_locale, id, site_master, key_name) VALUES ('Parameter: com.runwaysdk.system.metadata.MdFieldDisplayLabel - id', 'xvc31ainkooj95a39on0j8yff2hnndj0NM200904120000000000000000000030', 'runwaysdk.com', 'xvc31ainkooj95a39on0j8yff2hnndj0NM200904120000000000000000000030');
INSERT INTO metadata_display_label ( default_locale, id, site_master, key_name) VALUES ('Id of com.runwaysdk.system.metadata.MdFieldDisplayLabel to view.', '20ul641sz8tpqtukdwdmqosjikwkbe1zNM200904120000000000000000000030', 'runwaysdk.com', '20ul641sz8tpqtukdwdmqosjikwkbe1zNM200904120000000000000000000030');
INSERT INTO md_parameter ( metadata, parameter_order, parameter_name, parameter_type, display_label, id) VALUES ('7fm6cp7r26ybivlm20sveh0xuzggcg3vNM200810110000000000000000000113', 0, 'id', 'java.lang.String', 'xvc31ainkooj95a39on0j8yff2hnndj0NM200904120000000000000000000030', '8fhgeuslxeyoldricek7xwukkjts0phi20070427JS0000000000000000001517');
INSERT INTO metadata ( description, created_by, owner, id, create_date, seq, type, remove, site_master, locked_by, entity_domain, last_updated_by, last_update_date, key_name) VALUES ('20ul641sz8tpqtukdwdmqosjikwkbe1zNM200904120000000000000000000030', '0000000000000000000000000000001000000000000000000000000000000003', '0000000000000000000000000000001000000000000000000000000000000003', '8fhgeuslxeyoldricek7xwukkjts0phi20070427JS0000000000000000001517', '2011-10-03 16:03:31', 2786, 'com.runwaysdk.system.metadata.MdParameter', 1, 'runwaysdk.com', NULL, NULL, '0000000000000000000000000000001000000000000000000000000000000003', '2011-10-03 16:03:31', 'com.runwaysdk.system.metadata.MdFieldDisplayLabelController.view.id');
INSERT INTO metadata_parameter ( site_master, last_updated_by, create_date, seq, locked_by, entity_domain, created_by, type, last_update_date, key_name, owner, id, parent_id, child_id) VALUES ('runwaysdk.com', '0000000000000000000000000000001000000000000000000000000000000003', '2011-10-03 16:03:31', 2787, NULL, NULL, '0000000000000000000000000000001000000000000000000000000000000003', 'com.runwaysdk.system.MetadataParameter', '2011-10-03 16:03:31', 'com.runwaysdk.system.metadata.MdFieldDisplayLabelController.view.id', '0000000000000000000000000000001000000000000000000000000000000003', '23wz35pfh2l17z9txce1sq4u5g0om51u20070427JS0000000000000000001524', '7fm6cp7r26ybivlm20sveh0xuzggcg3vNM200810110000000000000000000113', '8fhgeuslxeyoldricek7xwukkjts0phi20070427JS0000000000000000001517');
INSERT INTO metadata_display_label ( default_locale, id, site_master, key_name) VALUES ('New Instance', '2a2bq4f6zh7sla6ehyh55fhh9cgc5odlNM200904120000000000000000000030', 'runwaysdk.com', '2a2bq4f6zh7sla6ehyh55fhh9cgc5odlNM200904120000000000000000000030');
INSERT INTO metadata_display_label ( default_locale, id, site_master, key_name) VALUES ('Loads a new instance of com.runwaysdk.system.metadata.MdFieldDisplayLabel into the request object', 'zg13qs3gis45t1lil7rfkoc5nug9t7z2NM200904120000000000000000000030', 'runwaysdk.com', 'zg13qs3gis45t1lil7rfkoc5nug9t7z2NM200904120000000000000000000030');
INSERT INTO md_action ( is_query, enclosing_md_controller, is_post, action_name, display_label, id) VALUES (0, 'sssuyyjfxhk7q1t6421f891tewbquhy2NM200810110000000000000000000112', 0, 'newInstance', '2a2bq4f6zh7sla6ehyh55fhh9cgc5odlNM200904120000000000000000000030', 'su69n76mf8f38t91wkzah07eb9n59k4iNM200810110000000000000000000113');
INSERT INTO metadata ( description, created_by, owner, id, create_date, seq, type, remove, site_master, locked_by, entity_domain, last_updated_by, last_update_date, key_name) VALUES ('zg13qs3gis45t1lil7rfkoc5nug9t7z2NM200904120000000000000000000030', '0000000000000000000000000000001000000000000000000000000000000003', '0000000000000000000000000000001000000000000000000000000000000003', 'su69n76mf8f38t91wkzah07eb9n59k4iNM200810110000000000000000000113', '2011-10-03 16:03:31', 2788, 'com.runwaysdk.system.metadata.MdAction', 1, 'runwaysdk.com', NULL, NULL, '0000000000000000000000000000001000000000000000000000000000000003', '2011-10-03 16:03:31', 'com.runwaysdk.system.metadata.MdFieldDisplayLabelController.newInstance');
INSERT INTO controller_action ( key_name, locked_by, id, owner, entity_domain, created_by, type, last_update_date, create_date, seq, last_updated_by, site_master, parent_id, child_id) VALUES ('com.runwaysdk.system.metadata.MdFieldDisplayLabelController.newInstance', NULL, 'qyhiwhg01cvn68y39ppkd3q09l0v3mgfJS200807230000000000000000111111', '0000000000000000000000000000001000000000000000000000000000000003', NULL, '0000000000000000000000000000001000000000000000000000000000000003', 'com.runwaysdk.system.ControllerAction', '2011-10-03 16:03:31', '2011-10-03 16:03:31', 2789, '0000000000000000000000000000001000000000000000000000000000000003', 'runwaysdk.com', 'sssuyyjfxhk7q1t6421f891tewbquhy2NM200810110000000000000000000112', 'su69n76mf8f38t91wkzah07eb9n59k4iNM200810110000000000000000000113');
INSERT INTO metadata_display_label ( default_locale, id, site_master, key_name) VALUES ('Create', 't0xbzdgr1garx4gbrf0r2jagp8ybtoodNM200904120000000000000000000030', 'runwaysdk.com', 't0xbzdgr1garx4gbrf0r2jagp8ybtoodNM200904120000000000000000000030');
INSERT INTO metadata_display_label ( default_locale, id, site_master, key_name) VALUES ('Applys a new instance of com.runwaysdk.system.metadata.MdFieldDisplayLabel', 'xqhtia4hjokwnb2zml3yyzy2jerg9n74NM200904120000000000000000000030', 'runwaysdk.com', 'xqhtia4hjokwnb2zml3yyzy2jerg9n74NM200904120000000000000000000030');
INSERT INTO md_action ( is_query, enclosing_md_controller, is_post, action_name, display_label, id) VALUES (0, 'sssuyyjfxhk7q1t6421f891tewbquhy2NM200810110000000000000000000112', 1, 'create', 't0xbzdgr1garx4gbrf0r2jagp8ybtoodNM200904120000000000000000000030', 'qzvyfe31sipjilnbvqw8eqc7jmiydvwuNM200810110000000000000000000113');
INSERT INTO metadata ( description, created_by, owner, id, create_date, seq, type, remove, site_master, locked_by, entity_domain, last_updated_by, last_update_date, key_name) VALUES ('xqhtia4hjokwnb2zml3yyzy2jerg9n74NM200904120000000000000000000030', '0000000000000000000000000000001000000000000000000000000000000003', '0000000000000000000000000000001000000000000000000000000000000003', 'qzvyfe31sipjilnbvqw8eqc7jmiydvwuNM200810110000000000000000000113', '2011-10-03 16:03:31', 2790, 'com.runwaysdk.system.metadata.MdAction', 1, 'runwaysdk.com', NULL, NULL, '0000000000000000000000000000001000000000000000000000000000000003', '2011-10-03 16:03:31', 'com.runwaysdk.system.metadata.MdFieldDisplayLabelController.create');
INSERT INTO controller_action ( key_name, locked_by, id, owner, entity_domain, created_by, type, last_update_date, create_date, seq, last_updated_by, site_master, parent_id, child_id) VALUES ('com.runwaysdk.system.metadata.MdFieldDisplayLabelController.create', NULL, '0kuky1s8d3o6w1fl5yl9uaj450voip4cJS200807230000000000000000111111', '0000000000000000000000000000001000000000000000000000000000000003', NULL, '0000000000000000000000000000001000000000000000000000000000000003', 'com.runwaysdk.system.ControllerAction', '2011-10-03 16:03:31', '2011-10-03 16:03:31', 2791, '0000000000000000000000000000001000000000000000000000000000000003', 'runwaysdk.com', 'sssuyyjfxhk7q1t6421f891tewbquhy2NM200810110000000000000000000112', 'qzvyfe31sipjilnbvqw8eqc7jmiydvwuNM200810110000000000000000000113');
INSERT INTO metadata_display_label ( default_locale, id, site_master, key_name) VALUES ('Parameter: com.runwaysdk.system.metadata.MdFieldDisplayLabel', 'sh1yd5g6sn7e7n5xmsl2hhojd320kkhiNM200904120000000000000000000030', 'runwaysdk.com', 'sh1yd5g6sn7e7n5xmsl2hhojd320kkhiNM200904120000000000000000000030');
INSERT INTO metadata_display_label ( default_locale, id, site_master, key_name) VALUES ('com.runwaysdk.system.metadata.MdFieldDisplayLabel to apply to the database', 'yxf7tyreleb87s2yvo9x4u0m5j8fuyokNM200904120000000000000000000030', 'runwaysdk.com', 'yxf7tyreleb87s2yvo9x4u0m5j8fuyokNM200904120000000000000000000030');
INSERT INTO md_parameter ( metadata, parameter_order, parameter_name, parameter_type, display_label, id) VALUES ('qzvyfe31sipjilnbvqw8eqc7jmiydvwuNM200810110000000000000000000113', 0, 'dto', 'com.runwaysdk.system.metadata.MdFieldDisplayLabel', 'sh1yd5g6sn7e7n5xmsl2hhojd320kkhiNM200904120000000000000000000030', 'z4zsa8ylijx4tjj7ayu7fftdc1sn6kpt20070427JS0000000000000000001517');
INSERT INTO metadata ( description, created_by, owner, id, create_date, seq, type, remove, site_master, locked_by, entity_domain, last_updated_by, last_update_date, key_name) VALUES ('yxf7tyreleb87s2yvo9x4u0m5j8fuyokNM200904120000000000000000000030', '0000000000000000000000000000001000000000000000000000000000000003', '0000000000000000000000000000001000000000000000000000000000000003', 'z4zsa8ylijx4tjj7ayu7fftdc1sn6kpt20070427JS0000000000000000001517', '2011-10-03 16:03:31', 2792, 'com.runwaysdk.system.metadata.MdParameter', 1, 'runwaysdk.com', NULL, NULL, '0000000000000000000000000000001000000000000000000000000000000003', '2011-10-03 16:03:31', 'com.runwaysdk.system.metadata.MdFieldDisplayLabelController.create.dto');
INSERT INTO metadata_parameter ( site_master, last_updated_by, create_date, seq, locked_by, entity_domain, created_by, type, last_update_date, key_name, owner, id, parent_id, child_id) VALUES ('runwaysdk.com', '0000000000000000000000000000001000000000000000000000000000000003', '2011-10-03 16:03:31', 2793, NULL, NULL, '0000000000000000000000000000001000000000000000000000000000000003', 'com.runwaysdk.system.MetadataParameter', '2011-10-03 16:03:31', 'com.runwaysdk.system.metadata.MdFieldDisplayLabelController.create.dto', '0000000000000000000000000000001000000000000000000000000000000003', '94oy0m16e2e73unu3bg1szg3nrm68kab20070427JS0000000000000000001524', 'qzvyfe31sipjilnbvqw8eqc7jmiydvwuNM200810110000000000000000000113', 'z4zsa8ylijx4tjj7ayu7fftdc1sn6kpt20070427JS0000000000000000001517');
INSERT INTO metadata_display_label ( default_locale, id, site_master, key_name) VALUES ('edit', 'z044wc6ldrxh3h5knx8n5r2l8n0mclbiNM200904120000000000000000000030', 'runwaysdk.com', 'z044wc6ldrxh3h5knx8n5r2l8n0mclbiNM200904120000000000000000000030');
INSERT INTO metadata_display_label ( default_locale, id, site_master, key_name) VALUES ('Applys an existing instance of com.runwaysdk.system.metadata.MdFieldDisplayLabel', 'r9e9j95jrbweqaf1lwx20jt73wtwf4amNM200904120000000000000000000030', 'runwaysdk.com', 'r9e9j95jrbweqaf1lwx20jt73wtwf4amNM200904120000000000000000000030');
INSERT INTO md_action ( is_query, enclosing_md_controller, is_post, action_name, display_label, id) VALUES (0, 'sssuyyjfxhk7q1t6421f891tewbquhy2NM200810110000000000000000000112', 0, 'edit', 'z044wc6ldrxh3h5knx8n5r2l8n0mclbiNM200904120000000000000000000030', 're4r18uzgti1fa4tiizir9o8i9f3vie0NM200810110000000000000000000113');
INSERT INTO metadata ( description, created_by, owner, id, create_date, seq, type, remove, site_master, locked_by, entity_domain, last_updated_by, last_update_date, key_name) VALUES ('r9e9j95jrbweqaf1lwx20jt73wtwf4amNM200904120000000000000000000030', '0000000000000000000000000000001000000000000000000000000000000003', '0000000000000000000000000000001000000000000000000000000000000003', 're4r18uzgti1fa4tiizir9o8i9f3vie0NM200810110000000000000000000113', '2011-10-03 16:03:31', 2794, 'com.runwaysdk.system.metadata.MdAction', 1, 'runwaysdk.com', NULL, NULL, '0000000000000000000000000000001000000000000000000000000000000003', '2011-10-03 16:03:31', 'com.runwaysdk.system.metadata.MdFieldDisplayLabelController.edit');
INSERT INTO controller_action ( key_name, locked_by, id, owner, entity_domain, created_by, type, last_update_date, create_date, seq, last_updated_by, site_master, parent_id, child_id) VALUES ('com.runwaysdk.system.metadata.MdFieldDisplayLabelController.edit', NULL, 's9t18vynh2jxrsosubbruijn4vv93idnJS200807230000000000000000111111', '0000000000000000000000000000001000000000000000000000000000000003', NULL, '0000000000000000000000000000001000000000000000000000000000000003', 'com.runwaysdk.system.ControllerAction', '2011-10-03 16:03:31', '2011-10-03 16:03:31', 2795, '0000000000000000000000000000001000000000000000000000000000000003', 'runwaysdk.com', 'sssuyyjfxhk7q1t6421f891tewbquhy2NM200810110000000000000000000112', 're4r18uzgti1fa4tiizir9o8i9f3vie0NM200810110000000000000000000113');
INSERT INTO metadata_display_label ( default_locale, id, site_master, key_name) VALUES ('Parameter: com.runwaysdk.system.metadata.MdFieldDisplayLabel', 'sc0iuhdvh9ygcrfkqdfsrnhoxj9faqnqNM200904120000000000000000000030', 'runwaysdk.com', 'sc0iuhdvh9ygcrfkqdfsrnhoxj9faqnqNM200904120000000000000000000030');
INSERT INTO metadata_display_label ( default_locale, id, site_master, key_name) VALUES ('com.runwaysdk.system.metadata.MdFieldDisplayLabel to apply to the database', '05oni82y00e4dr3dyzxvpoi2kuiemwmkNM200904120000000000000000000030', 'runwaysdk.com', '05oni82y00e4dr3dyzxvpoi2kuiemwmkNM200904120000000000000000000030');
INSERT INTO md_parameter ( metadata, parameter_order, parameter_name, parameter_type, display_label, id) VALUES ('re4r18uzgti1fa4tiizir9o8i9f3vie0NM200810110000000000000000000113', 0, 'id', 'java.lang.String', 'sc0iuhdvh9ygcrfkqdfsrnhoxj9faqnqNM200904120000000000000000000030', 'zfe2gpshk0dresq0w5ljuydflb9dk3d220070427JS0000000000000000001517');
INSERT INTO metadata ( description, created_by, owner, id, create_date, seq, type, remove, site_master, locked_by, entity_domain, last_updated_by, last_update_date, key_name) VALUES ('05oni82y00e4dr3dyzxvpoi2kuiemwmkNM200904120000000000000000000030', '0000000000000000000000000000001000000000000000000000000000000003', '0000000000000000000000000000001000000000000000000000000000000003', 'zfe2gpshk0dresq0w5ljuydflb9dk3d220070427JS0000000000000000001517', '2011-10-03 16:03:31', 2796, 'com.runwaysdk.system.metadata.MdParameter', 1, 'runwaysdk.com', NULL, NULL, '0000000000000000000000000000001000000000000000000000000000000003', '2011-10-03 16:03:31', 'com.runwaysdk.system.metadata.MdFieldDisplayLabelController.edit.id');
INSERT INTO metadata_parameter ( site_master, last_updated_by, create_date, seq, locked_by, entity_domain, created_by, type, last_update_date, key_name, owner, id, parent_id, child_id) VALUES ('runwaysdk.com', '0000000000000000000000000000001000000000000000000000000000000003', '2011-10-03 16:03:31', 2797, NULL, NULL, '0000000000000000000000000000001000000000000000000000000000000003', 'com.runwaysdk.system.MetadataParameter', '2011-10-03 16:03:31', 'com.runwaysdk.system.metadata.MdFieldDisplayLabelController.edit.id', '0000000000000000000000000000001000000000000000000000000000000003', 'zmmyw1awwvffa6gowmnwkhkz3fljq7lv20070427JS0000000000000000001524', 're4r18uzgti1fa4tiizir9o8i9f3vie0NM200810110000000000000000000113', 'zfe2gpshk0dresq0w5ljuydflb9dk3d220070427JS0000000000000000001517');
INSERT INTO metadata_display_label ( default_locale, id, site_master, key_name) VALUES ('update', 'scolg9hjt34knal07milgjvalef8xashNM200904120000000000000000000030', 'runwaysdk.com', 'scolg9hjt34knal07milgjvalef8xashNM200904120000000000000000000030');
INSERT INTO metadata_display_label ( default_locale, id, site_master, key_name) VALUES ('Applys an existing instance of com.runwaysdk.system.metadata.MdFieldDisplayLabel', '201hzog8h6fphhkaeut159zay0zar66oNM200904120000000000000000000030', 'runwaysdk.com', '201hzog8h6fphhkaeut159zay0zar66oNM200904120000000000000000000030');
INSERT INTO md_action ( is_query, enclosing_md_controller, is_post, action_name, display_label, id) VALUES (0, 'sssuyyjfxhk7q1t6421f891tewbquhy2NM200810110000000000000000000112', 1, 'update', 'scolg9hjt34knal07milgjvalef8xashNM200904120000000000000000000030', 'qoj3q9y10pp7w25a5o0qaomavwxgoe06NM200810110000000000000000000113');
INSERT INTO metadata ( description, created_by, owner, id, create_date, seq, type, remove, site_master, locked_by, entity_domain, last_updated_by, last_update_date, key_name) VALUES ('201hzog8h6fphhkaeut159zay0zar66oNM200904120000000000000000000030', '0000000000000000000000000000001000000000000000000000000000000003', '0000000000000000000000000000001000000000000000000000000000000003', 'qoj3q9y10pp7w25a5o0qaomavwxgoe06NM200810110000000000000000000113', '2011-10-03 16:03:31', 2798, 'com.runwaysdk.system.metadata.MdAction', 1, 'runwaysdk.com', NULL, NULL, '0000000000000000000000000000001000000000000000000000000000000003', '2011-10-03 16:03:31', 'com.runwaysdk.system.metadata.MdFieldDisplayLabelController.update');
INSERT INTO controller_action ( key_name, locked_by, id, owner, entity_domain, created_by, type, last_update_date, create_date, seq, last_updated_by, site_master, parent_id, child_id) VALUES ('com.runwaysdk.system.metadata.MdFieldDisplayLabelController.update', NULL, 'y0t7uuphg0ea12n4iwfjoc4g0048o3ztJS200807230000000000000000111111', '0000000000000000000000000000001000000000000000000000000000000003', NULL, '0000000000000000000000000000001000000000000000000000000000000003', 'com.runwaysdk.system.ControllerAction', '2011-10-03 16:03:31', '2011-10-03 16:03:31', 2799, '0000000000000000000000000000001000000000000000000000000000000003', 'runwaysdk.com', 'sssuyyjfxhk7q1t6421f891tewbquhy2NM200810110000000000000000000112', 'qoj3q9y10pp7w25a5o0qaomavwxgoe06NM200810110000000000000000000113');
INSERT INTO metadata_display_label ( default_locale, id, site_master, key_name) VALUES ('Parameter: com.runwaysdk.system.metadata.MdFieldDisplayLabel - dto', '6wdj8ki0pfbd54t9e6odobiwm1g8wg2bNM200904120000000000000000000030', 'runwaysdk.com', '6wdj8ki0pfbd54t9e6odobiwm1g8wg2bNM200904120000000000000000000030');
INSERT INTO metadata_display_label ( default_locale, id, site_master, key_name) VALUES ('com.runwaysdk.system.metadata.MdFieldDisplayLabel to apply to the database', '02bfrlm3u0dc48uddsyaq2qworbg4mdoNM200904120000000000000000000030', 'runwaysdk.com', '02bfrlm3u0dc48uddsyaq2qworbg4mdoNM200904120000000000000000000030');
INSERT INTO md_parameter ( metadata, parameter_order, parameter_name, parameter_type, display_label, id) VALUES ('qoj3q9y10pp7w25a5o0qaomavwxgoe06NM200810110000000000000000000113', 0, 'dto', 'com.runwaysdk.system.metadata.MdFieldDisplayLabel', '6wdj8ki0pfbd54t9e6odobiwm1g8wg2bNM200904120000000000000000000030', 'xx7n0f7k8kscmyrwnudwz0ie3geilf1720070427JS0000000000000000001517');
INSERT INTO metadata ( description, created_by, owner, id, create_date, seq, type, remove, site_master, locked_by, entity_domain, last_updated_by, last_update_date, key_name) VALUES ('02bfrlm3u0dc48uddsyaq2qworbg4mdoNM200904120000000000000000000030', '0000000000000000000000000000001000000000000000000000000000000003', '0000000000000000000000000000001000000000000000000000000000000003', 'xx7n0f7k8kscmyrwnudwz0ie3geilf1720070427JS0000000000000000001517', '2011-10-03 16:03:31', 2800, 'com.runwaysdk.system.metadata.MdParameter', 1, 'runwaysdk.com', NULL, NULL, '0000000000000000000000000000001000000000000000000000000000000003', '2011-10-03 16:03:31', 'com.runwaysdk.system.metadata.MdFieldDisplayLabelController.update.dto');
INSERT INTO metadata_parameter ( site_master, last_updated_by, create_date, seq, locked_by, entity_domain, created_by, type, last_update_date, key_name, owner, id, parent_id, child_id) VALUES ('runwaysdk.com', '0000000000000000000000000000001000000000000000000000000000000003', '2011-10-03 16:03:31', 2801, NULL, NULL, '0000000000000000000000000000001000000000000000000000000000000003', 'com.runwaysdk.system.MetadataParameter', '2011-10-03 16:03:31', 'com.runwaysdk.system.metadata.MdFieldDisplayLabelController.update.dto', '0000000000000000000000000000001000000000000000000000000000000003', '1pqai7faayqoqkwnw4jsg1rzb8tekssm20070427JS0000000000000000001524', 'qoj3q9y10pp7w25a5o0qaomavwxgoe06NM200810110000000000000000000113', 'xx7n0f7k8kscmyrwnudwz0ie3geilf1720070427JS0000000000000000001517');
INSERT INTO metadata_display_label ( default_locale, id, site_master, key_name) VALUES ('cancel', 'r614403ww7fmutbloij13qi2hpnwadiqNM200904120000000000000000000030', 'runwaysdk.com', 'r614403ww7fmutbloij13qi2hpnwadiqNM200904120000000000000000000030');
INSERT INTO metadata_display_label ( default_locale, id, site_master, key_name) VALUES ('Unlocks an instance com.runwaysdk.system.metadata.MdFieldDisplayLabel', '7h127a4jrphk4kvce9bodam7mfhl7a1sNM200904120000000000000000000030', 'runwaysdk.com', '7h127a4jrphk4kvce9bodam7mfhl7a1sNM200904120000000000000000000030');
INSERT INTO md_action ( is_query, enclosing_md_controller, is_post, action_name, display_label, id) VALUES (0, 'sssuyyjfxhk7q1t6421f891tewbquhy2NM200810110000000000000000000112', 1, 'cancel', 'r614403ww7fmutbloij13qi2hpnwadiqNM200904120000000000000000000030', '22d5r55utaachuhejyvtk08mphf2bvg8NM200810110000000000000000000113');
INSERT INTO metadata ( description, created_by, owner, id, create_date, seq, type, remove, site_master, locked_by, entity_domain, last_updated_by, last_update_date, key_name) VALUES ('7h127a4jrphk4kvce9bodam7mfhl7a1sNM200904120000000000000000000030', '0000000000000000000000000000001000000000000000000000000000000003', '0000000000000000000000000000001000000000000000000000000000000003', '22d5r55utaachuhejyvtk08mphf2bvg8NM200810110000000000000000000113', '2011-10-03 16:03:31', 2802, 'com.runwaysdk.system.metadata.MdAction', 1, 'runwaysdk.com', NULL, NULL, '0000000000000000000000000000001000000000000000000000000000000003', '2011-10-03 16:03:31', 'com.runwaysdk.system.metadata.MdFieldDisplayLabelController.cancel');
INSERT INTO controller_action ( key_name, locked_by, id, owner, entity_domain, created_by, type, last_update_date, create_date, seq, last_updated_by, site_master, parent_id, child_id) VALUES ('com.runwaysdk.system.metadata.MdFieldDisplayLabelController.cancel', NULL, 'yytn3ao9jk2pm36bc6a8geb9utyd76beJS200807230000000000000000111111', '0000000000000000000000000000001000000000000000000000000000000003', NULL, '0000000000000000000000000000001000000000000000000000000000000003', 'com.runwaysdk.system.ControllerAction', '2011-10-03 16:03:31', '2011-10-03 16:03:31', 2803, '0000000000000000000000000000001000000000000000000000000000000003', 'runwaysdk.com', 'sssuyyjfxhk7q1t6421f891tewbquhy2NM200810110000000000000000000112', '22d5r55utaachuhejyvtk08mphf2bvg8NM200810110000000000000000000113');
INSERT INTO metadata_display_label ( default_locale, id, site_master, key_name) VALUES ('Parameter: com.runwaysdk.system.metadata.MdFieldDisplayLabel - dto', '92d74bt7mzi0pst2ved0k1sge2fj7xz5NM200904120000000000000000000030', 'runwaysdk.com', '92d74bt7mzi0pst2ved0k1sge2fj7xz5NM200904120000000000000000000030');
INSERT INTO metadata_display_label ( default_locale, id, site_master, key_name) VALUES ('com.runwaysdk.system.metadata.MdFieldDisplayLabel to unlock', 'r4rki2cs3ovsuj0k0vrqd1hqncyovb3rNM200904120000000000000000000030', 'runwaysdk.com', 'r4rki2cs3ovsuj0k0vrqd1hqncyovb3rNM200904120000000000000000000030');
INSERT INTO md_parameter ( metadata, parameter_order, parameter_name, parameter_type, display_label, id) VALUES ('22d5r55utaachuhejyvtk08mphf2bvg8NM200810110000000000000000000113', 0, 'dto', 'com.runwaysdk.system.metadata.MdFieldDisplayLabel', '92d74bt7mzi0pst2ved0k1sge2fj7xz5NM200904120000000000000000000030', '78zj61lev4cwwxw7h4jf9d3wkfvzkxgs20070427JS0000000000000000001517');
INSERT INTO metadata ( description, created_by, owner, id, create_date, seq, type, remove, site_master, locked_by, entity_domain, last_updated_by, last_update_date, key_name) VALUES ('r4rki2cs3ovsuj0k0vrqd1hqncyovb3rNM200904120000000000000000000030', '0000000000000000000000000000001000000000000000000000000000000003', '0000000000000000000000000000001000000000000000000000000000000003', '78zj61lev4cwwxw7h4jf9d3wkfvzkxgs20070427JS0000000000000000001517', '2011-10-03 16:03:31', 2804, 'com.runwaysdk.system.metadata.MdParameter', 1, 'runwaysdk.com', NULL, NULL, '0000000000000000000000000000001000000000000000000000000000000003', '2011-10-03 16:03:31', 'com.runwaysdk.system.metadata.MdFieldDisplayLabelController.cancel.dto');
INSERT INTO metadata_parameter ( site_master, last_updated_by, create_date, seq, locked_by, entity_domain, created_by, type, last_update_date, key_name, owner, id, parent_id, child_id) VALUES ('runwaysdk.com', '0000000000000000000000000000001000000000000000000000000000000003', '2011-10-03 16:03:31', 2805, NULL, NULL, '0000000000000000000000000000001000000000000000000000000000000003', 'com.runwaysdk.system.MetadataParameter', '2011-10-03 16:03:31', 'com.runwaysdk.system.metadata.MdFieldDisplayLabelController.cancel.dto', '0000000000000000000000000000001000000000000000000000000000000003', '8yghmxpk6ehf56xma77h8vje21699ydk20070427JS0000000000000000001524', '22d5r55utaachuhejyvtk08mphf2bvg8NM200810110000000000000000000113', '78zj61lev4cwwxw7h4jf9d3wkfvzkxgs20070427JS0000000000000000001517');
INSERT INTO metadata_display_label ( default_locale, id, site_master, key_name) VALUES ('delete', 'sykf0ntcoz02izy37wx7a781efdkivurNM200904120000000000000000000030', 'runwaysdk.com', 'sykf0ntcoz02izy37wx7a781efdkivurNM200904120000000000000000000030');
INSERT INTO metadata_display_label ( default_locale, id, site_master, key_name) VALUES ('Delete an instance of com.runwaysdk.system.metadata.MdFieldDisplayLabel', '0iw56zu2agccg1bkmg7vmobu2hslobo7NM200904120000000000000000000030', 'runwaysdk.com', '0iw56zu2agccg1bkmg7vmobu2hslobo7NM200904120000000000000000000030');
INSERT INTO md_action ( is_query, enclosing_md_controller, is_post, action_name, display_label, id) VALUES (0, 'sssuyyjfxhk7q1t6421f891tewbquhy2NM200810110000000000000000000112', 1, 'delete', 'sykf0ntcoz02izy37wx7a781efdkivurNM200904120000000000000000000030', 'z1hgbcuqz4n7i8zi0n2qaz79yypc6wn9NM200810110000000000000000000113');
INSERT INTO metadata ( description, created_by, owner, id, create_date, seq, type, remove, site_master, locked_by, entity_domain, last_updated_by, last_update_date, key_name) VALUES ('0iw56zu2agccg1bkmg7vmobu2hslobo7NM200904120000000000000000000030', '0000000000000000000000000000001000000000000000000000000000000003', '0000000000000000000000000000001000000000000000000000000000000003', 'z1hgbcuqz4n7i8zi0n2qaz79yypc6wn9NM200810110000000000000000000113', '2011-10-03 16:03:31', 2806, 'com.runwaysdk.system.metadata.MdAction', 1, 'runwaysdk.com', NULL, NULL, '0000000000000000000000000000001000000000000000000000000000000003', '2011-10-03 16:03:31', 'com.runwaysdk.system.metadata.MdFieldDisplayLabelController.delete');
INSERT INTO controller_action ( key_name, locked_by, id, owner, entity_domain, created_by, type, last_update_date, create_date, seq, last_updated_by, site_master, parent_id, child_id) VALUES ('com.runwaysdk.system.metadata.MdFieldDisplayLabelController.delete', NULL, 'qp72jg99slczag40nn2ofglwhn6ujujmJS200807230000000000000000111111', '0000000000000000000000000000001000000000000000000000000000000003', NULL, '0000000000000000000000000000001000000000000000000000000000000003', 'com.runwaysdk.system.ControllerAction', '2011-10-03 16:03:31', '2011-10-03 16:03:31', 2807, '0000000000000000000000000000001000000000000000000000000000000003', 'runwaysdk.com', 'sssuyyjfxhk7q1t6421f891tewbquhy2NM200810110000000000000000000112', 'z1hgbcuqz4n7i8zi0n2qaz79yypc6wn9NM200810110000000000000000000113');
INSERT INTO metadata_display_label ( default_locale, id, site_master, key_name) VALUES ('Parameter: com.runwaysdk.system.metadata.MdFieldDisplayLabel - dto', 'xfwzqzp355fd4prd0iswj5tq8u3tmfvmNM200904120000000000000000000030', 'runwaysdk.com', 'xfwzqzp355fd4prd0iswj5tq8u3tmfvmNM200904120000000000000000000030');
INSERT INTO metadata_display_label ( default_locale, id, site_master, key_name) VALUES ('com.runwaysdk.system.metadata.MdFieldDisplayLabel to delete', '2559vlhxurqvhheurdyq8a8h8700685eNM200904120000000000000000000030', 'runwaysdk.com', '2559vlhxurqvhheurdyq8a8h8700685eNM200904120000000000000000000030');
INSERT INTO md_parameter ( metadata, parameter_order, parameter_name, parameter_type, display_label, id) VALUES ('z1hgbcuqz4n7i8zi0n2qaz79yypc6wn9NM200810110000000000000000000113', 0, 'dto', 'com.runwaysdk.system.metadata.MdFieldDisplayLabel', 'xfwzqzp355fd4prd0iswj5tq8u3tmfvmNM200904120000000000000000000030', 'r74y400k664qnuf029rh2k2fko87vpmh20070427JS0000000000000000001517');
INSERT INTO metadata ( description, created_by, owner, id, create_date, seq, type, remove, site_master, locked_by, entity_domain, last_updated_by, last_update_date, key_name) VALUES ('2559vlhxurqvhheurdyq8a8h8700685eNM200904120000000000000000000030', '0000000000000000000000000000001000000000000000000000000000000003', '0000000000000000000000000000001000000000000000000000000000000003', 'r74y400k664qnuf029rh2k2fko87vpmh20070427JS0000000000000000001517', '2011-10-03 16:03:31', 2808, 'com.runwaysdk.system.metadata.MdParameter', 1, 'runwaysdk.com', NULL, NULL, '0000000000000000000000000000001000000000000000000000000000000003', '2011-10-03 16:03:31', 'com.runwaysdk.system.metadata.MdFieldDisplayLabelController.delete.dto');
INSERT INTO metadata_parameter ( site_master, last_updated_by, create_date, seq, locked_by, entity_domain, created_by, type, last_update_date, key_name, owner, id, parent_id, child_id) VALUES ('runwaysdk.com', '0000000000000000000000000000001000000000000000000000000000000003', '2011-10-03 16:03:31', 2809, NULL, NULL, '0000000000000000000000000000001000000000000000000000000000000003', 'com.runwaysdk.system.MetadataParameter', '2011-10-03 16:03:31', 'com.runwaysdk.system.metadata.MdFieldDisplayLabelController.delete.dto', '0000000000000000000000000000001000000000000000000000000000000003', 'yy1jds7ux06c2ab977bsthz9k6h7w9zu20070427JS0000000000000000001524', 'z1hgbcuqz4n7i8zi0n2qaz79yypc6wn9NM200810110000000000000000000113', 'r74y400k664qnuf029rh2k2fko87vpmh20070427JS0000000000000000001517');
 INSERT INTO visibilitymodifier (set_id, item_id)  VALUES  ('xtl4544ppo4eixgvc64vnhuqf36hv6fh', '20071109NM000000000000000000000520071109NM0000000000000000000001');
INSERT INTO metadata_display_label ( default_locale, id, site_master, key_name) VALUES ('Display Label', 'r1q2lt7qmh5zpl8dafcrxo5mt9rsgc45NM200904120000000000000000000030', 'runwaysdk.com', 'r1q2lt7qmh5zpl8dafcrxo5mt9rsgc45NM200904120000000000000000000030');
 INSERT INTO visibilitymodifier (set_id, item_id)  VALUES  ('90vagbtleag4rv17b0xyi72gsqytp4vj', '20071109NM000000000000000000000520071109NM0000000000000000000001');
 INSERT INTO md_attribute_indicies (set_id, item_id)  VALUES  ('sfq5wlmc2ba4lcg9fplcyw7riu3qpb9k', '0000000000000000000000000000040100000000000000000000000000000403');
INSERT INTO metadata_display_label ( default_locale, id, site_master, key_name) VALUES ('The display label of the form', 'qscdhv5emu0cdqa226a8aia7vw8u0gziNM200904120000000000000000000030', 'runwaysdk.com', 'qscdhv5emu0cdqa226a8aia7vw8u0gziNM200904120000000000000000000030');
INSERT INTO md_attribute_local_character ( id) VALUES ('8ngq09909esuftf6wn138h62crnmqrtc0000000MdAttributeLocalCharacter');
INSERT INTO md_attribute_local ( id) VALUES ('8ngq09909esuftf6wn138h62crnmqrtc0000000MdAttributeLocalCharacter');
INSERT INTO md_attribute_struct ( md_struct, id) VALUES ('8ual4o5g20fv0rl7dqgfe54tghwhmx8j0000000000000000000MdLocalStruct', '8ngq09909esuftf6wn138h62crnmqrtc0000000MdAttributeLocalCharacter');
INSERT INTO md_attribute_concrete ( column_name, defining_md_class, setter_visibility, setter_visibility_c, immutable, index_name, generate_accessor, system, required, display_label, getter_visibility, getter_visibility_c, index_type, index_type_c, attribute_name, id) VALUES ('display_label', '1p8imi9p4g6xmfg82cskzb95veiiu78r00000000000000000000000000000001', 'xtl4544ppo4eixgvc64vnhuqf36hv6fh', '20071109NM000000000000000000000520071109NM0000000000000000000001', 0, 'ah1ool0lf5bga8jdvch5v3vnxpi2at', 1, 0, 1, 'r1q2lt7qmh5zpl8dafcrxo5mt9rsgc45NM200904120000000000000000000030', '90vagbtleag4rv17b0xyi72gsqytp4vj', '20071109NM000000000000000000000520071109NM0000000000000000000001', 'sfq5wlmc2ba4lcg9fplcyw7riu3qpb9k', '0000000000000000000000000000040100000000000000000000000000000403', 'displayLabel', '8ngq09909esuftf6wn138h62crnmqrtc0000000MdAttributeLocalCharacter');
INSERT INTO md_attribute ( id) VALUES ('8ngq09909esuftf6wn138h62crnmqrtc0000000MdAttributeLocalCharacter');
INSERT INTO metadata ( description, created_by, owner, id, create_date, seq, type, remove, site_master, locked_by, entity_domain, last_updated_by, last_update_date, key_name) VALUES ('qscdhv5emu0cdqa226a8aia7vw8u0gziNM200904120000000000000000000030', '0000000000000000000000000000001000000000000000000000000000000003', '0000000000000000000000000000001000000000000000000000000000000003', '8ngq09909esuftf6wn138h62crnmqrtc0000000MdAttributeLocalCharacter', '2011-10-03 16:03:31', 2810, 'com.runwaysdk.system.metadata.MdAttributeLocalCharacter', 1, 'runwaysdk.com', NULL, NULL, '0000000000000000000000000000001000000000000000000000000000000003', '2011-10-03 16:03:31', 'com.runwaysdk.system.metadata.MdField.displayLabel');
ALTER TABLE md_field ADD COLUMN display_label  char(64);
INSERT INTO class_attribute_concrete ( id, parent_id, child_id) VALUES ('zbk7cufj3kqz2pyz2gypfxojqzovlake00000000000000000000000000000073', '1p8imi9p4g6xmfg82cskzb95veiiu78r00000000000000000000000000000001', '8ngq09909esuftf6wn138h62crnmqrtc0000000MdAttributeLocalCharacter');
INSERT INTO class_attribute ( id, parent_id, child_id) VALUES ('zbk7cufj3kqz2pyz2gypfxojqzovlake00000000000000000000000000000073', '1p8imi9p4g6xmfg82cskzb95veiiu78r00000000000000000000000000000001', '8ngq09909esuftf6wn138h62crnmqrtc0000000MdAttributeLocalCharacter');
INSERT INTO metadata_relationship ( entity_domain, site_master, last_updated_by, id, owner, locked_by, create_date, type, created_by, seq, key_name, last_update_date, parent_id, child_id) VALUES (NULL, 'runwaysdk.com', '0000000000000000000000000000001000000000000000000000000000000003', 'zbk7cufj3kqz2pyz2gypfxojqzovlake00000000000000000000000000000073', '0000000000000000000000000000001000000000000000000000000000000003', NULL, '2011-10-03 16:03:31', 'com.runwaysdk.system.metadata.ClassAttributeConcrete', '0000000000000000000000000000001000000000000000000000000000000003', 2811, 'com.runwaysdk.system.metadata.MdField.displayLabel', '2011-10-03 16:03:31', '1p8imi9p4g6xmfg82cskzb95veiiu78r00000000000000000000000000000001', '8ngq09909esuftf6wn138h62crnmqrtc0000000MdAttributeLocalCharacter');
 INSERT INTO visibilitymodifier (set_id, item_id)  VALUES  ('8h801g71z6lbxwvfw29niu6k23awtm7j', '20071109NM000000000000000000000520071109NM0000000000000000000001');
INSERT INTO metadata_display_label ( default_locale, id, site_master, key_name) VALUES ('Default Locale', '77wmah4pxk3h6iadqcr3sj6gzre4kiwrNM200904120000000000000000000030', 'runwaysdk.com', '77wmah4pxk3h6iadqcr3sj6gzre4kiwrNM200904120000000000000000000030');
 INSERT INTO visibilitymodifier (set_id, item_id)  VALUES  ('0dlrr680qcbnnt1r8h62zqqen19uwzf8', '20071109NM000000000000000000000520071109NM0000000000000000000001');
 INSERT INTO md_attribute_indicies (set_id, item_id)  VALUES  ('z6vheuw4mnbxpxzz4vwgue6urzeyxgel', '0000000000000000000000000000040100000000000000000000000000000403');
INSERT INTO metadata_display_label ( default_locale, id, site_master, key_name) VALUES ('Default locale', '8m8i4wjk76buo7oay0m9jtkdphn12ny8NM200904120000000000000000000030', 'runwaysdk.com', '8m8i4wjk76buo7oay0m9jtkdphn12ny8NM200904120000000000000000000030');
INSERT INTO md_attribute_character ( default_value, database_size, id) VALUES (NULL, 4000, '1xrbu9pfblsbac5ch4bnsr46hn7perqb00000000000000000000000000000138');
INSERT INTO md_attribute_char ( id) VALUES ('1xrbu9pfblsbac5ch4bnsr46hn7perqb00000000000000000000000000000138');
INSERT INTO md_attribute_primitive ( id) VALUES ('1xrbu9pfblsbac5ch4bnsr46hn7perqb00000000000000000000000000000138');
INSERT INTO md_attribute_concrete ( column_name, defining_md_class, setter_visibility, setter_visibility_c, immutable, index_name, generate_accessor, system, required, display_label, getter_visibility, getter_visibility_c, index_type, index_type_c, attribute_name, id) VALUES ('default_locale', '8ual4o5g20fv0rl7dqgfe54tghwhmx8j0000000000000000000MdLocalStruct', '8h801g71z6lbxwvfw29niu6k23awtm7j', '20071109NM000000000000000000000520071109NM0000000000000000000001', 0, 'a0e1zcoln4et7zgth4o9pgyuyoux1u', 0, 0, 0, '77wmah4pxk3h6iadqcr3sj6gzre4kiwrNM200904120000000000000000000030', '0dlrr680qcbnnt1r8h62zqqen19uwzf8', '20071109NM000000000000000000000520071109NM0000000000000000000001', 'z6vheuw4mnbxpxzz4vwgue6urzeyxgel', '0000000000000000000000000000040100000000000000000000000000000403', 'defaultLocale', '1xrbu9pfblsbac5ch4bnsr46hn7perqb00000000000000000000000000000138');
INSERT INTO md_attribute ( id) VALUES ('1xrbu9pfblsbac5ch4bnsr46hn7perqb00000000000000000000000000000138');
INSERT INTO metadata ( description, created_by, owner, id, create_date, seq, type, remove, site_master, locked_by, entity_domain, last_updated_by, last_update_date, key_name) VALUES ('8m8i4wjk76buo7oay0m9jtkdphn12ny8NM200904120000000000000000000030', '0000000000000000000000000000001000000000000000000000000000000003', '0000000000000000000000000000001000000000000000000000000000000003', '1xrbu9pfblsbac5ch4bnsr46hn7perqb00000000000000000000000000000138', '2011-10-03 16:03:31', 2812, 'com.runwaysdk.system.metadata.MdAttributeCharacter', 1, 'runwaysdk.com', NULL, NULL, '0000000000000000000000000000001000000000000000000000000000000003', '2011-10-03 16:03:31', 'com.runwaysdk.system.metadata.MdFieldDisplayLabel.defaultLocale');
ALTER TABLE md_field_display_label ADD COLUMN default_locale  varchar(4000);
INSERT INTO class_attribute_concrete ( id, parent_id, child_id) VALUES ('zosziu7esumv6yvgvvrezdve10tb4e9y00000000000000000000000000000073', '8ual4o5g20fv0rl7dqgfe54tghwhmx8j0000000000000000000MdLocalStruct', '1xrbu9pfblsbac5ch4bnsr46hn7perqb00000000000000000000000000000138');
INSERT INTO class_attribute ( id, parent_id, child_id) VALUES ('zosziu7esumv6yvgvvrezdve10tb4e9y00000000000000000000000000000073', '8ual4o5g20fv0rl7dqgfe54tghwhmx8j0000000000000000000MdLocalStruct', '1xrbu9pfblsbac5ch4bnsr46hn7perqb00000000000000000000000000000138');
INSERT INTO metadata_relationship ( entity_domain, site_master, last_updated_by, id, owner, locked_by, create_date, type, created_by, seq, key_name, last_update_date, parent_id, child_id) VALUES (NULL, 'runwaysdk.com', '0000000000000000000000000000001000000000000000000000000000000003', 'zosziu7esumv6yvgvvrezdve10tb4e9y00000000000000000000000000000073', '0000000000000000000000000000001000000000000000000000000000000003', NULL, '2011-10-03 16:03:31', 'com.runwaysdk.system.metadata.ClassAttributeConcrete', '0000000000000000000000000000001000000000000000000000000000000003', 2813, 'com.runwaysdk.system.metadata.MdFieldDisplayLabel.defaultLocale', '2011-10-03 16:03:31', '8ual4o5g20fv0rl7dqgfe54tghwhmx8j0000000000000000000MdLocalStruct', '1xrbu9pfblsbac5ch4bnsr46hn7perqb00000000000000000000000000000138');
 INSERT INTO class_cache (set_id, item_id)  VALUES  ('6njcnpm5hww625swra1vhwp1pljak8j7', '0000000000000000000000000000023100000000000000000000000000000222');
INSERT INTO metadata_display_label ( default_locale, id, site_master, key_name) VALUES ('Web Field', 'qqg1mlxgdu06epta42xyivza2gu8lu8vNM200904120000000000000000000030', 'runwaysdk.com', 'qqg1mlxgdu06epta42xyivza2gu8lu8vNM200904120000000000000000000030');
INSERT INTO metadata_display_label ( default_locale, id, site_master, key_name) VALUES ('Metadata Web Field', '8hleyid7jre267b46m6jfks0au4gvq44NM200904120000000000000000000030', 'runwaysdk.com', '8hleyid7jre267b46m6jfks0au4gvq44NM200904120000000000000000000030');
INSERT INTO md_business ( cache_algorithm, cache_algorithm_c, super_md_business, id) VALUES ('6njcnpm5hww625swra1vhwp1pljak8j7', '0000000000000000000000000000023100000000000000000000000000000222', '1p8imi9p4g6xmfg82cskzb95veiiu78r00000000000000000000000000000001', 'zgkseu7as85l9zfwaawq8k3wid4vd17v00000000000000000000000000000001');
INSERT INTO md_element ( extendable, is_abstract, id) VALUES (1, 1, 'zgkseu7as85l9zfwaawq8k3wid4vd17v00000000000000000000000000000001');
INSERT INTO md_entity ( query_dto_source, query_source, cache_size, enforce_site_master, table_name, id) VALUES (NULL, NULL, 0, 1, 'md_web_field', 'zgkseu7as85l9zfwaawq8k3wid4vd17v00000000000000000000000000000001');
INSERT INTO md_class ( publish, stub_dto_source, stub_source, id) VALUES (1, NULL, NULL, 'zgkseu7as85l9zfwaawq8k3wid4vd17v00000000000000000000000000000001');
INSERT INTO md_type ( display_label, root_id, package_name, type_name, base_source, js_base, js_stub, exported, dto_source, id) VALUES ('qqg1mlxgdu06epta42xyivza2gu8lu8vNM200904120000000000000000000030', 'zgkseu7as85l9zfwaawq8k3wid4vd17v', 'com.runwaysdk.system.metadata', 'MdWebField', NULL, NULL, NULL, 1, NULL, 'zgkseu7as85l9zfwaawq8k3wid4vd17v00000000000000000000000000000001');
INSERT INTO metadata ( description, created_by, owner, id, create_date, seq, type, remove, site_master, locked_by, entity_domain, last_updated_by, last_update_date, key_name) VALUES ('8hleyid7jre267b46m6jfks0au4gvq44NM200904120000000000000000000030', '0000000000000000000000000000001000000000000000000000000000000003', '0000000000000000000000000000001000000000000000000000000000000003', 'zgkseu7as85l9zfwaawq8k3wid4vd17v00000000000000000000000000000001', '2011-10-03 16:03:31', 2814, 'com.runwaysdk.system.metadata.MdBusiness', 1, 'runwaysdk.com', NULL, NULL, '0000000000000000000000000000001000000000000000000000000000000003', '2011-10-03 16:03:31', 'com.runwaysdk.system.metadata.MdWebField');
CREATE TABLE md_web_field ( id CHAR(64) NOT NULL PRIMARY KEY );
INSERT INTO business_inheritance ( id, parent_id, child_id) VALUES ('xszhvkjeo8jeq7o1lnyywp7gb8wp0iye20070926NM0000000000000000000004', '1p8imi9p4g6xmfg82cskzb95veiiu78r00000000000000000000000000000001', 'zgkseu7as85l9zfwaawq8k3wid4vd17v00000000000000000000000000000001');
INSERT INTO class_inheritance ( id, parent_id, child_id) VALUES ('xszhvkjeo8jeq7o1lnyywp7gb8wp0iye20070926NM0000000000000000000004', '1p8imi9p4g6xmfg82cskzb95veiiu78r00000000000000000000000000000001', 'zgkseu7as85l9zfwaawq8k3wid4vd17v00000000000000000000000000000001');
INSERT INTO metadata_relationship ( entity_domain, site_master, last_updated_by, id, owner, locked_by, create_date, type, created_by, seq, key_name, last_update_date, parent_id, child_id) VALUES (NULL, 'runwaysdk.com', '0000000000000000000000000000001000000000000000000000000000000003', 'xszhvkjeo8jeq7o1lnyywp7gb8wp0iye20070926NM0000000000000000000004', '0000000000000000000000000000001000000000000000000000000000000003', NULL, '2011-10-03 16:03:31', 'com.runwaysdk.system.metadata.BusinessInheritance', '0000000000000000000000000000001000000000000000000000000000000003', 2815, 'xszhvkjeo8jeq7o1lnyywp7gb8wp0iye20070926NM0000000000000000000004', '2011-10-03 16:03:31', '1p8imi9p4g6xmfg82cskzb95veiiu78r00000000000000000000000000000001', 'zgkseu7as85l9zfwaawq8k3wid4vd17v00000000000000000000000000000001');
 INSERT INTO visibilitymodifier (set_id, item_id)  VALUES  ('0iee6wv4qgg1r7hidhrx7wdvq0ua9ij8', '20071109NM000000000000000000000520071109NM0000000000000000000001');
INSERT INTO metadata_display_label ( default_locale, id, site_master, key_name) VALUES ('Defining MdForm', '0l3hz8lt5kapx43ylv3tjubilxfq9n2yNM200904120000000000000000000030', 'runwaysdk.com', '0l3hz8lt5kapx43ylv3tjubilxfq9n2yNM200904120000000000000000000030');
 INSERT INTO visibilitymodifier (set_id, item_id)  VALUES  ('zdwwqehmt085eqtl9gb7x7thpu4s21ar', '20071109NM000000000000000000000520071109NM0000000000000000000001');
 INSERT INTO md_attribute_indicies (set_id, item_id)  VALUES  ('03bqllznn02wo14vb875fd6z4kb46fwe', '0000000000000000000000000000040100000000000000000000000000000403');
INSERT INTO metadata_display_label ( default_locale, id, site_master, key_name) VALUES ('The defining MdForm of this Field', '0mk37r5oufofjwnpjum1li28kdbg13o8NM200904120000000000000000000030', 'runwaysdk.com', '0mk37r5oufofjwnpjum1li28kdbg13o8NM200904120000000000000000000030');
INSERT INTO md_attribute_reference ( default_value, md_business, id) VALUES (NULL, 'zo86ttx2qfhw4ayiqelfr3igdjhd90eu00000000000000000000000000000001', '03ik47a90v41celewcfyr82f7x830ais00000000000000000000000000000186');
INSERT INTO md_attribute_ref ( id) VALUES ('03ik47a90v41celewcfyr82f7x830ais00000000000000000000000000000186');
INSERT INTO md_attribute_concrete ( column_name, defining_md_class, setter_visibility, setter_visibility_c, immutable, index_name, generate_accessor, system, required, display_label, getter_visibility, getter_visibility_c, index_type, index_type_c, attribute_name, id) VALUES ('defining_md_form', 'zgkseu7as85l9zfwaawq8k3wid4vd17v00000000000000000000000000000001', '0iee6wv4qgg1r7hidhrx7wdvq0ua9ij8', '20071109NM000000000000000000000520071109NM0000000000000000000001', 0, 'a20rodmywovpvpv1k4v10uwpvrzv78', 1, 0, 1, '0l3hz8lt5kapx43ylv3tjubilxfq9n2yNM200904120000000000000000000030', 'zdwwqehmt085eqtl9gb7x7thpu4s21ar', '20071109NM000000000000000000000520071109NM0000000000000000000001', '03bqllznn02wo14vb875fd6z4kb46fwe', '0000000000000000000000000000040100000000000000000000000000000403', 'definingMdForm', '03ik47a90v41celewcfyr82f7x830ais00000000000000000000000000000186');
INSERT INTO md_attribute ( id) VALUES ('03ik47a90v41celewcfyr82f7x830ais00000000000000000000000000000186');
INSERT INTO metadata ( description, created_by, owner, id, create_date, seq, type, remove, site_master, locked_by, entity_domain, last_updated_by, last_update_date, key_name) VALUES ('0mk37r5oufofjwnpjum1li28kdbg13o8NM200904120000000000000000000030', '0000000000000000000000000000001000000000000000000000000000000003', '0000000000000000000000000000001000000000000000000000000000000003', '03ik47a90v41celewcfyr82f7x830ais00000000000000000000000000000186', '2011-10-03 16:03:31', 2816, 'com.runwaysdk.system.metadata.MdAttributeReference', 1, 'runwaysdk.com', NULL, NULL, '0000000000000000000000000000001000000000000000000000000000000003', '2011-10-03 16:03:31', 'com.runwaysdk.system.metadata.MdWebField.definingMdForm');
ALTER TABLE md_web_field ADD COLUMN defining_md_form  char(64);
INSERT INTO class_attribute_concrete ( id, parent_id, child_id) VALUES ('sxb86xmadry2w18hiuotkbbvfnij1dqj00000000000000000000000000000073', 'zgkseu7as85l9zfwaawq8k3wid4vd17v00000000000000000000000000000001', '03ik47a90v41celewcfyr82f7x830ais00000000000000000000000000000186');
INSERT INTO class_attribute ( id, parent_id, child_id) VALUES ('sxb86xmadry2w18hiuotkbbvfnij1dqj00000000000000000000000000000073', 'zgkseu7as85l9zfwaawq8k3wid4vd17v00000000000000000000000000000001', '03ik47a90v41celewcfyr82f7x830ais00000000000000000000000000000186');
INSERT INTO metadata_relationship ( entity_domain, site_master, last_updated_by, id, owner, locked_by, create_date, type, created_by, seq, key_name, last_update_date, parent_id, child_id) VALUES (NULL, 'runwaysdk.com', '0000000000000000000000000000001000000000000000000000000000000003', 'sxb86xmadry2w18hiuotkbbvfnij1dqj00000000000000000000000000000073', '0000000000000000000000000000001000000000000000000000000000000003', NULL, '2011-10-03 16:03:31', 'com.runwaysdk.system.metadata.ClassAttributeConcrete', '0000000000000000000000000000001000000000000000000000000000000003', 2817, 'com.runwaysdk.system.metadata.MdWebField.definingMdForm', '2011-10-03 16:03:31', 'zgkseu7as85l9zfwaawq8k3wid4vd17v00000000000000000000000000000001', '03ik47a90v41celewcfyr82f7x830ais00000000000000000000000000000186');
 INSERT INTO class_cache (set_id, item_id)  VALUES  ('9494d2ywqscyyv81srt6fdyckqr5wvgu', '0000000000000000000000000000023100000000000000000000000000000222');
INSERT INTO metadata_display_label ( default_locale, id, site_master, key_name) VALUES ('MdWebAttribute', 'zbohibdg0nhewxfra5yfiih1ljepa1tpNM200904120000000000000000000030', 'runwaysdk.com', 'zbohibdg0nhewxfra5yfiih1ljepa1tpNM200904120000000000000000000030');
INSERT INTO metadata_display_label ( default_locale, id, site_master, key_name) VALUES ('Metadata Web Attribute', 'qva7g4ffor6rgdnug7q4hybpoes2rby7NM200904120000000000000000000030', 'runwaysdk.com', 'qva7g4ffor6rgdnug7q4hybpoes2rby7NM200904120000000000000000000030');
INSERT INTO md_business ( cache_algorithm, cache_algorithm_c, super_md_business, id) VALUES ('9494d2ywqscyyv81srt6fdyckqr5wvgu', '0000000000000000000000000000023100000000000000000000000000000222', 'zgkseu7as85l9zfwaawq8k3wid4vd17v00000000000000000000000000000001', '2ecripfmvw2qxs9fbp5iie6aev39dkcz00000000000000000000000000000001');
INSERT INTO md_element ( extendable, is_abstract, id) VALUES (1, 1, '2ecripfmvw2qxs9fbp5iie6aev39dkcz00000000000000000000000000000001');
INSERT INTO md_entity ( query_dto_source, query_source, cache_size, enforce_site_master, table_name, id) VALUES (NULL, NULL, 0, 1, 'md_web_attribute', '2ecripfmvw2qxs9fbp5iie6aev39dkcz00000000000000000000000000000001');
INSERT INTO md_class ( publish, stub_dto_source, stub_source, id) VALUES (1, NULL, NULL, '2ecripfmvw2qxs9fbp5iie6aev39dkcz00000000000000000000000000000001');
INSERT INTO md_type ( display_label, root_id, package_name, type_name, base_source, js_base, js_stub, exported, dto_source, id) VALUES ('zbohibdg0nhewxfra5yfiih1ljepa1tpNM200904120000000000000000000030', '2ecripfmvw2qxs9fbp5iie6aev39dkcz', 'com.runwaysdk.system.metadata', 'MdWebAttribute', NULL, NULL, NULL, 1, NULL, '2ecripfmvw2qxs9fbp5iie6aev39dkcz00000000000000000000000000000001');
INSERT INTO metadata ( description, created_by, owner, id, create_date, seq, type, remove, site_master, locked_by, entity_domain, last_updated_by, last_update_date, key_name) VALUES ('qva7g4ffor6rgdnug7q4hybpoes2rby7NM200904120000000000000000000030', '0000000000000000000000000000001000000000000000000000000000000003', '0000000000000000000000000000001000000000000000000000000000000003', '2ecripfmvw2qxs9fbp5iie6aev39dkcz00000000000000000000000000000001', '2011-10-03 16:03:31', 2818, 'com.runwaysdk.system.metadata.MdBusiness', 1, 'runwaysdk.com', NULL, NULL, '0000000000000000000000000000001000000000000000000000000000000003', '2011-10-03 16:03:31', 'com.runwaysdk.system.metadata.MdWebAttribute');
CREATE TABLE md_web_attribute ( id CHAR(64) NOT NULL PRIMARY KEY );
INSERT INTO business_inheritance ( id, parent_id, child_id) VALUES ('qr7k5iwy02egtl83zvyihaex7bmwoepv20070926NM0000000000000000000004', 'zgkseu7as85l9zfwaawq8k3wid4vd17v00000000000000000000000000000001', '2ecripfmvw2qxs9fbp5iie6aev39dkcz00000000000000000000000000000001');
INSERT INTO class_inheritance ( id, parent_id, child_id) VALUES ('qr7k5iwy02egtl83zvyihaex7bmwoepv20070926NM0000000000000000000004', 'zgkseu7as85l9zfwaawq8k3wid4vd17v00000000000000000000000000000001', '2ecripfmvw2qxs9fbp5iie6aev39dkcz00000000000000000000000000000001');
INSERT INTO metadata_relationship ( entity_domain, site_master, last_updated_by, id, owner, locked_by, create_date, type, created_by, seq, key_name, last_update_date, parent_id, child_id) VALUES (NULL, 'runwaysdk.com', '0000000000000000000000000000001000000000000000000000000000000003', 'qr7k5iwy02egtl83zvyihaex7bmwoepv20070926NM0000000000000000000004', '0000000000000000000000000000001000000000000000000000000000000003', NULL, '2011-10-03 16:03:31', 'com.runwaysdk.system.metadata.BusinessInheritance', '0000000000000000000000000000001000000000000000000000000000000003', 2819, 'qr7k5iwy02egtl83zvyihaex7bmwoepv20070926NM0000000000000000000004', '2011-10-03 16:03:31', 'zgkseu7as85l9zfwaawq8k3wid4vd17v00000000000000000000000000000001', '2ecripfmvw2qxs9fbp5iie6aev39dkcz00000000000000000000000000000001');
 INSERT INTO visibilitymodifier (set_id, item_id)  VALUES  ('qvvxsnkylfppjvz59v63wgef8l8yaqz2', '20071109NM000000000000000000000520071109NM0000000000000000000001');
INSERT INTO metadata_display_label ( default_locale, id, site_master, key_name) VALUES ('Defining MdAttribute', '1p98kkxek3568ikbuuk82sncqr3az3feNM200904120000000000000000000030', 'runwaysdk.com', '1p98kkxek3568ikbuuk82sncqr3az3feNM200904120000000000000000000030');
 INSERT INTO visibilitymodifier (set_id, item_id)  VALUES  ('zghh2vzfydi93s0flkrx50240eaujzu2', '20071109NM000000000000000000000520071109NM0000000000000000000001');
 INSERT INTO md_attribute_indicies (set_id, item_id)  VALUES  ('04glqneb6c37r8xdzoom7ig9yfi97ica', '0000000000000000000000000000040100000000000000000000000000000403');
INSERT INTO metadata_display_label ( default_locale, id, site_master, key_name) VALUES ('The defining MdAttribute of this Field', '0m3yq1fulek1kciq2og868790x6tc459NM200904120000000000000000000030', 'runwaysdk.com', '0m3yq1fulek1kciq2og868790x6tc459NM200904120000000000000000000030');
INSERT INTO md_attribute_reference ( default_value, md_business, id) VALUES (NULL, 'NM20081019000000000000000000000300000000000000000000000000000001', '76m5v2e3vacqdem6h8tfvgmob50xdh3000000000000000000000000000000186');
INSERT INTO md_attribute_ref ( id) VALUES ('76m5v2e3vacqdem6h8tfvgmob50xdh3000000000000000000000000000000186');
INSERT INTO md_attribute_concrete ( column_name, defining_md_class, setter_visibility, setter_visibility_c, immutable, index_name, generate_accessor, system, required, display_label, getter_visibility, getter_visibility_c, index_type, index_type_c, attribute_name, id) VALUES ('defining_md_attribute', '2ecripfmvw2qxs9fbp5iie6aev39dkcz00000000000000000000000000000001', 'qvvxsnkylfppjvz59v63wgef8l8yaqz2', '20071109NM000000000000000000000520071109NM0000000000000000000001', 0, 'ac8cji65dsdmj3cu3rcoa8zouw3tsv', 1, 0, 1, '1p98kkxek3568ikbuuk82sncqr3az3feNM200904120000000000000000000030', 'zghh2vzfydi93s0flkrx50240eaujzu2', '20071109NM000000000000000000000520071109NM0000000000000000000001', '04glqneb6c37r8xdzoom7ig9yfi97ica', '0000000000000000000000000000040100000000000000000000000000000403', 'definingMdAttribute', '76m5v2e3vacqdem6h8tfvgmob50xdh3000000000000000000000000000000186');
INSERT INTO md_attribute ( id) VALUES ('76m5v2e3vacqdem6h8tfvgmob50xdh3000000000000000000000000000000186');
INSERT INTO metadata ( description, created_by, owner, id, create_date, seq, type, remove, site_master, locked_by, entity_domain, last_updated_by, last_update_date, key_name) VALUES ('0m3yq1fulek1kciq2og868790x6tc459NM200904120000000000000000000030', '0000000000000000000000000000001000000000000000000000000000000003', '0000000000000000000000000000001000000000000000000000000000000003', '76m5v2e3vacqdem6h8tfvgmob50xdh3000000000000000000000000000000186', '2011-10-03 16:03:31', 2820, 'com.runwaysdk.system.metadata.MdAttributeReference', 1, 'runwaysdk.com', NULL, NULL, '0000000000000000000000000000001000000000000000000000000000000003', '2011-10-03 16:03:31', 'com.runwaysdk.system.metadata.MdWebAttribute.definingMdAttribute');
ALTER TABLE md_web_attribute ADD COLUMN defining_md_attribute  char(64);
INSERT INTO class_attribute_concrete ( id, parent_id, child_id) VALUES ('xv29garws1oucins95xd70x7b6o7oezk00000000000000000000000000000073', '2ecripfmvw2qxs9fbp5iie6aev39dkcz00000000000000000000000000000001', '76m5v2e3vacqdem6h8tfvgmob50xdh3000000000000000000000000000000186');
INSERT INTO class_attribute ( id, parent_id, child_id) VALUES ('xv29garws1oucins95xd70x7b6o7oezk00000000000000000000000000000073', '2ecripfmvw2qxs9fbp5iie6aev39dkcz00000000000000000000000000000001', '76m5v2e3vacqdem6h8tfvgmob50xdh3000000000000000000000000000000186');
INSERT INTO metadata_relationship ( entity_domain, site_master, last_updated_by, id, owner, locked_by, create_date, type, created_by, seq, key_name, last_update_date, parent_id, child_id) VALUES (NULL, 'runwaysdk.com', '0000000000000000000000000000001000000000000000000000000000000003', 'xv29garws1oucins95xd70x7b6o7oezk00000000000000000000000000000073', '0000000000000000000000000000001000000000000000000000000000000003', NULL, '2011-10-03 16:03:31', 'com.runwaysdk.system.metadata.ClassAttributeConcrete', '0000000000000000000000000000001000000000000000000000000000000003', 2821, 'com.runwaysdk.system.metadata.MdWebAttribute.definingMdAttribute', '2011-10-03 16:03:31', '2ecripfmvw2qxs9fbp5iie6aev39dkcz00000000000000000000000000000001', '76m5v2e3vacqdem6h8tfvgmob50xdh3000000000000000000000000000000186');
 INSERT INTO class_cache (set_id, item_id)  VALUES  ('8vtj25aks6d8r7jtgdsieqfcp93ezvpg', '0000000000000000000000000000023100000000000000000000000000000222');
INSERT INTO metadata_display_label ( default_locale, id, site_master, key_name) VALUES ('Primitive Web Field', 'sj2f0usgvlnwc85ghbv16x30lxu5ea54NM200904120000000000000000000030', 'runwaysdk.com', 'sj2f0usgvlnwc85ghbv16x30lxu5ea54NM200904120000000000000000000030');
INSERT INTO metadata_display_label ( default_locale, id, site_master, key_name) VALUES ('Metadata Web Primitive Field', '8hzr4d4mvz1nmjkmohuxbce4giq57s66NM200904120000000000000000000030', 'runwaysdk.com', '8hzr4d4mvz1nmjkmohuxbce4giq57s66NM200904120000000000000000000030');
INSERT INTO md_business ( cache_algorithm, cache_algorithm_c, super_md_business, id) VALUES ('8vtj25aks6d8r7jtgdsieqfcp93ezvpg', '0000000000000000000000000000023100000000000000000000000000000222', '2ecripfmvw2qxs9fbp5iie6aev39dkcz00000000000000000000000000000001', '94dp3weikqddxwpddry9j5ot6my91th100000000000000000000000000000001');
INSERT INTO md_element ( extendable, is_abstract, id) VALUES (1, 1, '94dp3weikqddxwpddry9j5ot6my91th100000000000000000000000000000001');
INSERT INTO md_entity ( query_dto_source, query_source, cache_size, enforce_site_master, table_name, id) VALUES (NULL, NULL, 0, 1, 'md_web_primitive', '94dp3weikqddxwpddry9j5ot6my91th100000000000000000000000000000001');
INSERT INTO md_class ( publish, stub_dto_source, stub_source, id) VALUES (1, NULL, NULL, '94dp3weikqddxwpddry9j5ot6my91th100000000000000000000000000000001');
INSERT INTO md_type ( display_label, root_id, package_name, type_name, base_source, js_base, js_stub, exported, dto_source, id) VALUES ('sj2f0usgvlnwc85ghbv16x30lxu5ea54NM200904120000000000000000000030', '94dp3weikqddxwpddry9j5ot6my91th1', 'com.runwaysdk.system.metadata', 'MdWebPrimitive', NULL, NULL, NULL, 1, NULL, '94dp3weikqddxwpddry9j5ot6my91th100000000000000000000000000000001');
INSERT INTO metadata ( description, created_by, owner, id, create_date, seq, type, remove, site_master, locked_by, entity_domain, last_updated_by, last_update_date, key_name) VALUES ('8hzr4d4mvz1nmjkmohuxbce4giq57s66NM200904120000000000000000000030', '0000000000000000000000000000001000000000000000000000000000000003', '0000000000000000000000000000001000000000000000000000000000000003', '94dp3weikqddxwpddry9j5ot6my91th100000000000000000000000000000001', '2011-10-03 16:03:31', 2822, 'com.runwaysdk.system.metadata.MdBusiness', 1, 'runwaysdk.com', NULL, NULL, '0000000000000000000000000000001000000000000000000000000000000003', '2011-10-03 16:03:31', 'com.runwaysdk.system.metadata.MdWebPrimitive');
CREATE TABLE md_web_primitive ( id CHAR(64) NOT NULL PRIMARY KEY );
INSERT INTO business_inheritance ( id, parent_id, child_id) VALUES ('8tb1logfzcb72j5cjvipzsocd2j7z5p420070926NM0000000000000000000004', '2ecripfmvw2qxs9fbp5iie6aev39dkcz00000000000000000000000000000001', '94dp3weikqddxwpddry9j5ot6my91th100000000000000000000000000000001');
INSERT INTO class_inheritance ( id, parent_id, child_id) VALUES ('8tb1logfzcb72j5cjvipzsocd2j7z5p420070926NM0000000000000000000004', '2ecripfmvw2qxs9fbp5iie6aev39dkcz00000000000000000000000000000001', '94dp3weikqddxwpddry9j5ot6my91th100000000000000000000000000000001');
INSERT INTO metadata_relationship ( entity_domain, site_master, last_updated_by, id, owner, locked_by, create_date, type, created_by, seq, key_name, last_update_date, parent_id, child_id) VALUES (NULL, 'runwaysdk.com', '0000000000000000000000000000001000000000000000000000000000000003', '8tb1logfzcb72j5cjvipzsocd2j7z5p420070926NM0000000000000000000004', '0000000000000000000000000000001000000000000000000000000000000003', NULL, '2011-10-03 16:03:31', 'com.runwaysdk.system.metadata.BusinessInheritance', '0000000000000000000000000000001000000000000000000000000000000003', 2823, '8tb1logfzcb72j5cjvipzsocd2j7z5p420070926NM0000000000000000000004', '2011-10-03 16:03:31', '2ecripfmvw2qxs9fbp5iie6aev39dkcz00000000000000000000000000000001', '94dp3weikqddxwpddry9j5ot6my91th100000000000000000000000000000001');
 INSERT INTO class_cache (set_id, item_id)  VALUES  ('709hbm8zaqpg4uyuhcm8ywpi8tghppnv', '0000000000000000000000000000023100000000000000000000000000000222');
INSERT INTO metadata_display_label ( default_locale, id, site_master, key_name) VALUES ('Character Field', '07wpa8duvhitlxohi6jjia5cpkocxxidNM200904120000000000000000000030', 'runwaysdk.com', '07wpa8duvhitlxohi6jjia5cpkocxxidNM200904120000000000000000000030');
INSERT INTO metadata_display_label ( default_locale, id, site_master, key_name) VALUES ('Metadata Web Character Field', '0as5o4uqavj1e8uffxd80bzfk75h4u0tNM200904120000000000000000000030', 'runwaysdk.com', '0as5o4uqavj1e8uffxd80bzfk75h4u0tNM200904120000000000000000000030');
INSERT INTO md_business ( cache_algorithm, cache_algorithm_c, super_md_business, id) VALUES ('709hbm8zaqpg4uyuhcm8ywpi8tghppnv', '0000000000000000000000000000023100000000000000000000000000000222', '94dp3weikqddxwpddry9j5ot6my91th100000000000000000000000000000001', '0nh4mijcf2qvbwchma7wqz7lzeu3kgkx00000000000000000000000000000001');
INSERT INTO md_element ( extendable, is_abstract, id) VALUES (1, 0, '0nh4mijcf2qvbwchma7wqz7lzeu3kgkx00000000000000000000000000000001');
INSERT INTO md_entity ( query_dto_source, query_source, cache_size, enforce_site_master, table_name, id) VALUES (NULL, NULL, 0, 1, 'md_web_character', '0nh4mijcf2qvbwchma7wqz7lzeu3kgkx00000000000000000000000000000001');
INSERT INTO md_class ( publish, stub_dto_source, stub_source, id) VALUES (1, NULL, NULL, '0nh4mijcf2qvbwchma7wqz7lzeu3kgkx00000000000000000000000000000001');
INSERT INTO md_type ( display_label, root_id, package_name, type_name, base_source, js_base, js_stub, exported, dto_source, id) VALUES ('07wpa8duvhitlxohi6jjia5cpkocxxidNM200904120000000000000000000030', '0nh4mijcf2qvbwchma7wqz7lzeu3kgkx', 'com.runwaysdk.system.metadata', 'MdWebCharacter', NULL, NULL, NULL, 1, NULL, '0nh4mijcf2qvbwchma7wqz7lzeu3kgkx00000000000000000000000000000001');
INSERT INTO metadata ( description, created_by, owner, id, create_date, seq, type, remove, site_master, locked_by, entity_domain, last_updated_by, last_update_date, key_name) VALUES ('0as5o4uqavj1e8uffxd80bzfk75h4u0tNM200904120000000000000000000030', '0000000000000000000000000000001000000000000000000000000000000003', '0000000000000000000000000000001000000000000000000000000000000003', '0nh4mijcf2qvbwchma7wqz7lzeu3kgkx00000000000000000000000000000001', '2011-10-03 16:03:31', 2824, 'com.runwaysdk.system.metadata.MdBusiness', 1, 'runwaysdk.com', NULL, NULL, '0000000000000000000000000000001000000000000000000000000000000003', '2011-10-03 16:03:31', 'com.runwaysdk.system.metadata.MdWebCharacter');
CREATE TABLE md_web_character ( id CHAR(64) NOT NULL PRIMARY KEY );
INSERT INTO business_inheritance ( id, parent_id, child_id) VALUES ('sww5a2flqvrhjysq2ou8cpb9iyxq884r20070926NM0000000000000000000004', '94dp3weikqddxwpddry9j5ot6my91th100000000000000000000000000000001', '0nh4mijcf2qvbwchma7wqz7lzeu3kgkx00000000000000000000000000000001');
INSERT INTO class_inheritance ( id, parent_id, child_id) VALUES ('sww5a2flqvrhjysq2ou8cpb9iyxq884r20070926NM0000000000000000000004', '94dp3weikqddxwpddry9j5ot6my91th100000000000000000000000000000001', '0nh4mijcf2qvbwchma7wqz7lzeu3kgkx00000000000000000000000000000001');
INSERT INTO metadata_relationship ( entity_domain, site_master, last_updated_by, id, owner, locked_by, create_date, type, created_by, seq, key_name, last_update_date, parent_id, child_id) VALUES (NULL, 'runwaysdk.com', '0000000000000000000000000000001000000000000000000000000000000003', 'sww5a2flqvrhjysq2ou8cpb9iyxq884r20070926NM0000000000000000000004', '0000000000000000000000000000001000000000000000000000000000000003', NULL, '2011-10-03 16:03:31', 'com.runwaysdk.system.metadata.BusinessInheritance', '0000000000000000000000000000001000000000000000000000000000000003', 2825, 'sww5a2flqvrhjysq2ou8cpb9iyxq884r20070926NM0000000000000000000004', '2011-10-03 16:03:31', '94dp3weikqddxwpddry9j5ot6my91th100000000000000000000000000000001', '0nh4mijcf2qvbwchma7wqz7lzeu3kgkx00000000000000000000000000000001');
 INSERT INTO visibilitymodifier (set_id, item_id)  VALUES  ('xm216czht8clko9lehh5pfe1huq4gfj6', '20071109NM000000000000000000000520071109NM0000000000000000000001');
INSERT INTO metadata_display_label ( default_locale, id, site_master, key_name) VALUES ('Max Length', 'z7oz7g02uvsid5e4mernknatty8eele5NM200904120000000000000000000030', 'runwaysdk.com', 'z7oz7g02uvsid5e4mernknatty8eele5NM200904120000000000000000000030');
 INSERT INTO visibilitymodifier (set_id, item_id)  VALUES  ('r8jqi9wspurrl1dad1irnw8qozlev174', '20071109NM000000000000000000000520071109NM0000000000000000000001');
 INSERT INTO md_attribute_indicies (set_id, item_id)  VALUES  ('xtmq6zbhqplt8dknxpwqmlrphp2o5s4u', '0000000000000000000000000000040100000000000000000000000000000403');
INSERT INTO metadata_display_label ( default_locale, id, site_master, key_name) VALUES ('The maximum length of the field value.', 'xmqzv77skymraksej2ngpesbdlrkbe2uNM200904120000000000000000000030', 'runwaysdk.com', 'xmqzv77skymraksej2ngpesbdlrkbe2uNM200904120000000000000000000030');
INSERT INTO md_attribute_integer ( default_value, id) VALUES (NULL, 'xurbjbkkt7n9ayeutt7su4epk95ddxax00000000000000000000000000000332');
INSERT INTO md_attribute_int ( id) VALUES ('xurbjbkkt7n9ayeutt7su4epk95ddxax00000000000000000000000000000332');
INSERT INTO md_attribute_number ( reject_negative, reject_zero, reject_positive, id) VALUES (1, 0, 0, 'xurbjbkkt7n9ayeutt7su4epk95ddxax00000000000000000000000000000332');
INSERT INTO md_attribute_primitive ( id) VALUES ('xurbjbkkt7n9ayeutt7su4epk95ddxax00000000000000000000000000000332');
INSERT INTO md_attribute_concrete ( column_name, defining_md_class, setter_visibility, setter_visibility_c, immutable, index_name, generate_accessor, system, required, display_label, getter_visibility, getter_visibility_c, index_type, index_type_c, attribute_name, id) VALUES ('max_length', '0nh4mijcf2qvbwchma7wqz7lzeu3kgkx00000000000000000000000000000001', 'xm216czht8clko9lehh5pfe1huq4gfj6', '20071109NM000000000000000000000520071109NM0000000000000000000001', 0, 'aq9r8witjgd9344d3kfprdbrc7sqlo', 1, 0, 1, 'z7oz7g02uvsid5e4mernknatty8eele5NM200904120000000000000000000030', 'r8jqi9wspurrl1dad1irnw8qozlev174', '20071109NM000000000000000000000520071109NM0000000000000000000001', 'xtmq6zbhqplt8dknxpwqmlrphp2o5s4u', '0000000000000000000000000000040100000000000000000000000000000403', 'maxLength', 'xurbjbkkt7n9ayeutt7su4epk95ddxax00000000000000000000000000000332');
INSERT INTO md_attribute ( id) VALUES ('xurbjbkkt7n9ayeutt7su4epk95ddxax00000000000000000000000000000332');
INSERT INTO metadata ( description, created_by, owner, id, create_date, seq, type, remove, site_master, locked_by, entity_domain, last_updated_by, last_update_date, key_name) VALUES ('xmqzv77skymraksej2ngpesbdlrkbe2uNM200904120000000000000000000030', '0000000000000000000000000000001000000000000000000000000000000003', '0000000000000000000000000000001000000000000000000000000000000003', 'xurbjbkkt7n9ayeutt7su4epk95ddxax00000000000000000000000000000332', '2011-10-03 16:03:31', 2826, 'com.runwaysdk.system.metadata.MdAttributeInteger', 1, 'runwaysdk.com', NULL, NULL, '0000000000000000000000000000001000000000000000000000000000000003', '2011-10-03 16:03:31', 'com.runwaysdk.system.metadata.MdWebCharacter.maxLength');
ALTER TABLE md_web_character ADD COLUMN max_length  int;
INSERT INTO class_attribute_concrete ( id, parent_id, child_id) VALUES ('su4bvdiu65wiycr7f3c53vsr37crn28l00000000000000000000000000000073', '0nh4mijcf2qvbwchma7wqz7lzeu3kgkx00000000000000000000000000000001', 'xurbjbkkt7n9ayeutt7su4epk95ddxax00000000000000000000000000000332');
INSERT INTO class_attribute ( id, parent_id, child_id) VALUES ('su4bvdiu65wiycr7f3c53vsr37crn28l00000000000000000000000000000073', '0nh4mijcf2qvbwchma7wqz7lzeu3kgkx00000000000000000000000000000001', 'xurbjbkkt7n9ayeutt7su4epk95ddxax00000000000000000000000000000332');
INSERT INTO metadata_relationship ( entity_domain, site_master, last_updated_by, id, owner, locked_by, create_date, type, created_by, seq, key_name, last_update_date, parent_id, child_id) VALUES (NULL, 'runwaysdk.com', '0000000000000000000000000000001000000000000000000000000000000003', 'su4bvdiu65wiycr7f3c53vsr37crn28l00000000000000000000000000000073', '0000000000000000000000000000001000000000000000000000000000000003', NULL, '2011-10-03 16:03:31', 'com.runwaysdk.system.metadata.ClassAttributeConcrete', '0000000000000000000000000000001000000000000000000000000000000003', 2827, 'com.runwaysdk.system.metadata.MdWebCharacter.maxLength', '2011-10-03 16:03:31', '0nh4mijcf2qvbwchma7wqz7lzeu3kgkx00000000000000000000000000000001', 'xurbjbkkt7n9ayeutt7su4epk95ddxax00000000000000000000000000000332');
 INSERT INTO visibilitymodifier (set_id, item_id)  VALUES  ('8to5d1itkymftxwulq3zh97vbu94y3py', '20071109NM000000000000000000000520071109NM0000000000000000000001');
INSERT INTO metadata_display_label ( default_locale, id, site_master, key_name) VALUES ('Display Length', 'yx6krjd57t7lb5vnn2qu3jly48nqv5m5NM200904120000000000000000000030', 'runwaysdk.com', 'yx6krjd57t7lb5vnn2qu3jly48nqv5m5NM200904120000000000000000000030');
 INSERT INTO visibilitymodifier (set_id, item_id)  VALUES  ('29yj3t7rz0ipgwvgw0v2mlhcwl337ffm', '20071109NM000000000000000000000520071109NM0000000000000000000001');
 INSERT INTO md_attribute_indicies (set_id, item_id)  VALUES  ('szx04ojqst5kpaqdnd5jwlxeb1tud1ko', '0000000000000000000000000000040100000000000000000000000000000403');
INSERT INTO metadata_display_label ( default_locale, id, site_master, key_name) VALUES ('The displayed length of the field value.', 'r2pxhrnehgsvtjteab0nt0dvwho9ih5aNM200904120000000000000000000030', 'runwaysdk.com', 'r2pxhrnehgsvtjteab0nt0dvwho9ih5aNM200904120000000000000000000030');
INSERT INTO md_attribute_integer ( default_value, id) VALUES (NULL, '0qkai6us0c1vbezz9rg3wdewpyi7dwx700000000000000000000000000000332');
INSERT INTO md_attribute_int ( id) VALUES ('0qkai6us0c1vbezz9rg3wdewpyi7dwx700000000000000000000000000000332');
INSERT INTO md_attribute_number ( reject_negative, reject_zero, reject_positive, id) VALUES (1, 0, 0, '0qkai6us0c1vbezz9rg3wdewpyi7dwx700000000000000000000000000000332');
INSERT INTO md_attribute_primitive ( id) VALUES ('0qkai6us0c1vbezz9rg3wdewpyi7dwx700000000000000000000000000000332');
INSERT INTO md_attribute_concrete ( column_name, defining_md_class, setter_visibility, setter_visibility_c, immutable, index_name, generate_accessor, system, required, display_label, getter_visibility, getter_visibility_c, index_type, index_type_c, attribute_name, id) VALUES ('display_length', '0nh4mijcf2qvbwchma7wqz7lzeu3kgkx00000000000000000000000000000001', '8to5d1itkymftxwulq3zh97vbu94y3py', '20071109NM000000000000000000000520071109NM0000000000000000000001', 0, 'aao9fzcdhy5pf4pmvhn2s0dsgpv4hq', 1, 0, 1, 'yx6krjd57t7lb5vnn2qu3jly48nqv5m5NM200904120000000000000000000030', '29yj3t7rz0ipgwvgw0v2mlhcwl337ffm', '20071109NM000000000000000000000520071109NM0000000000000000000001', 'szx04ojqst5kpaqdnd5jwlxeb1tud1ko', '0000000000000000000000000000040100000000000000000000000000000403', 'displayLength', '0qkai6us0c1vbezz9rg3wdewpyi7dwx700000000000000000000000000000332');
INSERT INTO md_attribute ( id) VALUES ('0qkai6us0c1vbezz9rg3wdewpyi7dwx700000000000000000000000000000332');
INSERT INTO metadata ( description, created_by, owner, id, create_date, seq, type, remove, site_master, locked_by, entity_domain, last_updated_by, last_update_date, key_name) VALUES ('r2pxhrnehgsvtjteab0nt0dvwho9ih5aNM200904120000000000000000000030', '0000000000000000000000000000001000000000000000000000000000000003', '0000000000000000000000000000001000000000000000000000000000000003', '0qkai6us0c1vbezz9rg3wdewpyi7dwx700000000000000000000000000000332', '2011-10-03 16:03:31', 2828, 'com.runwaysdk.system.metadata.MdAttributeInteger', 1, 'runwaysdk.com', NULL, NULL, '0000000000000000000000000000001000000000000000000000000000000003', '2011-10-03 16:03:31', 'com.runwaysdk.system.metadata.MdWebCharacter.displayLength');
ALTER TABLE md_web_character ADD COLUMN display_length  int;
INSERT INTO class_attribute_concrete ( id, parent_id, child_id) VALUES ('0lx3ay6qmouz0jsonvidecee47ox7mv500000000000000000000000000000073', '0nh4mijcf2qvbwchma7wqz7lzeu3kgkx00000000000000000000000000000001', '0qkai6us0c1vbezz9rg3wdewpyi7dwx700000000000000000000000000000332');
INSERT INTO class_attribute ( id, parent_id, child_id) VALUES ('0lx3ay6qmouz0jsonvidecee47ox7mv500000000000000000000000000000073', '0nh4mijcf2qvbwchma7wqz7lzeu3kgkx00000000000000000000000000000001', '0qkai6us0c1vbezz9rg3wdewpyi7dwx700000000000000000000000000000332');
INSERT INTO metadata_relationship ( entity_domain, site_master, last_updated_by, id, owner, locked_by, create_date, type, created_by, seq, key_name, last_update_date, parent_id, child_id) VALUES (NULL, 'runwaysdk.com', '0000000000000000000000000000001000000000000000000000000000000003', '0lx3ay6qmouz0jsonvidecee47ox7mv500000000000000000000000000000073', '0000000000000000000000000000001000000000000000000000000000000003', NULL, '2011-10-03 16:03:31', 'com.runwaysdk.system.metadata.ClassAttributeConcrete', '0000000000000000000000000000001000000000000000000000000000000003', 2829, 'com.runwaysdk.system.metadata.MdWebCharacter.displayLength', '2011-10-03 16:03:31', '0nh4mijcf2qvbwchma7wqz7lzeu3kgkx00000000000000000000000000000001', '0qkai6us0c1vbezz9rg3wdewpyi7dwx700000000000000000000000000000332');
 INSERT INTO class_cache (set_id, item_id)  VALUES  ('xvyrdp9oonmpqqfj926qetawvkuqk2hg', '0000000000000000000000000000023100000000000000000000000000000222');
INSERT INTO metadata_display_label ( default_locale, id, site_master, key_name) VALUES ('Text Field', 'xomm7rvqznhwg4ruke6cfpodxcr94ay5NM200904120000000000000000000030', 'runwaysdk.com', 'xomm7rvqznhwg4ruke6cfpodxcr94ay5NM200904120000000000000000000030');
INSERT INTO metadata_display_label ( default_locale, id, site_master, key_name) VALUES ('Metadata Web Text Field', '7b6ocm7qwue5r118xiqyxbl03nklho8iNM200904120000000000000000000030', 'runwaysdk.com', '7b6ocm7qwue5r118xiqyxbl03nklho8iNM200904120000000000000000000030');
INSERT INTO md_business ( cache_algorithm, cache_algorithm_c, super_md_business, id) VALUES ('xvyrdp9oonmpqqfj926qetawvkuqk2hg', '0000000000000000000000000000023100000000000000000000000000000222', '94dp3weikqddxwpddry9j5ot6my91th100000000000000000000000000000001', 'xopjx24axlb2jkkc192qiw6dy9700jud00000000000000000000000000000001');
INSERT INTO md_element ( extendable, is_abstract, id) VALUES (1, 0, 'xopjx24axlb2jkkc192qiw6dy9700jud00000000000000000000000000000001');
INSERT INTO md_entity ( query_dto_source, query_source, cache_size, enforce_site_master, table_name, id) VALUES (NULL, NULL, 0, 1, 'md_web_text', 'xopjx24axlb2jkkc192qiw6dy9700jud00000000000000000000000000000001');
INSERT INTO md_class ( publish, stub_dto_source, stub_source, id) VALUES (1, NULL, NULL, 'xopjx24axlb2jkkc192qiw6dy9700jud00000000000000000000000000000001');
INSERT INTO md_type ( display_label, root_id, package_name, type_name, base_source, js_base, js_stub, exported, dto_source, id) VALUES ('xomm7rvqznhwg4ruke6cfpodxcr94ay5NM200904120000000000000000000030', 'xopjx24axlb2jkkc192qiw6dy9700jud', 'com.runwaysdk.system.metadata', 'MdWebText', NULL, NULL, NULL, 1, NULL, 'xopjx24axlb2jkkc192qiw6dy9700jud00000000000000000000000000000001');
INSERT INTO metadata ( description, created_by, owner, id, create_date, seq, type, remove, site_master, locked_by, entity_domain, last_updated_by, last_update_date, key_name) VALUES ('7b6ocm7qwue5r118xiqyxbl03nklho8iNM200904120000000000000000000030', '0000000000000000000000000000001000000000000000000000000000000003', '0000000000000000000000000000001000000000000000000000000000000003', 'xopjx24axlb2jkkc192qiw6dy9700jud00000000000000000000000000000001', '2011-10-03 16:03:31', 2830, 'com.runwaysdk.system.metadata.MdBusiness', 1, 'runwaysdk.com', NULL, NULL, '0000000000000000000000000000001000000000000000000000000000000003', '2011-10-03 16:03:31', 'com.runwaysdk.system.metadata.MdWebText');
CREATE TABLE md_web_text ( id CHAR(64) NOT NULL PRIMARY KEY );
INSERT INTO business_inheritance ( id, parent_id, child_id) VALUES ('x9nemunsz0yzzuer9zxusopepi4p9n0g20070926NM0000000000000000000004', '94dp3weikqddxwpddry9j5ot6my91th100000000000000000000000000000001', 'xopjx24axlb2jkkc192qiw6dy9700jud00000000000000000000000000000001');
INSERT INTO class_inheritance ( id, parent_id, child_id) VALUES ('x9nemunsz0yzzuer9zxusopepi4p9n0g20070926NM0000000000000000000004', '94dp3weikqddxwpddry9j5ot6my91th100000000000000000000000000000001', 'xopjx24axlb2jkkc192qiw6dy9700jud00000000000000000000000000000001');
INSERT INTO metadata_relationship ( entity_domain, site_master, last_updated_by, id, owner, locked_by, create_date, type, created_by, seq, key_name, last_update_date, parent_id, child_id) VALUES (NULL, 'runwaysdk.com', '0000000000000000000000000000001000000000000000000000000000000003', 'x9nemunsz0yzzuer9zxusopepi4p9n0g20070926NM0000000000000000000004', '0000000000000000000000000000001000000000000000000000000000000003', NULL, '2011-10-03 16:03:31', 'com.runwaysdk.system.metadata.BusinessInheritance', '0000000000000000000000000000001000000000000000000000000000000003', 2831, 'x9nemunsz0yzzuer9zxusopepi4p9n0g20070926NM0000000000000000000004', '2011-10-03 16:03:31', '94dp3weikqddxwpddry9j5ot6my91th100000000000000000000000000000001', 'xopjx24axlb2jkkc192qiw6dy9700jud00000000000000000000000000000001');
 INSERT INTO visibilitymodifier (set_id, item_id)  VALUES  ('xv09p89a84vin8p0r7bs479qnoyb73lj', '20071109NM000000000000000000000520071109NM0000000000000000000001');
INSERT INTO metadata_display_label ( default_locale, id, site_master, key_name) VALUES ('Height', 'qstcsqdhgn6jz783zryahp6os2x8x3qrNM200904120000000000000000000030', 'runwaysdk.com', 'qstcsqdhgn6jz783zryahp6os2x8x3qrNM200904120000000000000000000030');
 INSERT INTO visibilitymodifier (set_id, item_id)  VALUES  ('2567rnp1kej8h7prj0wmip7mfwravffu', '20071109NM000000000000000000000520071109NM0000000000000000000001');
 INSERT INTO md_attribute_indicies (set_id, item_id)  VALUES  ('qsywae4agmj4jz23y5rco39wz2d852kh', '0000000000000000000000000000040100000000000000000000000000000403');
INSERT INTO metadata_display_label ( default_locale, id, site_master, key_name) VALUES ('The height of the text field.', '0sp5dmdtjle1m5zgvy9ioui8kdqzx61iNM200904120000000000000000000030', 'runwaysdk.com', '0sp5dmdtjle1m5zgvy9ioui8kdqzx61iNM200904120000000000000000000030');
INSERT INTO md_attribute_integer ( default_value, id) VALUES (10, '8pnu7d231neyb2mb8x4b7h4igshlqv2200000000000000000000000000000332');
INSERT INTO md_attribute_int ( id) VALUES ('8pnu7d231neyb2mb8x4b7h4igshlqv2200000000000000000000000000000332');
INSERT INTO md_attribute_number ( reject_negative, reject_zero, reject_positive, id) VALUES (1, 1, 0, '8pnu7d231neyb2mb8x4b7h4igshlqv2200000000000000000000000000000332');
INSERT INTO md_attribute_primitive ( id) VALUES ('8pnu7d231neyb2mb8x4b7h4igshlqv2200000000000000000000000000000332');
INSERT INTO md_attribute_concrete ( column_name, defining_md_class, setter_visibility, setter_visibility_c, immutable, index_name, generate_accessor, system, required, display_label, getter_visibility, getter_visibility_c, index_type, index_type_c, attribute_name, id) VALUES ('height', 'xopjx24axlb2jkkc192qiw6dy9700jud00000000000000000000000000000001', 'xv09p89a84vin8p0r7bs479qnoyb73lj', '20071109NM000000000000000000000520071109NM0000000000000000000001', 0, 'aspaohlu0tu28s1ptnivd1ljebzkib', 1, 0, 1, 'qstcsqdhgn6jz783zryahp6os2x8x3qrNM200904120000000000000000000030', '2567rnp1kej8h7prj0wmip7mfwravffu', '20071109NM000000000000000000000520071109NM0000000000000000000001', 'qsywae4agmj4jz23y5rco39wz2d852kh', '0000000000000000000000000000040100000000000000000000000000000403', 'height', '8pnu7d231neyb2mb8x4b7h4igshlqv2200000000000000000000000000000332');
INSERT INTO md_attribute ( id) VALUES ('8pnu7d231neyb2mb8x4b7h4igshlqv2200000000000000000000000000000332');
INSERT INTO metadata ( description, created_by, owner, id, create_date, seq, type, remove, site_master, locked_by, entity_domain, last_updated_by, last_update_date, key_name) VALUES ('0sp5dmdtjle1m5zgvy9ioui8kdqzx61iNM200904120000000000000000000030', '0000000000000000000000000000001000000000000000000000000000000003', '0000000000000000000000000000001000000000000000000000000000000003', '8pnu7d231neyb2mb8x4b7h4igshlqv2200000000000000000000000000000332', '2011-10-03 16:03:31', 2832, 'com.runwaysdk.system.metadata.MdAttributeInteger', 1, 'runwaysdk.com', NULL, NULL, '0000000000000000000000000000001000000000000000000000000000000003', '2011-10-03 16:03:31', 'com.runwaysdk.system.metadata.MdWebText.height');
ALTER TABLE md_web_text ADD COLUMN height  int;
INSERT INTO class_attribute_concrete ( id, parent_id, child_id) VALUES ('21rx2ig904kdu8ef173m6epz9t3tkveb00000000000000000000000000000073', 'xopjx24axlb2jkkc192qiw6dy9700jud00000000000000000000000000000001', '8pnu7d231neyb2mb8x4b7h4igshlqv2200000000000000000000000000000332');
INSERT INTO class_attribute ( id, parent_id, child_id) VALUES ('21rx2ig904kdu8ef173m6epz9t3tkveb00000000000000000000000000000073', 'xopjx24axlb2jkkc192qiw6dy9700jud00000000000000000000000000000001', '8pnu7d231neyb2mb8x4b7h4igshlqv2200000000000000000000000000000332');
INSERT INTO metadata_relationship ( entity_domain, site_master, last_updated_by, id, owner, locked_by, create_date, type, created_by, seq, key_name, last_update_date, parent_id, child_id) VALUES (NULL, 'runwaysdk.com', '0000000000000000000000000000001000000000000000000000000000000003', '21rx2ig904kdu8ef173m6epz9t3tkveb00000000000000000000000000000073', '0000000000000000000000000000001000000000000000000000000000000003', NULL, '2011-10-03 16:03:31', 'com.runwaysdk.system.metadata.ClassAttributeConcrete', '0000000000000000000000000000001000000000000000000000000000000003', 2833, 'com.runwaysdk.system.metadata.MdWebText.height', '2011-10-03 16:03:31', 'xopjx24axlb2jkkc192qiw6dy9700jud00000000000000000000000000000001', '8pnu7d231neyb2mb8x4b7h4igshlqv2200000000000000000000000000000332');
 INSERT INTO visibilitymodifier (set_id, item_id)  VALUES  ('r8nwg3206xi29bpin59raut3jjvv91oj', '20071109NM000000000000000000000520071109NM0000000000000000000001');
INSERT INTO metadata_display_label ( default_locale, id, site_master, key_name) VALUES ('Width', 'xoj8qb61vjlba02dktdpc9zerivuw1kiNM200904120000000000000000000030', 'runwaysdk.com', 'xoj8qb61vjlba02dktdpc9zerivuw1kiNM200904120000000000000000000030');
 INSERT INTO visibilitymodifier (set_id, item_id)  VALUES  ('z2e8ry33vm0zn96w6vbijmb3l41xan1t', '20071109NM000000000000000000000520071109NM0000000000000000000001');
 INSERT INTO md_attribute_indicies (set_id, item_id)  VALUES  ('ywjgthb2qz1s7o65ulqxw1p6gbfe74e5', '0000000000000000000000000000040100000000000000000000000000000403');
INSERT INTO metadata_display_label ( default_locale, id, site_master, key_name) VALUES ('The width of the text field.', '2c2t7fasmo64vjku7czv97gvcg9vapbdNM200904120000000000000000000030', 'runwaysdk.com', '2c2t7fasmo64vjku7czv97gvcg9vapbdNM200904120000000000000000000030');
INSERT INTO md_attribute_integer ( default_value, id) VALUES (50, '6q9kqshernubn031hdyffj5abys9frqn00000000000000000000000000000332');
INSERT INTO md_attribute_int ( id) VALUES ('6q9kqshernubn031hdyffj5abys9frqn00000000000000000000000000000332');
INSERT INTO md_attribute_number ( reject_negative, reject_zero, reject_positive, id) VALUES (1, 1, 0, '6q9kqshernubn031hdyffj5abys9frqn00000000000000000000000000000332');
INSERT INTO md_attribute_primitive ( id) VALUES ('6q9kqshernubn031hdyffj5abys9frqn00000000000000000000000000000332');
INSERT INTO md_attribute_concrete ( column_name, defining_md_class, setter_visibility, setter_visibility_c, immutable, index_name, generate_accessor, system, required, display_label, getter_visibility, getter_visibility_c, index_type, index_type_c, attribute_name, id) VALUES ('width', 'xopjx24axlb2jkkc192qiw6dy9700jud00000000000000000000000000000001', 'r8nwg3206xi29bpin59raut3jjvv91oj', '20071109NM000000000000000000000520071109NM0000000000000000000001', 0, 'a407v6zjmqmqr5fo0fmmqsdcfc9lf1', 1, 0, 1, 'xoj8qb61vjlba02dktdpc9zerivuw1kiNM200904120000000000000000000030', 'z2e8ry33vm0zn96w6vbijmb3l41xan1t', '20071109NM000000000000000000000520071109NM0000000000000000000001', 'ywjgthb2qz1s7o65ulqxw1p6gbfe74e5', '0000000000000000000000000000040100000000000000000000000000000403', 'width', '6q9kqshernubn031hdyffj5abys9frqn00000000000000000000000000000332');
INSERT INTO md_attribute ( id) VALUES ('6q9kqshernubn031hdyffj5abys9frqn00000000000000000000000000000332');
INSERT INTO metadata ( description, created_by, owner, id, create_date, seq, type, remove, site_master, locked_by, entity_domain, last_updated_by, last_update_date, key_name) VALUES ('2c2t7fasmo64vjku7czv97gvcg9vapbdNM200904120000000000000000000030', '0000000000000000000000000000001000000000000000000000000000000003', '0000000000000000000000000000001000000000000000000000000000000003', '6q9kqshernubn031hdyffj5abys9frqn00000000000000000000000000000332', '2011-10-03 16:03:31', 2834, 'com.runwaysdk.system.metadata.MdAttributeInteger', 1, 'runwaysdk.com', NULL, NULL, '0000000000000000000000000000001000000000000000000000000000000003', '2011-10-03 16:03:31', 'com.runwaysdk.system.metadata.MdWebText.width');
ALTER TABLE md_web_text ADD COLUMN width  int;
INSERT INTO class_attribute_concrete ( id, parent_id, child_id) VALUES ('sayjflf68xnws34zvev8z0civs5xu4gv00000000000000000000000000000073', 'xopjx24axlb2jkkc192qiw6dy9700jud00000000000000000000000000000001', '6q9kqshernubn031hdyffj5abys9frqn00000000000000000000000000000332');
INSERT INTO class_attribute ( id, parent_id, child_id) VALUES ('sayjflf68xnws34zvev8z0civs5xu4gv00000000000000000000000000000073', 'xopjx24axlb2jkkc192qiw6dy9700jud00000000000000000000000000000001', '6q9kqshernubn031hdyffj5abys9frqn00000000000000000000000000000332');
INSERT INTO metadata_relationship ( entity_domain, site_master, last_updated_by, id, owner, locked_by, create_date, type, created_by, seq, key_name, last_update_date, parent_id, child_id) VALUES (NULL, 'runwaysdk.com', '0000000000000000000000000000001000000000000000000000000000000003', 'sayjflf68xnws34zvev8z0civs5xu4gv00000000000000000000000000000073', '0000000000000000000000000000001000000000000000000000000000000003', NULL, '2011-10-03 16:03:31', 'com.runwaysdk.system.metadata.ClassAttributeConcrete', '0000000000000000000000000000001000000000000000000000000000000003', 2835, 'com.runwaysdk.system.metadata.MdWebText.width', '2011-10-03 16:03:31', 'xopjx24axlb2jkkc192qiw6dy9700jud00000000000000000000000000000001', '6q9kqshernubn031hdyffj5abys9frqn00000000000000000000000000000332');
 INSERT INTO class_cache (set_id, item_id)  VALUES  ('2cbn06xin05q6hz885xab46dgov46wbe', '0000000000000000000000000000023100000000000000000000000000000222');
INSERT INTO metadata_display_label ( default_locale, id, site_master, key_name) VALUES ('Moment Field', 'r4vqzqcftfs64au60y6e2w5gez3omeawNM200904120000000000000000000030', 'runwaysdk.com', 'r4vqzqcftfs64au60y6e2w5gez3omeawNM200904120000000000000000000030');
INSERT INTO metadata_display_label ( default_locale, id, site_master, key_name) VALUES ('Metadata Web Moment Field', 'qr9ffqnpfmylri1ezwpfmrxuf91zbfrgNM200904120000000000000000000030', 'runwaysdk.com', 'qr9ffqnpfmylri1ezwpfmrxuf91zbfrgNM200904120000000000000000000030');
INSERT INTO md_business ( cache_algorithm, cache_algorithm_c, super_md_business, id) VALUES ('2cbn06xin05q6hz885xab46dgov46wbe', '0000000000000000000000000000023100000000000000000000000000000222', '94dp3weikqddxwpddry9j5ot6my91th100000000000000000000000000000001', 'rea6bruekf297qd1skjvpqbndbpgbwet00000000000000000000000000000001');
INSERT INTO md_element ( extendable, is_abstract, id) VALUES (1, 1, 'rea6bruekf297qd1skjvpqbndbpgbwet00000000000000000000000000000001');
INSERT INTO md_entity ( query_dto_source, query_source, cache_size, enforce_site_master, table_name, id) VALUES (NULL, NULL, 0, 1, 'md_web_moment', 'rea6bruekf297qd1skjvpqbndbpgbwet00000000000000000000000000000001');
INSERT INTO md_class ( publish, stub_dto_source, stub_source, id) VALUES (1, NULL, NULL, 'rea6bruekf297qd1skjvpqbndbpgbwet00000000000000000000000000000001');
INSERT INTO md_type ( display_label, root_id, package_name, type_name, base_source, js_base, js_stub, exported, dto_source, id) VALUES ('r4vqzqcftfs64au60y6e2w5gez3omeawNM200904120000000000000000000030', 'rea6bruekf297qd1skjvpqbndbpgbwet', 'com.runwaysdk.system.metadata', 'MdWebMoment', NULL, NULL, NULL, 1, NULL, 'rea6bruekf297qd1skjvpqbndbpgbwet00000000000000000000000000000001');
INSERT INTO metadata ( description, created_by, owner, id, create_date, seq, type, remove, site_master, locked_by, entity_domain, last_updated_by, last_update_date, key_name) VALUES ('qr9ffqnpfmylri1ezwpfmrxuf91zbfrgNM200904120000000000000000000030', '0000000000000000000000000000001000000000000000000000000000000003', '0000000000000000000000000000001000000000000000000000000000000003', 'rea6bruekf297qd1skjvpqbndbpgbwet00000000000000000000000000000001', '2011-10-03 16:03:31', 2836, 'com.runwaysdk.system.metadata.MdBusiness', 1, 'runwaysdk.com', NULL, NULL, '0000000000000000000000000000001000000000000000000000000000000003', '2011-10-03 16:03:31', 'com.runwaysdk.system.metadata.MdWebMoment');
CREATE TABLE md_web_moment ( id CHAR(64) NOT NULL PRIMARY KEY );
INSERT INTO business_inheritance ( id, parent_id, child_id) VALUES ('sc3k3h4m1d2awmqjbt9ig099gzefieid20070926NM0000000000000000000004', '94dp3weikqddxwpddry9j5ot6my91th100000000000000000000000000000001', 'rea6bruekf297qd1skjvpqbndbpgbwet00000000000000000000000000000001');
INSERT INTO class_inheritance ( id, parent_id, child_id) VALUES ('sc3k3h4m1d2awmqjbt9ig099gzefieid20070926NM0000000000000000000004', '94dp3weikqddxwpddry9j5ot6my91th100000000000000000000000000000001', 'rea6bruekf297qd1skjvpqbndbpgbwet00000000000000000000000000000001');
INSERT INTO metadata_relationship ( entity_domain, site_master, last_updated_by, id, owner, locked_by, create_date, type, created_by, seq, key_name, last_update_date, parent_id, child_id) VALUES (NULL, 'runwaysdk.com', '0000000000000000000000000000001000000000000000000000000000000003', 'sc3k3h4m1d2awmqjbt9ig099gzefieid20070926NM0000000000000000000004', '0000000000000000000000000000001000000000000000000000000000000003', NULL, '2011-10-03 16:03:31', 'com.runwaysdk.system.metadata.BusinessInheritance', '0000000000000000000000000000001000000000000000000000000000000003', 2837, 'sc3k3h4m1d2awmqjbt9ig099gzefieid20070926NM0000000000000000000004', '2011-10-03 16:03:31', '94dp3weikqddxwpddry9j5ot6my91th100000000000000000000000000000001', 'rea6bruekf297qd1skjvpqbndbpgbwet00000000000000000000000000000001');
 INSERT INTO class_cache (set_id, item_id)  VALUES  ('22e400y2t7z7r0e15pt1q357gc0l3qej', '0000000000000000000000000000023100000000000000000000000000000222');
INSERT INTO metadata_display_label ( default_locale, id, site_master, key_name) VALUES ('Date Field', '7f5qhywxx5csc56thi4hw96zdty6t88uNM200904120000000000000000000030', 'runwaysdk.com', '7f5qhywxx5csc56thi4hw96zdty6t88uNM200904120000000000000000000030');
INSERT INTO metadata_display_label ( default_locale, id, site_master, key_name) VALUES ('Metadata Web Date Field', '8ois4vorytjy77fzijr7th2atd9xt78nNM200904120000000000000000000030', 'runwaysdk.com', '8ois4vorytjy77fzijr7th2atd9xt78nNM200904120000000000000000000030');
INSERT INTO md_business ( cache_algorithm, cache_algorithm_c, super_md_business, id) VALUES ('22e400y2t7z7r0e15pt1q357gc0l3qej', '0000000000000000000000000000023100000000000000000000000000000222', 'rea6bruekf297qd1skjvpqbndbpgbwet00000000000000000000000000000001', '08mb0js32190txvmyjndzb98q7u0lb5c00000000000000000000000000000001');
INSERT INTO md_element ( extendable, is_abstract, id) VALUES (1, 0, '08mb0js32190txvmyjndzb98q7u0lb5c00000000000000000000000000000001');
INSERT INTO md_entity ( query_dto_source, query_source, cache_size, enforce_site_master, table_name, id) VALUES (NULL, NULL, 0, 1, 'md_web_date', '08mb0js32190txvmyjndzb98q7u0lb5c00000000000000000000000000000001');
INSERT INTO md_class ( publish, stub_dto_source, stub_source, id) VALUES (1, NULL, NULL, '08mb0js32190txvmyjndzb98q7u0lb5c00000000000000000000000000000001');
INSERT INTO md_type ( display_label, root_id, package_name, type_name, base_source, js_base, js_stub, exported, dto_source, id) VALUES ('7f5qhywxx5csc56thi4hw96zdty6t88uNM200904120000000000000000000030', '08mb0js32190txvmyjndzb98q7u0lb5c', 'com.runwaysdk.system.metadata', 'MdWebDate', NULL, NULL, NULL, 1, NULL, '08mb0js32190txvmyjndzb98q7u0lb5c00000000000000000000000000000001');
INSERT INTO metadata ( description, created_by, owner, id, create_date, seq, type, remove, site_master, locked_by, entity_domain, last_updated_by, last_update_date, key_name) VALUES ('8ois4vorytjy77fzijr7th2atd9xt78nNM200904120000000000000000000030', '0000000000000000000000000000001000000000000000000000000000000003', '0000000000000000000000000000001000000000000000000000000000000003', '08mb0js32190txvmyjndzb98q7u0lb5c00000000000000000000000000000001', '2011-10-03 16:03:31', 2838, 'com.runwaysdk.system.metadata.MdBusiness', 1, 'runwaysdk.com', NULL, NULL, '0000000000000000000000000000001000000000000000000000000000000003', '2011-10-03 16:03:31', 'com.runwaysdk.system.metadata.MdWebDate');
CREATE TABLE md_web_date ( id CHAR(64) NOT NULL PRIMARY KEY );
INSERT INTO business_inheritance ( id, parent_id, child_id) VALUES ('qzdiralte6bwcq183sg0jpxoihusmjcm20070926NM0000000000000000000004', 'rea6bruekf297qd1skjvpqbndbpgbwet00000000000000000000000000000001', '08mb0js32190txvmyjndzb98q7u0lb5c00000000000000000000000000000001');
INSERT INTO class_inheritance ( id, parent_id, child_id) VALUES ('qzdiralte6bwcq183sg0jpxoihusmjcm20070926NM0000000000000000000004', 'rea6bruekf297qd1skjvpqbndbpgbwet00000000000000000000000000000001', '08mb0js32190txvmyjndzb98q7u0lb5c00000000000000000000000000000001');
INSERT INTO metadata_relationship ( entity_domain, site_master, last_updated_by, id, owner, locked_by, create_date, type, created_by, seq, key_name, last_update_date, parent_id, child_id) VALUES (NULL, 'runwaysdk.com', '0000000000000000000000000000001000000000000000000000000000000003', 'qzdiralte6bwcq183sg0jpxoihusmjcm20070926NM0000000000000000000004', '0000000000000000000000000000001000000000000000000000000000000003', NULL, '2011-10-03 16:03:31', 'com.runwaysdk.system.metadata.BusinessInheritance', '0000000000000000000000000000001000000000000000000000000000000003', 2839, 'qzdiralte6bwcq183sg0jpxoihusmjcm20070926NM0000000000000000000004', '2011-10-03 16:03:31', 'rea6bruekf297qd1skjvpqbndbpgbwet00000000000000000000000000000001', '08mb0js32190txvmyjndzb98q7u0lb5c00000000000000000000000000000001');
 INSERT INTO class_cache (set_id, item_id)  VALUES  ('8tulu65fo356r6udoil9aj2gm2o3ry05', '0000000000000000000000000000023100000000000000000000000000000222');
INSERT INTO metadata_display_label ( default_locale, id, site_master, key_name) VALUES ('Date Time Field', '91n4b7o7he1izm5yk61146qd0jn9v7wzNM200904120000000000000000000030', 'runwaysdk.com', '91n4b7o7he1izm5yk61146qd0jn9v7wzNM200904120000000000000000000030');
INSERT INTO metadata_display_label ( default_locale, id, site_master, key_name) VALUES ('Metadata Web DateTime Field', 'zp8bbe2b2o41mfissh2uvbh3u0y0kg1xNM200904120000000000000000000030', 'runwaysdk.com', 'zp8bbe2b2o41mfissh2uvbh3u0y0kg1xNM200904120000000000000000000030');
INSERT INTO md_business ( cache_algorithm, cache_algorithm_c, super_md_business, id) VALUES ('8tulu65fo356r6udoil9aj2gm2o3ry05', '0000000000000000000000000000023100000000000000000000000000000222', 'rea6bruekf297qd1skjvpqbndbpgbwet00000000000000000000000000000001', '8ni46ttxyzgwt5c9wxc9qqf9p30betpq00000000000000000000000000000001');
INSERT INTO md_element ( extendable, is_abstract, id) VALUES (1, 0, '8ni46ttxyzgwt5c9wxc9qqf9p30betpq00000000000000000000000000000001');
INSERT INTO md_entity ( query_dto_source, query_source, cache_size, enforce_site_master, table_name, id) VALUES (NULL, NULL, 0, 1, 'md_web_date_time', '8ni46ttxyzgwt5c9wxc9qqf9p30betpq00000000000000000000000000000001');
INSERT INTO md_class ( publish, stub_dto_source, stub_source, id) VALUES (1, NULL, NULL, '8ni46ttxyzgwt5c9wxc9qqf9p30betpq00000000000000000000000000000001');
INSERT INTO md_type ( display_label, root_id, package_name, type_name, base_source, js_base, js_stub, exported, dto_source, id) VALUES ('91n4b7o7he1izm5yk61146qd0jn9v7wzNM200904120000000000000000000030', '8ni46ttxyzgwt5c9wxc9qqf9p30betpq', 'com.runwaysdk.system.metadata', 'MdWebDateTime', NULL, NULL, NULL, 1, NULL, '8ni46ttxyzgwt5c9wxc9qqf9p30betpq00000000000000000000000000000001');
INSERT INTO metadata ( description, created_by, owner, id, create_date, seq, type, remove, site_master, locked_by, entity_domain, last_updated_by, last_update_date, key_name) VALUES ('zp8bbe2b2o41mfissh2uvbh3u0y0kg1xNM200904120000000000000000000030', '0000000000000000000000000000001000000000000000000000000000000003', '0000000000000000000000000000001000000000000000000000000000000003', '8ni46ttxyzgwt5c9wxc9qqf9p30betpq00000000000000000000000000000001', '2011-10-03 16:03:31', 2840, 'com.runwaysdk.system.metadata.MdBusiness', 1, 'runwaysdk.com', NULL, NULL, '0000000000000000000000000000001000000000000000000000000000000003', '2011-10-03 16:03:31', 'com.runwaysdk.system.metadata.MdWebDateTime');
CREATE TABLE md_web_date_time ( id CHAR(64) NOT NULL PRIMARY KEY );
INSERT INTO business_inheritance ( id, parent_id, child_id) VALUES ('zh9ybr82esqwh7jtokt5pq21e3t5l8ul20070926NM0000000000000000000004', 'rea6bruekf297qd1skjvpqbndbpgbwet00000000000000000000000000000001', '8ni46ttxyzgwt5c9wxc9qqf9p30betpq00000000000000000000000000000001');
INSERT INTO class_inheritance ( id, parent_id, child_id) VALUES ('zh9ybr82esqwh7jtokt5pq21e3t5l8ul20070926NM0000000000000000000004', 'rea6bruekf297qd1skjvpqbndbpgbwet00000000000000000000000000000001', '8ni46ttxyzgwt5c9wxc9qqf9p30betpq00000000000000000000000000000001');
INSERT INTO metadata_relationship ( entity_domain, site_master, last_updated_by, id, owner, locked_by, create_date, type, created_by, seq, key_name, last_update_date, parent_id, child_id) VALUES (NULL, 'runwaysdk.com', '0000000000000000000000000000001000000000000000000000000000000003', 'zh9ybr82esqwh7jtokt5pq21e3t5l8ul20070926NM0000000000000000000004', '0000000000000000000000000000001000000000000000000000000000000003', NULL, '2011-10-03 16:03:31', 'com.runwaysdk.system.metadata.BusinessInheritance', '0000000000000000000000000000001000000000000000000000000000000003', 2841, 'zh9ybr82esqwh7jtokt5pq21e3t5l8ul20070926NM0000000000000000000004', '2011-10-03 16:03:31', 'rea6bruekf297qd1skjvpqbndbpgbwet00000000000000000000000000000001', '8ni46ttxyzgwt5c9wxc9qqf9p30betpq00000000000000000000000000000001');
 INSERT INTO class_cache (set_id, item_id)  VALUES  ('8ca38o527awt4e4oywlqvc69rvs0cv9b', '0000000000000000000000000000023100000000000000000000000000000222');
INSERT INTO metadata_display_label ( default_locale, id, site_master, key_name) VALUES ('Time Field', 'r3wd88v3d8rdt3ds462opk4eznash2c6NM200904120000000000000000000030', 'runwaysdk.com', 'r3wd88v3d8rdt3ds462opk4eznash2c6NM200904120000000000000000000030');
INSERT INTO metadata_display_label ( default_locale, id, site_master, key_name) VALUES ('Metadata Web Time Field', '7fatnknofz3j2wr80rvzyyil1nhfkivuNM200904120000000000000000000030', 'runwaysdk.com', '7fatnknofz3j2wr80rvzyyil1nhfkivuNM200904120000000000000000000030');
INSERT INTO md_business ( cache_algorithm, cache_algorithm_c, super_md_business, id) VALUES ('8ca38o527awt4e4oywlqvc69rvs0cv9b', '0000000000000000000000000000023100000000000000000000000000000222', 'rea6bruekf297qd1skjvpqbndbpgbwet00000000000000000000000000000001', '8ly7txjoeukxryprlj53cy0uuj0z2ml200000000000000000000000000000001');
INSERT INTO md_element ( extendable, is_abstract, id) VALUES (1, 0, '8ly7txjoeukxryprlj53cy0uuj0z2ml200000000000000000000000000000001');
INSERT INTO md_entity ( query_dto_source, query_source, cache_size, enforce_site_master, table_name, id) VALUES (NULL, NULL, 0, 1, 'md_web_time', '8ly7txjoeukxryprlj53cy0uuj0z2ml200000000000000000000000000000001');
INSERT INTO md_class ( publish, stub_dto_source, stub_source, id) VALUES (1, NULL, NULL, '8ly7txjoeukxryprlj53cy0uuj0z2ml200000000000000000000000000000001');
INSERT INTO md_type ( display_label, root_id, package_name, type_name, base_source, js_base, js_stub, exported, dto_source, id) VALUES ('r3wd88v3d8rdt3ds462opk4eznash2c6NM200904120000000000000000000030', '8ly7txjoeukxryprlj53cy0uuj0z2ml2', 'com.runwaysdk.system.metadata', 'MdWebTime', NULL, NULL, NULL, 1, NULL, '8ly7txjoeukxryprlj53cy0uuj0z2ml200000000000000000000000000000001');
INSERT INTO metadata ( description, created_by, owner, id, create_date, seq, type, remove, site_master, locked_by, entity_domain, last_updated_by, last_update_date, key_name) VALUES ('7fatnknofz3j2wr80rvzyyil1nhfkivuNM200904120000000000000000000030', '0000000000000000000000000000001000000000000000000000000000000003', '0000000000000000000000000000001000000000000000000000000000000003', '8ly7txjoeukxryprlj53cy0uuj0z2ml200000000000000000000000000000001', '2011-10-03 16:03:31', 2842, 'com.runwaysdk.system.metadata.MdBusiness', 1, 'runwaysdk.com', NULL, NULL, '0000000000000000000000000000001000000000000000000000000000000003', '2011-10-03 16:03:31', 'com.runwaysdk.system.metadata.MdWebTime');
CREATE TABLE md_web_time ( id CHAR(64) NOT NULL PRIMARY KEY );
INSERT INTO business_inheritance ( id, parent_id, child_id) VALUES ('1u3l7u12yycw9ewvrrnn37tr6bc785r520070926NM0000000000000000000004', 'rea6bruekf297qd1skjvpqbndbpgbwet00000000000000000000000000000001', '8ly7txjoeukxryprlj53cy0uuj0z2ml200000000000000000000000000000001');
INSERT INTO class_inheritance ( id, parent_id, child_id) VALUES ('1u3l7u12yycw9ewvrrnn37tr6bc785r520070926NM0000000000000000000004', 'rea6bruekf297qd1skjvpqbndbpgbwet00000000000000000000000000000001', '8ly7txjoeukxryprlj53cy0uuj0z2ml200000000000000000000000000000001');
INSERT INTO metadata_relationship ( entity_domain, site_master, last_updated_by, id, owner, locked_by, create_date, type, created_by, seq, key_name, last_update_date, parent_id, child_id) VALUES (NULL, 'runwaysdk.com', '0000000000000000000000000000001000000000000000000000000000000003', '1u3l7u12yycw9ewvrrnn37tr6bc785r520070926NM0000000000000000000004', '0000000000000000000000000000001000000000000000000000000000000003', NULL, '2011-10-03 16:03:31', 'com.runwaysdk.system.metadata.BusinessInheritance', '0000000000000000000000000000001000000000000000000000000000000003', 2843, '1u3l7u12yycw9ewvrrnn37tr6bc785r520070926NM0000000000000000000004', '2011-10-03 16:03:31', 'rea6bruekf297qd1skjvpqbndbpgbwet00000000000000000000000000000001', '8ly7txjoeukxryprlj53cy0uuj0z2ml200000000000000000000000000000001');
 INSERT INTO class_cache (set_id, item_id)  VALUES  ('6x87j9wdhryjcqb32bu7ctu0lploqo9z', '0000000000000000000000000000023100000000000000000000000000000222');
INSERT INTO metadata_display_label ( default_locale, id, site_master, key_name) VALUES ('Number Field', 'zouz5v0ruc545dtkn9w2y51c9q8bkdawNM200904120000000000000000000030', 'runwaysdk.com', 'zouz5v0ruc545dtkn9w2y51c9q8bkdawNM200904120000000000000000000030');
INSERT INTO metadata_display_label ( default_locale, id, site_master, key_name) VALUES ('Metadata Web Number Field', '72tfbn169oc9gfw27pnd56prnz8c53nbNM200904120000000000000000000030', 'runwaysdk.com', '72tfbn169oc9gfw27pnd56prnz8c53nbNM200904120000000000000000000030');
INSERT INTO md_business ( cache_algorithm, cache_algorithm_c, super_md_business, id) VALUES ('6x87j9wdhryjcqb32bu7ctu0lploqo9z', '0000000000000000000000000000023100000000000000000000000000000222', '94dp3weikqddxwpddry9j5ot6my91th100000000000000000000000000000001', '6tg4df9ithltkvcohkj9wkey6byx9rv500000000000000000000000000000001');
INSERT INTO md_element ( extendable, is_abstract, id) VALUES (1, 1, '6tg4df9ithltkvcohkj9wkey6byx9rv500000000000000000000000000000001');
INSERT INTO md_entity ( query_dto_source, query_source, cache_size, enforce_site_master, table_name, id) VALUES (NULL, NULL, 0, 1, 'md_web_number', '6tg4df9ithltkvcohkj9wkey6byx9rv500000000000000000000000000000001');
INSERT INTO md_class ( publish, stub_dto_source, stub_source, id) VALUES (1, NULL, NULL, '6tg4df9ithltkvcohkj9wkey6byx9rv500000000000000000000000000000001');
INSERT INTO md_type ( display_label, root_id, package_name, type_name, base_source, js_base, js_stub, exported, dto_source, id) VALUES ('zouz5v0ruc545dtkn9w2y51c9q8bkdawNM200904120000000000000000000030', '6tg4df9ithltkvcohkj9wkey6byx9rv5', 'com.runwaysdk.system.metadata', 'MdWebNumber', NULL, NULL, NULL, 1, NULL, '6tg4df9ithltkvcohkj9wkey6byx9rv500000000000000000000000000000001');
INSERT INTO metadata ( description, created_by, owner, id, create_date, seq, type, remove, site_master, locked_by, entity_domain, last_updated_by, last_update_date, key_name) VALUES ('72tfbn169oc9gfw27pnd56prnz8c53nbNM200904120000000000000000000030', '0000000000000000000000000000001000000000000000000000000000000003', '0000000000000000000000000000001000000000000000000000000000000003', '6tg4df9ithltkvcohkj9wkey6byx9rv500000000000000000000000000000001', '2011-10-03 16:03:31', 2844, 'com.runwaysdk.system.metadata.MdBusiness', 1, 'runwaysdk.com', NULL, NULL, '0000000000000000000000000000001000000000000000000000000000000003', '2011-10-03 16:03:31', 'com.runwaysdk.system.metadata.MdWebNumber');
CREATE TABLE md_web_number ( id CHAR(64) NOT NULL PRIMARY KEY );
INSERT INTO business_inheritance ( id, parent_id, child_id) VALUES ('xmotu9t6bmdwjigysgh6gah5lujl375220070926NM0000000000000000000004', '94dp3weikqddxwpddry9j5ot6my91th100000000000000000000000000000001', '6tg4df9ithltkvcohkj9wkey6byx9rv500000000000000000000000000000001');
INSERT INTO class_inheritance ( id, parent_id, child_id) VALUES ('xmotu9t6bmdwjigysgh6gah5lujl375220070926NM0000000000000000000004', '94dp3weikqddxwpddry9j5ot6my91th100000000000000000000000000000001', '6tg4df9ithltkvcohkj9wkey6byx9rv500000000000000000000000000000001');
INSERT INTO metadata_relationship ( entity_domain, site_master, last_updated_by, id, owner, locked_by, create_date, type, created_by, seq, key_name, last_update_date, parent_id, child_id) VALUES (NULL, 'runwaysdk.com', '0000000000000000000000000000001000000000000000000000000000000003', 'xmotu9t6bmdwjigysgh6gah5lujl375220070926NM0000000000000000000004', '0000000000000000000000000000001000000000000000000000000000000003', NULL, '2011-10-03 16:03:31', 'com.runwaysdk.system.metadata.BusinessInheritance', '0000000000000000000000000000001000000000000000000000000000000003', 2845, 'xmotu9t6bmdwjigysgh6gah5lujl375220070926NM0000000000000000000004', '2011-10-03 16:03:31', '94dp3weikqddxwpddry9j5ot6my91th100000000000000000000000000000001', '6tg4df9ithltkvcohkj9wkey6byx9rv500000000000000000000000000000001');
 INSERT INTO visibilitymodifier (set_id, item_id)  VALUES  ('sokxxzmsja1xxlz14yyicuakaj2maah2', '20071109NM000000000000000000000520071109NM0000000000000000000001');
INSERT INTO metadata_display_label ( default_locale, id, site_master, key_name) VALUES ('Start Range', 'qz1n193mmgrx9vpxsh5g7yrsvir2kv5rNM200904120000000000000000000030', 'runwaysdk.com', 'qz1n193mmgrx9vpxsh5g7yrsvir2kv5rNM200904120000000000000000000030');
 INSERT INTO visibilitymodifier (set_id, item_id)  VALUES  ('8zal9mziwguc6u7addkqhnsgzl43xu59', '20071109NM000000000000000000000520071109NM0000000000000000000001');
 INSERT INTO md_attribute_indicies (set_id, item_id)  VALUES  ('sexojhy2yyh23yx4ooy4whwkcoc0uqz1', '0000000000000000000000000000040100000000000000000000000000000403');
INSERT INTO metadata_display_label ( default_locale, id, site_master, key_name) VALUES ('The number start range.', '0h6hhrpje024bhj2zmdad3757bw1vndtNM200904120000000000000000000030', 'runwaysdk.com', '0h6hhrpje024bhj2zmdad3757bw1vndtNM200904120000000000000000000030');
INSERT INTO md_attribute_character ( default_value, database_size, id) VALUES (NULL, 100, 'xcqyc7qdz87dhgorlfakud2t97mkr5dw00000000000000000000000000000138');
INSERT INTO md_attribute_char ( id) VALUES ('xcqyc7qdz87dhgorlfakud2t97mkr5dw00000000000000000000000000000138');
INSERT INTO md_attribute_primitive ( id) VALUES ('xcqyc7qdz87dhgorlfakud2t97mkr5dw00000000000000000000000000000138');
INSERT INTO md_attribute_concrete ( column_name, defining_md_class, setter_visibility, setter_visibility_c, immutable, index_name, generate_accessor, system, required, display_label, getter_visibility, getter_visibility_c, index_type, index_type_c, attribute_name, id) VALUES ('start_range', '6tg4df9ithltkvcohkj9wkey6byx9rv500000000000000000000000000000001', 'sokxxzmsja1xxlz14yyicuakaj2maah2', '20071109NM000000000000000000000520071109NM0000000000000000000001', 0, 'abf1tmlx14t4l2qj2k4ye5emp2bnk1', 1, 0, 0, 'qz1n193mmgrx9vpxsh5g7yrsvir2kv5rNM200904120000000000000000000030', '8zal9mziwguc6u7addkqhnsgzl43xu59', '20071109NM000000000000000000000520071109NM0000000000000000000001', 'sexojhy2yyh23yx4ooy4whwkcoc0uqz1', '0000000000000000000000000000040100000000000000000000000000000403', 'startRange', 'xcqyc7qdz87dhgorlfakud2t97mkr5dw00000000000000000000000000000138');
INSERT INTO md_attribute ( id) VALUES ('xcqyc7qdz87dhgorlfakud2t97mkr5dw00000000000000000000000000000138');
INSERT INTO metadata ( description, created_by, owner, id, create_date, seq, type, remove, site_master, locked_by, entity_domain, last_updated_by, last_update_date, key_name) VALUES ('0h6hhrpje024bhj2zmdad3757bw1vndtNM200904120000000000000000000030', '0000000000000000000000000000001000000000000000000000000000000003', '0000000000000000000000000000001000000000000000000000000000000003', 'xcqyc7qdz87dhgorlfakud2t97mkr5dw00000000000000000000000000000138', '2011-10-03 16:03:31', 2846, 'com.runwaysdk.system.metadata.MdAttributeCharacter', 1, 'runwaysdk.com', NULL, NULL, '0000000000000000000000000000001000000000000000000000000000000003', '2011-10-03 16:03:31', 'com.runwaysdk.system.metadata.MdWebNumber.startRange');
ALTER TABLE md_web_number ADD COLUMN start_range  varchar(100);
INSERT INTO class_attribute_concrete ( id, parent_id, child_id) VALUES ('8nbuh009na1hwqqpsbi21i0ru9mjax3200000000000000000000000000000073', '6tg4df9ithltkvcohkj9wkey6byx9rv500000000000000000000000000000001', 'xcqyc7qdz87dhgorlfakud2t97mkr5dw00000000000000000000000000000138');
INSERT INTO class_attribute ( id, parent_id, child_id) VALUES ('8nbuh009na1hwqqpsbi21i0ru9mjax3200000000000000000000000000000073', '6tg4df9ithltkvcohkj9wkey6byx9rv500000000000000000000000000000001', 'xcqyc7qdz87dhgorlfakud2t97mkr5dw00000000000000000000000000000138');
INSERT INTO metadata_relationship ( entity_domain, site_master, last_updated_by, id, owner, locked_by, create_date, type, created_by, seq, key_name, last_update_date, parent_id, child_id) VALUES (NULL, 'runwaysdk.com', '0000000000000000000000000000001000000000000000000000000000000003', '8nbuh009na1hwqqpsbi21i0ru9mjax3200000000000000000000000000000073', '0000000000000000000000000000001000000000000000000000000000000003', NULL, '2011-10-03 16:03:31', 'com.runwaysdk.system.metadata.ClassAttributeConcrete', '0000000000000000000000000000001000000000000000000000000000000003', 2847, 'com.runwaysdk.system.metadata.MdWebNumber.startRange', '2011-10-03 16:03:31', '6tg4df9ithltkvcohkj9wkey6byx9rv500000000000000000000000000000001', 'xcqyc7qdz87dhgorlfakud2t97mkr5dw00000000000000000000000000000138');
 INSERT INTO visibilitymodifier (set_id, item_id)  VALUES  ('8hsfzkk4su5blasd6ki3houe4w82nnrg', '20071109NM000000000000000000000520071109NM0000000000000000000001');
INSERT INTO metadata_display_label ( default_locale, id, site_master, key_name) VALUES ('End Range', 'r78z16yhznbs57c0aef68ehkw2guw3v2NM200904120000000000000000000030', 'runwaysdk.com', 'r78z16yhznbs57c0aef68ehkw2guw3v2NM200904120000000000000000000030');
 INSERT INTO visibilitymodifier (set_id, item_id)  VALUES  ('srlw0f0qo6aijd9exu5tvgfiuiodlir1', '20071109NM000000000000000000000520071109NM0000000000000000000001');
 INSERT INTO md_attribute_indicies (set_id, item_id)  VALUES  ('75aaoquui0ys1hr3as05svjzamgtj14b', '0000000000000000000000000000040100000000000000000000000000000403');
INSERT INTO metadata_display_label ( default_locale, id, site_master, key_name) VALUES ('The number end range.', 'r7earthkf28tiz4ntmueedr14yxvax2rNM200904120000000000000000000030', 'runwaysdk.com', 'r7earthkf28tiz4ntmueedr14yxvax2rNM200904120000000000000000000030');
INSERT INTO md_attribute_character ( default_value, database_size, id) VALUES (NULL, 100, '7gyjyf1gb4r2wxobqlasajagrms1uqfe00000000000000000000000000000138');
INSERT INTO md_attribute_char ( id) VALUES ('7gyjyf1gb4r2wxobqlasajagrms1uqfe00000000000000000000000000000138');
INSERT INTO md_attribute_primitive ( id) VALUES ('7gyjyf1gb4r2wxobqlasajagrms1uqfe00000000000000000000000000000138');
INSERT INTO md_attribute_concrete ( column_name, defining_md_class, setter_visibility, setter_visibility_c, immutable, index_name, generate_accessor, system, required, display_label, getter_visibility, getter_visibility_c, index_type, index_type_c, attribute_name, id) VALUES ('end_range', '6tg4df9ithltkvcohkj9wkey6byx9rv500000000000000000000000000000001', '8hsfzkk4su5blasd6ki3houe4w82nnrg', '20071109NM000000000000000000000520071109NM0000000000000000000001', 0, 'afa4rsev4svhl4exnedlagguw02pjy', 1, 0, 0, 'r78z16yhznbs57c0aef68ehkw2guw3v2NM200904120000000000000000000030', 'srlw0f0qo6aijd9exu5tvgfiuiodlir1', '20071109NM000000000000000000000520071109NM0000000000000000000001', '75aaoquui0ys1hr3as05svjzamgtj14b', '0000000000000000000000000000040100000000000000000000000000000403', 'endRange', '7gyjyf1gb4r2wxobqlasajagrms1uqfe00000000000000000000000000000138');
INSERT INTO md_attribute ( id) VALUES ('7gyjyf1gb4r2wxobqlasajagrms1uqfe00000000000000000000000000000138');
INSERT INTO metadata ( description, created_by, owner, id, create_date, seq, type, remove, site_master, locked_by, entity_domain, last_updated_by, last_update_date, key_name) VALUES ('r7earthkf28tiz4ntmueedr14yxvax2rNM200904120000000000000000000030', '0000000000000000000000000000001000000000000000000000000000000003', '0000000000000000000000000000001000000000000000000000000000000003', '7gyjyf1gb4r2wxobqlasajagrms1uqfe00000000000000000000000000000138', '2011-10-03 16:03:31', 2848, 'com.runwaysdk.system.metadata.MdAttributeCharacter', 1, 'runwaysdk.com', NULL, NULL, '0000000000000000000000000000001000000000000000000000000000000003', '2011-10-03 16:03:31', 'com.runwaysdk.system.metadata.MdWebNumber.endRange');
ALTER TABLE md_web_number ADD COLUMN end_range  varchar(100);
INSERT INTO class_attribute_concrete ( id, parent_id, child_id) VALUES ('suq668d4o50taojhnszfsaly3360fp1z00000000000000000000000000000073', '6tg4df9ithltkvcohkj9wkey6byx9rv500000000000000000000000000000001', '7gyjyf1gb4r2wxobqlasajagrms1uqfe00000000000000000000000000000138');
INSERT INTO class_attribute ( id, parent_id, child_id) VALUES ('suq668d4o50taojhnszfsaly3360fp1z00000000000000000000000000000073', '6tg4df9ithltkvcohkj9wkey6byx9rv500000000000000000000000000000001', '7gyjyf1gb4r2wxobqlasajagrms1uqfe00000000000000000000000000000138');
INSERT INTO metadata_relationship ( entity_domain, site_master, last_updated_by, id, owner, locked_by, create_date, type, created_by, seq, key_name, last_update_date, parent_id, child_id) VALUES (NULL, 'runwaysdk.com', '0000000000000000000000000000001000000000000000000000000000000003', 'suq668d4o50taojhnszfsaly3360fp1z00000000000000000000000000000073', '0000000000000000000000000000001000000000000000000000000000000003', NULL, '2011-10-03 16:03:31', 'com.runwaysdk.system.metadata.ClassAttributeConcrete', '0000000000000000000000000000001000000000000000000000000000000003', 2849, 'com.runwaysdk.system.metadata.MdWebNumber.endRange', '2011-10-03 16:03:31', '6tg4df9ithltkvcohkj9wkey6byx9rv500000000000000000000000000000001', '7gyjyf1gb4r2wxobqlasajagrms1uqfe00000000000000000000000000000138');
 INSERT INTO class_cache (set_id, item_id)  VALUES  ('sj3mbeh1cgodyntusmadfi5mhp0w00gl', '0000000000000000000000000000023100000000000000000000000000000222');
INSERT INTO metadata_display_label ( default_locale, id, site_master, key_name) VALUES ('Integer Field', '7cxybvsynk4q9frs5e5gbzwa5wq0i6edNM200904120000000000000000000030', 'runwaysdk.com', '7cxybvsynk4q9frs5e5gbzwa5wq0i6edNM200904120000000000000000000030');
INSERT INTO metadata_display_label ( default_locale, id, site_master, key_name) VALUES ('Metadata Web Integer Field', 'snfbd47vhir86f1iqp85xhv0hjnf5qlbNM200904120000000000000000000030', 'runwaysdk.com', 'snfbd47vhir86f1iqp85xhv0hjnf5qlbNM200904120000000000000000000030');
INSERT INTO md_business ( cache_algorithm, cache_algorithm_c, super_md_business, id) VALUES ('sj3mbeh1cgodyntusmadfi5mhp0w00gl', '0000000000000000000000000000023100000000000000000000000000000222', '6tg4df9ithltkvcohkj9wkey6byx9rv500000000000000000000000000000001', 'rc4na11iois1x8ivxvzps4mp7a68ovbg00000000000000000000000000000001');
INSERT INTO md_element ( extendable, is_abstract, id) VALUES (1, 0, 'rc4na11iois1x8ivxvzps4mp7a68ovbg00000000000000000000000000000001');
INSERT INTO md_entity ( query_dto_source, query_source, cache_size, enforce_site_master, table_name, id) VALUES (NULL, NULL, 0, 1, 'md_web_integer', 'rc4na11iois1x8ivxvzps4mp7a68ovbg00000000000000000000000000000001');
INSERT INTO md_class ( publish, stub_dto_source, stub_source, id) VALUES (1, NULL, NULL, 'rc4na11iois1x8ivxvzps4mp7a68ovbg00000000000000000000000000000001');
INSERT INTO md_type ( display_label, root_id, package_name, type_name, base_source, js_base, js_stub, exported, dto_source, id) VALUES ('7cxybvsynk4q9frs5e5gbzwa5wq0i6edNM200904120000000000000000000030', 'rc4na11iois1x8ivxvzps4mp7a68ovbg', 'com.runwaysdk.system.metadata', 'MdWebInteger', NULL, NULL, NULL, 1, NULL, 'rc4na11iois1x8ivxvzps4mp7a68ovbg00000000000000000000000000000001');
INSERT INTO metadata ( description, created_by, owner, id, create_date, seq, type, remove, site_master, locked_by, entity_domain, last_updated_by, last_update_date, key_name) VALUES ('snfbd47vhir86f1iqp85xhv0hjnf5qlbNM200904120000000000000000000030', '0000000000000000000000000000001000000000000000000000000000000003', '0000000000000000000000000000001000000000000000000000000000000003', 'rc4na11iois1x8ivxvzps4mp7a68ovbg00000000000000000000000000000001', '2011-10-03 16:03:31', 2850, 'com.runwaysdk.system.metadata.MdBusiness', 1, 'runwaysdk.com', NULL, NULL, '0000000000000000000000000000001000000000000000000000000000000003', '2011-10-03 16:03:31', 'com.runwaysdk.system.metadata.MdWebInteger');
CREATE TABLE md_web_integer ( id CHAR(64) NOT NULL PRIMARY KEY );
INSERT INTO business_inheritance ( id, parent_id, child_id) VALUES ('sp65rww2scpt1ygmm2dz5vnhoea3cgtt20070926NM0000000000000000000004', '6tg4df9ithltkvcohkj9wkey6byx9rv500000000000000000000000000000001', 'rc4na11iois1x8ivxvzps4mp7a68ovbg00000000000000000000000000000001');
INSERT INTO class_inheritance ( id, parent_id, child_id) VALUES ('sp65rww2scpt1ygmm2dz5vnhoea3cgtt20070926NM0000000000000000000004', '6tg4df9ithltkvcohkj9wkey6byx9rv500000000000000000000000000000001', 'rc4na11iois1x8ivxvzps4mp7a68ovbg00000000000000000000000000000001');
INSERT INTO metadata_relationship ( entity_domain, site_master, last_updated_by, id, owner, locked_by, create_date, type, created_by, seq, key_name, last_update_date, parent_id, child_id) VALUES (NULL, 'runwaysdk.com', '0000000000000000000000000000001000000000000000000000000000000003', 'sp65rww2scpt1ygmm2dz5vnhoea3cgtt20070926NM0000000000000000000004', '0000000000000000000000000000001000000000000000000000000000000003', NULL, '2011-10-03 16:03:31', 'com.runwaysdk.system.metadata.BusinessInheritance', '0000000000000000000000000000001000000000000000000000000000000003', 2851, 'sp65rww2scpt1ygmm2dz5vnhoea3cgtt20070926NM0000000000000000000004', '2011-10-03 16:03:31', '6tg4df9ithltkvcohkj9wkey6byx9rv500000000000000000000000000000001', 'rc4na11iois1x8ivxvzps4mp7a68ovbg00000000000000000000000000000001');
 INSERT INTO class_cache (set_id, item_id)  VALUES  ('x9x5qqgtf9auyizrqpl8a63kolje0aoz', '0000000000000000000000000000023100000000000000000000000000000222');
INSERT INTO metadata_display_label ( default_locale, id, site_master, key_name) VALUES ('Long Field', 'zl212djxinj86vujy00tw3jcouz7nz8cNM200904120000000000000000000030', 'runwaysdk.com', 'zl212djxinj86vujy00tw3jcouz7nz8cNM200904120000000000000000000030');
INSERT INTO metadata_display_label ( default_locale, id, site_master, key_name) VALUES ('Metadata Web Long Field', '1u8ls2plm8p0px6j46jru9mdbh8vtxz1NM200904120000000000000000000030', 'runwaysdk.com', '1u8ls2plm8p0px6j46jru9mdbh8vtxz1NM200904120000000000000000000030');
INSERT INTO md_business ( cache_algorithm, cache_algorithm_c, super_md_business, id) VALUES ('x9x5qqgtf9auyizrqpl8a63kolje0aoz', '0000000000000000000000000000023100000000000000000000000000000222', '6tg4df9ithltkvcohkj9wkey6byx9rv500000000000000000000000000000001', 'sgq0n2svhtj4ci1la64knwymty5w1w5v00000000000000000000000000000001');
INSERT INTO md_element ( extendable, is_abstract, id) VALUES (1, 0, 'sgq0n2svhtj4ci1la64knwymty5w1w5v00000000000000000000000000000001');
INSERT INTO md_entity ( query_dto_source, query_source, cache_size, enforce_site_master, table_name, id) VALUES (NULL, NULL, 0, 1, 'md_web_long', 'sgq0n2svhtj4ci1la64knwymty5w1w5v00000000000000000000000000000001');
INSERT INTO md_class ( publish, stub_dto_source, stub_source, id) VALUES (1, NULL, NULL, 'sgq0n2svhtj4ci1la64knwymty5w1w5v00000000000000000000000000000001');
INSERT INTO md_type ( display_label, root_id, package_name, type_name, base_source, js_base, js_stub, exported, dto_source, id) VALUES ('zl212djxinj86vujy00tw3jcouz7nz8cNM200904120000000000000000000030', 'sgq0n2svhtj4ci1la64knwymty5w1w5v', 'com.runwaysdk.system.metadata', 'MdWebLong', NULL, NULL, NULL, 1, NULL, 'sgq0n2svhtj4ci1la64knwymty5w1w5v00000000000000000000000000000001');
INSERT INTO metadata ( description, created_by, owner, id, create_date, seq, type, remove, site_master, locked_by, entity_domain, last_updated_by, last_update_date, key_name) VALUES ('1u8ls2plm8p0px6j46jru9mdbh8vtxz1NM200904120000000000000000000030', '0000000000000000000000000000001000000000000000000000000000000003', '0000000000000000000000000000001000000000000000000000000000000003', 'sgq0n2svhtj4ci1la64knwymty5w1w5v00000000000000000000000000000001', '2011-10-03 16:03:31', 2852, 'com.runwaysdk.system.metadata.MdBusiness', 1, 'runwaysdk.com', NULL, NULL, '0000000000000000000000000000001000000000000000000000000000000003', '2011-10-03 16:03:31', 'com.runwaysdk.system.metadata.MdWebLong');
CREATE TABLE md_web_long ( id CHAR(64) NOT NULL PRIMARY KEY );
INSERT INTO business_inheritance ( id, parent_id, child_id) VALUES ('0i6rbermqfucjimogfchdyc1vf82v4vm20070926NM0000000000000000000004', '6tg4df9ithltkvcohkj9wkey6byx9rv500000000000000000000000000000001', 'sgq0n2svhtj4ci1la64knwymty5w1w5v00000000000000000000000000000001');
INSERT INTO class_inheritance ( id, parent_id, child_id) VALUES ('0i6rbermqfucjimogfchdyc1vf82v4vm20070926NM0000000000000000000004', '6tg4df9ithltkvcohkj9wkey6byx9rv500000000000000000000000000000001', 'sgq0n2svhtj4ci1la64knwymty5w1w5v00000000000000000000000000000001');
INSERT INTO metadata_relationship ( entity_domain, site_master, last_updated_by, id, owner, locked_by, create_date, type, created_by, seq, key_name, last_update_date, parent_id, child_id) VALUES (NULL, 'runwaysdk.com', '0000000000000000000000000000001000000000000000000000000000000003', '0i6rbermqfucjimogfchdyc1vf82v4vm20070926NM0000000000000000000004', '0000000000000000000000000000001000000000000000000000000000000003', NULL, '2011-10-03 16:03:31', 'com.runwaysdk.system.metadata.BusinessInheritance', '0000000000000000000000000000001000000000000000000000000000000003', 2853, '0i6rbermqfucjimogfchdyc1vf82v4vm20070926NM0000000000000000000004', '2011-10-03 16:03:31', '6tg4df9ithltkvcohkj9wkey6byx9rv500000000000000000000000000000001', 'sgq0n2svhtj4ci1la64knwymty5w1w5v00000000000000000000000000000001');
 INSERT INTO class_cache (set_id, item_id)  VALUES  ('zof32p13w3gr4b052ayhama3ha9jh3cf', '0000000000000000000000000000023100000000000000000000000000000222');
INSERT INTO metadata_display_label ( default_locale, id, site_master, key_name) VALUES ('Dec Field', 'sfcpufmgwcqvim2fqhwjphny970s4wwiNM200904120000000000000000000030', 'runwaysdk.com', 'sfcpufmgwcqvim2fqhwjphny970s4wwiNM200904120000000000000000000030');
INSERT INTO metadata_display_label ( default_locale, id, site_master, key_name) VALUES ('Metadata Web Dec Field', 'zl9irf43l9kxayg36ztgrfmzur39hvkqNM200904120000000000000000000030', 'runwaysdk.com', 'zl9irf43l9kxayg36ztgrfmzur39hvkqNM200904120000000000000000000030');
INSERT INTO md_business ( cache_algorithm, cache_algorithm_c, super_md_business, id) VALUES ('zof32p13w3gr4b052ayhama3ha9jh3cf', '0000000000000000000000000000023100000000000000000000000000000222', '6tg4df9ithltkvcohkj9wkey6byx9rv500000000000000000000000000000001', 'xcmpj7feoalqwilw6w415vai27ukhdjc00000000000000000000000000000001');
INSERT INTO md_element ( extendable, is_abstract, id) VALUES (1, 1, 'xcmpj7feoalqwilw6w415vai27ukhdjc00000000000000000000000000000001');
INSERT INTO md_entity ( query_dto_source, query_source, cache_size, enforce_site_master, table_name, id) VALUES (NULL, NULL, 0, 1, 'md_web_dec', 'xcmpj7feoalqwilw6w415vai27ukhdjc00000000000000000000000000000001');
INSERT INTO md_class ( publish, stub_dto_source, stub_source, id) VALUES (1, NULL, NULL, 'xcmpj7feoalqwilw6w415vai27ukhdjc00000000000000000000000000000001');
INSERT INTO md_type ( display_label, root_id, package_name, type_name, base_source, js_base, js_stub, exported, dto_source, id) VALUES ('sfcpufmgwcqvim2fqhwjphny970s4wwiNM200904120000000000000000000030', 'xcmpj7feoalqwilw6w415vai27ukhdjc', 'com.runwaysdk.system.metadata', 'MdWebDec', NULL, NULL, NULL, 1, NULL, 'xcmpj7feoalqwilw6w415vai27ukhdjc00000000000000000000000000000001');
INSERT INTO metadata ( description, created_by, owner, id, create_date, seq, type, remove, site_master, locked_by, entity_domain, last_updated_by, last_update_date, key_name) VALUES ('zl9irf43l9kxayg36ztgrfmzur39hvkqNM200904120000000000000000000030', '0000000000000000000000000000001000000000000000000000000000000003', '0000000000000000000000000000001000000000000000000000000000000003', 'xcmpj7feoalqwilw6w415vai27ukhdjc00000000000000000000000000000001', '2011-10-03 16:03:31', 2854, 'com.runwaysdk.system.metadata.MdBusiness', 1, 'runwaysdk.com', NULL, NULL, '0000000000000000000000000000001000000000000000000000000000000003', '2011-10-03 16:03:31', 'com.runwaysdk.system.metadata.MdWebDec');
CREATE TABLE md_web_dec ( id CHAR(64) NOT NULL PRIMARY KEY );
INSERT INTO business_inheritance ( id, parent_id, child_id) VALUES ('z4b04dp4utein532z4iskbstmxl0qn9b20070926NM0000000000000000000004', '6tg4df9ithltkvcohkj9wkey6byx9rv500000000000000000000000000000001', 'xcmpj7feoalqwilw6w415vai27ukhdjc00000000000000000000000000000001');
INSERT INTO class_inheritance ( id, parent_id, child_id) VALUES ('z4b04dp4utein532z4iskbstmxl0qn9b20070926NM0000000000000000000004', '6tg4df9ithltkvcohkj9wkey6byx9rv500000000000000000000000000000001', 'xcmpj7feoalqwilw6w415vai27ukhdjc00000000000000000000000000000001');
INSERT INTO metadata_relationship ( entity_domain, site_master, last_updated_by, id, owner, locked_by, create_date, type, created_by, seq, key_name, last_update_date, parent_id, child_id) VALUES (NULL, 'runwaysdk.com', '0000000000000000000000000000001000000000000000000000000000000003', 'z4b04dp4utein532z4iskbstmxl0qn9b20070926NM0000000000000000000004', '0000000000000000000000000000001000000000000000000000000000000003', NULL, '2011-10-03 16:03:31', 'com.runwaysdk.system.metadata.BusinessInheritance', '0000000000000000000000000000001000000000000000000000000000000003', 2855, 'z4b04dp4utein532z4iskbstmxl0qn9b20070926NM0000000000000000000004', '2011-10-03 16:03:31', '6tg4df9ithltkvcohkj9wkey6byx9rv500000000000000000000000000000001', 'xcmpj7feoalqwilw6w415vai27ukhdjc00000000000000000000000000000001');
 INSERT INTO visibilitymodifier (set_id, item_id)  VALUES  ('sfmw3mcjuu8fzgqef5lqn8srb277oeti', '20071109NM000000000000000000000520071109NM0000000000000000000001');
INSERT INTO metadata_display_label ( default_locale, id, site_master, key_name) VALUES ('Precision', 'quugg9d2gr5bgsrmb39j1twbzjka1mrnNM200904120000000000000000000030', 'runwaysdk.com', 'quugg9d2gr5bgsrmb39j1twbzjka1mrnNM200904120000000000000000000030');
 INSERT INTO visibilitymodifier (set_id, item_id)  VALUES  ('2clzmzj3e5cnhlt7k2aj5tsbeqv0k028', '20071109NM000000000000000000000520071109NM0000000000000000000001');
 INSERT INTO md_attribute_indicies (set_id, item_id)  VALUES  ('91a2v1sinwa7w69afvm53mfj0h7rrabw', '0000000000000000000000000000040100000000000000000000000000000403');
INSERT INTO metadata_display_label ( default_locale, id, site_master, key_name) VALUES ('The number of signifcant digits.', 'xcwfdref003xvq0a6n5tm71hpvkmkl3nNM200904120000000000000000000030', 'runwaysdk.com', 'xcwfdref003xvq0a6n5tm71hpvkmkl3nNM200904120000000000000000000030');
INSERT INTO md_attribute_integer ( default_value, id) VALUES (6, '8s5gcyypgoyd6ay4q9fxnz692g9i60dw00000000000000000000000000000332');
INSERT INTO md_attribute_int ( id) VALUES ('8s5gcyypgoyd6ay4q9fxnz692g9i60dw00000000000000000000000000000332');
INSERT INTO md_attribute_number ( reject_negative, reject_zero, reject_positive, id) VALUES (1, 1, 0, '8s5gcyypgoyd6ay4q9fxnz692g9i60dw00000000000000000000000000000332');
INSERT INTO md_attribute_primitive ( id) VALUES ('8s5gcyypgoyd6ay4q9fxnz692g9i60dw00000000000000000000000000000332');
INSERT INTO md_attribute_concrete ( column_name, defining_md_class, setter_visibility, setter_visibility_c, immutable, index_name, generate_accessor, system, required, display_label, getter_visibility, getter_visibility_c, index_type, index_type_c, attribute_name, id) VALUES ('dec_precision', 'xcmpj7feoalqwilw6w415vai27ukhdjc00000000000000000000000000000001', 'sfmw3mcjuu8fzgqef5lqn8srb277oeti', '20071109NM000000000000000000000520071109NM0000000000000000000001', 0, 'ar6reads2el6jbzjat29ddk184j48j', 1, 0, 1, 'quugg9d2gr5bgsrmb39j1twbzjka1mrnNM200904120000000000000000000030', '2clzmzj3e5cnhlt7k2aj5tsbeqv0k028', '20071109NM000000000000000000000520071109NM0000000000000000000001', '91a2v1sinwa7w69afvm53mfj0h7rrabw', '0000000000000000000000000000040100000000000000000000000000000403', 'decPrecision', '8s5gcyypgoyd6ay4q9fxnz692g9i60dw00000000000000000000000000000332');
INSERT INTO md_attribute ( id) VALUES ('8s5gcyypgoyd6ay4q9fxnz692g9i60dw00000000000000000000000000000332');
INSERT INTO metadata ( description, created_by, owner, id, create_date, seq, type, remove, site_master, locked_by, entity_domain, last_updated_by, last_update_date, key_name) VALUES ('xcwfdref003xvq0a6n5tm71hpvkmkl3nNM200904120000000000000000000030', '0000000000000000000000000000001000000000000000000000000000000003', '0000000000000000000000000000001000000000000000000000000000000003', '8s5gcyypgoyd6ay4q9fxnz692g9i60dw00000000000000000000000000000332', '2011-10-03 16:03:31', 2856, 'com.runwaysdk.system.metadata.MdAttributeInteger', 1, 'runwaysdk.com', NULL, NULL, '0000000000000000000000000000001000000000000000000000000000000003', '2011-10-03 16:03:31', 'com.runwaysdk.system.metadata.MdWebDec.decPrecision');
ALTER TABLE md_web_dec ADD COLUMN dec_precision  int;
INSERT INTO class_attribute_concrete ( id, parent_id, child_id) VALUES ('7cuhg9s933p33r7sk5zke5x2nsj8avy600000000000000000000000000000073', 'xcmpj7feoalqwilw6w415vai27ukhdjc00000000000000000000000000000001', '8s5gcyypgoyd6ay4q9fxnz692g9i60dw00000000000000000000000000000332');
INSERT INTO class_attribute ( id, parent_id, child_id) VALUES ('7cuhg9s933p33r7sk5zke5x2nsj8avy600000000000000000000000000000073', 'xcmpj7feoalqwilw6w415vai27ukhdjc00000000000000000000000000000001', '8s5gcyypgoyd6ay4q9fxnz692g9i60dw00000000000000000000000000000332');
INSERT INTO metadata_relationship ( entity_domain, site_master, last_updated_by, id, owner, locked_by, create_date, type, created_by, seq, key_name, last_update_date, parent_id, child_id) VALUES (NULL, 'runwaysdk.com', '0000000000000000000000000000001000000000000000000000000000000003', '7cuhg9s933p33r7sk5zke5x2nsj8avy600000000000000000000000000000073', '0000000000000000000000000000001000000000000000000000000000000003', NULL, '2011-10-03 16:03:31', 'com.runwaysdk.system.metadata.ClassAttributeConcrete', '0000000000000000000000000000001000000000000000000000000000000003', 2857, 'com.runwaysdk.system.metadata.MdWebDec.decPrecision', '2011-10-03 16:03:31', 'xcmpj7feoalqwilw6w415vai27ukhdjc00000000000000000000000000000001', '8s5gcyypgoyd6ay4q9fxnz692g9i60dw00000000000000000000000000000332');
 INSERT INTO visibilitymodifier (set_id, item_id)  VALUES  ('0ab2ggrl3c3e4s10e0yu14n9nqh526r3', '20071109NM000000000000000000000520071109NM0000000000000000000001');
INSERT INTO metadata_display_label ( default_locale, id, site_master, key_name) VALUES ('Scale', 'r04s9bz3266r5gb1djd7dmlhxihf37jwNM200904120000000000000000000030', 'runwaysdk.com', 'r04s9bz3266r5gb1djd7dmlhxihf37jwNM200904120000000000000000000030');
 INSERT INTO visibilitymodifier (set_id, item_id)  VALUES  ('6orgmgo9rpumg0hvb1tgsg92ob370clh', '20071109NM000000000000000000000520071109NM0000000000000000000001');
 INSERT INTO md_attribute_indicies (set_id, item_id)  VALUES  ('8hfkzf1yrsstdg4ok3jt4zv5qjiel634', '0000000000000000000000000000040100000000000000000000000000000403');
INSERT INTO metadata_display_label ( default_locale, id, site_master, key_name) VALUES ('The number of decimal digits.', '046m7c1p4dwslag9rbfa29zjk6vzzs9iNM200904120000000000000000000030', 'runwaysdk.com', '046m7c1p4dwslag9rbfa29zjk6vzzs9iNM200904120000000000000000000030');
INSERT INTO md_attribute_integer ( default_value, id) VALUES (1, 'xe0qxzlnq02ktpoq0cfj3ngmww1je3tj00000000000000000000000000000332');
INSERT INTO md_attribute_int ( id) VALUES ('xe0qxzlnq02ktpoq0cfj3ngmww1je3tj00000000000000000000000000000332');
INSERT INTO md_attribute_number ( reject_negative, reject_zero, reject_positive, id) VALUES (1, 0, 0, 'xe0qxzlnq02ktpoq0cfj3ngmww1je3tj00000000000000000000000000000332');
INSERT INTO md_attribute_primitive ( id) VALUES ('xe0qxzlnq02ktpoq0cfj3ngmww1je3tj00000000000000000000000000000332');
INSERT INTO md_attribute_concrete ( column_name, defining_md_class, setter_visibility, setter_visibility_c, immutable, index_name, generate_accessor, system, required, display_label, getter_visibility, getter_visibility_c, index_type, index_type_c, attribute_name, id) VALUES ('dec_scale', 'xcmpj7feoalqwilw6w415vai27ukhdjc00000000000000000000000000000001', '0ab2ggrl3c3e4s10e0yu14n9nqh526r3', '20071109NM000000000000000000000520071109NM0000000000000000000001', 0, 'agfi5al8q5mglonic3kgqhqswuurrc', 1, 0, 0, 'r04s9bz3266r5gb1djd7dmlhxihf37jwNM200904120000000000000000000030', '6orgmgo9rpumg0hvb1tgsg92ob370clh', '20071109NM000000000000000000000520071109NM0000000000000000000001', '8hfkzf1yrsstdg4ok3jt4zv5qjiel634', '0000000000000000000000000000040100000000000000000000000000000403', 'decScale', 'xe0qxzlnq02ktpoq0cfj3ngmww1je3tj00000000000000000000000000000332');
INSERT INTO md_attribute ( id) VALUES ('xe0qxzlnq02ktpoq0cfj3ngmww1je3tj00000000000000000000000000000332');
INSERT INTO metadata ( description, created_by, owner, id, create_date, seq, type, remove, site_master, locked_by, entity_domain, last_updated_by, last_update_date, key_name) VALUES ('046m7c1p4dwslag9rbfa29zjk6vzzs9iNM200904120000000000000000000030', '0000000000000000000000000000001000000000000000000000000000000003', '0000000000000000000000000000001000000000000000000000000000000003', 'xe0qxzlnq02ktpoq0cfj3ngmww1je3tj00000000000000000000000000000332', '2011-10-03 16:03:31', 2858, 'com.runwaysdk.system.metadata.MdAttributeInteger', 1, 'runwaysdk.com', NULL, NULL, '0000000000000000000000000000001000000000000000000000000000000003', '2011-10-03 16:03:31', 'com.runwaysdk.system.metadata.MdWebDec.decScale');
ALTER TABLE md_web_dec ADD COLUMN dec_scale  int;
INSERT INTO class_attribute_concrete ( id, parent_id, child_id) VALUES ('0l7fqkrikbmthf3tblkb6q5td9c8x3jn00000000000000000000000000000073', 'xcmpj7feoalqwilw6w415vai27ukhdjc00000000000000000000000000000001', 'xe0qxzlnq02ktpoq0cfj3ngmww1je3tj00000000000000000000000000000332');
INSERT INTO class_attribute ( id, parent_id, child_id) VALUES ('0l7fqkrikbmthf3tblkb6q5td9c8x3jn00000000000000000000000000000073', 'xcmpj7feoalqwilw6w415vai27ukhdjc00000000000000000000000000000001', 'xe0qxzlnq02ktpoq0cfj3ngmww1je3tj00000000000000000000000000000332');
INSERT INTO metadata_relationship ( entity_domain, site_master, last_updated_by, id, owner, locked_by, create_date, type, created_by, seq, key_name, last_update_date, parent_id, child_id) VALUES (NULL, 'runwaysdk.com', '0000000000000000000000000000001000000000000000000000000000000003', '0l7fqkrikbmthf3tblkb6q5td9c8x3jn00000000000000000000000000000073', '0000000000000000000000000000001000000000000000000000000000000003', NULL, '2011-10-03 16:03:31', 'com.runwaysdk.system.metadata.ClassAttributeConcrete', '0000000000000000000000000000001000000000000000000000000000000003', 2859, 'com.runwaysdk.system.metadata.MdWebDec.decScale', '2011-10-03 16:03:31', 'xcmpj7feoalqwilw6w415vai27ukhdjc00000000000000000000000000000001', 'xe0qxzlnq02ktpoq0cfj3ngmww1je3tj00000000000000000000000000000332');
 INSERT INTO class_cache (set_id, item_id)  VALUES  ('7f9ni34uxcvsggi1b2jk17ahr2f5y0xj', '0000000000000000000000000000023100000000000000000000000000000222');
INSERT INTO metadata_display_label ( default_locale, id, site_master, key_name) VALUES ('Double Field', '20gdu62n1hi5vznwv32z81ndlx1tq194NM200904120000000000000000000030', 'runwaysdk.com', '20gdu62n1hi5vznwv32z81ndlx1tq194NM200904120000000000000000000030');
INSERT INTO metadata_display_label ( default_locale, id, site_master, key_name) VALUES ('Metadata Web Double Field', 'zh3nrxvi5zl5xfimxb9wulvybij7upedNM200904120000000000000000000030', 'runwaysdk.com', 'zh3nrxvi5zl5xfimxb9wulvybij7upedNM200904120000000000000000000030');
INSERT INTO md_business ( cache_algorithm, cache_algorithm_c, super_md_business, id) VALUES ('7f9ni34uxcvsggi1b2jk17ahr2f5y0xj', '0000000000000000000000000000023100000000000000000000000000000222', 'xcmpj7feoalqwilw6w415vai27ukhdjc00000000000000000000000000000001', 'xp8wc9likpybpfp37ha3nqh6t285q2w400000000000000000000000000000001');
INSERT INTO md_element ( extendable, is_abstract, id) VALUES (1, 0, 'xp8wc9likpybpfp37ha3nqh6t285q2w400000000000000000000000000000001');
INSERT INTO md_entity ( query_dto_source, query_source, cache_size, enforce_site_master, table_name, id) VALUES (NULL, NULL, 0, 1, 'md_web_double', 'xp8wc9likpybpfp37ha3nqh6t285q2w400000000000000000000000000000001');
INSERT INTO md_class ( publish, stub_dto_source, stub_source, id) VALUES (1, NULL, NULL, 'xp8wc9likpybpfp37ha3nqh6t285q2w400000000000000000000000000000001');
INSERT INTO md_type ( display_label, root_id, package_name, type_name, base_source, js_base, js_stub, exported, dto_source, id) VALUES ('20gdu62n1hi5vznwv32z81ndlx1tq194NM200904120000000000000000000030', 'xp8wc9likpybpfp37ha3nqh6t285q2w4', 'com.runwaysdk.system.metadata', 'MdWebDouble', NULL, NULL, NULL, 1, NULL, 'xp8wc9likpybpfp37ha3nqh6t285q2w400000000000000000000000000000001');
INSERT INTO metadata ( description, created_by, owner, id, create_date, seq, type, remove, site_master, locked_by, entity_domain, last_updated_by, last_update_date, key_name) VALUES ('zh3nrxvi5zl5xfimxb9wulvybij7upedNM200904120000000000000000000030', '0000000000000000000000000000001000000000000000000000000000000003', '0000000000000000000000000000001000000000000000000000000000000003', 'xp8wc9likpybpfp37ha3nqh6t285q2w400000000000000000000000000000001', '2011-10-03 16:03:31', 2860, 'com.runwaysdk.system.metadata.MdBusiness', 1, 'runwaysdk.com', NULL, NULL, '0000000000000000000000000000001000000000000000000000000000000003', '2011-10-03 16:03:31', 'com.runwaysdk.system.metadata.MdWebDouble');
CREATE TABLE md_web_double ( id CHAR(64) NOT NULL PRIMARY KEY );
INSERT INTO business_inheritance ( id, parent_id, child_id) VALUES ('29ub930j52iktjdgvqp8bu153mwr13v220070926NM0000000000000000000004', 'xcmpj7feoalqwilw6w415vai27ukhdjc00000000000000000000000000000001', 'xp8wc9likpybpfp37ha3nqh6t285q2w400000000000000000000000000000001');
INSERT INTO class_inheritance ( id, parent_id, child_id) VALUES ('29ub930j52iktjdgvqp8bu153mwr13v220070926NM0000000000000000000004', 'xcmpj7feoalqwilw6w415vai27ukhdjc00000000000000000000000000000001', 'xp8wc9likpybpfp37ha3nqh6t285q2w400000000000000000000000000000001');
INSERT INTO metadata_relationship ( entity_domain, site_master, last_updated_by, id, owner, locked_by, create_date, type, created_by, seq, key_name, last_update_date, parent_id, child_id) VALUES (NULL, 'runwaysdk.com', '0000000000000000000000000000001000000000000000000000000000000003', '29ub930j52iktjdgvqp8bu153mwr13v220070926NM0000000000000000000004', '0000000000000000000000000000001000000000000000000000000000000003', NULL, '2011-10-03 16:03:31', 'com.runwaysdk.system.metadata.BusinessInheritance', '0000000000000000000000000000001000000000000000000000000000000003', 2861, '29ub930j52iktjdgvqp8bu153mwr13v220070926NM0000000000000000000004', '2011-10-03 16:03:31', 'xcmpj7feoalqwilw6w415vai27ukhdjc00000000000000000000000000000001', 'xp8wc9likpybpfp37ha3nqh6t285q2w400000000000000000000000000000001');
 INSERT INTO class_cache (set_id, item_id)  VALUES  ('906bynewi27uywzg0ttpk5g9u85173ea', '0000000000000000000000000000023100000000000000000000000000000222');
INSERT INTO metadata_display_label ( default_locale, id, site_master, key_name) VALUES ('Float Field', '8mbcs361xr1ycthtw2euhygm3rausn5bNM200904120000000000000000000030', 'runwaysdk.com', '8mbcs361xr1ycthtw2euhygm3rausn5bNM200904120000000000000000000030');
INSERT INTO metadata_display_label ( default_locale, id, site_master, key_name) VALUES ('Metadata Web Float Field', 'qwh6s6shlg8ip7lanba1xn9j3s3id03yNM200904120000000000000000000030', 'runwaysdk.com', 'qwh6s6shlg8ip7lanba1xn9j3s3id03yNM200904120000000000000000000030');
INSERT INTO md_business ( cache_algorithm, cache_algorithm_c, super_md_business, id) VALUES ('906bynewi27uywzg0ttpk5g9u85173ea', '0000000000000000000000000000023100000000000000000000000000000222', 'xcmpj7feoalqwilw6w415vai27ukhdjc00000000000000000000000000000001', 'qtvk05t4et8r4lttit5dq2m2m7dftaea00000000000000000000000000000001');
INSERT INTO md_element ( extendable, is_abstract, id) VALUES (1, 0, 'qtvk05t4et8r4lttit5dq2m2m7dftaea00000000000000000000000000000001');
INSERT INTO md_entity ( query_dto_source, query_source, cache_size, enforce_site_master, table_name, id) VALUES (NULL, NULL, 0, 1, 'md_web_float', 'qtvk05t4et8r4lttit5dq2m2m7dftaea00000000000000000000000000000001');
INSERT INTO md_class ( publish, stub_dto_source, stub_source, id) VALUES (1, NULL, NULL, 'qtvk05t4et8r4lttit5dq2m2m7dftaea00000000000000000000000000000001');
INSERT INTO md_type ( display_label, root_id, package_name, type_name, base_source, js_base, js_stub, exported, dto_source, id) VALUES ('8mbcs361xr1ycthtw2euhygm3rausn5bNM200904120000000000000000000030', 'qtvk05t4et8r4lttit5dq2m2m7dftaea', 'com.runwaysdk.system.metadata', 'MdWebFloat', NULL, NULL, NULL, 1, NULL, 'qtvk05t4et8r4lttit5dq2m2m7dftaea00000000000000000000000000000001');
INSERT INTO metadata ( description, created_by, owner, id, create_date, seq, type, remove, site_master, locked_by, entity_domain, last_updated_by, last_update_date, key_name) VALUES ('qwh6s6shlg8ip7lanba1xn9j3s3id03yNM200904120000000000000000000030', '0000000000000000000000000000001000000000000000000000000000000003', '0000000000000000000000000000001000000000000000000000000000000003', 'qtvk05t4et8r4lttit5dq2m2m7dftaea00000000000000000000000000000001', '2011-10-03 16:03:31', 2862, 'com.runwaysdk.system.metadata.MdBusiness', 1, 'runwaysdk.com', NULL, NULL, '0000000000000000000000000000001000000000000000000000000000000003', '2011-10-03 16:03:31', 'com.runwaysdk.system.metadata.MdWebFloat');
CREATE TABLE md_web_float ( id CHAR(64) NOT NULL PRIMARY KEY );
INSERT INTO business_inheritance ( id, parent_id, child_id) VALUES ('0i1edvwy47elpv2ao50bujlewzpj23va20070926NM0000000000000000000004', 'xcmpj7feoalqwilw6w415vai27ukhdjc00000000000000000000000000000001', 'qtvk05t4et8r4lttit5dq2m2m7dftaea00000000000000000000000000000001');
INSERT INTO class_inheritance ( id, parent_id, child_id) VALUES ('0i1edvwy47elpv2ao50bujlewzpj23va20070926NM0000000000000000000004', 'xcmpj7feoalqwilw6w415vai27ukhdjc00000000000000000000000000000001', 'qtvk05t4et8r4lttit5dq2m2m7dftaea00000000000000000000000000000001');
INSERT INTO metadata_relationship ( entity_domain, site_master, last_updated_by, id, owner, locked_by, create_date, type, created_by, seq, key_name, last_update_date, parent_id, child_id) VALUES (NULL, 'runwaysdk.com', '0000000000000000000000000000001000000000000000000000000000000003', '0i1edvwy47elpv2ao50bujlewzpj23va20070926NM0000000000000000000004', '0000000000000000000000000000001000000000000000000000000000000003', NULL, '2011-10-03 16:03:31', 'com.runwaysdk.system.metadata.BusinessInheritance', '0000000000000000000000000000001000000000000000000000000000000003', 2863, '0i1edvwy47elpv2ao50bujlewzpj23va20070926NM0000000000000000000004', '2011-10-03 16:03:31', 'xcmpj7feoalqwilw6w415vai27ukhdjc00000000000000000000000000000001', 'qtvk05t4et8r4lttit5dq2m2m7dftaea00000000000000000000000000000001');
 INSERT INTO class_cache (set_id, item_id)  VALUES  ('r2cvo0dfxz76boxw3cupy0s3aw0yx1ce', '0000000000000000000000000000023100000000000000000000000000000222');
INSERT INTO metadata_display_label ( default_locale, id, site_master, key_name) VALUES ('Decimal Field', 'qs2x0j5j2eb9q62i30x7fzpjw8zgh8hpNM200904120000000000000000000030', 'runwaysdk.com', 'qs2x0j5j2eb9q62i30x7fzpjw8zgh8hpNM200904120000000000000000000030');
INSERT INTO metadata_display_label ( default_locale, id, site_master, key_name) VALUES ('Metadata Web Decimal Field', 'qmt3t2t5uh5npidhswd9zk043sorh5frNM200904120000000000000000000030', 'runwaysdk.com', 'qmt3t2t5uh5npidhswd9zk043sorh5frNM200904120000000000000000000030');
INSERT INTO md_business ( cache_algorithm, cache_algorithm_c, super_md_business, id) VALUES ('r2cvo0dfxz76boxw3cupy0s3aw0yx1ce', '0000000000000000000000000000023100000000000000000000000000000222', 'xcmpj7feoalqwilw6w415vai27ukhdjc00000000000000000000000000000001', '0gkv0hn61pikf6oxjt7q3c9grzz9dia900000000000000000000000000000001');
INSERT INTO md_element ( extendable, is_abstract, id) VALUES (1, 0, '0gkv0hn61pikf6oxjt7q3c9grzz9dia900000000000000000000000000000001');
INSERT INTO md_entity ( query_dto_source, query_source, cache_size, enforce_site_master, table_name, id) VALUES (NULL, NULL, 0, 1, 'md_web_decimal', '0gkv0hn61pikf6oxjt7q3c9grzz9dia900000000000000000000000000000001');
INSERT INTO md_class ( publish, stub_dto_source, stub_source, id) VALUES (1, NULL, NULL, '0gkv0hn61pikf6oxjt7q3c9grzz9dia900000000000000000000000000000001');
INSERT INTO md_type ( display_label, root_id, package_name, type_name, base_source, js_base, js_stub, exported, dto_source, id) VALUES ('qs2x0j5j2eb9q62i30x7fzpjw8zgh8hpNM200904120000000000000000000030', '0gkv0hn61pikf6oxjt7q3c9grzz9dia9', 'com.runwaysdk.system.metadata', 'MdWebDecimal', NULL, NULL, NULL, 1, NULL, '0gkv0hn61pikf6oxjt7q3c9grzz9dia900000000000000000000000000000001');
INSERT INTO metadata ( description, created_by, owner, id, create_date, seq, type, remove, site_master, locked_by, entity_domain, last_updated_by, last_update_date, key_name) VALUES ('qmt3t2t5uh5npidhswd9zk043sorh5frNM200904120000000000000000000030', '0000000000000000000000000000001000000000000000000000000000000003', '0000000000000000000000000000001000000000000000000000000000000003', '0gkv0hn61pikf6oxjt7q3c9grzz9dia900000000000000000000000000000001', '2011-10-03 16:03:31', 2864, 'com.runwaysdk.system.metadata.MdBusiness', 1, 'runwaysdk.com', NULL, NULL, '0000000000000000000000000000001000000000000000000000000000000003', '2011-10-03 16:03:31', 'com.runwaysdk.system.metadata.MdWebDecimal');
CREATE TABLE md_web_decimal ( id CHAR(64) NOT NULL PRIMARY KEY );
INSERT INTO business_inheritance ( id, parent_id, child_id) VALUES ('ssbti20hydu48qbqw1qclzao2epflmru20070926NM0000000000000000000004', 'xcmpj7feoalqwilw6w415vai27ukhdjc00000000000000000000000000000001', '0gkv0hn61pikf6oxjt7q3c9grzz9dia900000000000000000000000000000001');
INSERT INTO class_inheritance ( id, parent_id, child_id) VALUES ('ssbti20hydu48qbqw1qclzao2epflmru20070926NM0000000000000000000004', 'xcmpj7feoalqwilw6w415vai27ukhdjc00000000000000000000000000000001', '0gkv0hn61pikf6oxjt7q3c9grzz9dia900000000000000000000000000000001');
INSERT INTO metadata_relationship ( entity_domain, site_master, last_updated_by, id, owner, locked_by, create_date, type, created_by, seq, key_name, last_update_date, parent_id, child_id) VALUES (NULL, 'runwaysdk.com', '0000000000000000000000000000001000000000000000000000000000000003', 'ssbti20hydu48qbqw1qclzao2epflmru20070926NM0000000000000000000004', '0000000000000000000000000000001000000000000000000000000000000003', NULL, '2011-10-03 16:03:31', 'com.runwaysdk.system.metadata.BusinessInheritance', '0000000000000000000000000000001000000000000000000000000000000003', 2865, 'ssbti20hydu48qbqw1qclzao2epflmru20070926NM0000000000000000000004', '2011-10-03 16:03:31', 'xcmpj7feoalqwilw6w415vai27ukhdjc00000000000000000000000000000001', '0gkv0hn61pikf6oxjt7q3c9grzz9dia900000000000000000000000000000001');
 INSERT INTO class_cache (set_id, item_id)  VALUES  ('7ee435j3lfnvgdlxa6try12gng7impxh', '0000000000000000000000000000023100000000000000000000000000000222');
INSERT INTO metadata_display_label ( default_locale, id, site_master, key_name) VALUES ('Boolean Field', '74qld6eyz9g5ydw5gwi8pn56c1ucg4b9NM200904120000000000000000000030', 'runwaysdk.com', '74qld6eyz9g5ydw5gwi8pn56c1ucg4b9NM200904120000000000000000000030');
INSERT INTO metadata_display_label ( default_locale, id, site_master, key_name) VALUES ('Metadata Web Boolean Field', '25dt8nl75wbwxhxy032nakccqqqz8kpoNM200904120000000000000000000030', 'runwaysdk.com', '25dt8nl75wbwxhxy032nakccqqqz8kpoNM200904120000000000000000000030');
INSERT INTO md_business ( cache_algorithm, cache_algorithm_c, super_md_business, id) VALUES ('7ee435j3lfnvgdlxa6try12gng7impxh', '0000000000000000000000000000023100000000000000000000000000000222', '94dp3weikqddxwpddry9j5ot6my91th100000000000000000000000000000001', 'zb3vg04tl4ibvofzueindgd25ibui2us00000000000000000000000000000001');
INSERT INTO md_element ( extendable, is_abstract, id) VALUES (1, 0, 'zb3vg04tl4ibvofzueindgd25ibui2us00000000000000000000000000000001');
INSERT INTO md_entity ( query_dto_source, query_source, cache_size, enforce_site_master, table_name, id) VALUES (NULL, NULL, 0, 1, 'md_web_boolean', 'zb3vg04tl4ibvofzueindgd25ibui2us00000000000000000000000000000001');
INSERT INTO md_class ( publish, stub_dto_source, stub_source, id) VALUES (1, NULL, NULL, 'zb3vg04tl4ibvofzueindgd25ibui2us00000000000000000000000000000001');
INSERT INTO md_type ( display_label, root_id, package_name, type_name, base_source, js_base, js_stub, exported, dto_source, id) VALUES ('74qld6eyz9g5ydw5gwi8pn56c1ucg4b9NM200904120000000000000000000030', 'zb3vg04tl4ibvofzueindgd25ibui2us', 'com.runwaysdk.system.metadata', 'MdWebBoolean', NULL, NULL, NULL, 1, NULL, 'zb3vg04tl4ibvofzueindgd25ibui2us00000000000000000000000000000001');
INSERT INTO metadata ( description, created_by, owner, id, create_date, seq, type, remove, site_master, locked_by, entity_domain, last_updated_by, last_update_date, key_name) VALUES ('25dt8nl75wbwxhxy032nakccqqqz8kpoNM200904120000000000000000000030', '0000000000000000000000000000001000000000000000000000000000000003', '0000000000000000000000000000001000000000000000000000000000000003', 'zb3vg04tl4ibvofzueindgd25ibui2us00000000000000000000000000000001', '2011-10-03 16:03:31', 2866, 'com.runwaysdk.system.metadata.MdBusiness', 1, 'runwaysdk.com', NULL, NULL, '0000000000000000000000000000001000000000000000000000000000000003', '2011-10-03 16:03:31', 'com.runwaysdk.system.metadata.MdWebBoolean');
CREATE TABLE md_web_boolean ( id CHAR(64) NOT NULL PRIMARY KEY );
INSERT INTO business_inheritance ( id, parent_id, child_id) VALUES ('1wxhteerfilhzhxlveb1xkak6zwfs83820070926NM0000000000000000000004', '94dp3weikqddxwpddry9j5ot6my91th100000000000000000000000000000001', 'zb3vg04tl4ibvofzueindgd25ibui2us00000000000000000000000000000001');
INSERT INTO class_inheritance ( id, parent_id, child_id) VALUES ('1wxhteerfilhzhxlveb1xkak6zwfs83820070926NM0000000000000000000004', '94dp3weikqddxwpddry9j5ot6my91th100000000000000000000000000000001', 'zb3vg04tl4ibvofzueindgd25ibui2us00000000000000000000000000000001');
INSERT INTO metadata_relationship ( entity_domain, site_master, last_updated_by, id, owner, locked_by, create_date, type, created_by, seq, key_name, last_update_date, parent_id, child_id) VALUES (NULL, 'runwaysdk.com', '0000000000000000000000000000001000000000000000000000000000000003', '1wxhteerfilhzhxlveb1xkak6zwfs83820070926NM0000000000000000000004', '0000000000000000000000000000001000000000000000000000000000000003', NULL, '2011-10-03 16:03:31', 'com.runwaysdk.system.metadata.BusinessInheritance', '0000000000000000000000000000001000000000000000000000000000000003', 2867, '1wxhteerfilhzhxlveb1xkak6zwfs83820070926NM0000000000000000000004', '2011-10-03 16:03:31', '94dp3weikqddxwpddry9j5ot6my91th100000000000000000000000000000001', 'zb3vg04tl4ibvofzueindgd25ibui2us00000000000000000000000000000001');
 INSERT INTO class_cache (set_id, item_id)  VALUES  ('0jnjd39iiqu9uq128cpjr5d66z420qps', '0000000000000000000000000000023100000000000000000000000000000222');
INSERT INTO metadata_display_label ( default_locale, id, site_master, key_name) VALUES ('Term Field', '94emr7amqp29aehrswrn8begk2lpl22fNM200904120000000000000000000030', 'runwaysdk.com', '94emr7amqp29aehrswrn8begk2lpl22fNM200904120000000000000000000030');
INSERT INTO metadata_display_label ( default_locale, id, site_master, key_name) VALUES ('Metadata Web SingleTerm Field', 'slc7c2wxi8ftw895lwhbq7otwu4p6vkoNM200904120000000000000000000030', 'runwaysdk.com', 'slc7c2wxi8ftw895lwhbq7otwu4p6vkoNM200904120000000000000000000030');
INSERT INTO md_business ( cache_algorithm, cache_algorithm_c, super_md_business, id) VALUES ('0jnjd39iiqu9uq128cpjr5d66z420qps', '0000000000000000000000000000023100000000000000000000000000000222', '2ecripfmvw2qxs9fbp5iie6aev39dkcz00000000000000000000000000000001', '91ppdddefmlxh4komyyjdnmnepaj0btf00000000000000000000000000000001');
INSERT INTO md_element ( extendable, is_abstract, id) VALUES (1, 0, '91ppdddefmlxh4komyyjdnmnepaj0btf00000000000000000000000000000001');
INSERT INTO md_entity ( query_dto_source, query_source, cache_size, enforce_site_master, table_name, id) VALUES (NULL, NULL, 0, 1, 'md_web_single_term', '91ppdddefmlxh4komyyjdnmnepaj0btf00000000000000000000000000000001');
INSERT INTO md_class ( publish, stub_dto_source, stub_source, id) VALUES (1, NULL, NULL, '91ppdddefmlxh4komyyjdnmnepaj0btf00000000000000000000000000000001');
INSERT INTO md_type ( display_label, root_id, package_name, type_name, base_source, js_base, js_stub, exported, dto_source, id) VALUES ('94emr7amqp29aehrswrn8begk2lpl22fNM200904120000000000000000000030', '91ppdddefmlxh4komyyjdnmnepaj0btf', 'com.runwaysdk.system.metadata', 'MdWebSingleTerm', NULL, NULL, NULL, 1, NULL, '91ppdddefmlxh4komyyjdnmnepaj0btf00000000000000000000000000000001');
INSERT INTO metadata ( description, created_by, owner, id, create_date, seq, type, remove, site_master, locked_by, entity_domain, last_updated_by, last_update_date, key_name) VALUES ('slc7c2wxi8ftw895lwhbq7otwu4p6vkoNM200904120000000000000000000030', '0000000000000000000000000000001000000000000000000000000000000003', '0000000000000000000000000000001000000000000000000000000000000003', '91ppdddefmlxh4komyyjdnmnepaj0btf00000000000000000000000000000001', '2011-10-03 16:03:31', 2868, 'com.runwaysdk.system.metadata.MdBusiness', 1, 'runwaysdk.com', NULL, NULL, '0000000000000000000000000000001000000000000000000000000000000003', '2011-10-03 16:03:31', 'com.runwaysdk.system.metadata.MdWebSingleTerm');
CREATE TABLE md_web_single_term ( id CHAR(64) NOT NULL PRIMARY KEY );
INSERT INTO business_inheritance ( id, parent_id, child_id) VALUES ('qmbuznobdj70gkt2g6trucn1pyfoz6ot20070926NM0000000000000000000004', '2ecripfmvw2qxs9fbp5iie6aev39dkcz00000000000000000000000000000001', '91ppdddefmlxh4komyyjdnmnepaj0btf00000000000000000000000000000001');
INSERT INTO class_inheritance ( id, parent_id, child_id) VALUES ('qmbuznobdj70gkt2g6trucn1pyfoz6ot20070926NM0000000000000000000004', '2ecripfmvw2qxs9fbp5iie6aev39dkcz00000000000000000000000000000001', '91ppdddefmlxh4komyyjdnmnepaj0btf00000000000000000000000000000001');
INSERT INTO metadata_relationship ( entity_domain, site_master, last_updated_by, id, owner, locked_by, create_date, type, created_by, seq, key_name, last_update_date, parent_id, child_id) VALUES (NULL, 'runwaysdk.com', '0000000000000000000000000000001000000000000000000000000000000003', 'qmbuznobdj70gkt2g6trucn1pyfoz6ot20070926NM0000000000000000000004', '0000000000000000000000000000001000000000000000000000000000000003', NULL, '2011-10-03 16:03:31', 'com.runwaysdk.system.metadata.BusinessInheritance', '0000000000000000000000000000001000000000000000000000000000000003', 2869, 'qmbuznobdj70gkt2g6trucn1pyfoz6ot20070926NM0000000000000000000004', '2011-10-03 16:03:31', '2ecripfmvw2qxs9fbp5iie6aev39dkcz00000000000000000000000000000001', '91ppdddefmlxh4komyyjdnmnepaj0btf00000000000000000000000000000001');
 INSERT INTO class_cache (set_id, item_id)  VALUES  ('20bvqrr24ukg63gbpz7k6zbud7bcm3d3', '0000000000000000000000000000023100000000000000000000000000000222');
INSERT INTO metadata_display_label ( default_locale, id, site_master, key_name) VALUES ('Multiple Term Field', '75wll5ps1ml6v11puriiu5cze2lapjbxNM200904120000000000000000000030', 'runwaysdk.com', '75wll5ps1ml6v11puriiu5cze2lapjbxNM200904120000000000000000000030');
INSERT INTO metadata_display_label ( default_locale, id, site_master, key_name) VALUES ('Metadata Web MultipleTerm Field', 'xgc4txvxpdh9xn68opxoru0f71b3qc8hNM200904120000000000000000000030', 'runwaysdk.com', 'xgc4txvxpdh9xn68opxoru0f71b3qc8hNM200904120000000000000000000030');
INSERT INTO md_business ( cache_algorithm, cache_algorithm_c, super_md_business, id) VALUES ('20bvqrr24ukg63gbpz7k6zbud7bcm3d3', '0000000000000000000000000000023100000000000000000000000000000222', '2ecripfmvw2qxs9fbp5iie6aev39dkcz00000000000000000000000000000001', 'so405m4mx1ji1cl2zgaaaed5qdscf74o00000000000000000000000000000001');
INSERT INTO md_element ( extendable, is_abstract, id) VALUES (1, 0, 'so405m4mx1ji1cl2zgaaaed5qdscf74o00000000000000000000000000000001');
INSERT INTO md_entity ( query_dto_source, query_source, cache_size, enforce_site_master, table_name, id) VALUES (NULL, NULL, 0, 1, 'md_web_multiple_term', 'so405m4mx1ji1cl2zgaaaed5qdscf74o00000000000000000000000000000001');
INSERT INTO md_class ( publish, stub_dto_source, stub_source, id) VALUES (1, NULL, NULL, 'so405m4mx1ji1cl2zgaaaed5qdscf74o00000000000000000000000000000001');
INSERT INTO md_type ( display_label, root_id, package_name, type_name, base_source, js_base, js_stub, exported, dto_source, id) VALUES ('75wll5ps1ml6v11puriiu5cze2lapjbxNM200904120000000000000000000030', 'so405m4mx1ji1cl2zgaaaed5qdscf74o', 'com.runwaysdk.system.metadata', 'MdWebMultipleTerm', NULL, NULL, NULL, 1, NULL, 'so405m4mx1ji1cl2zgaaaed5qdscf74o00000000000000000000000000000001');
INSERT INTO metadata ( description, created_by, owner, id, create_date, seq, type, remove, site_master, locked_by, entity_domain, last_updated_by, last_update_date, key_name) VALUES ('xgc4txvxpdh9xn68opxoru0f71b3qc8hNM200904120000000000000000000030', '0000000000000000000000000000001000000000000000000000000000000003', '0000000000000000000000000000001000000000000000000000000000000003', 'so405m4mx1ji1cl2zgaaaed5qdscf74o00000000000000000000000000000001', '2011-10-03 16:03:31', 2870, 'com.runwaysdk.system.metadata.MdBusiness', 1, 'runwaysdk.com', NULL, NULL, '0000000000000000000000000000001000000000000000000000000000000003', '2011-10-03 16:03:31', 'com.runwaysdk.system.metadata.MdWebMultipleTerm');
CREATE TABLE md_web_multiple_term ( id CHAR(64) NOT NULL PRIMARY KEY );
INSERT INTO business_inheritance ( id, parent_id, child_id) VALUES ('sbnf4zokt1x0lrh1kz57tmat55k7iasr20070926NM0000000000000000000004', '2ecripfmvw2qxs9fbp5iie6aev39dkcz00000000000000000000000000000001', 'so405m4mx1ji1cl2zgaaaed5qdscf74o00000000000000000000000000000001');
INSERT INTO class_inheritance ( id, parent_id, child_id) VALUES ('sbnf4zokt1x0lrh1kz57tmat55k7iasr20070926NM0000000000000000000004', '2ecripfmvw2qxs9fbp5iie6aev39dkcz00000000000000000000000000000001', 'so405m4mx1ji1cl2zgaaaed5qdscf74o00000000000000000000000000000001');
INSERT INTO metadata_relationship ( entity_domain, site_master, last_updated_by, id, owner, locked_by, create_date, type, created_by, seq, key_name, last_update_date, parent_id, child_id) VALUES (NULL, 'runwaysdk.com', '0000000000000000000000000000001000000000000000000000000000000003', 'sbnf4zokt1x0lrh1kz57tmat55k7iasr20070926NM0000000000000000000004', '0000000000000000000000000000001000000000000000000000000000000003', NULL, '2011-10-03 16:03:31', 'com.runwaysdk.system.metadata.BusinessInheritance', '0000000000000000000000000000001000000000000000000000000000000003', 2871, 'sbnf4zokt1x0lrh1kz57tmat55k7iasr20070926NM0000000000000000000004', '2011-10-03 16:03:31', '2ecripfmvw2qxs9fbp5iie6aev39dkcz00000000000000000000000000000001', 'so405m4mx1ji1cl2zgaaaed5qdscf74o00000000000000000000000000000001');
 INSERT INTO class_cache (set_id, item_id)  VALUES  ('znk1epfygcfd9m6nylj14dsn9bgogj1q', '0000000000000000000000000000023100000000000000000000000000000222');
INSERT INTO metadata_display_label ( default_locale, id, site_master, key_name) VALUES ('Grid Field', 'xtpl920cxr4byt9lndjkm9gpnjp4zg0gNM200904120000000000000000000030', 'runwaysdk.com', 'xtpl920cxr4byt9lndjkm9gpnjp4zg0gNM200904120000000000000000000030');
INSERT INTO metadata_display_label ( default_locale, id, site_master, key_name) VALUES ('Metadata Web SingleTermGrid Field', 'sjczo0mbhh7n3q7o06qytl02hvkzvr64NM200904120000000000000000000030', 'runwaysdk.com', 'sjczo0mbhh7n3q7o06qytl02hvkzvr64NM200904120000000000000000000030');
INSERT INTO md_business ( cache_algorithm, cache_algorithm_c, super_md_business, id) VALUES ('znk1epfygcfd9m6nylj14dsn9bgogj1q', '0000000000000000000000000000023100000000000000000000000000000222', '2ecripfmvw2qxs9fbp5iie6aev39dkcz00000000000000000000000000000001', 'quhfj557nkshlz7lr0ptoe0uyv1r16mr00000000000000000000000000000001');
INSERT INTO md_element ( extendable, is_abstract, id) VALUES (1, 0, 'quhfj557nkshlz7lr0ptoe0uyv1r16mr00000000000000000000000000000001');
INSERT INTO md_entity ( query_dto_source, query_source, cache_size, enforce_site_master, table_name, id) VALUES (NULL, NULL, 0, 1, 'md_web_single_term_grid', 'quhfj557nkshlz7lr0ptoe0uyv1r16mr00000000000000000000000000000001');
INSERT INTO md_class ( publish, stub_dto_source, stub_source, id) VALUES (1, NULL, NULL, 'quhfj557nkshlz7lr0ptoe0uyv1r16mr00000000000000000000000000000001');
INSERT INTO md_type ( display_label, root_id, package_name, type_name, base_source, js_base, js_stub, exported, dto_source, id) VALUES ('xtpl920cxr4byt9lndjkm9gpnjp4zg0gNM200904120000000000000000000030', 'quhfj557nkshlz7lr0ptoe0uyv1r16mr', 'com.runwaysdk.system.metadata', 'MdWebSingleTermGrid', NULL, NULL, NULL, 1, NULL, 'quhfj557nkshlz7lr0ptoe0uyv1r16mr00000000000000000000000000000001');
INSERT INTO metadata ( description, created_by, owner, id, create_date, seq, type, remove, site_master, locked_by, entity_domain, last_updated_by, last_update_date, key_name) VALUES ('sjczo0mbhh7n3q7o06qytl02hvkzvr64NM200904120000000000000000000030', '0000000000000000000000000000001000000000000000000000000000000003', '0000000000000000000000000000001000000000000000000000000000000003', 'quhfj557nkshlz7lr0ptoe0uyv1r16mr00000000000000000000000000000001', '2011-10-03 16:03:31', 2872, 'com.runwaysdk.system.metadata.MdBusiness', 1, 'runwaysdk.com', NULL, NULL, '0000000000000000000000000000001000000000000000000000000000000003', '2011-10-03 16:03:31', 'com.runwaysdk.system.metadata.MdWebSingleTermGrid');
CREATE TABLE md_web_single_term_grid ( id CHAR(64) NOT NULL PRIMARY KEY );
INSERT INTO business_inheritance ( id, parent_id, child_id) VALUES ('7f0nlmgmyb72l9nznigdrujvrewcot3020070926NM0000000000000000000004', '2ecripfmvw2qxs9fbp5iie6aev39dkcz00000000000000000000000000000001', 'quhfj557nkshlz7lr0ptoe0uyv1r16mr00000000000000000000000000000001');
INSERT INTO class_inheritance ( id, parent_id, child_id) VALUES ('7f0nlmgmyb72l9nznigdrujvrewcot3020070926NM0000000000000000000004', '2ecripfmvw2qxs9fbp5iie6aev39dkcz00000000000000000000000000000001', 'quhfj557nkshlz7lr0ptoe0uyv1r16mr00000000000000000000000000000001');
INSERT INTO metadata_relationship ( entity_domain, site_master, last_updated_by, id, owner, locked_by, create_date, type, created_by, seq, key_name, last_update_date, parent_id, child_id) VALUES (NULL, 'runwaysdk.com', '0000000000000000000000000000001000000000000000000000000000000003', '7f0nlmgmyb72l9nznigdrujvrewcot3020070926NM0000000000000000000004', '0000000000000000000000000000001000000000000000000000000000000003', NULL, '2011-10-03 16:03:31', 'com.runwaysdk.system.metadata.BusinessInheritance', '0000000000000000000000000000001000000000000000000000000000000003', 2873, '7f0nlmgmyb72l9nznigdrujvrewcot3020070926NM0000000000000000000004', '2011-10-03 16:03:31', '2ecripfmvw2qxs9fbp5iie6aev39dkcz00000000000000000000000000000001', 'quhfj557nkshlz7lr0ptoe0uyv1r16mr00000000000000000000000000000001');
 INSERT INTO relationship_cache (set_id, item_id)  VALUES  ('qrocirvis1lvvnq5t5jjrqkn82zn3ddw', '0000000000000000000000000000023100000000000000000000000000000222');
 INSERT INTO visibilitymodifier (set_id, item_id)  VALUES  ('8sh7y8a44la5fkgmw17grzqtxyu7jkgy', '20071109NM000000000000000000000520071109NM0000000000000000000001');
INSERT INTO metadata_display_label ( default_locale, id, site_master, key_name) VALUES (NULL, 'qpm9jspsz269rb0rykzxt80gf79n4y0tNM200904120000000000000000000030', 'runwaysdk.com', 'qpm9jspsz269rb0rykzxt80gf79n4y0tNM200904120000000000000000000030');
 INSERT INTO visibilitymodifier (set_id, item_id)  VALUES  ('7ggas6mzps24vgyqpt3j95ierf0fbngm', '20071109NM000000000000000000000520071109NM0000000000000000000001');
INSERT INTO metadata_display_label ( default_locale, id, site_master, key_name) VALUES (NULL, '1yixn85q9ygr0hgb2bnqlcgx1l3zph4hNM200904120000000000000000000030', 'runwaysdk.com', '1yixn85q9ygr0hgb2bnqlcgx1l3zph4hNM200904120000000000000000000030');
INSERT INTO metadata_display_label ( default_locale, id, site_master, key_name) VALUES ('WebGridField', 'z2qf7ktevu1wecfl1nzdmi9d3l7qnrkxNM200904120000000000000000000030', 'runwaysdk.com', 'z2qf7ktevu1wecfl1nzdmi9d3l7qnrkxNM200904120000000000000000000030');
INSERT INTO metadata_display_label ( default_locale, id, site_master, key_name) VALUES ('Web Grid Field', '081z4pdou45s2yyy125x25y2zbr8q34rNM200904120000000000000000000030', 'runwaysdk.com', '081z4pdou45s2yyy125x25y2zbr8q34rNM200904120000000000000000000030');
INSERT INTO md_relationship ( cache_algorithm, cache_algorithm_c, index2_name, parent_visibility, parent_visibility_c, parent_md_business, parent_cardinality, composition, parent_display_label, sort_md_attribute, child_visibility, child_visibility_c, child_method, super_md_relationship, parent_method, index1_name, child_md_business, child_display_label, child_cardinality, id) VALUES ('qrocirvis1lvvnq5t5jjrqkn82zn3ddw', '0000000000000000000000000000023100000000000000000000000000000222', 'rel_8tfa4k6ei13s363za78kseqkti', '8sh7y8a44la5fkgmw17grzqtxyu7jkgy', '20071109NM000000000000000000000520071109NM0000000000000000000001', 'quhfj557nkshlz7lr0ptoe0uyv1r16mr00000000000000000000000000000001', '1', 0, 'qpm9jspsz269rb0rykzxt80gf79n4y0tNM200904120000000000000000000030', NULL, '7ggas6mzps24vgyqpt3j95ierf0fbngm', '20071109NM000000000000000000000520071109NM0000000000000000000001', 'MdFields', NULL, 'Grid', 'rel_2118vr8uma2zhrqqgqqlupwnh1', '94dp3weikqddxwpddry9j5ot6my91th100000000000000000000000000000001', '1yixn85q9ygr0hgb2bnqlcgx1l3zph4hNM200904120000000000000000000030', '*', 'z4gu2leptmskoe7v4lk68izcvc15k3j400000000000000000000000000000061');
INSERT INTO md_element ( extendable, is_abstract, id) VALUES (1, 0, 'z4gu2leptmskoe7v4lk68izcvc15k3j400000000000000000000000000000061');
INSERT INTO md_entity ( query_dto_source, query_source, cache_size, enforce_site_master, table_name, id) VALUES (NULL, NULL, 0, 1, 'web_grid_field', 'z4gu2leptmskoe7v4lk68izcvc15k3j400000000000000000000000000000061');
INSERT INTO md_class ( publish, stub_dto_source, stub_source, id) VALUES (1, NULL, NULL, 'z4gu2leptmskoe7v4lk68izcvc15k3j400000000000000000000000000000061');
INSERT INTO md_type ( display_label, root_id, package_name, type_name, base_source, js_base, js_stub, exported, dto_source, id) VALUES ('z2qf7ktevu1wecfl1nzdmi9d3l7qnrkxNM200904120000000000000000000030', 'z4gu2leptmskoe7v4lk68izcvc15k3j4', 'com.runwaysdk.system.metadata', 'WebGridField', NULL, NULL, NULL, 1, NULL, 'z4gu2leptmskoe7v4lk68izcvc15k3j400000000000000000000000000000061');
INSERT INTO metadata ( description, created_by, owner, id, create_date, seq, type, remove, site_master, locked_by, entity_domain, last_updated_by, last_update_date, key_name) VALUES ('081z4pdou45s2yyy125x25y2zbr8q34rNM200904120000000000000000000030', '0000000000000000000000000000001000000000000000000000000000000003', '0000000000000000000000000000001000000000000000000000000000000003', 'z4gu2leptmskoe7v4lk68izcvc15k3j400000000000000000000000000000061', '2011-10-03 16:03:31', 2874, 'com.runwaysdk.system.metadata.MdRelationship', 1, 'runwaysdk.com', NULL, NULL, '0000000000000000000000000000001000000000000000000000000000000003', '2011-10-03 16:03:31', 'com.runwaysdk.system.metadata.WebGridField');
CREATE TABLE web_grid_field ( id CHAR(64) NOT NULL PRIMARY KEY, 
parent_id CHAR(64) NOT NULL, 
child_id CHAR(64) NOT NULL );
CREATE  INDEX rel_2118vr8uma2zhrqqgqqlupwnh1 ON web_grid_field (parent_id, child_id);
CREATE INDEX rel_8tfa4k6ei13s363za78kseqkti ON web_grid_field (child_id);
 INSERT INTO visibilitymodifier (set_id, item_id)  VALUES  ('qs7zq0z7bl945bwfixva5sqrwumyt1wu', '20071109NM000000000000000000000520071109NM0000000000000000000001');
INSERT INTO metadata_display_label ( default_locale, id, site_master, key_name) VALUES ('ID', 'r8n3g0kjazerbi7gcsw607a1gg91v7geNM200904120000000000000000000030', 'runwaysdk.com', 'r8n3g0kjazerbi7gcsw607a1gg91v7geNM200904120000000000000000000030');
 INSERT INTO visibilitymodifier (set_id, item_id)  VALUES  ('qqr2nxpc6wexuqs7smmls8j9ut9yiozv', '20071109NM000000000000000000000520071109NM0000000000000000000001');
 INSERT INTO md_attribute_indicies (set_id, item_id)  VALUES  ('xyruqtve89kebzmi1wejbzlkppvoajyc', '0000000000000000000000000000040900000000000000000000000000000403');
INSERT INTO metadata_display_label ( default_locale, id, site_master, key_name) VALUES ('ID of this object', '0ab8ralpjmm6wa953kykrebopqdlzz4eNM200904120000000000000000000030', 'runwaysdk.com', '0ab8ralpjmm6wa953kykrebopqdlzz4eNM200904120000000000000000000030');
INSERT INTO md_attribute_character ( default_value, database_size, id) VALUES (NULL, 64, '1pnkkrzrnowg51w76q4rii87o47iulrv00000000000000000000000000000138');
INSERT INTO md_attribute_char ( id) VALUES ('1pnkkrzrnowg51w76q4rii87o47iulrv00000000000000000000000000000138');
INSERT INTO md_attribute_primitive ( id) VALUES ('1pnkkrzrnowg51w76q4rii87o47iulrv00000000000000000000000000000138');
INSERT INTO md_attribute_concrete ( column_name, defining_md_class, setter_visibility, setter_visibility_c, immutable, index_name, generate_accessor, system, required, display_label, getter_visibility, getter_visibility_c, index_type, index_type_c, attribute_name, id) VALUES ('id', 'z4gu2leptmskoe7v4lk68izcvc15k3j400000000000000000000000000000061', 'qs7zq0z7bl945bwfixva5sqrwumyt1wu', '20071109NM000000000000000000000520071109NM0000000000000000000001', 0, 'adkynlhq9tg2po5wsm19xfwtusleu9', 1, 1, 1, 'r8n3g0kjazerbi7gcsw607a1gg91v7geNM200904120000000000000000000030', 'qqr2nxpc6wexuqs7smmls8j9ut9yiozv', '20071109NM000000000000000000000520071109NM0000000000000000000001', 'xyruqtve89kebzmi1wejbzlkppvoajyc', '0000000000000000000000000000040900000000000000000000000000000403', 'id', '1pnkkrzrnowg51w76q4rii87o47iulrv00000000000000000000000000000138');
INSERT INTO md_attribute ( id) VALUES ('1pnkkrzrnowg51w76q4rii87o47iulrv00000000000000000000000000000138');
INSERT INTO metadata ( description, created_by, owner, id, create_date, seq, type, remove, site_master, locked_by, entity_domain, last_updated_by, last_update_date, key_name) VALUES ('0ab8ralpjmm6wa953kykrebopqdlzz4eNM200904120000000000000000000030', '0000000000000000000000000000001000000000000000000000000000000003', '0000000000000000000000000000001000000000000000000000000000000003', '1pnkkrzrnowg51w76q4rii87o47iulrv00000000000000000000000000000138', '2011-10-03 16:03:31', 2875, 'com.runwaysdk.system.metadata.MdAttributeCharacter', 0, 'runwaysdk.com', NULL, NULL, '0000000000000000000000000000001000000000000000000000000000000003', '2011-10-03 16:03:31', 'com.runwaysdk.system.metadata.WebGridField.id');
INSERT INTO class_attribute_concrete ( id, parent_id, child_id) VALUES ('6zf5xthme07gl5gs2unoc5rbe2xavqj300000000000000000000000000000073', 'z4gu2leptmskoe7v4lk68izcvc15k3j400000000000000000000000000000061', '1pnkkrzrnowg51w76q4rii87o47iulrv00000000000000000000000000000138');
INSERT INTO class_attribute ( id, parent_id, child_id) VALUES ('6zf5xthme07gl5gs2unoc5rbe2xavqj300000000000000000000000000000073', 'z4gu2leptmskoe7v4lk68izcvc15k3j400000000000000000000000000000061', '1pnkkrzrnowg51w76q4rii87o47iulrv00000000000000000000000000000138');
INSERT INTO metadata_relationship ( entity_domain, site_master, last_updated_by, id, owner, locked_by, create_date, type, created_by, seq, key_name, last_update_date, parent_id, child_id) VALUES (NULL, 'runwaysdk.com', '0000000000000000000000000000001000000000000000000000000000000003', '6zf5xthme07gl5gs2unoc5rbe2xavqj300000000000000000000000000000073', '0000000000000000000000000000001000000000000000000000000000000003', NULL, '2011-10-03 16:03:31', 'com.runwaysdk.system.metadata.ClassAttributeConcrete', '0000000000000000000000000000001000000000000000000000000000000003', 2876, 'com.runwaysdk.system.metadata.WebGridField.id', '2011-10-03 16:03:31', 'z4gu2leptmskoe7v4lk68izcvc15k3j400000000000000000000000000000061', '1pnkkrzrnowg51w76q4rii87o47iulrv00000000000000000000000000000138');
 INSERT INTO visibilitymodifier (set_id, item_id)  VALUES  ('8e2ks8m0anpu45il2041oq6n4g9una0h', '20071109NM000000000000000000000520071109NM0000000000000000000001');
INSERT INTO metadata_display_label ( default_locale, id, site_master, key_name) VALUES ('Site Master', 'zighhdebozipmir2nd803j9p6m5s71r8NM200904120000000000000000000030', 'runwaysdk.com', 'zighhdebozipmir2nd803j9p6m5s71r8NM200904120000000000000000000030');
 INSERT INTO visibilitymodifier (set_id, item_id)  VALUES  ('8rrfok9berq5nzousby91fwwdpdcl72z', '20071109NM000000000000000000000520071109NM0000000000000000000001');
 INSERT INTO md_attribute_indicies (set_id, item_id)  VALUES  ('08swxi562swkirsitz72hkx8mwe5xb2z', '0000000000000000000000000000040100000000000000000000000000000403');
INSERT INTO metadata_display_label ( default_locale, id, site_master, key_name) VALUES ('The name of the site responsible for this object', 'qr95q20cmpsfd31qzky4of28ispp8kvlNM200904120000000000000000000030', 'runwaysdk.com', 'qr95q20cmpsfd31qzky4of28ispp8kvlNM200904120000000000000000000030');
INSERT INTO md_attribute_character ( default_value, database_size, id) VALUES (NULL, 255, '2ehkvatr960l4g426nee88a8ypt51wz700000000000000000000000000000138');
INSERT INTO md_attribute_char ( id) VALUES ('2ehkvatr960l4g426nee88a8ypt51wz700000000000000000000000000000138');
INSERT INTO md_attribute_primitive ( id) VALUES ('2ehkvatr960l4g426nee88a8ypt51wz700000000000000000000000000000138');
INSERT INTO md_attribute_concrete ( column_name, defining_md_class, setter_visibility, setter_visibility_c, immutable, index_name, generate_accessor, system, required, display_label, getter_visibility, getter_visibility_c, index_type, index_type_c, attribute_name, id) VALUES ('site_master', 'z4gu2leptmskoe7v4lk68izcvc15k3j400000000000000000000000000000061', '8e2ks8m0anpu45il2041oq6n4g9una0h', '20071109NM000000000000000000000520071109NM0000000000000000000001', 1, 'a5y1vc2eww17uh2zxrpuj9q59d0904', 1, 1, 1, 'zighhdebozipmir2nd803j9p6m5s71r8NM200904120000000000000000000030', '8rrfok9berq5nzousby91fwwdpdcl72z', '20071109NM000000000000000000000520071109NM0000000000000000000001', '08swxi562swkirsitz72hkx8mwe5xb2z', '0000000000000000000000000000040100000000000000000000000000000403', 'siteMaster', '2ehkvatr960l4g426nee88a8ypt51wz700000000000000000000000000000138');
INSERT INTO md_attribute ( id) VALUES ('2ehkvatr960l4g426nee88a8ypt51wz700000000000000000000000000000138');
INSERT INTO metadata ( description, created_by, owner, id, create_date, seq, type, remove, site_master, locked_by, entity_domain, last_updated_by, last_update_date, key_name) VALUES ('qr95q20cmpsfd31qzky4of28ispp8kvlNM200904120000000000000000000030', '0000000000000000000000000000001000000000000000000000000000000003', '0000000000000000000000000000001000000000000000000000000000000003', '2ehkvatr960l4g426nee88a8ypt51wz700000000000000000000000000000138', '2011-10-03 16:03:31', 2877, 'com.runwaysdk.system.metadata.MdAttributeCharacter', 0, 'runwaysdk.com', NULL, NULL, '0000000000000000000000000000001000000000000000000000000000000003', '2011-10-03 16:03:31', 'com.runwaysdk.system.metadata.WebGridField.siteMaster');
ALTER TABLE web_grid_field ADD COLUMN site_master  varchar(255);
INSERT INTO class_attribute_concrete ( id, parent_id, child_id) VALUES ('90yauccja034d629f3likhf987nt1qyp00000000000000000000000000000073', 'z4gu2leptmskoe7v4lk68izcvc15k3j400000000000000000000000000000061', '2ehkvatr960l4g426nee88a8ypt51wz700000000000000000000000000000138');
INSERT INTO class_attribute ( id, parent_id, child_id) VALUES ('90yauccja034d629f3likhf987nt1qyp00000000000000000000000000000073', 'z4gu2leptmskoe7v4lk68izcvc15k3j400000000000000000000000000000061', '2ehkvatr960l4g426nee88a8ypt51wz700000000000000000000000000000138');
INSERT INTO metadata_relationship ( entity_domain, site_master, last_updated_by, id, owner, locked_by, create_date, type, created_by, seq, key_name, last_update_date, parent_id, child_id) VALUES (NULL, 'runwaysdk.com', '0000000000000000000000000000001000000000000000000000000000000003', '90yauccja034d629f3likhf987nt1qyp00000000000000000000000000000073', '0000000000000000000000000000001000000000000000000000000000000003', NULL, '2011-10-03 16:03:31', 'com.runwaysdk.system.metadata.ClassAttributeConcrete', '0000000000000000000000000000001000000000000000000000000000000003', 2878, 'com.runwaysdk.system.metadata.WebGridField.siteMaster', '2011-10-03 16:03:31', 'z4gu2leptmskoe7v4lk68izcvc15k3j400000000000000000000000000000061', '2ehkvatr960l4g426nee88a8ypt51wz700000000000000000000000000000138');
 INSERT INTO visibilitymodifier (set_id, item_id)  VALUES  ('8m1r3mpxhlshw8qfslhzndg4f80c8u4s', '20071109NM000000000000000000000520071109NM0000000000000000000001');
INSERT INTO metadata_display_label ( default_locale, id, site_master, key_name) VALUES ('Key Name', '055z86hhvcn61hhx17rigogdqihvlbw9NM200904120000000000000000000030', 'runwaysdk.com', '055z86hhvcn61hhx17rigogdqihvlbw9NM200904120000000000000000000030');
 INSERT INTO visibilitymodifier (set_id, item_id)  VALUES  ('8d1qso94hobdo2g9vf32ifr2o54b3rw6', '20071109NM000000000000000000000520071109NM0000000000000000000001');
 INSERT INTO md_attribute_indicies (set_id, item_id)  VALUES  ('snp75psjk4lphhvrx8y06dul9uvv56fs', '0000000000000000000000000000040900000000000000000000000000000403');
INSERT INTO metadata_display_label ( default_locale, id, site_master, key_name) VALUES ('Key which uniquely identifies each instance of this type heirarchy.', 'xzcp4s4pgs7bdw3a9uxmwnjbpkodkd0gNM200904120000000000000000000030', 'runwaysdk.com', 'xzcp4s4pgs7bdw3a9uxmwnjbpkodkd0gNM200904120000000000000000000030');
INSERT INTO md_attribute_character ( default_value, database_size, id) VALUES (NULL, 255, '0hicjw2sqttgnr90xj7l6vf17e2ajesf00000000000000000000000000000138');
INSERT INTO md_attribute_char ( id) VALUES ('0hicjw2sqttgnr90xj7l6vf17e2ajesf00000000000000000000000000000138');
INSERT INTO md_attribute_primitive ( id) VALUES ('0hicjw2sqttgnr90xj7l6vf17e2ajesf00000000000000000000000000000138');
INSERT INTO md_attribute_concrete ( column_name, defining_md_class, setter_visibility, setter_visibility_c, immutable, index_name, generate_accessor, system, required, display_label, getter_visibility, getter_visibility_c, index_type, index_type_c, attribute_name, id) VALUES ('key_name', 'z4gu2leptmskoe7v4lk68izcvc15k3j400000000000000000000000000000061', '8m1r3mpxhlshw8qfslhzndg4f80c8u4s', '20071109NM000000000000000000000520071109NM0000000000000000000001', 0, 'a720c6jvxlw1ntflv1f16gm5u1r2wa', 1, 0, 1, '055z86hhvcn61hhx17rigogdqihvlbw9NM200904120000000000000000000030', '8d1qso94hobdo2g9vf32ifr2o54b3rw6', '20071109NM000000000000000000000520071109NM0000000000000000000001', 'snp75psjk4lphhvrx8y06dul9uvv56fs', '0000000000000000000000000000040900000000000000000000000000000403', 'keyName', '0hicjw2sqttgnr90xj7l6vf17e2ajesf00000000000000000000000000000138');
INSERT INTO md_attribute ( id) VALUES ('0hicjw2sqttgnr90xj7l6vf17e2ajesf00000000000000000000000000000138');
INSERT INTO metadata ( description, created_by, owner, id, create_date, seq, type, remove, site_master, locked_by, entity_domain, last_updated_by, last_update_date, key_name) VALUES ('xzcp4s4pgs7bdw3a9uxmwnjbpkodkd0gNM200904120000000000000000000030', '0000000000000000000000000000001000000000000000000000000000000003', '0000000000000000000000000000001000000000000000000000000000000003', '0hicjw2sqttgnr90xj7l6vf17e2ajesf00000000000000000000000000000138', '2011-10-03 16:03:31', 2879, 'com.runwaysdk.system.metadata.MdAttributeCharacter', 1, 'runwaysdk.com', NULL, NULL, '0000000000000000000000000000001000000000000000000000000000000003', '2011-10-03 16:03:31', 'com.runwaysdk.system.metadata.WebGridField.keyName');
ALTER TABLE web_grid_field ADD COLUMN key_name  varchar(255);
INSERT INTO class_attribute_concrete ( id, parent_id, child_id) VALUES ('0pw7dso0zuydzrf2la3p9tth7yygc44200000000000000000000000000000073', 'z4gu2leptmskoe7v4lk68izcvc15k3j400000000000000000000000000000061', '0hicjw2sqttgnr90xj7l6vf17e2ajesf00000000000000000000000000000138');
INSERT INTO class_attribute ( id, parent_id, child_id) VALUES ('0pw7dso0zuydzrf2la3p9tth7yygc44200000000000000000000000000000073', 'z4gu2leptmskoe7v4lk68izcvc15k3j400000000000000000000000000000061', '0hicjw2sqttgnr90xj7l6vf17e2ajesf00000000000000000000000000000138');
INSERT INTO metadata_relationship ( entity_domain, site_master, last_updated_by, id, owner, locked_by, create_date, type, created_by, seq, key_name, last_update_date, parent_id, child_id) VALUES (NULL, 'runwaysdk.com', '0000000000000000000000000000001000000000000000000000000000000003', '0pw7dso0zuydzrf2la3p9tth7yygc44200000000000000000000000000000073', '0000000000000000000000000000001000000000000000000000000000000003', NULL, '2011-10-03 16:03:31', 'com.runwaysdk.system.metadata.ClassAttributeConcrete', '0000000000000000000000000000001000000000000000000000000000000003', 2880, 'com.runwaysdk.system.metadata.WebGridField.keyName', '2011-10-03 16:03:31', 'z4gu2leptmskoe7v4lk68izcvc15k3j400000000000000000000000000000061', '0hicjw2sqttgnr90xj7l6vf17e2ajesf00000000000000000000000000000138');
CREATE UNIQUE INDEX a720c6jvxlw1ntflv1f16gm5u1r2wa ON web_grid_field (key_name);
 INSERT INTO visibilitymodifier (set_id, item_id)  VALUES  ('0dt0ken19kfwbwhc212el5vrqu39ddjk', '20071109NM000000000000000000000520071109NM0000000000000000000001');
INSERT INTO metadata_display_label ( default_locale, id, site_master, key_name) VALUES ('Last Update Date', 'sbgxttoup3gsxs3smk52j504dtj49y77NM200904120000000000000000000030', 'runwaysdk.com', 'sbgxttoup3gsxs3smk52j504dtj49y77NM200904120000000000000000000030');
 INSERT INTO visibilitymodifier (set_id, item_id)  VALUES  ('xj1rk7khv6ock1z7q1p0fme8w22yhtr3', '20071109NM000000000000000000000520071109NM0000000000000000000001');
 INSERT INTO md_attribute_indicies (set_id, item_id)  VALUES  ('zo2f8m09nfw3qo64wsar1mipxr44eezu', '0000000000000000000000000000040100000000000000000000000000000403');
INSERT INTO metadata_display_label ( default_locale, id, site_master, key_name) VALUES ('Date and time this record was last updated', 'sx7xr2816hcj9j4fcvygqcpkwi7tsj5bNM200904120000000000000000000030', 'runwaysdk.com', 'sx7xr2816hcj9j4fcvygqcpkwi7tsj5bNM200904120000000000000000000030');
INSERT INTO md_attribute_datetime ( default_value, id) VALUES (NULL, 'shtgo1hggvbtxct8ponwkitpyw48asa800000000000000000000000000000341');
INSERT INTO md_attribute_moment ( id) VALUES ('shtgo1hggvbtxct8ponwkitpyw48asa800000000000000000000000000000341');
INSERT INTO md_attribute_primitive ( id) VALUES ('shtgo1hggvbtxct8ponwkitpyw48asa800000000000000000000000000000341');
INSERT INTO md_attribute_concrete ( column_name, defining_md_class, setter_visibility, setter_visibility_c, immutable, index_name, generate_accessor, system, required, display_label, getter_visibility, getter_visibility_c, index_type, index_type_c, attribute_name, id) VALUES ('last_update_date', 'z4gu2leptmskoe7v4lk68izcvc15k3j400000000000000000000000000000061', '0dt0ken19kfwbwhc212el5vrqu39ddjk', '20071109NM000000000000000000000520071109NM0000000000000000000001', 0, 'amqqey4qgsf77pjipda78gqf6y5daf', 1, 1, 1, 'sbgxttoup3gsxs3smk52j504dtj49y77NM200904120000000000000000000030', 'xj1rk7khv6ock1z7q1p0fme8w22yhtr3', '20071109NM000000000000000000000520071109NM0000000000000000000001', 'zo2f8m09nfw3qo64wsar1mipxr44eezu', '0000000000000000000000000000040100000000000000000000000000000403', 'lastUpdateDate', 'shtgo1hggvbtxct8ponwkitpyw48asa800000000000000000000000000000341');
INSERT INTO md_attribute ( id) VALUES ('shtgo1hggvbtxct8ponwkitpyw48asa800000000000000000000000000000341');
INSERT INTO metadata ( description, created_by, owner, id, create_date, seq, type, remove, site_master, locked_by, entity_domain, last_updated_by, last_update_date, key_name) VALUES ('sx7xr2816hcj9j4fcvygqcpkwi7tsj5bNM200904120000000000000000000030', '0000000000000000000000000000001000000000000000000000000000000003', '0000000000000000000000000000001000000000000000000000000000000003', 'shtgo1hggvbtxct8ponwkitpyw48asa800000000000000000000000000000341', '2011-10-03 16:03:31', 2881, 'com.runwaysdk.system.metadata.MdAttributeDateTime', 0, 'runwaysdk.com', NULL, NULL, '0000000000000000000000000000001000000000000000000000000000000003', '2011-10-03 16:03:31', 'com.runwaysdk.system.metadata.WebGridField.lastUpdateDate');
ALTER TABLE web_grid_field ADD COLUMN last_update_date  timestamp;
INSERT INTO class_attribute_concrete ( id, parent_id, child_id) VALUES ('sari4514x8wt5y4t2fn8pghkhu3rufyp00000000000000000000000000000073', 'z4gu2leptmskoe7v4lk68izcvc15k3j400000000000000000000000000000061', 'shtgo1hggvbtxct8ponwkitpyw48asa800000000000000000000000000000341');
INSERT INTO class_attribute ( id, parent_id, child_id) VALUES ('sari4514x8wt5y4t2fn8pghkhu3rufyp00000000000000000000000000000073', 'z4gu2leptmskoe7v4lk68izcvc15k3j400000000000000000000000000000061', 'shtgo1hggvbtxct8ponwkitpyw48asa800000000000000000000000000000341');
INSERT INTO metadata_relationship ( entity_domain, site_master, last_updated_by, id, owner, locked_by, create_date, type, created_by, seq, key_name, last_update_date, parent_id, child_id) VALUES (NULL, 'runwaysdk.com', '0000000000000000000000000000001000000000000000000000000000000003', 'sari4514x8wt5y4t2fn8pghkhu3rufyp00000000000000000000000000000073', '0000000000000000000000000000001000000000000000000000000000000003', NULL, '2011-10-03 16:03:31', 'com.runwaysdk.system.metadata.ClassAttributeConcrete', '0000000000000000000000000000001000000000000000000000000000000003', 2882, 'com.runwaysdk.system.metadata.WebGridField.lastUpdateDate', '2011-10-03 16:03:31', 'z4gu2leptmskoe7v4lk68izcvc15k3j400000000000000000000000000000061', 'shtgo1hggvbtxct8ponwkitpyw48asa800000000000000000000000000000341');
 INSERT INTO visibilitymodifier (set_id, item_id)  VALUES  ('sjmdmofyu9as6yfryd4w4n63gt1vwncp', '20071109NM000000000000000000000520071109NM0000000000000000000001');
INSERT INTO metadata_display_label ( default_locale, id, site_master, key_name) VALUES ('Last Updated By', '29imkkpao0toi3szbryibxmiialigxxmNM200904120000000000000000000030', 'runwaysdk.com', '29imkkpao0toi3szbryibxmiialigxxmNM200904120000000000000000000030');
 INSERT INTO visibilitymodifier (set_id, item_id)  VALUES  ('r9k1vayp1g7l9mjketxje5hz75bd4c2y', '20071109NM000000000000000000000520071109NM0000000000000000000001');
 INSERT INTO md_attribute_indicies (set_id, item_id)  VALUES  ('1ny2k8fyknt5do4lpypogl3otnlwc46n', '0000000000000000000000000000040000000000000000000000000000000403');
INSERT INTO metadata_display_label ( default_locale, id, site_master, key_name) VALUES ('User who last updated this object', 'ssiy42mo34g6nyx5f57qmz9gox7v5r90NM200904120000000000000000000030', 'runwaysdk.com', 'ssiy42mo34g6nyx5f57qmz9gox7v5r90NM200904120000000000000000000030');
INSERT INTO md_attribute_reference ( default_value, md_business, id) VALUES (NULL, 'JS20070723000000000000000000156000000000000000000000000000000001', 'xglqtbr16de586brb8b1mvur3ieltht900000000000000000000000000000186');
INSERT INTO md_attribute_ref ( id) VALUES ('xglqtbr16de586brb8b1mvur3ieltht900000000000000000000000000000186');
INSERT INTO md_attribute_concrete ( column_name, defining_md_class, setter_visibility, setter_visibility_c, immutable, index_name, generate_accessor, system, required, display_label, getter_visibility, getter_visibility_c, index_type, index_type_c, attribute_name, id) VALUES ('last_updated_by', 'z4gu2leptmskoe7v4lk68izcvc15k3j400000000000000000000000000000061', 'sjmdmofyu9as6yfryd4w4n63gt1vwncp', '20071109NM000000000000000000000520071109NM0000000000000000000001', 0, 'aaybojvznqv5wmmmjb2le7tib5mw5i', 1, 1, 1, '29imkkpao0toi3szbryibxmiialigxxmNM200904120000000000000000000030', 'r9k1vayp1g7l9mjketxje5hz75bd4c2y', '20071109NM000000000000000000000520071109NM0000000000000000000001', '1ny2k8fyknt5do4lpypogl3otnlwc46n', '0000000000000000000000000000040000000000000000000000000000000403', 'lastUpdatedBy', 'xglqtbr16de586brb8b1mvur3ieltht900000000000000000000000000000186');
INSERT INTO md_attribute ( id) VALUES ('xglqtbr16de586brb8b1mvur3ieltht900000000000000000000000000000186');
INSERT INTO metadata ( description, created_by, owner, id, create_date, seq, type, remove, site_master, locked_by, entity_domain, last_updated_by, last_update_date, key_name) VALUES ('ssiy42mo34g6nyx5f57qmz9gox7v5r90NM200904120000000000000000000030', '0000000000000000000000000000001000000000000000000000000000000003', '0000000000000000000000000000001000000000000000000000000000000003', 'xglqtbr16de586brb8b1mvur3ieltht900000000000000000000000000000186', '2011-10-03 16:03:31', 2883, 'com.runwaysdk.system.metadata.MdAttributeReference', 0, 'runwaysdk.com', NULL, NULL, '0000000000000000000000000000001000000000000000000000000000000003', '2011-10-03 16:03:31', 'com.runwaysdk.system.metadata.WebGridField.lastUpdatedBy');
ALTER TABLE web_grid_field ADD COLUMN last_updated_by  char(64);
INSERT INTO class_attribute_concrete ( id, parent_id, child_id) VALUES ('suu60wagawx845txyw1lafbst9xinpy200000000000000000000000000000073', 'z4gu2leptmskoe7v4lk68izcvc15k3j400000000000000000000000000000061', 'xglqtbr16de586brb8b1mvur3ieltht900000000000000000000000000000186');
INSERT INTO class_attribute ( id, parent_id, child_id) VALUES ('suu60wagawx845txyw1lafbst9xinpy200000000000000000000000000000073', 'z4gu2leptmskoe7v4lk68izcvc15k3j400000000000000000000000000000061', 'xglqtbr16de586brb8b1mvur3ieltht900000000000000000000000000000186');
INSERT INTO metadata_relationship ( entity_domain, site_master, last_updated_by, id, owner, locked_by, create_date, type, created_by, seq, key_name, last_update_date, parent_id, child_id) VALUES (NULL, 'runwaysdk.com', '0000000000000000000000000000001000000000000000000000000000000003', 'suu60wagawx845txyw1lafbst9xinpy200000000000000000000000000000073', '0000000000000000000000000000001000000000000000000000000000000003', NULL, '2011-10-03 16:03:31', 'com.runwaysdk.system.metadata.ClassAttributeConcrete', '0000000000000000000000000000001000000000000000000000000000000003', 2884, 'com.runwaysdk.system.metadata.WebGridField.lastUpdatedBy', '2011-10-03 16:03:31', 'z4gu2leptmskoe7v4lk68izcvc15k3j400000000000000000000000000000061', 'xglqtbr16de586brb8b1mvur3ieltht900000000000000000000000000000186');
 INSERT INTO visibilitymodifier (set_id, item_id)  VALUES  ('8lceum7gl1fzoov3r9l0i083d4ynbzd2', '20071109NM000000000000000000000520071109NM0000000000000000000001');
INSERT INTO metadata_display_label ( default_locale, id, site_master, key_name) VALUES ('Created By', 'sl0798upmyzlhyg46qikgxro92y5dyfpNM200904120000000000000000000030', 'runwaysdk.com', 'sl0798upmyzlhyg46qikgxro92y5dyfpNM200904120000000000000000000030');
 INSERT INTO visibilitymodifier (set_id, item_id)  VALUES  ('0ag4zbo2j0za07s66dwjxo12cfhtdsim', '20071109NM000000000000000000000520071109NM0000000000000000000001');
 INSERT INTO md_attribute_indicies (set_id, item_id)  VALUES  ('0ifvrd5qru6glyy88wim1axgtrwxohec', '0000000000000000000000000000040000000000000000000000000000000403');
INSERT INTO metadata_display_label ( default_locale, id, site_master, key_name) VALUES ('User that created this object', 'y1rh9ebiw2rqdrx7y0yay8el4ieob9f8NM200904120000000000000000000030', 'runwaysdk.com', 'y1rh9ebiw2rqdrx7y0yay8el4ieob9f8NM200904120000000000000000000030');
INSERT INTO md_attribute_reference ( default_value, md_business, id) VALUES (NULL, 'JS20070723000000000000000000156000000000000000000000000000000001', 'xb7wz2u4kzqk4b6fiyyi8gzd2agusgh500000000000000000000000000000186');
INSERT INTO md_attribute_ref ( id) VALUES ('xb7wz2u4kzqk4b6fiyyi8gzd2agusgh500000000000000000000000000000186');
INSERT INTO md_attribute_concrete ( column_name, defining_md_class, setter_visibility, setter_visibility_c, immutable, index_name, generate_accessor, system, required, display_label, getter_visibility, getter_visibility_c, index_type, index_type_c, attribute_name, id) VALUES ('created_by', 'z4gu2leptmskoe7v4lk68izcvc15k3j400000000000000000000000000000061', '8lceum7gl1fzoov3r9l0i083d4ynbzd2', '20071109NM000000000000000000000520071109NM0000000000000000000001', 1, 'a8bqhvl45xxjyce2g06n1871wcj0a3', 1, 1, 1, 'sl0798upmyzlhyg46qikgxro92y5dyfpNM200904120000000000000000000030', '0ag4zbo2j0za07s66dwjxo12cfhtdsim', '20071109NM000000000000000000000520071109NM0000000000000000000001', '0ifvrd5qru6glyy88wim1axgtrwxohec', '0000000000000000000000000000040000000000000000000000000000000403', 'createdBy', 'xb7wz2u4kzqk4b6fiyyi8gzd2agusgh500000000000000000000000000000186');
INSERT INTO md_attribute ( id) VALUES ('xb7wz2u4kzqk4b6fiyyi8gzd2agusgh500000000000000000000000000000186');
INSERT INTO metadata ( description, created_by, owner, id, create_date, seq, type, remove, site_master, locked_by, entity_domain, last_updated_by, last_update_date, key_name) VALUES ('y1rh9ebiw2rqdrx7y0yay8el4ieob9f8NM200904120000000000000000000030', '0000000000000000000000000000001000000000000000000000000000000003', '0000000000000000000000000000001000000000000000000000000000000003', 'xb7wz2u4kzqk4b6fiyyi8gzd2agusgh500000000000000000000000000000186', '2011-10-03 16:03:31', 2885, 'com.runwaysdk.system.metadata.MdAttributeReference', 0, 'runwaysdk.com', NULL, NULL, '0000000000000000000000000000001000000000000000000000000000000003', '2011-10-03 16:03:31', 'com.runwaysdk.system.metadata.WebGridField.createdBy');
ALTER TABLE web_grid_field ADD COLUMN created_by  char(64);
INSERT INTO class_attribute_concrete ( id, parent_id, child_id) VALUES ('xvlsrcu4wzhx1pamc7hwsk5bya8wxp2g00000000000000000000000000000073', 'z4gu2leptmskoe7v4lk68izcvc15k3j400000000000000000000000000000061', 'xb7wz2u4kzqk4b6fiyyi8gzd2agusgh500000000000000000000000000000186');
INSERT INTO class_attribute ( id, parent_id, child_id) VALUES ('xvlsrcu4wzhx1pamc7hwsk5bya8wxp2g00000000000000000000000000000073', 'z4gu2leptmskoe7v4lk68izcvc15k3j400000000000000000000000000000061', 'xb7wz2u4kzqk4b6fiyyi8gzd2agusgh500000000000000000000000000000186');
INSERT INTO metadata_relationship ( entity_domain, site_master, last_updated_by, id, owner, locked_by, create_date, type, created_by, seq, key_name, last_update_date, parent_id, child_id) VALUES (NULL, 'runwaysdk.com', '0000000000000000000000000000001000000000000000000000000000000003', 'xvlsrcu4wzhx1pamc7hwsk5bya8wxp2g00000000000000000000000000000073', '0000000000000000000000000000001000000000000000000000000000000003', NULL, '2011-10-03 16:03:31', 'com.runwaysdk.system.metadata.ClassAttributeConcrete', '0000000000000000000000000000001000000000000000000000000000000003', 2886, 'com.runwaysdk.system.metadata.WebGridField.createdBy', '2011-10-03 16:03:31', 'z4gu2leptmskoe7v4lk68izcvc15k3j400000000000000000000000000000061', 'xb7wz2u4kzqk4b6fiyyi8gzd2agusgh500000000000000000000000000000186');
 INSERT INTO visibilitymodifier (set_id, item_id)  VALUES  ('93s1skymj2riw25sc1uq71rqf6lovuy8', '20071109NM000000000000000000000520071109NM0000000000000000000001');
INSERT INTO metadata_display_label ( default_locale, id, site_master, key_name) VALUES ('Locked By', 'sn5kdjgrmlhysfemhrsvqomkff2sgbk2NM200904120000000000000000000030', 'runwaysdk.com', 'sn5kdjgrmlhysfemhrsvqomkff2sgbk2NM200904120000000000000000000030');
 INSERT INTO visibilitymodifier (set_id, item_id)  VALUES  ('2hntrx0t37yjmtt2228iuxn2q1ug9a50', '20071109NM000000000000000000000520071109NM0000000000000000000001');
 INSERT INTO md_attribute_indicies (set_id, item_id)  VALUES  ('r3xsa87uvaqxta9o5o9qtrsmmzpo3lfy', '0000000000000000000000000000040000000000000000000000000000000403');
INSERT INTO metadata_display_label ( default_locale, id, site_master, key_name) VALUES ('User who has a write lock on this object', 'si8e9bxj9u5yfywgr1iqb0nds247v07oNM200904120000000000000000000030', 'runwaysdk.com', 'si8e9bxj9u5yfywgr1iqb0nds247v07oNM200904120000000000000000000030');
INSERT INTO md_attribute_reference ( default_value, md_business, id) VALUES (NULL, '0000000000000000000000000000000300000000000000000000000000000001', 'xqxkr6vqph0qhvxwcv7pisljdp3te19x00000000000000000000000000000186');
INSERT INTO md_attribute_ref ( id) VALUES ('xqxkr6vqph0qhvxwcv7pisljdp3te19x00000000000000000000000000000186');
INSERT INTO md_attribute_concrete ( column_name, defining_md_class, setter_visibility, setter_visibility_c, immutable, index_name, generate_accessor, system, required, display_label, getter_visibility, getter_visibility_c, index_type, index_type_c, attribute_name, id) VALUES ('locked_by', 'z4gu2leptmskoe7v4lk68izcvc15k3j400000000000000000000000000000061', '93s1skymj2riw25sc1uq71rqf6lovuy8', '20071109NM000000000000000000000520071109NM0000000000000000000001', 0, 'a6rl0g6yya2951k0o5c2phevg02fw3', 1, 1, 0, 'sn5kdjgrmlhysfemhrsvqomkff2sgbk2NM200904120000000000000000000030', '2hntrx0t37yjmtt2228iuxn2q1ug9a50', '20071109NM000000000000000000000520071109NM0000000000000000000001', 'r3xsa87uvaqxta9o5o9qtrsmmzpo3lfy', '0000000000000000000000000000040000000000000000000000000000000403', 'lockedBy', 'xqxkr6vqph0qhvxwcv7pisljdp3te19x00000000000000000000000000000186');
INSERT INTO md_attribute ( id) VALUES ('xqxkr6vqph0qhvxwcv7pisljdp3te19x00000000000000000000000000000186');
INSERT INTO metadata ( description, created_by, owner, id, create_date, seq, type, remove, site_master, locked_by, entity_domain, last_updated_by, last_update_date, key_name) VALUES ('si8e9bxj9u5yfywgr1iqb0nds247v07oNM200904120000000000000000000030', '0000000000000000000000000000001000000000000000000000000000000003', '0000000000000000000000000000001000000000000000000000000000000003', 'xqxkr6vqph0qhvxwcv7pisljdp3te19x00000000000000000000000000000186', '2011-10-03 16:03:31', 2887, 'com.runwaysdk.system.metadata.MdAttributeReference', 0, 'runwaysdk.com', NULL, NULL, '0000000000000000000000000000001000000000000000000000000000000003', '2011-10-03 16:03:31', 'com.runwaysdk.system.metadata.WebGridField.lockedBy');
ALTER TABLE web_grid_field ADD COLUMN locked_by  char(64);
INSERT INTO class_attribute_concrete ( id, parent_id, child_id) VALUES ('6xgv46m6yu8fbflqag0fepsgykb1xv0n00000000000000000000000000000073', 'z4gu2leptmskoe7v4lk68izcvc15k3j400000000000000000000000000000061', 'xqxkr6vqph0qhvxwcv7pisljdp3te19x00000000000000000000000000000186');
INSERT INTO class_attribute ( id, parent_id, child_id) VALUES ('6xgv46m6yu8fbflqag0fepsgykb1xv0n00000000000000000000000000000073', 'z4gu2leptmskoe7v4lk68izcvc15k3j400000000000000000000000000000061', 'xqxkr6vqph0qhvxwcv7pisljdp3te19x00000000000000000000000000000186');
INSERT INTO metadata_relationship ( entity_domain, site_master, last_updated_by, id, owner, locked_by, create_date, type, created_by, seq, key_name, last_update_date, parent_id, child_id) VALUES (NULL, 'runwaysdk.com', '0000000000000000000000000000001000000000000000000000000000000003', '6xgv46m6yu8fbflqag0fepsgykb1xv0n00000000000000000000000000000073', '0000000000000000000000000000001000000000000000000000000000000003', NULL, '2011-10-03 16:03:31', 'com.runwaysdk.system.metadata.ClassAttributeConcrete', '0000000000000000000000000000001000000000000000000000000000000003', 2888, 'com.runwaysdk.system.metadata.WebGridField.lockedBy', '2011-10-03 16:03:31', 'z4gu2leptmskoe7v4lk68izcvc15k3j400000000000000000000000000000061', 'xqxkr6vqph0qhvxwcv7pisljdp3te19x00000000000000000000000000000186');
 INSERT INTO visibilitymodifier (set_id, item_id)  VALUES  ('0l2o2oocbtd6yen0ozn0bg222bz2udgh', '20071109NM000000000000000000000520071109NM0000000000000000000001');
INSERT INTO metadata_display_label ( default_locale, id, site_master, key_name) VALUES ('Create Date', '0b8og1gx3ripl50ugjdsojoae6brbo4aNM200904120000000000000000000030', 'runwaysdk.com', '0b8og1gx3ripl50ugjdsojoae6brbo4aNM200904120000000000000000000030');
 INSERT INTO visibilitymodifier (set_id, item_id)  VALUES  ('74f5l55ho7vgu9h5bpzq6s61iinf7p2k', '20071109NM000000000000000000000520071109NM0000000000000000000001');
 INSERT INTO md_attribute_indicies (set_id, item_id)  VALUES  ('20069o5ldzyix03qdd03bsld62avilks', '0000000000000000000000000000040100000000000000000000000000000403');
INSERT INTO metadata_display_label ( default_locale, id, site_master, key_name) VALUES ('Date and time this record was created', '8qworfbeczuf6lf2zhrswsu6sdwnsmg8NM200904120000000000000000000030', 'runwaysdk.com', '8qworfbeczuf6lf2zhrswsu6sdwnsmg8NM200904120000000000000000000030');
INSERT INTO md_attribute_datetime ( default_value, id) VALUES (NULL, '1pyx06zoo6mm7hgt22m0avzng4mf83vn00000000000000000000000000000341');
INSERT INTO md_attribute_moment ( id) VALUES ('1pyx06zoo6mm7hgt22m0avzng4mf83vn00000000000000000000000000000341');
INSERT INTO md_attribute_primitive ( id) VALUES ('1pyx06zoo6mm7hgt22m0avzng4mf83vn00000000000000000000000000000341');
INSERT INTO md_attribute_concrete ( column_name, defining_md_class, setter_visibility, setter_visibility_c, immutable, index_name, generate_accessor, system, required, display_label, getter_visibility, getter_visibility_c, index_type, index_type_c, attribute_name, id) VALUES ('create_date', 'z4gu2leptmskoe7v4lk68izcvc15k3j400000000000000000000000000000061', '0l2o2oocbtd6yen0ozn0bg222bz2udgh', '20071109NM000000000000000000000520071109NM0000000000000000000001', 0, 'a8c0d1cpmgeetkdm0h6c9cl4e9u985', 1, 1, 1, '0b8og1gx3ripl50ugjdsojoae6brbo4aNM200904120000000000000000000030', '74f5l55ho7vgu9h5bpzq6s61iinf7p2k', '20071109NM000000000000000000000520071109NM0000000000000000000001', '20069o5ldzyix03qdd03bsld62avilks', '0000000000000000000000000000040100000000000000000000000000000403', 'createDate', '1pyx06zoo6mm7hgt22m0avzng4mf83vn00000000000000000000000000000341');
INSERT INTO md_attribute ( id) VALUES ('1pyx06zoo6mm7hgt22m0avzng4mf83vn00000000000000000000000000000341');
INSERT INTO metadata ( description, created_by, owner, id, create_date, seq, type, remove, site_master, locked_by, entity_domain, last_updated_by, last_update_date, key_name) VALUES ('8qworfbeczuf6lf2zhrswsu6sdwnsmg8NM200904120000000000000000000030', '0000000000000000000000000000001000000000000000000000000000000003', '0000000000000000000000000000001000000000000000000000000000000003', '1pyx06zoo6mm7hgt22m0avzng4mf83vn00000000000000000000000000000341', '2011-10-03 16:03:31', 2889, 'com.runwaysdk.system.metadata.MdAttributeDateTime', 0, 'runwaysdk.com', NULL, NULL, '0000000000000000000000000000001000000000000000000000000000000003', '2011-10-03 16:03:31', 'com.runwaysdk.system.metadata.WebGridField.createDate');
ALTER TABLE web_grid_field ADD COLUMN create_date  timestamp;
INSERT INTO class_attribute_concrete ( id, parent_id, child_id) VALUES ('reg73v8y0izilg19xmq1kvzr4a5oybq300000000000000000000000000000073', 'z4gu2leptmskoe7v4lk68izcvc15k3j400000000000000000000000000000061', '1pyx06zoo6mm7hgt22m0avzng4mf83vn00000000000000000000000000000341');
INSERT INTO class_attribute ( id, parent_id, child_id) VALUES ('reg73v8y0izilg19xmq1kvzr4a5oybq300000000000000000000000000000073', 'z4gu2leptmskoe7v4lk68izcvc15k3j400000000000000000000000000000061', '1pyx06zoo6mm7hgt22m0avzng4mf83vn00000000000000000000000000000341');
INSERT INTO metadata_relationship ( entity_domain, site_master, last_updated_by, id, owner, locked_by, create_date, type, created_by, seq, key_name, last_update_date, parent_id, child_id) VALUES (NULL, 'runwaysdk.com', '0000000000000000000000000000001000000000000000000000000000000003', 'reg73v8y0izilg19xmq1kvzr4a5oybq300000000000000000000000000000073', '0000000000000000000000000000001000000000000000000000000000000003', NULL, '2011-10-03 16:03:31', 'com.runwaysdk.system.metadata.ClassAttributeConcrete', '0000000000000000000000000000001000000000000000000000000000000003', 2890, 'com.runwaysdk.system.metadata.WebGridField.createDate', '2011-10-03 16:03:31', 'z4gu2leptmskoe7v4lk68izcvc15k3j400000000000000000000000000000061', '1pyx06zoo6mm7hgt22m0avzng4mf83vn00000000000000000000000000000341');
 INSERT INTO visibilitymodifier (set_id, item_id)  VALUES  ('1se65sln32zo87a7k0q70clnkcr0ikk0', '20071109NM000000000000000000000520071109NM0000000000000000000001');
INSERT INTO metadata_display_label ( default_locale, id, site_master, key_name) VALUES ('Owner', '8uzl2yawbun60pryta7ceixlhok15nauNM200904120000000000000000000030', 'runwaysdk.com', '8uzl2yawbun60pryta7ceixlhok15nauNM200904120000000000000000000030');
 INSERT INTO visibilitymodifier (set_id, item_id)  VALUES  ('sopi9lwk7sci4bsk8vjlnporuggq7f94', '20071109NM000000000000000000000520071109NM0000000000000000000001');
 INSERT INTO md_attribute_indicies (set_id, item_id)  VALUES  ('1nwg055nwcf0qrwiytwrdr4df4mua3fo', '0000000000000000000000000000040000000000000000000000000000000403');
INSERT INTO metadata_display_label ( default_locale, id, site_master, key_name) VALUES ('A reference to the user who own this object', 'z1jzzno4lhedbbewsf8t1vvpbo6or3x3NM200904120000000000000000000030', 'runwaysdk.com', 'z1jzzno4lhedbbewsf8t1vvpbo6or3x3NM200904120000000000000000000030');
INSERT INTO md_attribute_reference ( default_value, md_business, id) VALUES (NULL, '0000000000000000000000000000051600000000000000000000000000000001', 'svl0s1gfclmz710d47v001ycn3w8lkme00000000000000000000000000000186');
INSERT INTO md_attribute_ref ( id) VALUES ('svl0s1gfclmz710d47v001ycn3w8lkme00000000000000000000000000000186');
INSERT INTO md_attribute_concrete ( column_name, defining_md_class, setter_visibility, setter_visibility_c, immutable, index_name, generate_accessor, system, required, display_label, getter_visibility, getter_visibility_c, index_type, index_type_c, attribute_name, id) VALUES ('owner', 'z4gu2leptmskoe7v4lk68izcvc15k3j400000000000000000000000000000061', '1se65sln32zo87a7k0q70clnkcr0ikk0', '20071109NM000000000000000000000520071109NM0000000000000000000001', 0, 'atj99hi4yg42ztoqj5pw8w1tic1zvr', 1, 0, 1, '8uzl2yawbun60pryta7ceixlhok15nauNM200904120000000000000000000030', 'sopi9lwk7sci4bsk8vjlnporuggq7f94', '20071109NM000000000000000000000520071109NM0000000000000000000001', '1nwg055nwcf0qrwiytwrdr4df4mua3fo', '0000000000000000000000000000040000000000000000000000000000000403', 'owner', 'svl0s1gfclmz710d47v001ycn3w8lkme00000000000000000000000000000186');
INSERT INTO md_attribute ( id) VALUES ('svl0s1gfclmz710d47v001ycn3w8lkme00000000000000000000000000000186');
INSERT INTO metadata ( description, created_by, owner, id, create_date, seq, type, remove, site_master, locked_by, entity_domain, last_updated_by, last_update_date, key_name) VALUES ('z1jzzno4lhedbbewsf8t1vvpbo6or3x3NM200904120000000000000000000030', '0000000000000000000000000000001000000000000000000000000000000003', '0000000000000000000000000000001000000000000000000000000000000003', 'svl0s1gfclmz710d47v001ycn3w8lkme00000000000000000000000000000186', '2011-10-03 16:03:31', 2891, 'com.runwaysdk.system.metadata.MdAttributeReference', 0, 'runwaysdk.com', NULL, NULL, '0000000000000000000000000000001000000000000000000000000000000003', '2011-10-03 16:03:31', 'com.runwaysdk.system.metadata.WebGridField.owner');
ALTER TABLE web_grid_field ADD COLUMN owner  char(64);
INSERT INTO class_attribute_concrete ( id, parent_id, child_id) VALUES ('zd1bbrn5gedjh01p7jdr5t8wyo3x886m00000000000000000000000000000073', 'z4gu2leptmskoe7v4lk68izcvc15k3j400000000000000000000000000000061', 'svl0s1gfclmz710d47v001ycn3w8lkme00000000000000000000000000000186');
INSERT INTO class_attribute ( id, parent_id, child_id) VALUES ('zd1bbrn5gedjh01p7jdr5t8wyo3x886m00000000000000000000000000000073', 'z4gu2leptmskoe7v4lk68izcvc15k3j400000000000000000000000000000061', 'svl0s1gfclmz710d47v001ycn3w8lkme00000000000000000000000000000186');
INSERT INTO metadata_relationship ( entity_domain, site_master, last_updated_by, id, owner, locked_by, create_date, type, created_by, seq, key_name, last_update_date, parent_id, child_id) VALUES (NULL, 'runwaysdk.com', '0000000000000000000000000000001000000000000000000000000000000003', 'zd1bbrn5gedjh01p7jdr5t8wyo3x886m00000000000000000000000000000073', '0000000000000000000000000000001000000000000000000000000000000003', NULL, '2011-10-03 16:03:31', 'com.runwaysdk.system.metadata.ClassAttributeConcrete', '0000000000000000000000000000001000000000000000000000000000000003', 2892, 'com.runwaysdk.system.metadata.WebGridField.owner', '2011-10-03 16:03:31', 'z4gu2leptmskoe7v4lk68izcvc15k3j400000000000000000000000000000061', 'svl0s1gfclmz710d47v001ycn3w8lkme00000000000000000000000000000186');
 INSERT INTO visibilitymodifier (set_id, item_id)  VALUES  ('8zbhsi0nsi21re0efr3q11fm3vippfmy', '20071109NM000000000000000000000520071109NM0000000000000000000001');
INSERT INTO metadata_display_label ( default_locale, id, site_master, key_name) VALUES ('Type', '24441mqo2srrv0lgnz8un2rf17t360iuNM200904120000000000000000000030', 'runwaysdk.com', '24441mqo2srrv0lgnz8un2rf17t360iuNM200904120000000000000000000030');
 INSERT INTO visibilitymodifier (set_id, item_id)  VALUES  ('0bpabvk6nq54taot87of3c3mqziwxhfz', '20071109NM000000000000000000000520071109NM0000000000000000000001');
 INSERT INTO md_attribute_indicies (set_id, item_id)  VALUES  ('8hvfj5bp8jfpy1zmgl4frj6n806meugr', '0000000000000000000000000000040100000000000000000000000000000403');
INSERT INTO metadata_display_label ( default_locale, id, site_master, key_name) VALUES ('Fully qualified type of this object', 'sz7naheeeqvycpm9j0s4vtx64np2ia5uNM200904120000000000000000000030', 'runwaysdk.com', 'sz7naheeeqvycpm9j0s4vtx64np2ia5uNM200904120000000000000000000030');
INSERT INTO md_attribute_character ( default_value, database_size, id) VALUES (NULL, 255, 'xu2v3kgff700kda6qpjwukak0a9vumu400000000000000000000000000000138');
INSERT INTO md_attribute_char ( id) VALUES ('xu2v3kgff700kda6qpjwukak0a9vumu400000000000000000000000000000138');
INSERT INTO md_attribute_primitive ( id) VALUES ('xu2v3kgff700kda6qpjwukak0a9vumu400000000000000000000000000000138');
INSERT INTO md_attribute_concrete ( column_name, defining_md_class, setter_visibility, setter_visibility_c, immutable, index_name, generate_accessor, system, required, display_label, getter_visibility, getter_visibility_c, index_type, index_type_c, attribute_name, id) VALUES ('type', 'z4gu2leptmskoe7v4lk68izcvc15k3j400000000000000000000000000000061', '8zbhsi0nsi21re0efr3q11fm3vippfmy', '20071109NM000000000000000000000520071109NM0000000000000000000001', 1, 'amevqdb59nu7x9gy1n03nbosx2regx', 1, 1, 1, '24441mqo2srrv0lgnz8un2rf17t360iuNM200904120000000000000000000030', '0bpabvk6nq54taot87of3c3mqziwxhfz', '20071109NM000000000000000000000520071109NM0000000000000000000001', '8hvfj5bp8jfpy1zmgl4frj6n806meugr', '0000000000000000000000000000040100000000000000000000000000000403', 'type', 'xu2v3kgff700kda6qpjwukak0a9vumu400000000000000000000000000000138');
INSERT INTO md_attribute ( id) VALUES ('xu2v3kgff700kda6qpjwukak0a9vumu400000000000000000000000000000138');
INSERT INTO metadata ( description, created_by, owner, id, create_date, seq, type, remove, site_master, locked_by, entity_domain, last_updated_by, last_update_date, key_name) VALUES ('sz7naheeeqvycpm9j0s4vtx64np2ia5uNM200904120000000000000000000030', '0000000000000000000000000000001000000000000000000000000000000003', '0000000000000000000000000000001000000000000000000000000000000003', 'xu2v3kgff700kda6qpjwukak0a9vumu400000000000000000000000000000138', '2011-10-03 16:03:31', 2893, 'com.runwaysdk.system.metadata.MdAttributeCharacter', 0, 'runwaysdk.com', NULL, NULL, '0000000000000000000000000000001000000000000000000000000000000003', '2011-10-03 16:03:31', 'com.runwaysdk.system.metadata.WebGridField.type');
ALTER TABLE web_grid_field ADD COLUMN type  varchar(255);
INSERT INTO class_attribute_concrete ( id, parent_id, child_id) VALUES ('xmxyzop6yp18u71z9l56coo35kztmvzb00000000000000000000000000000073', 'z4gu2leptmskoe7v4lk68izcvc15k3j400000000000000000000000000000061', 'xu2v3kgff700kda6qpjwukak0a9vumu400000000000000000000000000000138');
INSERT INTO class_attribute ( id, parent_id, child_id) VALUES ('xmxyzop6yp18u71z9l56coo35kztmvzb00000000000000000000000000000073', 'z4gu2leptmskoe7v4lk68izcvc15k3j400000000000000000000000000000061', 'xu2v3kgff700kda6qpjwukak0a9vumu400000000000000000000000000000138');
INSERT INTO metadata_relationship ( entity_domain, site_master, last_updated_by, id, owner, locked_by, create_date, type, created_by, seq, key_name, last_update_date, parent_id, child_id) VALUES (NULL, 'runwaysdk.com', '0000000000000000000000000000001000000000000000000000000000000003', 'xmxyzop6yp18u71z9l56coo35kztmvzb00000000000000000000000000000073', '0000000000000000000000000000001000000000000000000000000000000003', NULL, '2011-10-03 16:03:31', 'com.runwaysdk.system.metadata.ClassAttributeConcrete', '0000000000000000000000000000001000000000000000000000000000000003', 2894, 'com.runwaysdk.system.metadata.WebGridField.type', '2011-10-03 16:03:31', 'z4gu2leptmskoe7v4lk68izcvc15k3j400000000000000000000000000000061', 'xu2v3kgff700kda6qpjwukak0a9vumu400000000000000000000000000000138');
 INSERT INTO visibilitymodifier (set_id, item_id)  VALUES  ('z3btld2houp2n5uctga37oxfluwq78t6', '20071109NM000000000000000000000520071109NM0000000000000000000001');
INSERT INTO metadata_display_label ( default_locale, id, site_master, key_name) VALUES ('Entity Domain', 'zeqaoqa5p6gryutvy5jxssp2abn5rr4eNM200904120000000000000000000030', 'runwaysdk.com', 'zeqaoqa5p6gryutvy5jxssp2abn5rr4eNM200904120000000000000000000030');
 INSERT INTO visibilitymodifier (set_id, item_id)  VALUES  ('8yq9b5wij8zx911wo19ov0zl4gwn1y9a', '20071109NM000000000000000000000520071109NM0000000000000000000001');
 INSERT INTO md_attribute_indicies (set_id, item_id)  VALUES  ('rdsm6h6ylby7h9a0grpoaltkjz3x6vcg', '0000000000000000000000000000040100000000000000000000000000000403');
INSERT INTO metadata_display_label ( default_locale, id, site_master, key_name) VALUES ('The Domain of this entity', '0hyf4ehvt6m2irkc6fga6o5gm5y9eimjNM200904120000000000000000000030', 'runwaysdk.com', '0hyf4ehvt6m2irkc6fga6o5gm5y9eimjNM200904120000000000000000000030');
INSERT INTO md_attribute_reference ( default_value, md_business, id) VALUES (NULL, 'NM20081011000000000000000000011100000000000000000000000000000001', '04lotkmf0e9p9ps0svewwbjehq2ojvu900000000000000000000000000000186');
INSERT INTO md_attribute_ref ( id) VALUES ('04lotkmf0e9p9ps0svewwbjehq2ojvu900000000000000000000000000000186');
INSERT INTO md_attribute_concrete ( column_name, defining_md_class, setter_visibility, setter_visibility_c, immutable, index_name, generate_accessor, system, required, display_label, getter_visibility, getter_visibility_c, index_type, index_type_c, attribute_name, id) VALUES ('entity_domain', 'z4gu2leptmskoe7v4lk68izcvc15k3j400000000000000000000000000000061', 'z3btld2houp2n5uctga37oxfluwq78t6', '20071109NM000000000000000000000520071109NM0000000000000000000001', 0, 'a7issc0blnvdusidxp9jz2adokydqy', 1, 0, 0, 'zeqaoqa5p6gryutvy5jxssp2abn5rr4eNM200904120000000000000000000030', '8yq9b5wij8zx911wo19ov0zl4gwn1y9a', '20071109NM000000000000000000000520071109NM0000000000000000000001', 'rdsm6h6ylby7h9a0grpoaltkjz3x6vcg', '0000000000000000000000000000040100000000000000000000000000000403', 'entityDomain', '04lotkmf0e9p9ps0svewwbjehq2ojvu900000000000000000000000000000186');
INSERT INTO md_attribute ( id) VALUES ('04lotkmf0e9p9ps0svewwbjehq2ojvu900000000000000000000000000000186');
INSERT INTO metadata ( description, created_by, owner, id, create_date, seq, type, remove, site_master, locked_by, entity_domain, last_updated_by, last_update_date, key_name) VALUES ('0hyf4ehvt6m2irkc6fga6o5gm5y9eimjNM200904120000000000000000000030', '0000000000000000000000000000001000000000000000000000000000000003', '0000000000000000000000000000001000000000000000000000000000000003', '04lotkmf0e9p9ps0svewwbjehq2ojvu900000000000000000000000000000186', '2011-10-03 16:03:31', 2895, 'com.runwaysdk.system.metadata.MdAttributeReference', 1, 'runwaysdk.com', NULL, NULL, '0000000000000000000000000000001000000000000000000000000000000003', '2011-10-03 16:03:31', 'com.runwaysdk.system.metadata.WebGridField.entityDomain');
ALTER TABLE web_grid_field ADD COLUMN entity_domain  char(64);
INSERT INTO class_attribute_concrete ( id, parent_id, child_id) VALUES ('238uahety8u01gcgrzj4n05j3lr3o6d700000000000000000000000000000073', 'z4gu2leptmskoe7v4lk68izcvc15k3j400000000000000000000000000000061', '04lotkmf0e9p9ps0svewwbjehq2ojvu900000000000000000000000000000186');
INSERT INTO class_attribute ( id, parent_id, child_id) VALUES ('238uahety8u01gcgrzj4n05j3lr3o6d700000000000000000000000000000073', 'z4gu2leptmskoe7v4lk68izcvc15k3j400000000000000000000000000000061', '04lotkmf0e9p9ps0svewwbjehq2ojvu900000000000000000000000000000186');
INSERT INTO metadata_relationship ( entity_domain, site_master, last_updated_by, id, owner, locked_by, create_date, type, created_by, seq, key_name, last_update_date, parent_id, child_id) VALUES (NULL, 'runwaysdk.com', '0000000000000000000000000000001000000000000000000000000000000003', '238uahety8u01gcgrzj4n05j3lr3o6d700000000000000000000000000000073', '0000000000000000000000000000001000000000000000000000000000000003', NULL, '2011-10-03 16:03:31', 'com.runwaysdk.system.metadata.ClassAttributeConcrete', '0000000000000000000000000000001000000000000000000000000000000003', 2896, 'com.runwaysdk.system.metadata.WebGridField.entityDomain', '2011-10-03 16:03:31', 'z4gu2leptmskoe7v4lk68izcvc15k3j400000000000000000000000000000061', '04lotkmf0e9p9ps0svewwbjehq2ojvu900000000000000000000000000000186');
 INSERT INTO visibilitymodifier (set_id, item_id)  VALUES  ('z88ybvpkitjeq0s0dvmwsbq7cxzlczwt', '20071109NM000000000000000000000520071109NM0000000000000000000001');
INSERT INTO metadata_display_label ( default_locale, id, site_master, key_name) VALUES ('Sequence', 'sumskb2mz6kzddybllqdtyjwc4971hu1NM200904120000000000000000000030', 'runwaysdk.com', 'sumskb2mz6kzddybllqdtyjwc4971hu1NM200904120000000000000000000030');
 INSERT INTO visibilitymodifier (set_id, item_id)  VALUES  ('rdp8jmgleuo897bqrl0yath4mnguxm26', '20071109NM000000000000000000000520071109NM0000000000000000000001');
 INSERT INTO md_attribute_indicies (set_id, item_id)  VALUES  ('8dcr96y0um9jknipvd2ppfj8ymp2g3c2', '0000000000000000000000000000040100000000000000000000000000000403');
INSERT INTO metadata_display_label ( default_locale, id, site_master, key_name) VALUES ('Sequence number is incremented every time this object is updated', 'r6if1yd12xb766rnnl0cilstryhural1NM200904120000000000000000000030', 'runwaysdk.com', 'r6if1yd12xb766rnnl0cilstryhural1NM200904120000000000000000000030');
INSERT INTO md_attribute_long ( default_value, id) VALUES (NULL, '0f4fwphpg5lgcs7c6n6xogsx8z8u0rb700000000000000000000000000000338');
INSERT INTO md_attribute_int ( id) VALUES ('0f4fwphpg5lgcs7c6n6xogsx8z8u0rb700000000000000000000000000000338');
INSERT INTO md_attribute_number ( reject_negative, reject_zero, reject_positive, id) VALUES (1, 0, 0, '0f4fwphpg5lgcs7c6n6xogsx8z8u0rb700000000000000000000000000000338');
INSERT INTO md_attribute_primitive ( id) VALUES ('0f4fwphpg5lgcs7c6n6xogsx8z8u0rb700000000000000000000000000000338');
INSERT INTO md_attribute_concrete ( column_name, defining_md_class, setter_visibility, setter_visibility_c, immutable, index_name, generate_accessor, system, required, display_label, getter_visibility, getter_visibility_c, index_type, index_type_c, attribute_name, id) VALUES ('seq', 'z4gu2leptmskoe7v4lk68izcvc15k3j400000000000000000000000000000061', 'z88ybvpkitjeq0s0dvmwsbq7cxzlczwt', '20071109NM000000000000000000000520071109NM0000000000000000000001', 0, 'a1uqgmvb1y3ybxf6jkjia6i2m13hux', 1, 1, 1, 'sumskb2mz6kzddybllqdtyjwc4971hu1NM200904120000000000000000000030', 'rdp8jmgleuo897bqrl0yath4mnguxm26', '20071109NM000000000000000000000520071109NM0000000000000000000001', '8dcr96y0um9jknipvd2ppfj8ymp2g3c2', '0000000000000000000000000000040100000000000000000000000000000403', 'seq', '0f4fwphpg5lgcs7c6n6xogsx8z8u0rb700000000000000000000000000000338');
INSERT INTO md_attribute ( id) VALUES ('0f4fwphpg5lgcs7c6n6xogsx8z8u0rb700000000000000000000000000000338');
INSERT INTO metadata ( description, created_by, owner, id, create_date, seq, type, remove, site_master, locked_by, entity_domain, last_updated_by, last_update_date, key_name) VALUES ('r6if1yd12xb766rnnl0cilstryhural1NM200904120000000000000000000030', '0000000000000000000000000000001000000000000000000000000000000003', '0000000000000000000000000000001000000000000000000000000000000003', '0f4fwphpg5lgcs7c6n6xogsx8z8u0rb700000000000000000000000000000338', '2011-10-03 16:03:31', 2897, 'com.runwaysdk.system.metadata.MdAttributeLong', 0, 'runwaysdk.com', NULL, NULL, '0000000000000000000000000000001000000000000000000000000000000003', '2011-10-03 16:03:31', 'com.runwaysdk.system.metadata.WebGridField.seq');
ALTER TABLE web_grid_field ADD COLUMN seq  bigint;
INSERT INTO class_attribute_concrete ( id, parent_id, child_id) VALUES ('qn841r14ecd9rkk3guj9creao4pfu02300000000000000000000000000000073', 'z4gu2leptmskoe7v4lk68izcvc15k3j400000000000000000000000000000061', '0f4fwphpg5lgcs7c6n6xogsx8z8u0rb700000000000000000000000000000338');
INSERT INTO class_attribute ( id, parent_id, child_id) VALUES ('qn841r14ecd9rkk3guj9creao4pfu02300000000000000000000000000000073', 'z4gu2leptmskoe7v4lk68izcvc15k3j400000000000000000000000000000061', '0f4fwphpg5lgcs7c6n6xogsx8z8u0rb700000000000000000000000000000338');
INSERT INTO metadata_relationship ( entity_domain, site_master, last_updated_by, id, owner, locked_by, create_date, type, created_by, seq, key_name, last_update_date, parent_id, child_id) VALUES (NULL, 'runwaysdk.com', '0000000000000000000000000000001000000000000000000000000000000003', 'qn841r14ecd9rkk3guj9creao4pfu02300000000000000000000000000000073', '0000000000000000000000000000001000000000000000000000000000000003', NULL, '2011-10-03 16:03:31', 'com.runwaysdk.system.metadata.ClassAttributeConcrete', '0000000000000000000000000000001000000000000000000000000000000003', 2898, 'com.runwaysdk.system.metadata.WebGridField.seq', '2011-10-03 16:03:31', 'z4gu2leptmskoe7v4lk68izcvc15k3j400000000000000000000000000000061', '0f4fwphpg5lgcs7c6n6xogsx8z8u0rb700000000000000000000000000000338');
 INSERT INTO class_cache (set_id, item_id)  VALUES  ('0d9p3v1dzsgbb11zdmq3s77pstp1vlkl', '0000000000000000000000000000023100000000000000000000000000000222');
INSERT INTO metadata_display_label ( default_locale, id, site_master, key_name) VALUES ('Geo Field', 't1fx3w1xira0ucpdj38irh64t86xflbtNM200904120000000000000000000030', 'runwaysdk.com', 't1fx3w1xira0ucpdj38irh64t86xflbtNM200904120000000000000000000030');
INSERT INTO metadata_display_label ( default_locale, id, site_master, key_name) VALUES ('Metadata Web MdWebGeo Field', '251yt285nrdbyj2vzq1niqzzttf6hwtnNM200904120000000000000000000030', 'runwaysdk.com', '251yt285nrdbyj2vzq1niqzzttf6hwtnNM200904120000000000000000000030');
INSERT INTO md_business ( cache_algorithm, cache_algorithm_c, super_md_business, id) VALUES ('0d9p3v1dzsgbb11zdmq3s77pstp1vlkl', '0000000000000000000000000000023100000000000000000000000000000222', '2ecripfmvw2qxs9fbp5iie6aev39dkcz00000000000000000000000000000001', 'zf6hol4750q5yldcc56ychbsxc93texn00000000000000000000000000000001');
INSERT INTO md_element ( extendable, is_abstract, id) VALUES (1, 0, 'zf6hol4750q5yldcc56ychbsxc93texn00000000000000000000000000000001');
INSERT INTO md_entity ( query_dto_source, query_source, cache_size, enforce_site_master, table_name, id) VALUES (NULL, NULL, 0, 1, 'md_web_geo', 'zf6hol4750q5yldcc56ychbsxc93texn00000000000000000000000000000001');
INSERT INTO md_class ( publish, stub_dto_source, stub_source, id) VALUES (1, NULL, NULL, 'zf6hol4750q5yldcc56ychbsxc93texn00000000000000000000000000000001');
INSERT INTO md_type ( display_label, root_id, package_name, type_name, base_source, js_base, js_stub, exported, dto_source, id) VALUES ('t1fx3w1xira0ucpdj38irh64t86xflbtNM200904120000000000000000000030', 'zf6hol4750q5yldcc56ychbsxc93texn', 'com.runwaysdk.system.metadata', 'MdWebGeo', NULL, NULL, NULL, 1, NULL, 'zf6hol4750q5yldcc56ychbsxc93texn00000000000000000000000000000001');
INSERT INTO metadata ( description, created_by, owner, id, create_date, seq, type, remove, site_master, locked_by, entity_domain, last_updated_by, last_update_date, key_name) VALUES ('251yt285nrdbyj2vzq1niqzzttf6hwtnNM200904120000000000000000000030', '0000000000000000000000000000001000000000000000000000000000000003', '0000000000000000000000000000001000000000000000000000000000000003', 'zf6hol4750q5yldcc56ychbsxc93texn00000000000000000000000000000001', '2011-10-03 16:03:31', 2899, 'com.runwaysdk.system.metadata.MdBusiness', 1, 'runwaysdk.com', NULL, NULL, '0000000000000000000000000000001000000000000000000000000000000003', '2011-10-03 16:03:31', 'com.runwaysdk.system.metadata.MdWebGeo');
CREATE TABLE md_web_geo ( id CHAR(64) NOT NULL PRIMARY KEY );
INSERT INTO business_inheritance ( id, parent_id, child_id) VALUES ('sfsrz4r8co4w9s1hq8gwhx10n85pucdl20070926NM0000000000000000000004', '2ecripfmvw2qxs9fbp5iie6aev39dkcz00000000000000000000000000000001', 'zf6hol4750q5yldcc56ychbsxc93texn00000000000000000000000000000001');
INSERT INTO class_inheritance ( id, parent_id, child_id) VALUES ('sfsrz4r8co4w9s1hq8gwhx10n85pucdl20070926NM0000000000000000000004', '2ecripfmvw2qxs9fbp5iie6aev39dkcz00000000000000000000000000000001', 'zf6hol4750q5yldcc56ychbsxc93texn00000000000000000000000000000001');
INSERT INTO metadata_relationship ( entity_domain, site_master, last_updated_by, id, owner, locked_by, create_date, type, created_by, seq, key_name, last_update_date, parent_id, child_id) VALUES (NULL, 'runwaysdk.com', '0000000000000000000000000000001000000000000000000000000000000003', 'sfsrz4r8co4w9s1hq8gwhx10n85pucdl20070926NM0000000000000000000004', '0000000000000000000000000000001000000000000000000000000000000003', NULL, '2011-10-03 16:03:31', 'com.runwaysdk.system.metadata.BusinessInheritance', '0000000000000000000000000000001000000000000000000000000000000003', 2900, 'sfsrz4r8co4w9s1hq8gwhx10n85pucdl20070926NM0000000000000000000004', '2011-10-03 16:03:31', '2ecripfmvw2qxs9fbp5iie6aev39dkcz00000000000000000000000000000001', 'zf6hol4750q5yldcc56ychbsxc93texn00000000000000000000000000000001');
DELETE FROM class_cache WHERE set_id='8vtj25aks6d8r7jtgdsieqfcp93ezvpg';
 INSERT INTO class_cache (set_id, item_id)  VALUES  ('8vtj25aks6d8r7jtgdsieqfcp93ezvpg', '0000000000000000000000000000023100000000000000000000000000000222');
UPDATE metadata_display_label SET default_locale= 'Primitive Field' , id= 'sj2f0usgvlnwc85ghbv16x30lxu5ea54NM200904120000000000000000000030' , site_master= 'runwaysdk.com' , key_name= 'sj2f0usgvlnwc85ghbv16x30lxu5ea54NM200904120000000000000000000030'  WHERE id='sj2f0usgvlnwc85ghbv16x30lxu5ea54NM200904120000000000000000000030';
UPDATE metadata_display_label SET default_locale= 'Metadata Web Primitive Field' , id= '8hzr4d4mvz1nmjkmohuxbce4giq57s66NM200904120000000000000000000030' , site_master= 'runwaysdk.com' , key_name= '8hzr4d4mvz1nmjkmohuxbce4giq57s66NM200904120000000000000000000030'  WHERE id='8hzr4d4mvz1nmjkmohuxbce4giq57s66NM200904120000000000000000000030';
UPDATE md_business SET cache_algorithm= '8vtj25aks6d8r7jtgdsieqfcp93ezvpg' , cache_algorithm_c= '0000000000000000000000000000023100000000000000000000000000000222' , super_md_business= '2ecripfmvw2qxs9fbp5iie6aev39dkcz00000000000000000000000000000001'  WHERE id='94dp3weikqddxwpddry9j5ot6my91th100000000000000000000000000000001';
UPDATE md_element SET is_abstract= 1  WHERE id='94dp3weikqddxwpddry9j5ot6my91th100000000000000000000000000000001';
UPDATE md_entity SET table_name= 'md_web_primitive'  WHERE id='94dp3weikqddxwpddry9j5ot6my91th100000000000000000000000000000001';
UPDATE md_type SET display_label= 'sj2f0usgvlnwc85ghbv16x30lxu5ea54NM200904120000000000000000000030' , root_id= '94dp3weikqddxwpddry9j5ot6my91th1' , package_name= 'com.runwaysdk.system.metadata' , type_name= 'MdWebPrimitive'  WHERE id='94dp3weikqddxwpddry9j5ot6my91th100000000000000000000000000000001';
UPDATE metadata SET description= '8hzr4d4mvz1nmjkmohuxbce4giq57s66NM200904120000000000000000000030' , created_by= '0000000000000000000000000000001000000000000000000000000000000003' , owner= '0000000000000000000000000000001000000000000000000000000000000003' , id= '94dp3weikqddxwpddry9j5ot6my91th100000000000000000000000000000001' , create_date= '2011-10-03 16:03:31' , seq= 2901 , type= 'com.runwaysdk.system.metadata.MdBusiness' , site_master= 'runwaysdk.com' , last_updated_by= '0000000000000000000000000000001000000000000000000000000000000003' , last_update_date= '2011-10-03 16:03:31' , key_name= 'com.runwaysdk.system.metadata.MdWebPrimitive'  WHERE id='94dp3weikqddxwpddry9j5ot6my91th100000000000000000000000000000001';
 INSERT INTO class_cache (set_id, item_id)  VALUES  ('7cy4xul0ws5y6t2xpwk2a7w2ldaig0jl', '0000000000000000000000000000023100000000000000000000000000000222');
INSERT INTO metadata_display_label ( default_locale, id, site_master, key_name) VALUES ('Header', 'xw9haa9tdqaphx4e29zy3vs68opvcfnyNM200904120000000000000000000030', 'runwaysdk.com', 'xw9haa9tdqaphx4e29zy3vs68opvcfnyNM200904120000000000000000000030');
INSERT INTO metadata_display_label ( default_locale, id, site_master, key_name) VALUES ('Metadata Web Header Field', 'xn9lb1z6dec1a29dohjz8mgfe99wsrpuNM200904120000000000000000000030', 'runwaysdk.com', 'xn9lb1z6dec1a29dohjz8mgfe99wsrpuNM200904120000000000000000000030');
INSERT INTO md_business ( cache_algorithm, cache_algorithm_c, super_md_business, id) VALUES ('7cy4xul0ws5y6t2xpwk2a7w2ldaig0jl', '0000000000000000000000000000023100000000000000000000000000000222', 'zgkseu7as85l9zfwaawq8k3wid4vd17v00000000000000000000000000000001', 'sp2wq4sdo8wa72zc958pd0aexfr1dlg900000000000000000000000000000001');
INSERT INTO md_element ( extendable, is_abstract, id) VALUES (1, 0, 'sp2wq4sdo8wa72zc958pd0aexfr1dlg900000000000000000000000000000001');
INSERT INTO md_entity ( query_dto_source, query_source, cache_size, enforce_site_master, table_name, id) VALUES (NULL, NULL, 0, 1, 'md_web_header', 'sp2wq4sdo8wa72zc958pd0aexfr1dlg900000000000000000000000000000001');
INSERT INTO md_class ( publish, stub_dto_source, stub_source, id) VALUES (1, NULL, NULL, 'sp2wq4sdo8wa72zc958pd0aexfr1dlg900000000000000000000000000000001');
INSERT INTO md_type ( display_label, root_id, package_name, type_name, base_source, js_base, js_stub, exported, dto_source, id) VALUES ('xw9haa9tdqaphx4e29zy3vs68opvcfnyNM200904120000000000000000000030', 'sp2wq4sdo8wa72zc958pd0aexfr1dlg9', 'com.runwaysdk.system.metadata', 'MdWebHeader', NULL, NULL, NULL, 1, NULL, 'sp2wq4sdo8wa72zc958pd0aexfr1dlg900000000000000000000000000000001');
INSERT INTO metadata ( description, created_by, owner, id, create_date, seq, type, remove, site_master, locked_by, entity_domain, last_updated_by, last_update_date, key_name) VALUES ('xn9lb1z6dec1a29dohjz8mgfe99wsrpuNM200904120000000000000000000030', '0000000000000000000000000000001000000000000000000000000000000003', '0000000000000000000000000000001000000000000000000000000000000003', 'sp2wq4sdo8wa72zc958pd0aexfr1dlg900000000000000000000000000000001', '2011-10-03 16:03:31', 2902, 'com.runwaysdk.system.metadata.MdBusiness', 1, 'runwaysdk.com', NULL, NULL, '0000000000000000000000000000001000000000000000000000000000000003', '2011-10-03 16:03:31', 'com.runwaysdk.system.metadata.MdWebHeader');
CREATE TABLE md_web_header ( id CHAR(64) NOT NULL PRIMARY KEY );
INSERT INTO business_inheritance ( id, parent_id, child_id) VALUES ('sfxa86rziakt2y7ouhj4tcjvdngxkzy320070926NM0000000000000000000004', 'zgkseu7as85l9zfwaawq8k3wid4vd17v00000000000000000000000000000001', 'sp2wq4sdo8wa72zc958pd0aexfr1dlg900000000000000000000000000000001');
INSERT INTO class_inheritance ( id, parent_id, child_id) VALUES ('sfxa86rziakt2y7ouhj4tcjvdngxkzy320070926NM0000000000000000000004', 'zgkseu7as85l9zfwaawq8k3wid4vd17v00000000000000000000000000000001', 'sp2wq4sdo8wa72zc958pd0aexfr1dlg900000000000000000000000000000001');
INSERT INTO metadata_relationship ( entity_domain, site_master, last_updated_by, id, owner, locked_by, create_date, type, created_by, seq, key_name, last_update_date, parent_id, child_id) VALUES (NULL, 'runwaysdk.com', '0000000000000000000000000000001000000000000000000000000000000003', 'sfxa86rziakt2y7ouhj4tcjvdngxkzy320070926NM0000000000000000000004', '0000000000000000000000000000001000000000000000000000000000000003', NULL, '2011-10-03 16:03:31', 'com.runwaysdk.system.metadata.BusinessInheritance', '0000000000000000000000000000001000000000000000000000000000000003', 2903, 'sfxa86rziakt2y7ouhj4tcjvdngxkzy320070926NM0000000000000000000004', '2011-10-03 16:03:31', 'zgkseu7as85l9zfwaawq8k3wid4vd17v00000000000000000000000000000001', 'sp2wq4sdo8wa72zc958pd0aexfr1dlg900000000000000000000000000000001');
 INSERT INTO struct_cache (set_id, item_id)  VALUES  ('0pwhxsbyh8a8rxcf3nnzpy1ncj0yupho', '0000000000000000000000000000023100000000000000000000000000000222');
INSERT INTO metadata_display_label ( default_locale, id, site_master, key_name) VALUES ('Header Text', '7cdpoityc8xlc5nqu9o02b07pbkuhhm3NM200904120000000000000000000030', 'runwaysdk.com', '7cdpoityc8xlc5nqu9o02b07pbkuhhm3NM200904120000000000000000000030');
INSERT INTO metadata_display_label ( default_locale, id, site_master, key_name) VALUES ('The text data for the header.', '02d3m4ihfeqwb1237byfuekeaep1b5wfNM200904120000000000000000000030', 'runwaysdk.com', '02d3m4ihfeqwb1237byfuekeaep1b5wfNM200904120000000000000000000030');
INSERT INTO md_local_struct ( id) VALUES ('7ghgjxwrdkz9m3kwz9bcw2d3ydxrmcf90000000000000000000MdLocalStruct');
INSERT INTO md_struct ( cache_algorithm, cache_algorithm_c, id) VALUES ('0pwhxsbyh8a8rxcf3nnzpy1ncj0yupho', '0000000000000000000000000000023100000000000000000000000000000222', '7ghgjxwrdkz9m3kwz9bcw2d3ydxrmcf90000000000000000000MdLocalStruct');
INSERT INTO md_entity ( query_dto_source, query_source, cache_size, enforce_site_master, table_name, id) VALUES (NULL, NULL, 0, 1, 'md_web_header_header_text', '7ghgjxwrdkz9m3kwz9bcw2d3ydxrmcf90000000000000000000MdLocalStruct');
INSERT INTO md_class ( publish, stub_dto_source, stub_source, id) VALUES (1, NULL, NULL, '7ghgjxwrdkz9m3kwz9bcw2d3ydxrmcf90000000000000000000MdLocalStruct');
INSERT INTO md_type ( display_label, root_id, package_name, type_name, base_source, js_base, js_stub, exported, dto_source, id) VALUES ('7cdpoityc8xlc5nqu9o02b07pbkuhhm3NM200904120000000000000000000030', '7ghgjxwrdkz9m3kwz9bcw2d3ydxrmcf9', 'com.runwaysdk.system.metadata', 'MdWebHeaderHeaderText', NULL, NULL, NULL, 1, NULL, '7ghgjxwrdkz9m3kwz9bcw2d3ydxrmcf90000000000000000000MdLocalStruct');
INSERT INTO metadata ( description, created_by, owner, id, create_date, seq, type, remove, site_master, locked_by, entity_domain, last_updated_by, last_update_date, key_name) VALUES ('02d3m4ihfeqwb1237byfuekeaep1b5wfNM200904120000000000000000000030', '0000000000000000000000000000001000000000000000000000000000000003', '0000000000000000000000000000001000000000000000000000000000000003', '7ghgjxwrdkz9m3kwz9bcw2d3ydxrmcf90000000000000000000MdLocalStruct', '2011-10-03 16:03:31', 2904, 'com.runwaysdk.system.metadata.MdLocalStruct', 1, 'runwaysdk.com', NULL, NULL, '0000000000000000000000000000001000000000000000000000000000000003', '2011-10-03 16:03:31', 'com.runwaysdk.system.metadata.MdWebHeaderHeaderText');
CREATE TABLE md_web_header_header_text ( id CHAR(64) NOT NULL PRIMARY KEY );
 INSERT INTO visibilitymodifier (set_id, item_id)  VALUES  ('r8c6321vrukdl5nxx916gfcaqmkhila5', '20071109NM000000000000000000000520071109NM0000000000000000000001');
INSERT INTO metadata_display_label ( default_locale, id, site_master, key_name) VALUES ('ID', 'z68f3rph6g9u0ye5bsmr3zpoii7fyuicNM200904120000000000000000000030', 'runwaysdk.com', 'z68f3rph6g9u0ye5bsmr3zpoii7fyuicNM200904120000000000000000000030');
 INSERT INTO visibilitymodifier (set_id, item_id)  VALUES  ('7bywcvs8lbwzs9234tah1jydvjoqfmki', '20071109NM000000000000000000000520071109NM0000000000000000000001');
 INSERT INTO md_attribute_indicies (set_id, item_id)  VALUES  ('6z3rpunvkrxll0d3b5upv7cwxagczah0', '0000000000000000000000000000040900000000000000000000000000000403');
INSERT INTO metadata_display_label ( default_locale, id, site_master, key_name) VALUES ('ID of this object', 'y04xkspt80u2uk7y6tgemianlaea3jd7NM200904120000000000000000000030', 'runwaysdk.com', 'y04xkspt80u2uk7y6tgemianlaea3jd7NM200904120000000000000000000030');
INSERT INTO md_attribute_character ( default_value, database_size, id) VALUES (NULL, 64, '70scuy1scrtx0ei5etozup15krffu2y000000000000000000000000000000138');
INSERT INTO md_attribute_char ( id) VALUES ('70scuy1scrtx0ei5etozup15krffu2y000000000000000000000000000000138');
INSERT INTO md_attribute_primitive ( id) VALUES ('70scuy1scrtx0ei5etozup15krffu2y000000000000000000000000000000138');
INSERT INTO md_attribute_concrete ( column_name, defining_md_class, setter_visibility, setter_visibility_c, immutable, index_name, generate_accessor, system, required, display_label, getter_visibility, getter_visibility_c, index_type, index_type_c, attribute_name, id) VALUES ('id', '7ghgjxwrdkz9m3kwz9bcw2d3ydxrmcf90000000000000000000MdLocalStruct', 'r8c6321vrukdl5nxx916gfcaqmkhila5', '20071109NM000000000000000000000520071109NM0000000000000000000001', 0, 'a05edvx2w3nsvw4ivlr2jm40n8hl94', 1, 1, 1, 'z68f3rph6g9u0ye5bsmr3zpoii7fyuicNM200904120000000000000000000030', '7bywcvs8lbwzs9234tah1jydvjoqfmki', '20071109NM000000000000000000000520071109NM0000000000000000000001', '6z3rpunvkrxll0d3b5upv7cwxagczah0', '0000000000000000000000000000040900000000000000000000000000000403', 'id', '70scuy1scrtx0ei5etozup15krffu2y000000000000000000000000000000138');
INSERT INTO md_attribute ( id) VALUES ('70scuy1scrtx0ei5etozup15krffu2y000000000000000000000000000000138');
INSERT INTO metadata ( description, created_by, owner, id, create_date, seq, type, remove, site_master, locked_by, entity_domain, last_updated_by, last_update_date, key_name) VALUES ('y04xkspt80u2uk7y6tgemianlaea3jd7NM200904120000000000000000000030', '0000000000000000000000000000001000000000000000000000000000000003', '0000000000000000000000000000001000000000000000000000000000000003', '70scuy1scrtx0ei5etozup15krffu2y000000000000000000000000000000138', '2011-10-03 16:03:31', 2905, 'com.runwaysdk.system.metadata.MdAttributeCharacter', 0, 'runwaysdk.com', NULL, NULL, '0000000000000000000000000000001000000000000000000000000000000003', '2011-10-03 16:03:31', 'com.runwaysdk.system.metadata.MdWebHeaderHeaderText.id');
INSERT INTO class_attribute_concrete ( id, parent_id, child_id) VALUES ('8nh20f8erkyx9fvddsd2zq3xenz3j3d400000000000000000000000000000073', '7ghgjxwrdkz9m3kwz9bcw2d3ydxrmcf90000000000000000000MdLocalStruct', '70scuy1scrtx0ei5etozup15krffu2y000000000000000000000000000000138');
INSERT INTO class_attribute ( id, parent_id, child_id) VALUES ('8nh20f8erkyx9fvddsd2zq3xenz3j3d400000000000000000000000000000073', '7ghgjxwrdkz9m3kwz9bcw2d3ydxrmcf90000000000000000000MdLocalStruct', '70scuy1scrtx0ei5etozup15krffu2y000000000000000000000000000000138');
INSERT INTO metadata_relationship ( entity_domain, site_master, last_updated_by, id, owner, locked_by, create_date, type, created_by, seq, key_name, last_update_date, parent_id, child_id) VALUES (NULL, 'runwaysdk.com', '0000000000000000000000000000001000000000000000000000000000000003', '8nh20f8erkyx9fvddsd2zq3xenz3j3d400000000000000000000000000000073', '0000000000000000000000000000001000000000000000000000000000000003', NULL, '2011-10-03 16:03:31', 'com.runwaysdk.system.metadata.ClassAttributeConcrete', '0000000000000000000000000000001000000000000000000000000000000003', 2906, 'com.runwaysdk.system.metadata.MdWebHeaderHeaderText.id', '2011-10-03 16:03:31', '7ghgjxwrdkz9m3kwz9bcw2d3ydxrmcf90000000000000000000MdLocalStruct', '70scuy1scrtx0ei5etozup15krffu2y000000000000000000000000000000138');
 INSERT INTO visibilitymodifier (set_id, item_id)  VALUES  ('02v8vqw4jc3n3y23zbn7zozc4zk5z9zw', '20071109NM000000000000000000000520071109NM0000000000000000000001');
INSERT INTO metadata_display_label ( default_locale, id, site_master, key_name) VALUES ('Site Master', '94s7iweqlquu8i8zif9g55aaj0pnju44NM200904120000000000000000000030', 'runwaysdk.com', '94s7iweqlquu8i8zif9g55aaj0pnju44NM200904120000000000000000000030');
 INSERT INTO visibilitymodifier (set_id, item_id)  VALUES  ('21a4o8qo91dn3a01mg4dyozwq6aoeqml', '20071109NM000000000000000000000520071109NM0000000000000000000001');
 INSERT INTO md_attribute_indicies (set_id, item_id)  VALUES  ('1q8l5dh4ogylthn7gnv1nwgcc56u3pzy', '0000000000000000000000000000040100000000000000000000000000000403');
INSERT INTO metadata_display_label ( default_locale, id, site_master, key_name) VALUES ('The name of the site responsible for this object', '0ff14iu9b6kkzrdu7tknsj5v90h2knbsNM200904120000000000000000000030', 'runwaysdk.com', '0ff14iu9b6kkzrdu7tknsj5v90h2knbsNM200904120000000000000000000030');
INSERT INTO md_attribute_character ( default_value, database_size, id) VALUES (NULL, 255, '0639f0bmeoia2ezq8wt9pvjd2w6eywlo00000000000000000000000000000138');
INSERT INTO md_attribute_char ( id) VALUES ('0639f0bmeoia2ezq8wt9pvjd2w6eywlo00000000000000000000000000000138');
INSERT INTO md_attribute_primitive ( id) VALUES ('0639f0bmeoia2ezq8wt9pvjd2w6eywlo00000000000000000000000000000138');
INSERT INTO md_attribute_concrete ( column_name, defining_md_class, setter_visibility, setter_visibility_c, immutable, index_name, generate_accessor, system, required, display_label, getter_visibility, getter_visibility_c, index_type, index_type_c, attribute_name, id) VALUES ('site_master', '7ghgjxwrdkz9m3kwz9bcw2d3ydxrmcf90000000000000000000MdLocalStruct', '02v8vqw4jc3n3y23zbn7zozc4zk5z9zw', '20071109NM000000000000000000000520071109NM0000000000000000000001', 1, 'a5laof3bbh5q7rxuuhfrvp1xpa54yq', 1, 1, 1, '94s7iweqlquu8i8zif9g55aaj0pnju44NM200904120000000000000000000030', '21a4o8qo91dn3a01mg4dyozwq6aoeqml', '20071109NM000000000000000000000520071109NM0000000000000000000001', '1q8l5dh4ogylthn7gnv1nwgcc56u3pzy', '0000000000000000000000000000040100000000000000000000000000000403', 'siteMaster', '0639f0bmeoia2ezq8wt9pvjd2w6eywlo00000000000000000000000000000138');
INSERT INTO md_attribute ( id) VALUES ('0639f0bmeoia2ezq8wt9pvjd2w6eywlo00000000000000000000000000000138');
INSERT INTO metadata ( description, created_by, owner, id, create_date, seq, type, remove, site_master, locked_by, entity_domain, last_updated_by, last_update_date, key_name) VALUES ('0ff14iu9b6kkzrdu7tknsj5v90h2knbsNM200904120000000000000000000030', '0000000000000000000000000000001000000000000000000000000000000003', '0000000000000000000000000000001000000000000000000000000000000003', '0639f0bmeoia2ezq8wt9pvjd2w6eywlo00000000000000000000000000000138', '2011-10-03 16:03:31', 2907, 'com.runwaysdk.system.metadata.MdAttributeCharacter', 0, 'runwaysdk.com', NULL, NULL, '0000000000000000000000000000001000000000000000000000000000000003', '2011-10-03 16:03:31', 'com.runwaysdk.system.metadata.MdWebHeaderHeaderText.siteMaster');
ALTER TABLE md_web_header_header_text ADD COLUMN site_master  varchar(255);
INSERT INTO class_attribute_concrete ( id, parent_id, child_id) VALUES ('z3ybd2d67tqbuhu04lo4ldyvz2lmmzdz00000000000000000000000000000073', '7ghgjxwrdkz9m3kwz9bcw2d3ydxrmcf90000000000000000000MdLocalStruct', '0639f0bmeoia2ezq8wt9pvjd2w6eywlo00000000000000000000000000000138');
INSERT INTO class_attribute ( id, parent_id, child_id) VALUES ('z3ybd2d67tqbuhu04lo4ldyvz2lmmzdz00000000000000000000000000000073', '7ghgjxwrdkz9m3kwz9bcw2d3ydxrmcf90000000000000000000MdLocalStruct', '0639f0bmeoia2ezq8wt9pvjd2w6eywlo00000000000000000000000000000138');
INSERT INTO metadata_relationship ( entity_domain, site_master, last_updated_by, id, owner, locked_by, create_date, type, created_by, seq, key_name, last_update_date, parent_id, child_id) VALUES (NULL, 'runwaysdk.com', '0000000000000000000000000000001000000000000000000000000000000003', 'z3ybd2d67tqbuhu04lo4ldyvz2lmmzdz00000000000000000000000000000073', '0000000000000000000000000000001000000000000000000000000000000003', NULL, '2011-10-03 16:03:31', 'com.runwaysdk.system.metadata.ClassAttributeConcrete', '0000000000000000000000000000001000000000000000000000000000000003', 2908, 'com.runwaysdk.system.metadata.MdWebHeaderHeaderText.siteMaster', '2011-10-03 16:03:31', '7ghgjxwrdkz9m3kwz9bcw2d3ydxrmcf90000000000000000000MdLocalStruct', '0639f0bmeoia2ezq8wt9pvjd2w6eywlo00000000000000000000000000000138');
 INSERT INTO visibilitymodifier (set_id, item_id)  VALUES  ('0dih9pxcuyoduxo95tc8rqs5gu599el2', '20071109NM000000000000000000000520071109NM0000000000000000000001');
INSERT INTO metadata_display_label ( default_locale, id, site_master, key_name) VALUES ('Key Name', '75craj0lvind1jgxjzvogzvlypgf19rgNM200904120000000000000000000030', 'runwaysdk.com', '75craj0lvind1jgxjzvogzvlypgf19rgNM200904120000000000000000000030');
 INSERT INTO visibilitymodifier (set_id, item_id)  VALUES  ('t0qfvw9fotswr1hjbq8quk9buhcgbrlj', '20071109NM000000000000000000000520071109NM0000000000000000000001');
 INSERT INTO md_attribute_indicies (set_id, item_id)  VALUES  ('qx07z7s09u9vu37ly4phh42i11xozd9e', '0000000000000000000000000000040900000000000000000000000000000403');
INSERT INTO metadata_display_label ( default_locale, id, site_master, key_name) VALUES ('Key which uniquely identifies each instance of this type heirarchy.', 'sapvibbw4j8vl5nzm0k8abw5vw91s0ulNM200904120000000000000000000030', 'runwaysdk.com', 'sapvibbw4j8vl5nzm0k8abw5vw91s0ulNM200904120000000000000000000030');
INSERT INTO md_attribute_character ( default_value, database_size, id) VALUES (NULL, 255, '743xlrc2qbj7vu6oyaux4taixm7hq4tl00000000000000000000000000000138');
INSERT INTO md_attribute_char ( id) VALUES ('743xlrc2qbj7vu6oyaux4taixm7hq4tl00000000000000000000000000000138');
INSERT INTO md_attribute_primitive ( id) VALUES ('743xlrc2qbj7vu6oyaux4taixm7hq4tl00000000000000000000000000000138');
INSERT INTO md_attribute_concrete ( column_name, defining_md_class, setter_visibility, setter_visibility_c, immutable, index_name, generate_accessor, system, required, display_label, getter_visibility, getter_visibility_c, index_type, index_type_c, attribute_name, id) VALUES ('key_name', '7ghgjxwrdkz9m3kwz9bcw2d3ydxrmcf90000000000000000000MdLocalStruct', '0dih9pxcuyoduxo95tc8rqs5gu599el2', '20071109NM000000000000000000000520071109NM0000000000000000000001', 0, 'a9ged0kct4fnh2qrds29qwezacu5q3', 1, 0, 1, '75craj0lvind1jgxjzvogzvlypgf19rgNM200904120000000000000000000030', 't0qfvw9fotswr1hjbq8quk9buhcgbrlj', '20071109NM000000000000000000000520071109NM0000000000000000000001', 'qx07z7s09u9vu37ly4phh42i11xozd9e', '0000000000000000000000000000040900000000000000000000000000000403', 'keyName', '743xlrc2qbj7vu6oyaux4taixm7hq4tl00000000000000000000000000000138');
INSERT INTO md_attribute ( id) VALUES ('743xlrc2qbj7vu6oyaux4taixm7hq4tl00000000000000000000000000000138');
INSERT INTO metadata ( description, created_by, owner, id, create_date, seq, type, remove, site_master, locked_by, entity_domain, last_updated_by, last_update_date, key_name) VALUES ('sapvibbw4j8vl5nzm0k8abw5vw91s0ulNM200904120000000000000000000030', '0000000000000000000000000000001000000000000000000000000000000003', '0000000000000000000000000000001000000000000000000000000000000003', '743xlrc2qbj7vu6oyaux4taixm7hq4tl00000000000000000000000000000138', '2011-10-03 16:03:31', 2909, 'com.runwaysdk.system.metadata.MdAttributeCharacter', 1, 'runwaysdk.com', NULL, NULL, '0000000000000000000000000000001000000000000000000000000000000003', '2011-10-03 16:03:31', 'com.runwaysdk.system.metadata.MdWebHeaderHeaderText.keyName');
ALTER TABLE md_web_header_header_text ADD COLUMN key_name  varchar(255);
INSERT INTO class_attribute_concrete ( id, parent_id, child_id) VALUES ('qrnnlaip29mmvwmduywh3imxvk5igjlj00000000000000000000000000000073', '7ghgjxwrdkz9m3kwz9bcw2d3ydxrmcf90000000000000000000MdLocalStruct', '743xlrc2qbj7vu6oyaux4taixm7hq4tl00000000000000000000000000000138');
INSERT INTO class_attribute ( id, parent_id, child_id) VALUES ('qrnnlaip29mmvwmduywh3imxvk5igjlj00000000000000000000000000000073', '7ghgjxwrdkz9m3kwz9bcw2d3ydxrmcf90000000000000000000MdLocalStruct', '743xlrc2qbj7vu6oyaux4taixm7hq4tl00000000000000000000000000000138');
INSERT INTO metadata_relationship ( entity_domain, site_master, last_updated_by, id, owner, locked_by, create_date, type, created_by, seq, key_name, last_update_date, parent_id, child_id) VALUES (NULL, 'runwaysdk.com', '0000000000000000000000000000001000000000000000000000000000000003', 'qrnnlaip29mmvwmduywh3imxvk5igjlj00000000000000000000000000000073', '0000000000000000000000000000001000000000000000000000000000000003', NULL, '2011-10-03 16:03:31', 'com.runwaysdk.system.metadata.ClassAttributeConcrete', '0000000000000000000000000000001000000000000000000000000000000003', 2910, 'com.runwaysdk.system.metadata.MdWebHeaderHeaderText.keyName', '2011-10-03 16:03:31', '7ghgjxwrdkz9m3kwz9bcw2d3ydxrmcf90000000000000000000MdLocalStruct', '743xlrc2qbj7vu6oyaux4taixm7hq4tl00000000000000000000000000000138');
CREATE UNIQUE INDEX a9ged0kct4fnh2qrds29qwezacu5q3 ON md_web_header_header_text (key_name);
INSERT INTO metadata_display_label ( default_locale, id, site_master, key_name) VALUES (NULL, '09p9zydde3vq8kffqkai2q8jo8n0vpvzNM200904120000000000000000000030', 'runwaysdk.com', '09p9zydde3vq8kffqkai2q8jo8n0vpvzNM200904120000000000000000000030');
INSERT INTO metadata_display_label ( default_locale, id, site_master, key_name) VALUES (NULL, '2f91bpo886rcws6juszip744cvflg91oNM200904120000000000000000000030', 'runwaysdk.com', '2f91bpo886rcws6juszip744cvflg91oNM200904120000000000000000000030');
INSERT INTO md_controller ( stub_source, id) VALUES (NULL, '6vk5my9nglr2zhuq2lall07ex4yw9fi8NM200810110000000000000000000112');
INSERT INTO md_type ( display_label, root_id, package_name, type_name, base_source, js_base, js_stub, exported, dto_source, id) VALUES ('09p9zydde3vq8kffqkai2q8jo8n0vpvzNM200904120000000000000000000030', '6vk5my9nglr2zhuq2lall07ex4yw9fi8', 'com.runwaysdk.system.metadata', 'MdWebHeaderHeaderTextController', NULL, NULL, NULL, 1, NULL, '6vk5my9nglr2zhuq2lall07ex4yw9fi8NM200810110000000000000000000112');
INSERT INTO metadata ( description, created_by, owner, id, create_date, seq, type, remove, site_master, locked_by, entity_domain, last_updated_by, last_update_date, key_name) VALUES ('2f91bpo886rcws6juszip744cvflg91oNM200904120000000000000000000030', '0000000000000000000000000000001000000000000000000000000000000003', '0000000000000000000000000000001000000000000000000000000000000003', '6vk5my9nglr2zhuq2lall07ex4yw9fi8NM200810110000000000000000000112', '2011-10-03 16:03:31', 2911, 'com.runwaysdk.system.metadata.MdController', 1, 'runwaysdk.com', NULL, NULL, '0000000000000000000000000000001000000000000000000000000000000003', '2011-10-03 16:03:31', 'com.runwaysdk.system.metadata.MdWebHeaderHeaderTextController');
INSERT INTO metadata_display_label ( default_locale, id, site_master, key_name) VALUES ('View Page', 'st7ur0n6422227sd3voearxxvpfpofjkNM200904120000000000000000000030', 'runwaysdk.com', 'st7ur0n6422227sd3voearxxvpfpofjkNM200904120000000000000000000030');
INSERT INTO metadata_display_label ( default_locale, id, site_master, key_name) VALUES ('Loads a ViewAll query for a specific page into the request object', 'sewgv13ou4usp477qnlfaa2hrxdw28a4NM200904120000000000000000000030', 'runwaysdk.com', 'sewgv13ou4usp477qnlfaa2hrxdw28a4NM200904120000000000000000000030');
INSERT INTO md_action ( is_query, enclosing_md_controller, is_post, action_name, display_label, id) VALUES (1, '6vk5my9nglr2zhuq2lall07ex4yw9fi8NM200810110000000000000000000112', 0, 'viewPage', 'st7ur0n6422227sd3voearxxvpfpofjkNM200904120000000000000000000030', 'qzrvsvv3vg4v1sj8bwbv6oagxduqm4brNM200810110000000000000000000113');
INSERT INTO metadata ( description, created_by, owner, id, create_date, seq, type, remove, site_master, locked_by, entity_domain, last_updated_by, last_update_date, key_name) VALUES ('sewgv13ou4usp477qnlfaa2hrxdw28a4NM200904120000000000000000000030', '0000000000000000000000000000001000000000000000000000000000000003', '0000000000000000000000000000001000000000000000000000000000000003', 'qzrvsvv3vg4v1sj8bwbv6oagxduqm4brNM200810110000000000000000000113', '2011-10-03 16:03:31', 2912, 'com.runwaysdk.system.metadata.MdAction', 1, 'runwaysdk.com', NULL, NULL, '0000000000000000000000000000001000000000000000000000000000000003', '2011-10-03 16:03:31', 'com.runwaysdk.system.metadata.MdWebHeaderHeaderTextController.viewPage');
INSERT INTO controller_action ( key_name, locked_by, id, owner, entity_domain, created_by, type, last_update_date, create_date, seq, last_updated_by, site_master, parent_id, child_id) VALUES ('com.runwaysdk.system.metadata.MdWebHeaderHeaderTextController.viewPage', NULL, '2bh1axch3n0x8nz947z9pu90w0318erpJS200807230000000000000000111111', '0000000000000000000000000000001000000000000000000000000000000003', NULL, '0000000000000000000000000000001000000000000000000000000000000003', 'com.runwaysdk.system.ControllerAction', '2011-10-03 16:03:31', '2011-10-03 16:03:31', 2913, '0000000000000000000000000000001000000000000000000000000000000003', 'runwaysdk.com', '6vk5my9nglr2zhuq2lall07ex4yw9fi8NM200810110000000000000000000112', 'qzrvsvv3vg4v1sj8bwbv6oagxduqm4brNM200810110000000000000000000113');
INSERT INTO metadata_display_label ( default_locale, id, site_master, key_name) VALUES ('Sort Attribute', 'xij8iw8l2p3t5ozwu0l78fgi94dy8uoiNM200904120000000000000000000030', 'runwaysdk.com', 'xij8iw8l2p3t5ozwu0l78fgi94dy8uoiNM200904120000000000000000000030');
INSERT INTO metadata_display_label ( default_locale, id, site_master, key_name) VALUES (NULL, 'sqs6pqzr42pc0vhkl9dipg2xfkc1epd2NM200904120000000000000000000030', 'runwaysdk.com', 'sqs6pqzr42pc0vhkl9dipg2xfkc1epd2NM200904120000000000000000000030');
INSERT INTO md_parameter ( metadata, parameter_order, parameter_name, parameter_type, display_label, id) VALUES ('qzrvsvv3vg4v1sj8bwbv6oagxduqm4brNM200810110000000000000000000113', -4, 'sortAttribute', 'java.lang.String', 'xij8iw8l2p3t5ozwu0l78fgi94dy8uoiNM200904120000000000000000000030', '8y7epfdkq2zwm6jykrnc8eff61h6wo2w20070427JS0000000000000000001517');
INSERT INTO metadata ( description, created_by, owner, id, create_date, seq, type, remove, site_master, locked_by, entity_domain, last_updated_by, last_update_date, key_name) VALUES ('sqs6pqzr42pc0vhkl9dipg2xfkc1epd2NM200904120000000000000000000030', '0000000000000000000000000000001000000000000000000000000000000003', '0000000000000000000000000000001000000000000000000000000000000003', '8y7epfdkq2zwm6jykrnc8eff61h6wo2w20070427JS0000000000000000001517', '2011-10-03 16:03:31', 2914, 'com.runwaysdk.system.metadata.MdParameter', 1, 'runwaysdk.com', NULL, NULL, '0000000000000000000000000000001000000000000000000000000000000003', '2011-10-03 16:03:31', 'com.runwaysdk.system.metadata.MdWebHeaderHeaderTextController.viewPage.sortAttribute');
INSERT INTO metadata_parameter ( site_master, last_updated_by, create_date, seq, locked_by, entity_domain, created_by, type, last_update_date, key_name, owner, id, parent_id, child_id) VALUES ('runwaysdk.com', '0000000000000000000000000000001000000000000000000000000000000003', '2011-10-03 16:03:31', 2915, NULL, NULL, '0000000000000000000000000000001000000000000000000000000000000003', 'com.runwaysdk.system.MetadataParameter', '2011-10-03 16:03:31', 'com.runwaysdk.system.metadata.MdWebHeaderHeaderTextController.viewPage.sortAttribute', '0000000000000000000000000000001000000000000000000000000000000003', 'sgd8dvj9nylysr6ya1ddnqdv8lqexkid20070427JS0000000000000000001524', 'qzrvsvv3vg4v1sj8bwbv6oagxduqm4brNM200810110000000000000000000113', '8y7epfdkq2zwm6jykrnc8eff61h6wo2w20070427JS0000000000000000001517');
INSERT INTO metadata_display_label ( default_locale, id, site_master, key_name) VALUES ('Is Ascending', '03q5k1zyuekgzg883z7jql59w5whpipjNM200904120000000000000000000030', 'runwaysdk.com', '03q5k1zyuekgzg883z7jql59w5whpipjNM200904120000000000000000000030');
INSERT INTO metadata_display_label ( default_locale, id, site_master, key_name) VALUES (NULL, '8ke4twutgz2eqrbs5j2i8htlx06tj9wgNM200904120000000000000000000030', 'runwaysdk.com', '8ke4twutgz2eqrbs5j2i8htlx06tj9wgNM200904120000000000000000000030');
INSERT INTO md_parameter ( metadata, parameter_order, parameter_name, parameter_type, display_label, id) VALUES ('qzrvsvv3vg4v1sj8bwbv6oagxduqm4brNM200810110000000000000000000113', -3, 'isAscending', 'java.lang.Boolean', '03q5k1zyuekgzg883z7jql59w5whpipjNM200904120000000000000000000030', '8kav8g89uni3ix9kdfgbtcx0i1bbsen520070427JS0000000000000000001517');
INSERT INTO metadata ( description, created_by, owner, id, create_date, seq, type, remove, site_master, locked_by, entity_domain, last_updated_by, last_update_date, key_name) VALUES ('8ke4twutgz2eqrbs5j2i8htlx06tj9wgNM200904120000000000000000000030', '0000000000000000000000000000001000000000000000000000000000000003', '0000000000000000000000000000001000000000000000000000000000000003', '8kav8g89uni3ix9kdfgbtcx0i1bbsen520070427JS0000000000000000001517', '2011-10-03 16:03:31', 2916, 'com.runwaysdk.system.metadata.MdParameter', 1, 'runwaysdk.com', NULL, NULL, '0000000000000000000000000000001000000000000000000000000000000003', '2011-10-03 16:03:31', 'com.runwaysdk.system.metadata.MdWebHeaderHeaderTextController.viewPage.isAscending');
INSERT INTO metadata_parameter ( site_master, last_updated_by, create_date, seq, locked_by, entity_domain, created_by, type, last_update_date, key_name, owner, id, parent_id, child_id) VALUES ('runwaysdk.com', '0000000000000000000000000000001000000000000000000000000000000003', '2011-10-03 16:03:31', 2917, NULL, NULL, '0000000000000000000000000000001000000000000000000000000000000003', 'com.runwaysdk.system.MetadataParameter', '2011-10-03 16:03:31', 'com.runwaysdk.system.metadata.MdWebHeaderHeaderTextController.viewPage.isAscending', '0000000000000000000000000000001000000000000000000000000000000003', 'zmpdeqexjimrlh16zs0h53xw42jfo7wp20070427JS0000000000000000001524', 'qzrvsvv3vg4v1sj8bwbv6oagxduqm4brNM200810110000000000000000000113', '8kav8g89uni3ix9kdfgbtcx0i1bbsen520070427JS0000000000000000001517');
INSERT INTO metadata_display_label ( default_locale, id, site_master, key_name) VALUES ('Page Size', '1pfme6522obqv4h5uebicpequ82xhdubNM200904120000000000000000000030', 'runwaysdk.com', '1pfme6522obqv4h5uebicpequ82xhdubNM200904120000000000000000000030');
INSERT INTO metadata_display_label ( default_locale, id, site_master, key_name) VALUES (NULL, 'z8dsmggcclk6f15ktzrvl08zqkcw6xwiNM200904120000000000000000000030', 'runwaysdk.com', 'z8dsmggcclk6f15ktzrvl08zqkcw6xwiNM200904120000000000000000000030');
INSERT INTO md_parameter ( metadata, parameter_order, parameter_name, parameter_type, display_label, id) VALUES ('qzrvsvv3vg4v1sj8bwbv6oagxduqm4brNM200810110000000000000000000113', -2, 'pageSize', 'java.lang.Integer', '1pfme6522obqv4h5uebicpequ82xhdubNM200904120000000000000000000030', '04x64w2jh9ral2tqiedixsvi8u0ks7oe20070427JS0000000000000000001517');
INSERT INTO metadata ( description, created_by, owner, id, create_date, seq, type, remove, site_master, locked_by, entity_domain, last_updated_by, last_update_date, key_name) VALUES ('z8dsmggcclk6f15ktzrvl08zqkcw6xwiNM200904120000000000000000000030', '0000000000000000000000000000001000000000000000000000000000000003', '0000000000000000000000000000001000000000000000000000000000000003', '04x64w2jh9ral2tqiedixsvi8u0ks7oe20070427JS0000000000000000001517', '2011-10-03 16:03:31', 2918, 'com.runwaysdk.system.metadata.MdParameter', 1, 'runwaysdk.com', NULL, NULL, '0000000000000000000000000000001000000000000000000000000000000003', '2011-10-03 16:03:31', 'com.runwaysdk.system.metadata.MdWebHeaderHeaderTextController.viewPage.pageSize');
INSERT INTO metadata_parameter ( site_master, last_updated_by, create_date, seq, locked_by, entity_domain, created_by, type, last_update_date, key_name, owner, id, parent_id, child_id) VALUES ('runwaysdk.com', '0000000000000000000000000000001000000000000000000000000000000003', '2011-10-03 16:03:31', 2919, NULL, NULL, '0000000000000000000000000000001000000000000000000000000000000003', 'com.runwaysdk.system.MetadataParameter', '2011-10-03 16:03:31', 'com.runwaysdk.system.metadata.MdWebHeaderHeaderTextController.viewPage.pageSize', '0000000000000000000000000000001000000000000000000000000000000003', 'yz31ba9b9v7qklizsh1uvjjay1dojf4420070427JS0000000000000000001524', 'qzrvsvv3vg4v1sj8bwbv6oagxduqm4brNM200810110000000000000000000113', '04x64w2jh9ral2tqiedixsvi8u0ks7oe20070427JS0000000000000000001517');
INSERT INTO metadata_display_label ( default_locale, id, site_master, key_name) VALUES ('Page Number', '22r8j4xukycpw3qr1zu8whyrp69e7wwkNM200904120000000000000000000030', 'runwaysdk.com', '22r8j4xukycpw3qr1zu8whyrp69e7wwkNM200904120000000000000000000030');
INSERT INTO metadata_display_label ( default_locale, id, site_master, key_name) VALUES (NULL, 'xxmxo5adih9qv0q1l3vke2c1tw87g2sqNM200904120000000000000000000030', 'runwaysdk.com', 'xxmxo5adih9qv0q1l3vke2c1tw87g2sqNM200904120000000000000000000030');
INSERT INTO md_parameter ( metadata, parameter_order, parameter_name, parameter_type, display_label, id) VALUES ('qzrvsvv3vg4v1sj8bwbv6oagxduqm4brNM200810110000000000000000000113', -1, 'pageNumber', 'java.lang.Integer', '22r8j4xukycpw3qr1zu8whyrp69e7wwkNM200904120000000000000000000030', '29tg6mwjoywatoutl8acjt1i5u79z65y20070427JS0000000000000000001517');
INSERT INTO metadata ( description, created_by, owner, id, create_date, seq, type, remove, site_master, locked_by, entity_domain, last_updated_by, last_update_date, key_name) VALUES ('xxmxo5adih9qv0q1l3vke2c1tw87g2sqNM200904120000000000000000000030', '0000000000000000000000000000001000000000000000000000000000000003', '0000000000000000000000000000001000000000000000000000000000000003', '29tg6mwjoywatoutl8acjt1i5u79z65y20070427JS0000000000000000001517', '2011-10-03 16:03:31', 2920, 'com.runwaysdk.system.metadata.MdParameter', 1, 'runwaysdk.com', NULL, NULL, '0000000000000000000000000000001000000000000000000000000000000003', '2011-10-03 16:03:31', 'com.runwaysdk.system.metadata.MdWebHeaderHeaderTextController.viewPage.pageNumber');
INSERT INTO metadata_parameter ( site_master, last_updated_by, create_date, seq, locked_by, entity_domain, created_by, type, last_update_date, key_name, owner, id, parent_id, child_id) VALUES ('runwaysdk.com', '0000000000000000000000000000001000000000000000000000000000000003', '2011-10-03 16:03:31', 2921, NULL, NULL, '0000000000000000000000000000001000000000000000000000000000000003', 'com.runwaysdk.system.MetadataParameter', '2011-10-03 16:03:31', 'com.runwaysdk.system.metadata.MdWebHeaderHeaderTextController.viewPage.pageNumber', '0000000000000000000000000000001000000000000000000000000000000003', 'szpeydltmwc438qh4gmq81axzt3q36ek20070427JS0000000000000000001524', 'qzrvsvv3vg4v1sj8bwbv6oagxduqm4brNM200810110000000000000000000113', '29tg6mwjoywatoutl8acjt1i5u79z65y20070427JS0000000000000000001517');
INSERT INTO metadata_display_label ( default_locale, id, site_master, key_name) VALUES ('View All', 'soykakusthj77hougjha30humd2wuh5dNM200904120000000000000000000030', 'runwaysdk.com', 'soykakusthj77hougjha30humd2wuh5dNM200904120000000000000000000030');
INSERT INTO metadata_display_label ( default_locale, id, site_master, key_name) VALUES ('Loads a ViewAll query with the default settings', 'z586ojjbtansgpoj8to2fnnxnc5k4puqNM200904120000000000000000000030', 'runwaysdk.com', 'z586ojjbtansgpoj8to2fnnxnc5k4puqNM200904120000000000000000000030');
INSERT INTO md_action ( is_query, enclosing_md_controller, is_post, action_name, display_label, id) VALUES (0, '6vk5my9nglr2zhuq2lall07ex4yw9fi8NM200810110000000000000000000112', 0, 'viewAll', 'soykakusthj77hougjha30humd2wuh5dNM200904120000000000000000000030', '201aqxm3qgz7hvqp5n3kzdgwjmu6b6i1NM200810110000000000000000000113');
INSERT INTO metadata ( description, created_by, owner, id, create_date, seq, type, remove, site_master, locked_by, entity_domain, last_updated_by, last_update_date, key_name) VALUES ('z586ojjbtansgpoj8to2fnnxnc5k4puqNM200904120000000000000000000030', '0000000000000000000000000000001000000000000000000000000000000003', '0000000000000000000000000000001000000000000000000000000000000003', '201aqxm3qgz7hvqp5n3kzdgwjmu6b6i1NM200810110000000000000000000113', '2011-10-03 16:03:31', 2922, 'com.runwaysdk.system.metadata.MdAction', 1, 'runwaysdk.com', NULL, NULL, '0000000000000000000000000000001000000000000000000000000000000003', '2011-10-03 16:03:31', 'com.runwaysdk.system.metadata.MdWebHeaderHeaderTextController.viewAll');
INSERT INTO controller_action ( key_name, locked_by, id, owner, entity_domain, created_by, type, last_update_date, create_date, seq, last_updated_by, site_master, parent_id, child_id) VALUES ('com.runwaysdk.system.metadata.MdWebHeaderHeaderTextController.viewAll', NULL, 'r58ri0p9q86o17ccgltfg59zjbfmbklsJS200807230000000000000000111111', '0000000000000000000000000000001000000000000000000000000000000003', NULL, '0000000000000000000000000000001000000000000000000000000000000003', 'com.runwaysdk.system.ControllerAction', '2011-10-03 16:03:31', '2011-10-03 16:03:31', 2923, '0000000000000000000000000000001000000000000000000000000000000003', 'runwaysdk.com', '6vk5my9nglr2zhuq2lall07ex4yw9fi8NM200810110000000000000000000112', '201aqxm3qgz7hvqp5n3kzdgwjmu6b6i1NM200810110000000000000000000113');
INSERT INTO metadata_display_label ( default_locale, id, site_master, key_name) VALUES ('View', 'xsk09p7bgls7ndofzdidncieukr5x1jjNM200904120000000000000000000030', 'runwaysdk.com', 'xsk09p7bgls7ndofzdidncieukr5x1jjNM200904120000000000000000000030');
INSERT INTO metadata_display_label ( default_locale, id, site_master, key_name) VALUES ('View an existing instance of com.runwaysdk.system.metadata.MdWebHeaderHeaderText', '2bk5mn43k5s77aikdf2fj3tdmv76woghNM200904120000000000000000000030', 'runwaysdk.com', '2bk5mn43k5s77aikdf2fj3tdmv76woghNM200904120000000000000000000030');
INSERT INTO md_action ( is_query, enclosing_md_controller, is_post, action_name, display_label, id) VALUES (0, '6vk5my9nglr2zhuq2lall07ex4yw9fi8NM200810110000000000000000000112', 0, 'view', 'xsk09p7bgls7ndofzdidncieukr5x1jjNM200904120000000000000000000030', 'zfggmrw1f7xzoju8s5irrkmzhjqq0rc8NM200810110000000000000000000113');
INSERT INTO metadata ( description, created_by, owner, id, create_date, seq, type, remove, site_master, locked_by, entity_domain, last_updated_by, last_update_date, key_name) VALUES ('2bk5mn43k5s77aikdf2fj3tdmv76woghNM200904120000000000000000000030', '0000000000000000000000000000001000000000000000000000000000000003', '0000000000000000000000000000001000000000000000000000000000000003', 'zfggmrw1f7xzoju8s5irrkmzhjqq0rc8NM200810110000000000000000000113', '2011-10-03 16:03:31', 2924, 'com.runwaysdk.system.metadata.MdAction', 1, 'runwaysdk.com', NULL, NULL, '0000000000000000000000000000001000000000000000000000000000000003', '2011-10-03 16:03:31', 'com.runwaysdk.system.metadata.MdWebHeaderHeaderTextController.view');
INSERT INTO controller_action ( key_name, locked_by, id, owner, entity_domain, created_by, type, last_update_date, create_date, seq, last_updated_by, site_master, parent_id, child_id) VALUES ('com.runwaysdk.system.metadata.MdWebHeaderHeaderTextController.view', NULL, 'sg31at8fgld5uwe3i2pfxp7cw9fgjysxJS200807230000000000000000111111', '0000000000000000000000000000001000000000000000000000000000000003', NULL, '0000000000000000000000000000001000000000000000000000000000000003', 'com.runwaysdk.system.ControllerAction', '2011-10-03 16:03:31', '2011-10-03 16:03:31', 2925, '0000000000000000000000000000001000000000000000000000000000000003', 'runwaysdk.com', '6vk5my9nglr2zhuq2lall07ex4yw9fi8NM200810110000000000000000000112', 'zfggmrw1f7xzoju8s5irrkmzhjqq0rc8NM200810110000000000000000000113');
INSERT INTO metadata_display_label ( default_locale, id, site_master, key_name) VALUES ('Parameter: com.runwaysdk.system.metadata.MdWebHeaderHeaderText - id', 'xc4sb83dcg6mym62y1f8tbilgc3n8yodNM200904120000000000000000000030', 'runwaysdk.com', 'xc4sb83dcg6mym62y1f8tbilgc3n8yodNM200904120000000000000000000030');
INSERT INTO metadata_display_label ( default_locale, id, site_master, key_name) VALUES ('Id of com.runwaysdk.system.metadata.MdWebHeaderHeaderText to view.', '0mvnh7suxm6dvutjzjqiosxsbfe0tfk0NM200904120000000000000000000030', 'runwaysdk.com', '0mvnh7suxm6dvutjzjqiosxsbfe0tfk0NM200904120000000000000000000030');
INSERT INTO md_parameter ( metadata, parameter_order, parameter_name, parameter_type, display_label, id) VALUES ('zfggmrw1f7xzoju8s5irrkmzhjqq0rc8NM200810110000000000000000000113', 0, 'id', 'java.lang.String', 'xc4sb83dcg6mym62y1f8tbilgc3n8yodNM200904120000000000000000000030', '29w1dmntvu7rymr0918unc040mp76sz820070427JS0000000000000000001517');
INSERT INTO metadata ( description, created_by, owner, id, create_date, seq, type, remove, site_master, locked_by, entity_domain, last_updated_by, last_update_date, key_name) VALUES ('0mvnh7suxm6dvutjzjqiosxsbfe0tfk0NM200904120000000000000000000030', '0000000000000000000000000000001000000000000000000000000000000003', '0000000000000000000000000000001000000000000000000000000000000003', '29w1dmntvu7rymr0918unc040mp76sz820070427JS0000000000000000001517', '2011-10-03 16:03:31', 2926, 'com.runwaysdk.system.metadata.MdParameter', 1, 'runwaysdk.com', NULL, NULL, '0000000000000000000000000000001000000000000000000000000000000003', '2011-10-03 16:03:31', 'com.runwaysdk.system.metadata.MdWebHeaderHeaderTextController.view.id');
INSERT INTO metadata_parameter ( site_master, last_updated_by, create_date, seq, locked_by, entity_domain, created_by, type, last_update_date, key_name, owner, id, parent_id, child_id) VALUES ('runwaysdk.com', '0000000000000000000000000000001000000000000000000000000000000003', '2011-10-03 16:03:31', 2927, NULL, NULL, '0000000000000000000000000000001000000000000000000000000000000003', 'com.runwaysdk.system.MetadataParameter', '2011-10-03 16:03:31', 'com.runwaysdk.system.metadata.MdWebHeaderHeaderTextController.view.id', '0000000000000000000000000000001000000000000000000000000000000003', '04zye3em8zbmnx0esvqdjl54y9lqbyzm20070427JS0000000000000000001524', 'zfggmrw1f7xzoju8s5irrkmzhjqq0rc8NM200810110000000000000000000113', '29w1dmntvu7rymr0918unc040mp76sz820070427JS0000000000000000001517');
INSERT INTO metadata_display_label ( default_locale, id, site_master, key_name) VALUES ('New Instance', '09cqm19dbfwa8a6o8r676x5zizplbxglNM200904120000000000000000000030', 'runwaysdk.com', '09cqm19dbfwa8a6o8r676x5zizplbxglNM200904120000000000000000000030');
INSERT INTO metadata_display_label ( default_locale, id, site_master, key_name) VALUES ('Loads a new instance of com.runwaysdk.system.metadata.MdWebHeaderHeaderText into the request object', '8tivucoh3dfd4zgj4xnf1m8xmbid8lcdNM200904120000000000000000000030', 'runwaysdk.com', '8tivucoh3dfd4zgj4xnf1m8xmbid8lcdNM200904120000000000000000000030');
INSERT INTO md_action ( is_query, enclosing_md_controller, is_post, action_name, display_label, id) VALUES (0, '6vk5my9nglr2zhuq2lall07ex4yw9fi8NM200810110000000000000000000112', 0, 'newInstance', '09cqm19dbfwa8a6o8r676x5zizplbxglNM200904120000000000000000000030', 'ss2sqcth3yv1yilbtop1zztj2gflcj5iNM200810110000000000000000000113');
INSERT INTO metadata ( description, created_by, owner, id, create_date, seq, type, remove, site_master, locked_by, entity_domain, last_updated_by, last_update_date, key_name) VALUES ('8tivucoh3dfd4zgj4xnf1m8xmbid8lcdNM200904120000000000000000000030', '0000000000000000000000000000001000000000000000000000000000000003', '0000000000000000000000000000001000000000000000000000000000000003', 'ss2sqcth3yv1yilbtop1zztj2gflcj5iNM200810110000000000000000000113', '2011-10-03 16:03:31', 2928, 'com.runwaysdk.system.metadata.MdAction', 1, 'runwaysdk.com', NULL, NULL, '0000000000000000000000000000001000000000000000000000000000000003', '2011-10-03 16:03:31', 'com.runwaysdk.system.metadata.MdWebHeaderHeaderTextController.newInstance');
INSERT INTO controller_action ( key_name, locked_by, id, owner, entity_domain, created_by, type, last_update_date, create_date, seq, last_updated_by, site_master, parent_id, child_id) VALUES ('com.runwaysdk.system.metadata.MdWebHeaderHeaderTextController.newInstance', NULL, 'xsveismsy7c519tfjhdlfdejp8fvy420JS200807230000000000000000111111', '0000000000000000000000000000001000000000000000000000000000000003', NULL, '0000000000000000000000000000001000000000000000000000000000000003', 'com.runwaysdk.system.ControllerAction', '2011-10-03 16:03:31', '2011-10-03 16:03:31', 2929, '0000000000000000000000000000001000000000000000000000000000000003', 'runwaysdk.com', '6vk5my9nglr2zhuq2lall07ex4yw9fi8NM200810110000000000000000000112', 'ss2sqcth3yv1yilbtop1zztj2gflcj5iNM200810110000000000000000000113');
INSERT INTO metadata_display_label ( default_locale, id, site_master, key_name) VALUES ('Create', '0rhjk9skd5m5y765bs0kltrg73a0nxx8NM200904120000000000000000000030', 'runwaysdk.com', '0rhjk9skd5m5y765bs0kltrg73a0nxx8NM200904120000000000000000000030');
INSERT INTO metadata_display_label ( default_locale, id, site_master, key_name) VALUES ('Applys a new instance of com.runwaysdk.system.metadata.MdWebHeaderHeaderText', '07zdiq831ee4bpuqokdcltwgn7x2ua3aNM200904120000000000000000000030', 'runwaysdk.com', '07zdiq831ee4bpuqokdcltwgn7x2ua3aNM200904120000000000000000000030');
INSERT INTO md_action ( is_query, enclosing_md_controller, is_post, action_name, display_label, id) VALUES (0, '6vk5my9nglr2zhuq2lall07ex4yw9fi8NM200810110000000000000000000112', 1, 'create', '0rhjk9skd5m5y765bs0kltrg73a0nxx8NM200904120000000000000000000030', '0cncbuizl4autfsz04c3t5q0mguocl3bNM200810110000000000000000000113');
INSERT INTO metadata ( description, created_by, owner, id, create_date, seq, type, remove, site_master, locked_by, entity_domain, last_updated_by, last_update_date, key_name) VALUES ('07zdiq831ee4bpuqokdcltwgn7x2ua3aNM200904120000000000000000000030', '0000000000000000000000000000001000000000000000000000000000000003', '0000000000000000000000000000001000000000000000000000000000000003', '0cncbuizl4autfsz04c3t5q0mguocl3bNM200810110000000000000000000113', '2011-10-03 16:03:31', 2930, 'com.runwaysdk.system.metadata.MdAction', 1, 'runwaysdk.com', NULL, NULL, '0000000000000000000000000000001000000000000000000000000000000003', '2011-10-03 16:03:31', 'com.runwaysdk.system.metadata.MdWebHeaderHeaderTextController.create');
INSERT INTO controller_action ( key_name, locked_by, id, owner, entity_domain, created_by, type, last_update_date, create_date, seq, last_updated_by, site_master, parent_id, child_id) VALUES ('com.runwaysdk.system.metadata.MdWebHeaderHeaderTextController.create', NULL, 'xjzfrcv1wemeexwa469ka4u9jk0lkofpJS200807230000000000000000111111', '0000000000000000000000000000001000000000000000000000000000000003', NULL, '0000000000000000000000000000001000000000000000000000000000000003', 'com.runwaysdk.system.ControllerAction', '2011-10-03 16:03:31', '2011-10-03 16:03:31', 2931, '0000000000000000000000000000001000000000000000000000000000000003', 'runwaysdk.com', '6vk5my9nglr2zhuq2lall07ex4yw9fi8NM200810110000000000000000000112', '0cncbuizl4autfsz04c3t5q0mguocl3bNM200810110000000000000000000113');
INSERT INTO metadata_display_label ( default_locale, id, site_master, key_name) VALUES ('Parameter: com.runwaysdk.system.metadata.MdWebHeaderHeaderText', '6zociqv4ty5116k3zfzq2j1pe9c57d0gNM200904120000000000000000000030', 'runwaysdk.com', '6zociqv4ty5116k3zfzq2j1pe9c57d0gNM200904120000000000000000000030');
INSERT INTO metadata_display_label ( default_locale, id, site_master, key_name) VALUES ('com.runwaysdk.system.metadata.MdWebHeaderHeaderText to apply to the database', '6pvl9r8i7l0io6ku5evnoh05vairgrfgNM200904120000000000000000000030', 'runwaysdk.com', '6pvl9r8i7l0io6ku5evnoh05vairgrfgNM200904120000000000000000000030');
INSERT INTO md_parameter ( metadata, parameter_order, parameter_name, parameter_type, display_label, id) VALUES ('0cncbuizl4autfsz04c3t5q0mguocl3bNM200810110000000000000000000113', 0, 'dto', 'com.runwaysdk.system.metadata.MdWebHeaderHeaderText', '6zociqv4ty5116k3zfzq2j1pe9c57d0gNM200904120000000000000000000030', '21741ic6csgqmnzkmybcwgmoakwjq7z520070427JS0000000000000000001517');
INSERT INTO metadata ( description, created_by, owner, id, create_date, seq, type, remove, site_master, locked_by, entity_domain, last_updated_by, last_update_date, key_name) VALUES ('6pvl9r8i7l0io6ku5evnoh05vairgrfgNM200904120000000000000000000030', '0000000000000000000000000000001000000000000000000000000000000003', '0000000000000000000000000000001000000000000000000000000000000003', '21741ic6csgqmnzkmybcwgmoakwjq7z520070427JS0000000000000000001517', '2011-10-03 16:03:31', 2932, 'com.runwaysdk.system.metadata.MdParameter', 1, 'runwaysdk.com', NULL, NULL, '0000000000000000000000000000001000000000000000000000000000000003', '2011-10-03 16:03:31', 'com.runwaysdk.system.metadata.MdWebHeaderHeaderTextController.create.dto');
INSERT INTO metadata_parameter ( site_master, last_updated_by, create_date, seq, locked_by, entity_domain, created_by, type, last_update_date, key_name, owner, id, parent_id, child_id) VALUES ('runwaysdk.com', '0000000000000000000000000000001000000000000000000000000000000003', '2011-10-03 16:03:31', 2933, NULL, NULL, '0000000000000000000000000000001000000000000000000000000000000003', 'com.runwaysdk.system.MetadataParameter', '2011-10-03 16:03:31', 'com.runwaysdk.system.metadata.MdWebHeaderHeaderTextController.create.dto', '0000000000000000000000000000001000000000000000000000000000000003', 'sixoahbvtawegb9dvh93hhjmgstppphs20070427JS0000000000000000001524', '0cncbuizl4autfsz04c3t5q0mguocl3bNM200810110000000000000000000113', '21741ic6csgqmnzkmybcwgmoakwjq7z520070427JS0000000000000000001517');
INSERT INTO metadata_display_label ( default_locale, id, site_master, key_name) VALUES ('edit', 'spuvxdkbd4o4swj32po2l4vd6tewk38dNM200904120000000000000000000030', 'runwaysdk.com', 'spuvxdkbd4o4swj32po2l4vd6tewk38dNM200904120000000000000000000030');
INSERT INTO metadata_display_label ( default_locale, id, site_master, key_name) VALUES ('Applys an existing instance of com.runwaysdk.system.metadata.MdWebHeaderHeaderText', '6wevy7e5w1jczntvs2l9inv2yz8qukgxNM200904120000000000000000000030', 'runwaysdk.com', '6wevy7e5w1jczntvs2l9inv2yz8qukgxNM200904120000000000000000000030');
INSERT INTO md_action ( is_query, enclosing_md_controller, is_post, action_name, display_label, id) VALUES (0, '6vk5my9nglr2zhuq2lall07ex4yw9fi8NM200810110000000000000000000112', 0, 'edit', 'spuvxdkbd4o4swj32po2l4vd6tewk38dNM200904120000000000000000000030', 'sors25lhs6be3opwfnzcmm0mqoq8pqf5NM200810110000000000000000000113');
INSERT INTO metadata ( description, created_by, owner, id, create_date, seq, type, remove, site_master, locked_by, entity_domain, last_updated_by, last_update_date, key_name) VALUES ('6wevy7e5w1jczntvs2l9inv2yz8qukgxNM200904120000000000000000000030', '0000000000000000000000000000001000000000000000000000000000000003', '0000000000000000000000000000001000000000000000000000000000000003', 'sors25lhs6be3opwfnzcmm0mqoq8pqf5NM200810110000000000000000000113', '2011-10-03 16:03:31', 2934, 'com.runwaysdk.system.metadata.MdAction', 1, 'runwaysdk.com', NULL, NULL, '0000000000000000000000000000001000000000000000000000000000000003', '2011-10-03 16:03:31', 'com.runwaysdk.system.metadata.MdWebHeaderHeaderTextController.edit');
INSERT INTO controller_action ( key_name, locked_by, id, owner, entity_domain, created_by, type, last_update_date, create_date, seq, last_updated_by, site_master, parent_id, child_id) VALUES ('com.runwaysdk.system.metadata.MdWebHeaderHeaderTextController.edit', NULL, '28559rj0a23i0lnqslcjiqlvplymuligJS200807230000000000000000111111', '0000000000000000000000000000001000000000000000000000000000000003', NULL, '0000000000000000000000000000001000000000000000000000000000000003', 'com.runwaysdk.system.ControllerAction', '2011-10-03 16:03:31', '2011-10-03 16:03:31', 2935, '0000000000000000000000000000001000000000000000000000000000000003', 'runwaysdk.com', '6vk5my9nglr2zhuq2lall07ex4yw9fi8NM200810110000000000000000000112', 'sors25lhs6be3opwfnzcmm0mqoq8pqf5NM200810110000000000000000000113');
INSERT INTO metadata_display_label ( default_locale, id, site_master, key_name) VALUES ('Parameter: com.runwaysdk.system.metadata.MdWebHeaderHeaderText', '0092e67wneinge75xkf3ujw5jczl64o8NM200904120000000000000000000030', 'runwaysdk.com', '0092e67wneinge75xkf3ujw5jczl64o8NM200904120000000000000000000030');
INSERT INTO metadata_display_label ( default_locale, id, site_master, key_name) VALUES ('com.runwaysdk.system.metadata.MdWebHeaderHeaderText to apply to the database', '0hmsybi6uurpvd4hifb3c5sqa04qlbhbNM200904120000000000000000000030', 'runwaysdk.com', '0hmsybi6uurpvd4hifb3c5sqa04qlbhbNM200904120000000000000000000030');
INSERT INTO md_parameter ( metadata, parameter_order, parameter_name, parameter_type, display_label, id) VALUES ('sors25lhs6be3opwfnzcmm0mqoq8pqf5NM200810110000000000000000000113', 0, 'id', 'java.lang.String', '0092e67wneinge75xkf3ujw5jczl64o8NM200904120000000000000000000030', '7ba3yghmj0io1q4biobx7kla87nioviu20070427JS0000000000000000001517');
INSERT INTO metadata ( description, created_by, owner, id, create_date, seq, type, remove, site_master, locked_by, entity_domain, last_updated_by, last_update_date, key_name) VALUES ('0hmsybi6uurpvd4hifb3c5sqa04qlbhbNM200904120000000000000000000030', '0000000000000000000000000000001000000000000000000000000000000003', '0000000000000000000000000000001000000000000000000000000000000003', '7ba3yghmj0io1q4biobx7kla87nioviu20070427JS0000000000000000001517', '2011-10-03 16:03:31', 2936, 'com.runwaysdk.system.metadata.MdParameter', 1, 'runwaysdk.com', NULL, NULL, '0000000000000000000000000000001000000000000000000000000000000003', '2011-10-03 16:03:31', 'com.runwaysdk.system.metadata.MdWebHeaderHeaderTextController.edit.id');
INSERT INTO metadata_parameter ( site_master, last_updated_by, create_date, seq, locked_by, entity_domain, created_by, type, last_update_date, key_name, owner, id, parent_id, child_id) VALUES ('runwaysdk.com', '0000000000000000000000000000001000000000000000000000000000000003', '2011-10-03 16:03:31', 2937, NULL, NULL, '0000000000000000000000000000001000000000000000000000000000000003', 'com.runwaysdk.system.MetadataParameter', '2011-10-03 16:03:31', 'com.runwaysdk.system.metadata.MdWebHeaderHeaderTextController.edit.id', '0000000000000000000000000000001000000000000000000000000000000003', '08r56qqsyt95lts8ivttaxrzeto65g3d20070427JS0000000000000000001524', 'sors25lhs6be3opwfnzcmm0mqoq8pqf5NM200810110000000000000000000113', '7ba3yghmj0io1q4biobx7kla87nioviu20070427JS0000000000000000001517');
INSERT INTO metadata_display_label ( default_locale, id, site_master, key_name) VALUES ('update', '8rf5ylb9r24ci37wh95u4aibhnkobogbNM200904120000000000000000000030', 'runwaysdk.com', '8rf5ylb9r24ci37wh95u4aibhnkobogbNM200904120000000000000000000030');
INSERT INTO metadata_display_label ( default_locale, id, site_master, key_name) VALUES ('Applys an existing instance of com.runwaysdk.system.metadata.MdWebHeaderHeaderText', '0k8ibr3f08ek92p511z5yjshlr42vcisNM200904120000000000000000000030', 'runwaysdk.com', '0k8ibr3f08ek92p511z5yjshlr42vcisNM200904120000000000000000000030');
INSERT INTO md_action ( is_query, enclosing_md_controller, is_post, action_name, display_label, id) VALUES (0, '6vk5my9nglr2zhuq2lall07ex4yw9fi8NM200810110000000000000000000112', 1, 'update', '8rf5ylb9r24ci37wh95u4aibhnkobogbNM200904120000000000000000000030', '0ef9miysc6z4a4dwh1sk90ktqmkz32qxNM200810110000000000000000000113');
INSERT INTO metadata ( description, created_by, owner, id, create_date, seq, type, remove, site_master, locked_by, entity_domain, last_updated_by, last_update_date, key_name) VALUES ('0k8ibr3f08ek92p511z5yjshlr42vcisNM200904120000000000000000000030', '0000000000000000000000000000001000000000000000000000000000000003', '0000000000000000000000000000001000000000000000000000000000000003', '0ef9miysc6z4a4dwh1sk90ktqmkz32qxNM200810110000000000000000000113', '2011-10-03 16:03:31', 2938, 'com.runwaysdk.system.metadata.MdAction', 1, 'runwaysdk.com', NULL, NULL, '0000000000000000000000000000001000000000000000000000000000000003', '2011-10-03 16:03:31', 'com.runwaysdk.system.metadata.MdWebHeaderHeaderTextController.update');
INSERT INTO controller_action ( key_name, locked_by, id, owner, entity_domain, created_by, type, last_update_date, create_date, seq, last_updated_by, site_master, parent_id, child_id) VALUES ('com.runwaysdk.system.metadata.MdWebHeaderHeaderTextController.update', NULL, '06uuuohaqiq4kxfbzfhoci01yn9z1zahJS200807230000000000000000111111', '0000000000000000000000000000001000000000000000000000000000000003', NULL, '0000000000000000000000000000001000000000000000000000000000000003', 'com.runwaysdk.system.ControllerAction', '2011-10-03 16:03:31', '2011-10-03 16:03:31', 2939, '0000000000000000000000000000001000000000000000000000000000000003', 'runwaysdk.com', '6vk5my9nglr2zhuq2lall07ex4yw9fi8NM200810110000000000000000000112', '0ef9miysc6z4a4dwh1sk90ktqmkz32qxNM200810110000000000000000000113');
INSERT INTO metadata_display_label ( default_locale, id, site_master, key_name) VALUES ('Parameter: com.runwaysdk.system.metadata.MdWebHeaderHeaderText - dto', '1u8s6hbs6e8nqqpl3zldjcu4ucrft0w4NM200904120000000000000000000030', 'runwaysdk.com', '1u8s6hbs6e8nqqpl3zldjcu4ucrft0w4NM200904120000000000000000000030');
INSERT INTO metadata_display_label ( default_locale, id, site_master, key_name) VALUES ('com.runwaysdk.system.metadata.MdWebHeaderHeaderText to apply to the database', '6r20uklgtjldmukjsz6xontgb086mluhNM200904120000000000000000000030', 'runwaysdk.com', '6r20uklgtjldmukjsz6xontgb086mluhNM200904120000000000000000000030');
INSERT INTO md_parameter ( metadata, parameter_order, parameter_name, parameter_type, display_label, id) VALUES ('0ef9miysc6z4a4dwh1sk90ktqmkz32qxNM200810110000000000000000000113', 0, 'dto', 'com.runwaysdk.system.metadata.MdWebHeaderHeaderText', '1u8s6hbs6e8nqqpl3zldjcu4ucrft0w4NM200904120000000000000000000030', '0dhnl348gvit8qv9nkto3ohycydxzbw620070427JS0000000000000000001517');
INSERT INTO metadata ( description, created_by, owner, id, create_date, seq, type, remove, site_master, locked_by, entity_domain, last_updated_by, last_update_date, key_name) VALUES ('6r20uklgtjldmukjsz6xontgb086mluhNM200904120000000000000000000030', '0000000000000000000000000000001000000000000000000000000000000003', '0000000000000000000000000000001000000000000000000000000000000003', '0dhnl348gvit8qv9nkto3ohycydxzbw620070427JS0000000000000000001517', '2011-10-03 16:03:31', 2940, 'com.runwaysdk.system.metadata.MdParameter', 1, 'runwaysdk.com', NULL, NULL, '0000000000000000000000000000001000000000000000000000000000000003', '2011-10-03 16:03:31', 'com.runwaysdk.system.metadata.MdWebHeaderHeaderTextController.update.dto');
INSERT INTO metadata_parameter ( site_master, last_updated_by, create_date, seq, locked_by, entity_domain, created_by, type, last_update_date, key_name, owner, id, parent_id, child_id) VALUES ('runwaysdk.com', '0000000000000000000000000000001000000000000000000000000000000003', '2011-10-03 16:03:31', 2941, NULL, NULL, '0000000000000000000000000000001000000000000000000000000000000003', 'com.runwaysdk.system.MetadataParameter', '2011-10-03 16:03:31', 'com.runwaysdk.system.metadata.MdWebHeaderHeaderTextController.update.dto', '0000000000000000000000000000001000000000000000000000000000000003', 'sf0g5iv6yk9z53cuujqfk7vk4j3k96rk20070427JS0000000000000000001524', '0ef9miysc6z4a4dwh1sk90ktqmkz32qxNM200810110000000000000000000113', '0dhnl348gvit8qv9nkto3ohycydxzbw620070427JS0000000000000000001517');
INSERT INTO metadata_display_label ( default_locale, id, site_master, key_name) VALUES ('cancel', 'sx010j2whloxqtb4x99vc0c53krcm8jeNM200904120000000000000000000030', 'runwaysdk.com', 'sx010j2whloxqtb4x99vc0c53krcm8jeNM200904120000000000000000000030');
INSERT INTO metadata_display_label ( default_locale, id, site_master, key_name) VALUES ('Unlocks an instance com.runwaysdk.system.metadata.MdWebHeaderHeaderText', 'stvtas3mvs0tj0xljhb6egfxrp119oxbNM200904120000000000000000000030', 'runwaysdk.com', 'stvtas3mvs0tj0xljhb6egfxrp119oxbNM200904120000000000000000000030');
INSERT INTO md_action ( is_query, enclosing_md_controller, is_post, action_name, display_label, id) VALUES (0, '6vk5my9nglr2zhuq2lall07ex4yw9fi8NM200810110000000000000000000112', 1, 'cancel', 'sx010j2whloxqtb4x99vc0c53krcm8jeNM200904120000000000000000000030', '6yhftylffpu5mls41cidflr9ncetgz9nNM200810110000000000000000000113');
INSERT INTO metadata ( description, created_by, owner, id, create_date, seq, type, remove, site_master, locked_by, entity_domain, last_updated_by, last_update_date, key_name) VALUES ('stvtas3mvs0tj0xljhb6egfxrp119oxbNM200904120000000000000000000030', '0000000000000000000000000000001000000000000000000000000000000003', '0000000000000000000000000000001000000000000000000000000000000003', '6yhftylffpu5mls41cidflr9ncetgz9nNM200810110000000000000000000113', '2011-10-03 16:03:31', 2942, 'com.runwaysdk.system.metadata.MdAction', 1, 'runwaysdk.com', NULL, NULL, '0000000000000000000000000000001000000000000000000000000000000003', '2011-10-03 16:03:31', 'com.runwaysdk.system.metadata.MdWebHeaderHeaderTextController.cancel');
INSERT INTO controller_action ( key_name, locked_by, id, owner, entity_domain, created_by, type, last_update_date, create_date, seq, last_updated_by, site_master, parent_id, child_id) VALUES ('com.runwaysdk.system.metadata.MdWebHeaderHeaderTextController.cancel', NULL, '1qha0a642josstxyte7rvks4xmlbb0jrJS200807230000000000000000111111', '0000000000000000000000000000001000000000000000000000000000000003', NULL, '0000000000000000000000000000001000000000000000000000000000000003', 'com.runwaysdk.system.ControllerAction', '2011-10-03 16:03:31', '2011-10-03 16:03:31', 2943, '0000000000000000000000000000001000000000000000000000000000000003', 'runwaysdk.com', '6vk5my9nglr2zhuq2lall07ex4yw9fi8NM200810110000000000000000000112', '6yhftylffpu5mls41cidflr9ncetgz9nNM200810110000000000000000000113');
INSERT INTO metadata_display_label ( default_locale, id, site_master, key_name) VALUES ('Parameter: com.runwaysdk.system.metadata.MdWebHeaderHeaderText - dto', 't0b0htfvwc7iilbxnnszvkpo9jfnr8sfNM200904120000000000000000000030', 'runwaysdk.com', 't0b0htfvwc7iilbxnnszvkpo9jfnr8sfNM200904120000000000000000000030');
INSERT INTO metadata_display_label ( default_locale, id, site_master, key_name) VALUES ('com.runwaysdk.system.metadata.MdWebHeaderHeaderText to unlock', '2hg1c0x13fldhiqu2o4bt0zsriug5czpNM200904120000000000000000000030', 'runwaysdk.com', '2hg1c0x13fldhiqu2o4bt0zsriug5czpNM200904120000000000000000000030');
INSERT INTO md_parameter ( metadata, parameter_order, parameter_name, parameter_type, display_label, id) VALUES ('6yhftylffpu5mls41cidflr9ncetgz9nNM200810110000000000000000000113', 0, 'dto', 'com.runwaysdk.system.metadata.MdWebHeaderHeaderText', 't0b0htfvwc7iilbxnnszvkpo9jfnr8sfNM200904120000000000000000000030', 'zipfaw40jguzyoxasdth6i4fmurt86kl20070427JS0000000000000000001517');
INSERT INTO metadata ( description, created_by, owner, id, create_date, seq, type, remove, site_master, locked_by, entity_domain, last_updated_by, last_update_date, key_name) VALUES ('2hg1c0x13fldhiqu2o4bt0zsriug5czpNM200904120000000000000000000030', '0000000000000000000000000000001000000000000000000000000000000003', '0000000000000000000000000000001000000000000000000000000000000003', 'zipfaw40jguzyoxasdth6i4fmurt86kl20070427JS0000000000000000001517', '2011-10-03 16:03:31', 2944, 'com.runwaysdk.system.metadata.MdParameter', 1, 'runwaysdk.com', NULL, NULL, '0000000000000000000000000000001000000000000000000000000000000003', '2011-10-03 16:03:31', 'com.runwaysdk.system.metadata.MdWebHeaderHeaderTextController.cancel.dto');
INSERT INTO metadata_parameter ( site_master, last_updated_by, create_date, seq, locked_by, entity_domain, created_by, type, last_update_date, key_name, owner, id, parent_id, child_id) VALUES ('runwaysdk.com', '0000000000000000000000000000001000000000000000000000000000000003', '2011-10-03 16:03:31', 2945, NULL, NULL, '0000000000000000000000000000001000000000000000000000000000000003', 'com.runwaysdk.system.MetadataParameter', '2011-10-03 16:03:31', 'com.runwaysdk.system.metadata.MdWebHeaderHeaderTextController.cancel.dto', '0000000000000000000000000000001000000000000000000000000000000003', 'quk7c92w4ih96iudjqru93jpvxrx5b7u20070427JS0000000000000000001524', '6yhftylffpu5mls41cidflr9ncetgz9nNM200810110000000000000000000113', 'zipfaw40jguzyoxasdth6i4fmurt86kl20070427JS0000000000000000001517');
INSERT INTO metadata_display_label ( default_locale, id, site_master, key_name) VALUES ('delete', 'sxrvfw57zbvzeb6ytb7vsxpuxj5h1ttwNM200904120000000000000000000030', 'runwaysdk.com', 'sxrvfw57zbvzeb6ytb7vsxpuxj5h1ttwNM200904120000000000000000000030');
INSERT INTO metadata_display_label ( default_locale, id, site_master, key_name) VALUES ('Delete an instance of com.runwaysdk.system.metadata.MdWebHeaderHeaderText', 'qlsgui8hvp8kclns6w9ezeamdb4yb4bcNM200904120000000000000000000030', 'runwaysdk.com', 'qlsgui8hvp8kclns6w9ezeamdb4yb4bcNM200904120000000000000000000030');
INSERT INTO md_action ( is_query, enclosing_md_controller, is_post, action_name, display_label, id) VALUES (0, '6vk5my9nglr2zhuq2lall07ex4yw9fi8NM200810110000000000000000000112', 1, 'delete', 'sxrvfw57zbvzeb6ytb7vsxpuxj5h1ttwNM200904120000000000000000000030', 'zidamz8biaa7agpt67dm7paxv39asozrNM200810110000000000000000000113');
INSERT INTO metadata ( description, created_by, owner, id, create_date, seq, type, remove, site_master, locked_by, entity_domain, last_updated_by, last_update_date, key_name) VALUES ('qlsgui8hvp8kclns6w9ezeamdb4yb4bcNM200904120000000000000000000030', '0000000000000000000000000000001000000000000000000000000000000003', '0000000000000000000000000000001000000000000000000000000000000003', 'zidamz8biaa7agpt67dm7paxv39asozrNM200810110000000000000000000113', '2011-10-03 16:03:31', 2946, 'com.runwaysdk.system.metadata.MdAction', 1, 'runwaysdk.com', NULL, NULL, '0000000000000000000000000000001000000000000000000000000000000003', '2011-10-03 16:03:31', 'com.runwaysdk.system.metadata.MdWebHeaderHeaderTextController.delete');
INSERT INTO controller_action ( key_name, locked_by, id, owner, entity_domain, created_by, type, last_update_date, create_date, seq, last_updated_by, site_master, parent_id, child_id) VALUES ('com.runwaysdk.system.metadata.MdWebHeaderHeaderTextController.delete', NULL, '0qlhzdlwunlw2f53oz3ak2lypw707j6uJS200807230000000000000000111111', '0000000000000000000000000000001000000000000000000000000000000003', NULL, '0000000000000000000000000000001000000000000000000000000000000003', 'com.runwaysdk.system.ControllerAction', '2011-10-03 16:03:31', '2011-10-03 16:03:31', 2947, '0000000000000000000000000000001000000000000000000000000000000003', 'runwaysdk.com', '6vk5my9nglr2zhuq2lall07ex4yw9fi8NM200810110000000000000000000112', 'zidamz8biaa7agpt67dm7paxv39asozrNM200810110000000000000000000113');
INSERT INTO metadata_display_label ( default_locale, id, site_master, key_name) VALUES ('Parameter: com.runwaysdk.system.metadata.MdWebHeaderHeaderText - dto', '1o0mx0lw5rcmiqp7ayxuericyr19ywb9NM200904120000000000000000000030', 'runwaysdk.com', '1o0mx0lw5rcmiqp7ayxuericyr19ywb9NM200904120000000000000000000030');
INSERT INTO metadata_display_label ( default_locale, id, site_master, key_name) VALUES ('com.runwaysdk.system.metadata.MdWebHeaderHeaderText to delete', '72y71z2zzbv80kqx3t9fxfxxqeoyrq9aNM200904120000000000000000000030', 'runwaysdk.com', '72y71z2zzbv80kqx3t9fxfxxqeoyrq9aNM200904120000000000000000000030');
INSERT INTO md_parameter ( metadata, parameter_order, parameter_name, parameter_type, display_label, id) VALUES ('zidamz8biaa7agpt67dm7paxv39asozrNM200810110000000000000000000113', 0, 'dto', 'com.runwaysdk.system.metadata.MdWebHeaderHeaderText', '1o0mx0lw5rcmiqp7ayxuericyr19ywb9NM200904120000000000000000000030', '1rpp2hp89lmy4xhwidns0l5q4h853rol20070427JS0000000000000000001517');
INSERT INTO metadata ( description, created_by, owner, id, create_date, seq, type, remove, site_master, locked_by, entity_domain, last_updated_by, last_update_date, key_name) VALUES ('72y71z2zzbv80kqx3t9fxfxxqeoyrq9aNM200904120000000000000000000030', '0000000000000000000000000000001000000000000000000000000000000003', '0000000000000000000000000000001000000000000000000000000000000003', '1rpp2hp89lmy4xhwidns0l5q4h853rol20070427JS0000000000000000001517', '2011-10-03 16:03:31', 2948, 'com.runwaysdk.system.metadata.MdParameter', 1, 'runwaysdk.com', NULL, NULL, '0000000000000000000000000000001000000000000000000000000000000003', '2011-10-03 16:03:31', 'com.runwaysdk.system.metadata.MdWebHeaderHeaderTextController.delete.dto');
INSERT INTO metadata_parameter ( site_master, last_updated_by, create_date, seq, locked_by, entity_domain, created_by, type, last_update_date, key_name, owner, id, parent_id, child_id) VALUES ('runwaysdk.com', '0000000000000000000000000000001000000000000000000000000000000003', '2011-10-03 16:03:31', 2949, NULL, NULL, '0000000000000000000000000000001000000000000000000000000000000003', 'com.runwaysdk.system.MetadataParameter', '2011-10-03 16:03:31', 'com.runwaysdk.system.metadata.MdWebHeaderHeaderTextController.delete.dto', '0000000000000000000000000000001000000000000000000000000000000003', '8p4nl8zalhh643ya7888ej98vczji2jj20070427JS0000000000000000001524', 'zidamz8biaa7agpt67dm7paxv39asozrNM200810110000000000000000000113', '1rpp2hp89lmy4xhwidns0l5q4h853rol20070427JS0000000000000000001517');
 INSERT INTO visibilitymodifier (set_id, item_id)  VALUES  ('ximowpsb807zux875nn2pvbb50hqhbgi', '20071109NM000000000000000000000520071109NM0000000000000000000001');
INSERT INTO metadata_display_label ( default_locale, id, site_master, key_name) VALUES ('Header Text', 'sp4wqc9ld6myrshw447qu8g038bgukw9NM200904120000000000000000000030', 'runwaysdk.com', 'sp4wqc9ld6myrshw447qu8g038bgukw9NM200904120000000000000000000030');
 INSERT INTO visibilitymodifier (set_id, item_id)  VALUES  ('78snulswnnogakkwndj0tclkjb96q0oq', '20071109NM000000000000000000000520071109NM0000000000000000000001');
 INSERT INTO md_attribute_indicies (set_id, item_id)  VALUES  ('qy5hjqyg7dh30iumv78zbel61dgfgfe1', '0000000000000000000000000000040100000000000000000000000000000403');
INSERT INTO metadata_display_label ( default_locale, id, site_master, key_name) VALUES ('The text data for the header.', 'yxmqvjlz3mkvhq06u3m5fvllwekqv8i0NM200904120000000000000000000030', 'runwaysdk.com', 'yxmqvjlz3mkvhq06u3m5fvllwekqv8i0NM200904120000000000000000000030');
INSERT INTO md_attribute_local_character ( id) VALUES ('0mhe0jdhpyds5gyxlcxeu9hxgjbxrjcv0000000MdAttributeLocalCharacter');
INSERT INTO md_attribute_local ( id) VALUES ('0mhe0jdhpyds5gyxlcxeu9hxgjbxrjcv0000000MdAttributeLocalCharacter');
INSERT INTO md_attribute_struct ( md_struct, id) VALUES ('7ghgjxwrdkz9m3kwz9bcw2d3ydxrmcf90000000000000000000MdLocalStruct', '0mhe0jdhpyds5gyxlcxeu9hxgjbxrjcv0000000MdAttributeLocalCharacter');
INSERT INTO md_attribute_concrete ( column_name, defining_md_class, setter_visibility, setter_visibility_c, immutable, index_name, generate_accessor, system, required, display_label, getter_visibility, getter_visibility_c, index_type, index_type_c, attribute_name, id) VALUES ('header_text', 'sp2wq4sdo8wa72zc958pd0aexfr1dlg900000000000000000000000000000001', 'ximowpsb807zux875nn2pvbb50hqhbgi', '20071109NM000000000000000000000520071109NM0000000000000000000001', 0, 'a75eliq3qt6l4q1qvoz86w86ozqz7p', 1, 0, 0, 'sp4wqc9ld6myrshw447qu8g038bgukw9NM200904120000000000000000000030', '78snulswnnogakkwndj0tclkjb96q0oq', '20071109NM000000000000000000000520071109NM0000000000000000000001', 'qy5hjqyg7dh30iumv78zbel61dgfgfe1', '0000000000000000000000000000040100000000000000000000000000000403', 'headerText', '0mhe0jdhpyds5gyxlcxeu9hxgjbxrjcv0000000MdAttributeLocalCharacter');
INSERT INTO md_attribute ( id) VALUES ('0mhe0jdhpyds5gyxlcxeu9hxgjbxrjcv0000000MdAttributeLocalCharacter');
INSERT INTO metadata ( description, created_by, owner, id, create_date, seq, type, remove, site_master, locked_by, entity_domain, last_updated_by, last_update_date, key_name) VALUES ('yxmqvjlz3mkvhq06u3m5fvllwekqv8i0NM200904120000000000000000000030', '0000000000000000000000000000001000000000000000000000000000000003', '0000000000000000000000000000001000000000000000000000000000000003', '0mhe0jdhpyds5gyxlcxeu9hxgjbxrjcv0000000MdAttributeLocalCharacter', '2011-10-03 16:03:31', 2950, 'com.runwaysdk.system.metadata.MdAttributeLocalCharacter', 1, 'runwaysdk.com', NULL, NULL, '0000000000000000000000000000001000000000000000000000000000000003', '2011-10-03 16:03:31', 'com.runwaysdk.system.metadata.MdWebHeader.headerText');
ALTER TABLE md_web_header ADD COLUMN header_text  char(64);
INSERT INTO class_attribute_concrete ( id, parent_id, child_id) VALUES ('xb8ktzal7meqol2bk3rdvvoiqew97qcq00000000000000000000000000000073', 'sp2wq4sdo8wa72zc958pd0aexfr1dlg900000000000000000000000000000001', '0mhe0jdhpyds5gyxlcxeu9hxgjbxrjcv0000000MdAttributeLocalCharacter');
INSERT INTO class_attribute ( id, parent_id, child_id) VALUES ('xb8ktzal7meqol2bk3rdvvoiqew97qcq00000000000000000000000000000073', 'sp2wq4sdo8wa72zc958pd0aexfr1dlg900000000000000000000000000000001', '0mhe0jdhpyds5gyxlcxeu9hxgjbxrjcv0000000MdAttributeLocalCharacter');
INSERT INTO metadata_relationship ( entity_domain, site_master, last_updated_by, id, owner, locked_by, create_date, type, created_by, seq, key_name, last_update_date, parent_id, child_id) VALUES (NULL, 'runwaysdk.com', '0000000000000000000000000000001000000000000000000000000000000003', 'xb8ktzal7meqol2bk3rdvvoiqew97qcq00000000000000000000000000000073', '0000000000000000000000000000001000000000000000000000000000000003', NULL, '2011-10-03 16:03:31', 'com.runwaysdk.system.metadata.ClassAttributeConcrete', '0000000000000000000000000000001000000000000000000000000000000003', 2951, 'com.runwaysdk.system.metadata.MdWebHeader.headerText', '2011-10-03 16:03:31', 'sp2wq4sdo8wa72zc958pd0aexfr1dlg900000000000000000000000000000001', '0mhe0jdhpyds5gyxlcxeu9hxgjbxrjcv0000000MdAttributeLocalCharacter');
 INSERT INTO visibilitymodifier (set_id, item_id)  VALUES  ('0kn52gudws7ejmef3mpe7ln9gaj0jwdx', '20071109NM000000000000000000000520071109NM0000000000000000000001');
INSERT INTO metadata_display_label ( default_locale, id, site_master, key_name) VALUES ('Default Locale', '29brc8c0d4oosd40bs4qyraicmz8fi11NM200904120000000000000000000030', 'runwaysdk.com', '29brc8c0d4oosd40bs4qyraicmz8fi11NM200904120000000000000000000030');
 INSERT INTO visibilitymodifier (set_id, item_id)  VALUES  ('r9m5xzbpl387vbqfeolpdsijjg5tnkjq', '20071109NM000000000000000000000520071109NM0000000000000000000001');
 INSERT INTO md_attribute_indicies (set_id, item_id)  VALUES  ('xabske4i83zprj8kkilmy3gpjbauww2f', '0000000000000000000000000000040100000000000000000000000000000403');
INSERT INTO metadata_display_label ( default_locale, id, site_master, key_name) VALUES ('Default locale', 'qxygyzk5r1mruwjvhubvcyzv4oyeduvjNM200904120000000000000000000030', 'runwaysdk.com', 'qxygyzk5r1mruwjvhubvcyzv4oyeduvjNM200904120000000000000000000030');
INSERT INTO md_attribute_character ( default_value, database_size, id) VALUES (NULL, 4000, 'r5xgf1ccjw6hx36dkk0f3ixzvli7l5nh00000000000000000000000000000138');
INSERT INTO md_attribute_char ( id) VALUES ('r5xgf1ccjw6hx36dkk0f3ixzvli7l5nh00000000000000000000000000000138');
INSERT INTO md_attribute_primitive ( id) VALUES ('r5xgf1ccjw6hx36dkk0f3ixzvli7l5nh00000000000000000000000000000138');
INSERT INTO md_attribute_concrete ( column_name, defining_md_class, setter_visibility, setter_visibility_c, immutable, index_name, generate_accessor, system, required, display_label, getter_visibility, getter_visibility_c, index_type, index_type_c, attribute_name, id) VALUES ('default_locale', '7ghgjxwrdkz9m3kwz9bcw2d3ydxrmcf90000000000000000000MdLocalStruct', '0kn52gudws7ejmef3mpe7ln9gaj0jwdx', '20071109NM000000000000000000000520071109NM0000000000000000000001', 0, 'afmpqaq1d47malfg8l6vpe9zfdj5r1', 0, 0, 0, '29brc8c0d4oosd40bs4qyraicmz8fi11NM200904120000000000000000000030', 'r9m5xzbpl387vbqfeolpdsijjg5tnkjq', '20071109NM000000000000000000000520071109NM0000000000000000000001', 'xabske4i83zprj8kkilmy3gpjbauww2f', '0000000000000000000000000000040100000000000000000000000000000403', 'defaultLocale', 'r5xgf1ccjw6hx36dkk0f3ixzvli7l5nh00000000000000000000000000000138');
INSERT INTO md_attribute ( id) VALUES ('r5xgf1ccjw6hx36dkk0f3ixzvli7l5nh00000000000000000000000000000138');
INSERT INTO metadata ( description, created_by, owner, id, create_date, seq, type, remove, site_master, locked_by, entity_domain, last_updated_by, last_update_date, key_name) VALUES ('qxygyzk5r1mruwjvhubvcyzv4oyeduvjNM200904120000000000000000000030', '0000000000000000000000000000001000000000000000000000000000000003', '0000000000000000000000000000001000000000000000000000000000000003', 'r5xgf1ccjw6hx36dkk0f3ixzvli7l5nh00000000000000000000000000000138', '2011-10-03 16:03:31', 2952, 'com.runwaysdk.system.metadata.MdAttributeCharacter', 1, 'runwaysdk.com', NULL, NULL, '0000000000000000000000000000001000000000000000000000000000000003', '2011-10-03 16:03:31', 'com.runwaysdk.system.metadata.MdWebHeaderHeaderText.defaultLocale');
ALTER TABLE md_web_header_header_text ADD COLUMN default_locale  varchar(4000);
INSERT INTO class_attribute_concrete ( id, parent_id, child_id) VALUES ('0p0w1y6yxbx0jufkp8ilavn7d8tlueaj00000000000000000000000000000073', '7ghgjxwrdkz9m3kwz9bcw2d3ydxrmcf90000000000000000000MdLocalStruct', 'r5xgf1ccjw6hx36dkk0f3ixzvli7l5nh00000000000000000000000000000138');
INSERT INTO class_attribute ( id, parent_id, child_id) VALUES ('0p0w1y6yxbx0jufkp8ilavn7d8tlueaj00000000000000000000000000000073', '7ghgjxwrdkz9m3kwz9bcw2d3ydxrmcf90000000000000000000MdLocalStruct', 'r5xgf1ccjw6hx36dkk0f3ixzvli7l5nh00000000000000000000000000000138');
INSERT INTO metadata_relationship ( entity_domain, site_master, last_updated_by, id, owner, locked_by, create_date, type, created_by, seq, key_name, last_update_date, parent_id, child_id) VALUES (NULL, 'runwaysdk.com', '0000000000000000000000000000001000000000000000000000000000000003', '0p0w1y6yxbx0jufkp8ilavn7d8tlueaj00000000000000000000000000000073', '0000000000000000000000000000001000000000000000000000000000000003', NULL, '2011-10-03 16:03:31', 'com.runwaysdk.system.metadata.ClassAttributeConcrete', '0000000000000000000000000000001000000000000000000000000000000003', 2953, 'com.runwaysdk.system.metadata.MdWebHeaderHeaderText.defaultLocale', '2011-10-03 16:03:31', '7ghgjxwrdkz9m3kwz9bcw2d3ydxrmcf90000000000000000000MdLocalStruct', 'r5xgf1ccjw6hx36dkk0f3ixzvli7l5nh00000000000000000000000000000138');
 INSERT INTO class_cache (set_id, item_id)  VALUES  ('xxwxh3b79570mtzqcz7p0jo1t0hihg62', '0000000000000000000000000000023100000000000000000000000000000222');
INSERT INTO metadata_display_label ( default_locale, id, site_master, key_name) VALUES ('Break', 'xdv41qfcrm84vy4qtkimzz18brmdjkmeNM200904120000000000000000000030', 'runwaysdk.com', 'xdv41qfcrm84vy4qtkimzz18brmdjkmeNM200904120000000000000000000030');
INSERT INTO metadata_display_label ( default_locale, id, site_master, key_name) VALUES ('Metadata Web Break Field', 'qxw8i2ad0t1fzk2241dh9fpovvdgmgl3NM200904120000000000000000000030', 'runwaysdk.com', 'qxw8i2ad0t1fzk2241dh9fpovvdgmgl3NM200904120000000000000000000030');
INSERT INTO md_business ( cache_algorithm, cache_algorithm_c, super_md_business, id) VALUES ('xxwxh3b79570mtzqcz7p0jo1t0hihg62', '0000000000000000000000000000023100000000000000000000000000000222', 'zgkseu7as85l9zfwaawq8k3wid4vd17v00000000000000000000000000000001', 'r6ftalmqoe6npx60aegcypzbvqazi8jr00000000000000000000000000000001');
INSERT INTO md_element ( extendable, is_abstract, id) VALUES (1, 0, 'r6ftalmqoe6npx60aegcypzbvqazi8jr00000000000000000000000000000001');
INSERT INTO md_entity ( query_dto_source, query_source, cache_size, enforce_site_master, table_name, id) VALUES (NULL, NULL, 0, 1, 'md_web_break', 'r6ftalmqoe6npx60aegcypzbvqazi8jr00000000000000000000000000000001');
INSERT INTO md_class ( publish, stub_dto_source, stub_source, id) VALUES (1, NULL, NULL, 'r6ftalmqoe6npx60aegcypzbvqazi8jr00000000000000000000000000000001');
INSERT INTO md_type ( display_label, root_id, package_name, type_name, base_source, js_base, js_stub, exported, dto_source, id) VALUES ('xdv41qfcrm84vy4qtkimzz18brmdjkmeNM200904120000000000000000000030', 'r6ftalmqoe6npx60aegcypzbvqazi8jr', 'com.runwaysdk.system.metadata', 'MdWebBreak', NULL, NULL, NULL, 1, NULL, 'r6ftalmqoe6npx60aegcypzbvqazi8jr00000000000000000000000000000001');
INSERT INTO metadata ( description, created_by, owner, id, create_date, seq, type, remove, site_master, locked_by, entity_domain, last_updated_by, last_update_date, key_name) VALUES ('qxw8i2ad0t1fzk2241dh9fpovvdgmgl3NM200904120000000000000000000030', '0000000000000000000000000000001000000000000000000000000000000003', '0000000000000000000000000000001000000000000000000000000000000003', 'r6ftalmqoe6npx60aegcypzbvqazi8jr00000000000000000000000000000001', '2011-10-03 16:03:31', 2954, 'com.runwaysdk.system.metadata.MdBusiness', 1, 'runwaysdk.com', NULL, NULL, '0000000000000000000000000000001000000000000000000000000000000003', '2011-10-03 16:03:31', 'com.runwaysdk.system.metadata.MdWebBreak');
CREATE TABLE md_web_break ( id CHAR(64) NOT NULL PRIMARY KEY );
INSERT INTO business_inheritance ( id, parent_id, child_id) VALUES ('y0bc2guclvwwjqb3tewj13we49h48d9120070926NM0000000000000000000004', 'zgkseu7as85l9zfwaawq8k3wid4vd17v00000000000000000000000000000001', 'r6ftalmqoe6npx60aegcypzbvqazi8jr00000000000000000000000000000001');
INSERT INTO class_inheritance ( id, parent_id, child_id) VALUES ('y0bc2guclvwwjqb3tewj13we49h48d9120070926NM0000000000000000000004', 'zgkseu7as85l9zfwaawq8k3wid4vd17v00000000000000000000000000000001', 'r6ftalmqoe6npx60aegcypzbvqazi8jr00000000000000000000000000000001');
INSERT INTO metadata_relationship ( entity_domain, site_master, last_updated_by, id, owner, locked_by, create_date, type, created_by, seq, key_name, last_update_date, parent_id, child_id) VALUES (NULL, 'runwaysdk.com', '0000000000000000000000000000001000000000000000000000000000000003', 'y0bc2guclvwwjqb3tewj13we49h48d9120070926NM0000000000000000000004', '0000000000000000000000000000001000000000000000000000000000000003', NULL, '2011-10-03 16:03:31', 'com.runwaysdk.system.metadata.BusinessInheritance', '0000000000000000000000000000001000000000000000000000000000000003', 2955, 'y0bc2guclvwwjqb3tewj13we49h48d9120070926NM0000000000000000000004', '2011-10-03 16:03:31', 'zgkseu7as85l9zfwaawq8k3wid4vd17v00000000000000000000000000000001', 'r6ftalmqoe6npx60aegcypzbvqazi8jr00000000000000000000000000000001');
 INSERT INTO class_cache (set_id, item_id)  VALUES  ('r0cq2teprpy6sag2d2znho2uigulb2hm', '0000000000000000000000000000023100000000000000000000000000000222');
INSERT INTO metadata_display_label ( default_locale, id, site_master, key_name) VALUES ('Comment', 'xipe9gj2rn04q2m2x85xmo1yj5n2rj0fNM200904120000000000000000000030', 'runwaysdk.com', 'xipe9gj2rn04q2m2x85xmo1yj5n2rj0fNM200904120000000000000000000030');
INSERT INTO metadata_display_label ( default_locale, id, site_master, key_name) VALUES ('Metadata Web Comment Field', 'xokal7z2m70chogiwjckk2v66623fyhjNM200904120000000000000000000030', 'runwaysdk.com', 'xokal7z2m70chogiwjckk2v66623fyhjNM200904120000000000000000000030');
INSERT INTO md_business ( cache_algorithm, cache_algorithm_c, super_md_business, id) VALUES ('r0cq2teprpy6sag2d2znho2uigulb2hm', '0000000000000000000000000000023100000000000000000000000000000222', 'zgkseu7as85l9zfwaawq8k3wid4vd17v00000000000000000000000000000001', 'xml77x183o19a69gonigdfahfnflihum00000000000000000000000000000001');
INSERT INTO md_element ( extendable, is_abstract, id) VALUES (1, 0, 'xml77x183o19a69gonigdfahfnflihum00000000000000000000000000000001');
INSERT INTO md_entity ( query_dto_source, query_source, cache_size, enforce_site_master, table_name, id) VALUES (NULL, NULL, 0, 1, 'md_web_comment', 'xml77x183o19a69gonigdfahfnflihum00000000000000000000000000000001');
INSERT INTO md_class ( publish, stub_dto_source, stub_source, id) VALUES (1, NULL, NULL, 'xml77x183o19a69gonigdfahfnflihum00000000000000000000000000000001');
INSERT INTO md_type ( display_label, root_id, package_name, type_name, base_source, js_base, js_stub, exported, dto_source, id) VALUES ('xipe9gj2rn04q2m2x85xmo1yj5n2rj0fNM200904120000000000000000000030', 'xml77x183o19a69gonigdfahfnflihum', 'com.runwaysdk.system.metadata', 'MdWebComment', NULL, NULL, NULL, 1, NULL, 'xml77x183o19a69gonigdfahfnflihum00000000000000000000000000000001');
INSERT INTO metadata ( description, created_by, owner, id, create_date, seq, type, remove, site_master, locked_by, entity_domain, last_updated_by, last_update_date, key_name) VALUES ('xokal7z2m70chogiwjckk2v66623fyhjNM200904120000000000000000000030', '0000000000000000000000000000001000000000000000000000000000000003', '0000000000000000000000000000001000000000000000000000000000000003', 'xml77x183o19a69gonigdfahfnflihum00000000000000000000000000000001', '2011-10-03 16:03:31', 2956, 'com.runwaysdk.system.metadata.MdBusiness', 1, 'runwaysdk.com', NULL, NULL, '0000000000000000000000000000001000000000000000000000000000000003', '2011-10-03 16:03:31', 'com.runwaysdk.system.metadata.MdWebComment');
CREATE TABLE md_web_comment ( id CHAR(64) NOT NULL PRIMARY KEY );
INSERT INTO business_inheritance ( id, parent_id, child_id) VALUES ('zmeyxsge8hil2zlu0ch3pt0ttvm4v5i820070926NM0000000000000000000004', 'zgkseu7as85l9zfwaawq8k3wid4vd17v00000000000000000000000000000001', 'xml77x183o19a69gonigdfahfnflihum00000000000000000000000000000001');
INSERT INTO class_inheritance ( id, parent_id, child_id) VALUES ('zmeyxsge8hil2zlu0ch3pt0ttvm4v5i820070926NM0000000000000000000004', 'zgkseu7as85l9zfwaawq8k3wid4vd17v00000000000000000000000000000001', 'xml77x183o19a69gonigdfahfnflihum00000000000000000000000000000001');
INSERT INTO metadata_relationship ( entity_domain, site_master, last_updated_by, id, owner, locked_by, create_date, type, created_by, seq, key_name, last_update_date, parent_id, child_id) VALUES (NULL, 'runwaysdk.com', '0000000000000000000000000000001000000000000000000000000000000003', 'zmeyxsge8hil2zlu0ch3pt0ttvm4v5i820070926NM0000000000000000000004', '0000000000000000000000000000001000000000000000000000000000000003', NULL, '2011-10-03 16:03:31', 'com.runwaysdk.system.metadata.BusinessInheritance', '0000000000000000000000000000001000000000000000000000000000000003', 2957, 'zmeyxsge8hil2zlu0ch3pt0ttvm4v5i820070926NM0000000000000000000004', '2011-10-03 16:03:31', 'zgkseu7as85l9zfwaawq8k3wid4vd17v00000000000000000000000000000001', 'xml77x183o19a69gonigdfahfnflihum00000000000000000000000000000001');
 INSERT INTO struct_cache (set_id, item_id)  VALUES  ('6tzj02r0haw5bgk1cgv43jgiokf6xnyq', '0000000000000000000000000000023100000000000000000000000000000222');
INSERT INTO metadata_display_label ( default_locale, id, site_master, key_name) VALUES ('Comment Text', 'ray5v9oj0806hyay3iqvbxsrosmxc605NM200904120000000000000000000030', 'runwaysdk.com', 'ray5v9oj0806hyay3iqvbxsrosmxc605NM200904120000000000000000000030');
INSERT INTO metadata_display_label ( default_locale, id, site_master, key_name) VALUES ('The text data for the comment.', 'xpws2c501k97hje3zuf95oyagerjkseeNM200904120000000000000000000030', 'runwaysdk.com', 'xpws2c501k97hje3zuf95oyagerjkseeNM200904120000000000000000000030');
INSERT INTO md_local_struct ( id) VALUES ('xt0vdqqydrwlpyfum9s1a92ty1xkwz560000000000000000000MdLocalStruct');
INSERT INTO md_struct ( cache_algorithm, cache_algorithm_c, id) VALUES ('6tzj02r0haw5bgk1cgv43jgiokf6xnyq', '0000000000000000000000000000023100000000000000000000000000000222', 'xt0vdqqydrwlpyfum9s1a92ty1xkwz560000000000000000000MdLocalStruct');
INSERT INTO md_entity ( query_dto_source, query_source, cache_size, enforce_site_master, table_name, id) VALUES (NULL, NULL, 0, 1, 'md_web_comment_comment_text', 'xt0vdqqydrwlpyfum9s1a92ty1xkwz560000000000000000000MdLocalStruct');
INSERT INTO md_class ( publish, stub_dto_source, stub_source, id) VALUES (1, NULL, NULL, 'xt0vdqqydrwlpyfum9s1a92ty1xkwz560000000000000000000MdLocalStruct');
INSERT INTO md_type ( display_label, root_id, package_name, type_name, base_source, js_base, js_stub, exported, dto_source, id) VALUES ('ray5v9oj0806hyay3iqvbxsrosmxc605NM200904120000000000000000000030', 'xt0vdqqydrwlpyfum9s1a92ty1xkwz56', 'com.runwaysdk.system.metadata', 'MdWebCommentCommentText', NULL, NULL, NULL, 1, NULL, 'xt0vdqqydrwlpyfum9s1a92ty1xkwz560000000000000000000MdLocalStruct');
INSERT INTO metadata ( description, created_by, owner, id, create_date, seq, type, remove, site_master, locked_by, entity_domain, last_updated_by, last_update_date, key_name) VALUES ('xpws2c501k97hje3zuf95oyagerjkseeNM200904120000000000000000000030', '0000000000000000000000000000001000000000000000000000000000000003', '0000000000000000000000000000001000000000000000000000000000000003', 'xt0vdqqydrwlpyfum9s1a92ty1xkwz560000000000000000000MdLocalStruct', '2011-10-03 16:03:31', 2958, 'com.runwaysdk.system.metadata.MdLocalStruct', 1, 'runwaysdk.com', NULL, NULL, '0000000000000000000000000000001000000000000000000000000000000003', '2011-10-03 16:03:31', 'com.runwaysdk.system.metadata.MdWebCommentCommentText');
CREATE TABLE md_web_comment_comment_text ( id CHAR(64) NOT NULL PRIMARY KEY );
 INSERT INTO visibilitymodifier (set_id, item_id)  VALUES  ('8dh3451r7afisr9wu5pgynhbbavg5ugg', '20071109NM000000000000000000000520071109NM0000000000000000000001');
INSERT INTO metadata_display_label ( default_locale, id, site_master, key_name) VALUES ('ID', 'susnr16k5jctgw9q21jhf2lvawkw23gwNM200904120000000000000000000030', 'runwaysdk.com', 'susnr16k5jctgw9q21jhf2lvawkw23gwNM200904120000000000000000000030');
 INSERT INTO visibilitymodifier (set_id, item_id)  VALUES  ('qsqyiw0l4lkysaeojig5elxeql2rlc30', '20071109NM000000000000000000000520071109NM0000000000000000000001');
 INSERT INTO md_attribute_indicies (set_id, item_id)  VALUES  ('795rkga7orb2a6jo3ayitr84zvpl47tm', '0000000000000000000000000000040900000000000000000000000000000403');
INSERT INTO metadata_display_label ( default_locale, id, site_master, key_name) VALUES ('ID of this object', '71md43eyjxtfjlu5loaya47737ambc2eNM200904120000000000000000000030', 'runwaysdk.com', '71md43eyjxtfjlu5loaya47737ambc2eNM200904120000000000000000000030');
INSERT INTO md_attribute_character ( default_value, database_size, id) VALUES (NULL, 64, '0dtfqb82x5irqygxkxmbkb7ucu8okcry00000000000000000000000000000138');
INSERT INTO md_attribute_char ( id) VALUES ('0dtfqb82x5irqygxkxmbkb7ucu8okcry00000000000000000000000000000138');
INSERT INTO md_attribute_primitive ( id) VALUES ('0dtfqb82x5irqygxkxmbkb7ucu8okcry00000000000000000000000000000138');
INSERT INTO md_attribute_concrete ( column_name, defining_md_class, setter_visibility, setter_visibility_c, immutable, index_name, generate_accessor, system, required, display_label, getter_visibility, getter_visibility_c, index_type, index_type_c, attribute_name, id) VALUES ('id', 'xt0vdqqydrwlpyfum9s1a92ty1xkwz560000000000000000000MdLocalStruct', '8dh3451r7afisr9wu5pgynhbbavg5ugg', '20071109NM000000000000000000000520071109NM0000000000000000000001', 0, 'a5h6cmww5na22700s3bjpox5cmucb8', 1, 1, 1, 'susnr16k5jctgw9q21jhf2lvawkw23gwNM200904120000000000000000000030', 'qsqyiw0l4lkysaeojig5elxeql2rlc30', '20071109NM000000000000000000000520071109NM0000000000000000000001', '795rkga7orb2a6jo3ayitr84zvpl47tm', '0000000000000000000000000000040900000000000000000000000000000403', 'id', '0dtfqb82x5irqygxkxmbkb7ucu8okcry00000000000000000000000000000138');
INSERT INTO md_attribute ( id) VALUES ('0dtfqb82x5irqygxkxmbkb7ucu8okcry00000000000000000000000000000138');
INSERT INTO metadata ( description, created_by, owner, id, create_date, seq, type, remove, site_master, locked_by, entity_domain, last_updated_by, last_update_date, key_name) VALUES ('71md43eyjxtfjlu5loaya47737ambc2eNM200904120000000000000000000030', '0000000000000000000000000000001000000000000000000000000000000003', '0000000000000000000000000000001000000000000000000000000000000003', '0dtfqb82x5irqygxkxmbkb7ucu8okcry00000000000000000000000000000138', '2011-10-03 16:03:31', 2959, 'com.runwaysdk.system.metadata.MdAttributeCharacter', 0, 'runwaysdk.com', NULL, NULL, '0000000000000000000000000000001000000000000000000000000000000003', '2011-10-03 16:03:31', 'com.runwaysdk.system.metadata.MdWebCommentCommentText.id');
INSERT INTO class_attribute_concrete ( id, parent_id, child_id) VALUES ('72n348lrqhe9be07788b2aug65dc85ew00000000000000000000000000000073', 'xt0vdqqydrwlpyfum9s1a92ty1xkwz560000000000000000000MdLocalStruct', '0dtfqb82x5irqygxkxmbkb7ucu8okcry00000000000000000000000000000138');
INSERT INTO class_attribute ( id, parent_id, child_id) VALUES ('72n348lrqhe9be07788b2aug65dc85ew00000000000000000000000000000073', 'xt0vdqqydrwlpyfum9s1a92ty1xkwz560000000000000000000MdLocalStruct', '0dtfqb82x5irqygxkxmbkb7ucu8okcry00000000000000000000000000000138');
INSERT INTO metadata_relationship ( entity_domain, site_master, last_updated_by, id, owner, locked_by, create_date, type, created_by, seq, key_name, last_update_date, parent_id, child_id) VALUES (NULL, 'runwaysdk.com', '0000000000000000000000000000001000000000000000000000000000000003', '72n348lrqhe9be07788b2aug65dc85ew00000000000000000000000000000073', '0000000000000000000000000000001000000000000000000000000000000003', NULL, '2011-10-03 16:03:31', 'com.runwaysdk.system.metadata.ClassAttributeConcrete', '0000000000000000000000000000001000000000000000000000000000000003', 2960, 'com.runwaysdk.system.metadata.MdWebCommentCommentText.id', '2011-10-03 16:03:31', 'xt0vdqqydrwlpyfum9s1a92ty1xkwz560000000000000000000MdLocalStruct', '0dtfqb82x5irqygxkxmbkb7ucu8okcry00000000000000000000000000000138');
 INSERT INTO visibilitymodifier (set_id, item_id)  VALUES  ('qwyurlb4a2rpwbv1zyfan8ijctqijlhe', '20071109NM000000000000000000000520071109NM0000000000000000000001');
INSERT INTO metadata_display_label ( default_locale, id, site_master, key_name) VALUES ('Site Master', '03qtp06zh0703rrrxpeg0qkfr1u7l0f4NM200904120000000000000000000030', 'runwaysdk.com', '03qtp06zh0703rrrxpeg0qkfr1u7l0f4NM200904120000000000000000000030');
 INSERT INTO visibilitymodifier (set_id, item_id)  VALUES  ('1qq6g4fb2fkzhyi7vhpc7nyrxikeyn1t', '20071109NM000000000000000000000520071109NM0000000000000000000001');
 INSERT INTO md_attribute_indicies (set_id, item_id)  VALUES  ('xhxyyjmkersbo7jco2oawu17lka0dnfs', '0000000000000000000000000000040100000000000000000000000000000403');
INSERT INTO metadata_display_label ( default_locale, id, site_master, key_name) VALUES ('The name of the site responsible for this object', '06z2fx2vaikscgo6sexxn5zvxwulusl8NM200904120000000000000000000030', 'runwaysdk.com', '06z2fx2vaikscgo6sexxn5zvxwulusl8NM200904120000000000000000000030');
INSERT INTO md_attribute_character ( default_value, database_size, id) VALUES (NULL, 255, '1sl3daffqmzufuau9xlnqispyqg13vtb00000000000000000000000000000138');
INSERT INTO md_attribute_char ( id) VALUES ('1sl3daffqmzufuau9xlnqispyqg13vtb00000000000000000000000000000138');
INSERT INTO md_attribute_primitive ( id) VALUES ('1sl3daffqmzufuau9xlnqispyqg13vtb00000000000000000000000000000138');
INSERT INTO md_attribute_concrete ( column_name, defining_md_class, setter_visibility, setter_visibility_c, immutable, index_name, generate_accessor, system, required, display_label, getter_visibility, getter_visibility_c, index_type, index_type_c, attribute_name, id) VALUES ('site_master', 'xt0vdqqydrwlpyfum9s1a92ty1xkwz560000000000000000000MdLocalStruct', 'qwyurlb4a2rpwbv1zyfan8ijctqijlhe', '20071109NM000000000000000000000520071109NM0000000000000000000001', 1, 'ac83aj5iqqjm45600x1iqrd9re0rbi', 1, 1, 1, '03qtp06zh0703rrrxpeg0qkfr1u7l0f4NM200904120000000000000000000030', '1qq6g4fb2fkzhyi7vhpc7nyrxikeyn1t', '20071109NM000000000000000000000520071109NM0000000000000000000001', 'xhxyyjmkersbo7jco2oawu17lka0dnfs', '0000000000000000000000000000040100000000000000000000000000000403', 'siteMaster', '1sl3daffqmzufuau9xlnqispyqg13vtb00000000000000000000000000000138');
INSERT INTO md_attribute ( id) VALUES ('1sl3daffqmzufuau9xlnqispyqg13vtb00000000000000000000000000000138');
INSERT INTO metadata ( description, created_by, owner, id, create_date, seq, type, remove, site_master, locked_by, entity_domain, last_updated_by, last_update_date, key_name) VALUES ('06z2fx2vaikscgo6sexxn5zvxwulusl8NM200904120000000000000000000030', '0000000000000000000000000000001000000000000000000000000000000003', '0000000000000000000000000000001000000000000000000000000000000003', '1sl3daffqmzufuau9xlnqispyqg13vtb00000000000000000000000000000138', '2011-10-03 16:03:31', 2961, 'com.runwaysdk.system.metadata.MdAttributeCharacter', 0, 'runwaysdk.com', NULL, NULL, '0000000000000000000000000000001000000000000000000000000000000003', '2011-10-03 16:03:31', 'com.runwaysdk.system.metadata.MdWebCommentCommentText.siteMaster');
ALTER TABLE md_web_comment_comment_text ADD COLUMN site_master  varchar(255);
INSERT INTO class_attribute_concrete ( id, parent_id, child_id) VALUES ('7e6y2yrrucwavej6kir9k46utqe5zb9v00000000000000000000000000000073', 'xt0vdqqydrwlpyfum9s1a92ty1xkwz560000000000000000000MdLocalStruct', '1sl3daffqmzufuau9xlnqispyqg13vtb00000000000000000000000000000138');
INSERT INTO class_attribute ( id, parent_id, child_id) VALUES ('7e6y2yrrucwavej6kir9k46utqe5zb9v00000000000000000000000000000073', 'xt0vdqqydrwlpyfum9s1a92ty1xkwz560000000000000000000MdLocalStruct', '1sl3daffqmzufuau9xlnqispyqg13vtb00000000000000000000000000000138');
INSERT INTO metadata_relationship ( entity_domain, site_master, last_updated_by, id, owner, locked_by, create_date, type, created_by, seq, key_name, last_update_date, parent_id, child_id) VALUES (NULL, 'runwaysdk.com', '0000000000000000000000000000001000000000000000000000000000000003', '7e6y2yrrucwavej6kir9k46utqe5zb9v00000000000000000000000000000073', '0000000000000000000000000000001000000000000000000000000000000003', NULL, '2011-10-03 16:03:31', 'com.runwaysdk.system.metadata.ClassAttributeConcrete', '0000000000000000000000000000001000000000000000000000000000000003', 2962, 'com.runwaysdk.system.metadata.MdWebCommentCommentText.siteMaster', '2011-10-03 16:03:31', 'xt0vdqqydrwlpyfum9s1a92ty1xkwz560000000000000000000MdLocalStruct', '1sl3daffqmzufuau9xlnqispyqg13vtb00000000000000000000000000000138');
 INSERT INTO visibilitymodifier (set_id, item_id)  VALUES  ('xjmfqqpftwaz4uls53zxlqge6pbtlp6g', '20071109NM000000000000000000000520071109NM0000000000000000000001');
INSERT INTO metadata_display_label ( default_locale, id, site_master, key_name) VALUES ('Key Name', 'z4dh05qz72bnbciv0zwa175idj1bdlv5NM200904120000000000000000000030', 'runwaysdk.com', 'z4dh05qz72bnbciv0zwa175idj1bdlv5NM200904120000000000000000000030');
 INSERT INTO visibilitymodifier (set_id, item_id)  VALUES  ('71epzz1dr1wqbdjme9qf5yheda2mfh4q', '20071109NM000000000000000000000520071109NM0000000000000000000001');
 INSERT INTO md_attribute_indicies (set_id, item_id)  VALUES  ('7dp7y5ip4f87kn412yypb84df5d85kgi', '0000000000000000000000000000040900000000000000000000000000000403');
INSERT INTO metadata_display_label ( default_locale, id, site_master, key_name) VALUES ('Key which uniquely identifies each instance of this type heirarchy.', '70lfohfm6gjht92p8lc0qd91xw7vxoacNM200904120000000000000000000030', 'runwaysdk.com', '70lfohfm6gjht92p8lc0qd91xw7vxoacNM200904120000000000000000000030');
INSERT INTO md_attribute_character ( default_value, database_size, id) VALUES (NULL, 255, '1u13ih33mclp3npeq420fikkup9ir1zw00000000000000000000000000000138');
INSERT INTO md_attribute_char ( id) VALUES ('1u13ih33mclp3npeq420fikkup9ir1zw00000000000000000000000000000138');
INSERT INTO md_attribute_primitive ( id) VALUES ('1u13ih33mclp3npeq420fikkup9ir1zw00000000000000000000000000000138');
INSERT INTO md_attribute_concrete ( column_name, defining_md_class, setter_visibility, setter_visibility_c, immutable, index_name, generate_accessor, system, required, display_label, getter_visibility, getter_visibility_c, index_type, index_type_c, attribute_name, id) VALUES ('key_name', 'xt0vdqqydrwlpyfum9s1a92ty1xkwz560000000000000000000MdLocalStruct', 'xjmfqqpftwaz4uls53zxlqge6pbtlp6g', '20071109NM000000000000000000000520071109NM0000000000000000000001', 0, 'a02ds4da4h0dg6vunt3d2tz4odelrg', 1, 0, 1, 'z4dh05qz72bnbciv0zwa175idj1bdlv5NM200904120000000000000000000030', '71epzz1dr1wqbdjme9qf5yheda2mfh4q', '20071109NM000000000000000000000520071109NM0000000000000000000001', '7dp7y5ip4f87kn412yypb84df5d85kgi', '0000000000000000000000000000040900000000000000000000000000000403', 'keyName', '1u13ih33mclp3npeq420fikkup9ir1zw00000000000000000000000000000138');
INSERT INTO md_attribute ( id) VALUES ('1u13ih33mclp3npeq420fikkup9ir1zw00000000000000000000000000000138');
INSERT INTO metadata ( description, created_by, owner, id, create_date, seq, type, remove, site_master, locked_by, entity_domain, last_updated_by, last_update_date, key_name) VALUES ('70lfohfm6gjht92p8lc0qd91xw7vxoacNM200904120000000000000000000030', '0000000000000000000000000000001000000000000000000000000000000003', '0000000000000000000000000000001000000000000000000000000000000003', '1u13ih33mclp3npeq420fikkup9ir1zw00000000000000000000000000000138', '2011-10-03 16:03:31', 2963, 'com.runwaysdk.system.metadata.MdAttributeCharacter', 1, 'runwaysdk.com', NULL, NULL, '0000000000000000000000000000001000000000000000000000000000000003', '2011-10-03 16:03:31', 'com.runwaysdk.system.metadata.MdWebCommentCommentText.keyName');
ALTER TABLE md_web_comment_comment_text ADD COLUMN key_name  varchar(255);
INSERT INTO class_attribute_concrete ( id, parent_id, child_id) VALUES ('sshpfri4hzexypd3jrrcbabql5osjr0400000000000000000000000000000073', 'xt0vdqqydrwlpyfum9s1a92ty1xkwz560000000000000000000MdLocalStruct', '1u13ih33mclp3npeq420fikkup9ir1zw00000000000000000000000000000138');
INSERT INTO class_attribute ( id, parent_id, child_id) VALUES ('sshpfri4hzexypd3jrrcbabql5osjr0400000000000000000000000000000073', 'xt0vdqqydrwlpyfum9s1a92ty1xkwz560000000000000000000MdLocalStruct', '1u13ih33mclp3npeq420fikkup9ir1zw00000000000000000000000000000138');
INSERT INTO metadata_relationship ( entity_domain, site_master, last_updated_by, id, owner, locked_by, create_date, type, created_by, seq, key_name, last_update_date, parent_id, child_id) VALUES (NULL, 'runwaysdk.com', '0000000000000000000000000000001000000000000000000000000000000003', 'sshpfri4hzexypd3jrrcbabql5osjr0400000000000000000000000000000073', '0000000000000000000000000000001000000000000000000000000000000003', NULL, '2011-10-03 16:03:31', 'com.runwaysdk.system.metadata.ClassAttributeConcrete', '0000000000000000000000000000001000000000000000000000000000000003', 2964, 'com.runwaysdk.system.metadata.MdWebCommentCommentText.keyName', '2011-10-03 16:03:31', 'xt0vdqqydrwlpyfum9s1a92ty1xkwz560000000000000000000MdLocalStruct', '1u13ih33mclp3npeq420fikkup9ir1zw00000000000000000000000000000138');
CREATE UNIQUE INDEX a02ds4da4h0dg6vunt3d2tz4odelrg ON md_web_comment_comment_text (key_name);
INSERT INTO metadata_display_label ( default_locale, id, site_master, key_name) VALUES (NULL, '2a05lds625k4z118en05d0ew2roi8q0sNM200904120000000000000000000030', 'runwaysdk.com', '2a05lds625k4z118en05d0ew2roi8q0sNM200904120000000000000000000030');
INSERT INTO metadata_display_label ( default_locale, id, site_master, key_name) VALUES (NULL, 't0v68to30bxb1bzbhv5hvfxvse6mbqhcNM200904120000000000000000000030', 'runwaysdk.com', 't0v68to30bxb1bzbhv5hvfxvse6mbqhcNM200904120000000000000000000030');
INSERT INTO md_controller ( stub_source, id) VALUES (NULL, '1q5s2g412icax1vd6nehlxscqz0nrla0NM200810110000000000000000000112');
INSERT INTO md_type ( display_label, root_id, package_name, type_name, base_source, js_base, js_stub, exported, dto_source, id) VALUES ('2a05lds625k4z118en05d0ew2roi8q0sNM200904120000000000000000000030', '1q5s2g412icax1vd6nehlxscqz0nrla0', 'com.runwaysdk.system.metadata', 'MdWebCommentCommentTextController', NULL, NULL, NULL, 1, NULL, '1q5s2g412icax1vd6nehlxscqz0nrla0NM200810110000000000000000000112');
INSERT INTO metadata ( description, created_by, owner, id, create_date, seq, type, remove, site_master, locked_by, entity_domain, last_updated_by, last_update_date, key_name) VALUES ('t0v68to30bxb1bzbhv5hvfxvse6mbqhcNM200904120000000000000000000030', '0000000000000000000000000000001000000000000000000000000000000003', '0000000000000000000000000000001000000000000000000000000000000003', '1q5s2g412icax1vd6nehlxscqz0nrla0NM200810110000000000000000000112', '2011-10-03 16:03:31', 2965, 'com.runwaysdk.system.metadata.MdController', 1, 'runwaysdk.com', NULL, NULL, '0000000000000000000000000000001000000000000000000000000000000003', '2011-10-03 16:03:31', 'com.runwaysdk.system.metadata.MdWebCommentCommentTextController');
INSERT INTO metadata_display_label ( default_locale, id, site_master, key_name) VALUES ('View Page', '0qwli15i6qcgi2h60tl2lhx7x7ap3v2lNM200904120000000000000000000030', 'runwaysdk.com', '0qwli15i6qcgi2h60tl2lhx7x7ap3v2lNM200904120000000000000000000030');
INSERT INTO metadata_display_label ( default_locale, id, site_master, key_name) VALUES ('Loads a ViewAll query for a specific page into the request object', '09q533fgnih741mparkhoo9hfuyzm0pfNM200904120000000000000000000030', 'runwaysdk.com', '09q533fgnih741mparkhoo9hfuyzm0pfNM200904120000000000000000000030');
INSERT INTO md_action ( is_query, enclosing_md_controller, is_post, action_name, display_label, id) VALUES (1, '1q5s2g412icax1vd6nehlxscqz0nrla0NM200810110000000000000000000112', 0, 'viewPage', '0qwli15i6qcgi2h60tl2lhx7x7ap3v2lNM200904120000000000000000000030', 'sluy1b0e68zteoakwrbdcgxb4y10r1eqNM200810110000000000000000000113');
INSERT INTO metadata ( description, created_by, owner, id, create_date, seq, type, remove, site_master, locked_by, entity_domain, last_updated_by, last_update_date, key_name) VALUES ('09q533fgnih741mparkhoo9hfuyzm0pfNM200904120000000000000000000030', '0000000000000000000000000000001000000000000000000000000000000003', '0000000000000000000000000000001000000000000000000000000000000003', 'sluy1b0e68zteoakwrbdcgxb4y10r1eqNM200810110000000000000000000113', '2011-10-03 16:03:31', 2966, 'com.runwaysdk.system.metadata.MdAction', 1, 'runwaysdk.com', NULL, NULL, '0000000000000000000000000000001000000000000000000000000000000003', '2011-10-03 16:03:31', 'com.runwaysdk.system.metadata.MdWebCommentCommentTextController.viewPage');
INSERT INTO controller_action ( key_name, locked_by, id, owner, entity_domain, created_by, type, last_update_date, create_date, seq, last_updated_by, site_master, parent_id, child_id) VALUES ('com.runwaysdk.system.metadata.MdWebCommentCommentTextController.viewPage', NULL, 'xeavxfrm4aqvlm0a6s0n5ohmg0fdv9rtJS200807230000000000000000111111', '0000000000000000000000000000001000000000000000000000000000000003', NULL, '0000000000000000000000000000001000000000000000000000000000000003', 'com.runwaysdk.system.ControllerAction', '2011-10-03 16:03:31', '2011-10-03 16:03:31', 2967, '0000000000000000000000000000001000000000000000000000000000000003', 'runwaysdk.com', '1q5s2g412icax1vd6nehlxscqz0nrla0NM200810110000000000000000000112', 'sluy1b0e68zteoakwrbdcgxb4y10r1eqNM200810110000000000000000000113');
INSERT INTO metadata_display_label ( default_locale, id, site_master, key_name) VALUES ('Sort Attribute', 'zgzxs8z9sbn8jbhpm79r46s3h9a7rp45NM200904120000000000000000000030', 'runwaysdk.com', 'zgzxs8z9sbn8jbhpm79r46s3h9a7rp45NM200904120000000000000000000030');
INSERT INTO metadata_display_label ( default_locale, id, site_master, key_name) VALUES (NULL, 'qmqbr1q1kl5vlepkzesedu4wv5dyjrv6NM200904120000000000000000000030', 'runwaysdk.com', 'qmqbr1q1kl5vlepkzesedu4wv5dyjrv6NM200904120000000000000000000030');
INSERT INTO md_parameter ( metadata, parameter_order, parameter_name, parameter_type, display_label, id) VALUES ('sluy1b0e68zteoakwrbdcgxb4y10r1eqNM200810110000000000000000000113', -4, 'sortAttribute', 'java.lang.String', 'zgzxs8z9sbn8jbhpm79r46s3h9a7rp45NM200904120000000000000000000030', '8bwzmzthckdf1ede7q3zygeymo1kin4020070427JS0000000000000000001517');
INSERT INTO metadata ( description, created_by, owner, id, create_date, seq, type, remove, site_master, locked_by, entity_domain, last_updated_by, last_update_date, key_name) VALUES ('qmqbr1q1kl5vlepkzesedu4wv5dyjrv6NM200904120000000000000000000030', '0000000000000000000000000000001000000000000000000000000000000003', '0000000000000000000000000000001000000000000000000000000000000003', '8bwzmzthckdf1ede7q3zygeymo1kin4020070427JS0000000000000000001517', '2011-10-03 16:03:31', 2968, 'com.runwaysdk.system.metadata.MdParameter', 1, 'runwaysdk.com', NULL, NULL, '0000000000000000000000000000001000000000000000000000000000000003', '2011-10-03 16:03:31', 'com.runwaysdk.system.metadata.MdWebCommentCommentTextController.viewPage.sortAttribute');
INSERT INTO metadata_parameter ( site_master, last_updated_by, create_date, seq, locked_by, entity_domain, created_by, type, last_update_date, key_name, owner, id, parent_id, child_id) VALUES ('runwaysdk.com', '0000000000000000000000000000001000000000000000000000000000000003', '2011-10-03 16:03:31', 2969, NULL, NULL, '0000000000000000000000000000001000000000000000000000000000000003', 'com.runwaysdk.system.MetadataParameter', '2011-10-03 16:03:31', 'com.runwaysdk.system.metadata.MdWebCommentCommentTextController.viewPage.sortAttribute', '0000000000000000000000000000001000000000000000000000000000000003', 'siaosmz4seq22i03qovyte0x372ue88c20070427JS0000000000000000001524', 'sluy1b0e68zteoakwrbdcgxb4y10r1eqNM200810110000000000000000000113', '8bwzmzthckdf1ede7q3zygeymo1kin4020070427JS0000000000000000001517');
INSERT INTO metadata_display_label ( default_locale, id, site_master, key_name) VALUES ('Is Ascending', 'qw0jsijhh3sl0p4up8qsfn2mhhdqyz1xNM200904120000000000000000000030', 'runwaysdk.com', 'qw0jsijhh3sl0p4up8qsfn2mhhdqyz1xNM200904120000000000000000000030');
INSERT INTO metadata_display_label ( default_locale, id, site_master, key_name) VALUES (NULL, 'r516uhrmvyw78xtm1cf0oojfz2edcdvfNM200904120000000000000000000030', 'runwaysdk.com', 'r516uhrmvyw78xtm1cf0oojfz2edcdvfNM200904120000000000000000000030');
INSERT INTO md_parameter ( metadata, parameter_order, parameter_name, parameter_type, display_label, id) VALUES ('sluy1b0e68zteoakwrbdcgxb4y10r1eqNM200810110000000000000000000113', -3, 'isAscending', 'java.lang.Boolean', 'qw0jsijhh3sl0p4up8qsfn2mhhdqyz1xNM200904120000000000000000000030', '0lu5fktnjktog28nnp3w0rkit53mwif420070427JS0000000000000000001517');
INSERT INTO metadata ( description, created_by, owner, id, create_date, seq, type, remove, site_master, locked_by, entity_domain, last_updated_by, last_update_date, key_name) VALUES ('r516uhrmvyw78xtm1cf0oojfz2edcdvfNM200904120000000000000000000030', '0000000000000000000000000000001000000000000000000000000000000003', '0000000000000000000000000000001000000000000000000000000000000003', '0lu5fktnjktog28nnp3w0rkit53mwif420070427JS0000000000000000001517', '2011-10-03 16:03:31', 2970, 'com.runwaysdk.system.metadata.MdParameter', 1, 'runwaysdk.com', NULL, NULL, '0000000000000000000000000000001000000000000000000000000000000003', '2011-10-03 16:03:31', 'com.runwaysdk.system.metadata.MdWebCommentCommentTextController.viewPage.isAscending');
INSERT INTO metadata_parameter ( site_master, last_updated_by, create_date, seq, locked_by, entity_domain, created_by, type, last_update_date, key_name, owner, id, parent_id, child_id) VALUES ('runwaysdk.com', '0000000000000000000000000000001000000000000000000000000000000003', '2011-10-03 16:03:31', 2971, NULL, NULL, '0000000000000000000000000000001000000000000000000000000000000003', 'com.runwaysdk.system.MetadataParameter', '2011-10-03 16:03:31', 'com.runwaysdk.system.metadata.MdWebCommentCommentTextController.viewPage.isAscending', '0000000000000000000000000000001000000000000000000000000000000003', '082ybagpo7iut07mws50mw59dv75gqm420070427JS0000000000000000001524', 'sluy1b0e68zteoakwrbdcgxb4y10r1eqNM200810110000000000000000000113', '0lu5fktnjktog28nnp3w0rkit53mwif420070427JS0000000000000000001517');
INSERT INTO metadata_display_label ( default_locale, id, site_master, key_name) VALUES ('Page Size', 'sw069b90e97ny4bzkox50o8wr08epnsuNM200904120000000000000000000030', 'runwaysdk.com', 'sw069b90e97ny4bzkox50o8wr08epnsuNM200904120000000000000000000030');
INSERT INTO metadata_display_label ( default_locale, id, site_master, key_name) VALUES (NULL, 'xdtxmdgll5jmwenf1wb7bu6wl9jx2unqNM200904120000000000000000000030', 'runwaysdk.com', 'xdtxmdgll5jmwenf1wb7bu6wl9jx2unqNM200904120000000000000000000030');
INSERT INTO md_parameter ( metadata, parameter_order, parameter_name, parameter_type, display_label, id) VALUES ('sluy1b0e68zteoakwrbdcgxb4y10r1eqNM200810110000000000000000000113', -2, 'pageSize', 'java.lang.Integer', 'sw069b90e97ny4bzkox50o8wr08epnsuNM200904120000000000000000000030', '8o0cu4sm2dtk1vse5qhg78j17wuc3udx20070427JS0000000000000000001517');
INSERT INTO metadata ( description, created_by, owner, id, create_date, seq, type, remove, site_master, locked_by, entity_domain, last_updated_by, last_update_date, key_name) VALUES ('xdtxmdgll5jmwenf1wb7bu6wl9jx2unqNM200904120000000000000000000030', '0000000000000000000000000000001000000000000000000000000000000003', '0000000000000000000000000000001000000000000000000000000000000003', '8o0cu4sm2dtk1vse5qhg78j17wuc3udx20070427JS0000000000000000001517', '2011-10-03 16:03:31', 2972, 'com.runwaysdk.system.metadata.MdParameter', 1, 'runwaysdk.com', NULL, NULL, '0000000000000000000000000000001000000000000000000000000000000003', '2011-10-03 16:03:31', 'com.runwaysdk.system.metadata.MdWebCommentCommentTextController.viewPage.pageSize');
INSERT INTO metadata_parameter ( site_master, last_updated_by, create_date, seq, locked_by, entity_domain, created_by, type, last_update_date, key_name, owner, id, parent_id, child_id) VALUES ('runwaysdk.com', '0000000000000000000000000000001000000000000000000000000000000003', '2011-10-03 16:03:31', 2973, NULL, NULL, '0000000000000000000000000000001000000000000000000000000000000003', 'com.runwaysdk.system.MetadataParameter', '2011-10-03 16:03:31', 'com.runwaysdk.system.metadata.MdWebCommentCommentTextController.viewPage.pageSize', '0000000000000000000000000000001000000000000000000000000000000003', '08shziras5yqgjkkvm0f8tm7pf4rx7am20070427JS0000000000000000001524', 'sluy1b0e68zteoakwrbdcgxb4y10r1eqNM200810110000000000000000000113', '8o0cu4sm2dtk1vse5qhg78j17wuc3udx20070427JS0000000000000000001517');
INSERT INTO metadata_display_label ( default_locale, id, site_master, key_name) VALUES ('Page Number', '2fcdmzce8thtadl4k5wg7ypyy3ot6zhoNM200904120000000000000000000030', 'runwaysdk.com', '2fcdmzce8thtadl4k5wg7ypyy3ot6zhoNM200904120000000000000000000030');
INSERT INTO metadata_display_label ( default_locale, id, site_master, key_name) VALUES (NULL, 'zd76wu0yrn8p2zn6xvzn8ge2pjyw0uhqNM200904120000000000000000000030', 'runwaysdk.com', 'zd76wu0yrn8p2zn6xvzn8ge2pjyw0uhqNM200904120000000000000000000030');
INSERT INTO md_parameter ( metadata, parameter_order, parameter_name, parameter_type, display_label, id) VALUES ('sluy1b0e68zteoakwrbdcgxb4y10r1eqNM200810110000000000000000000113', -1, 'pageNumber', 'java.lang.Integer', '2fcdmzce8thtadl4k5wg7ypyy3ot6zhoNM200904120000000000000000000030', '9178l5zvz7phr9biibrkyb6l1s8ng4c820070427JS0000000000000000001517');
INSERT INTO metadata ( description, created_by, owner, id, create_date, seq, type, remove, site_master, locked_by, entity_domain, last_updated_by, last_update_date, key_name) VALUES ('zd76wu0yrn8p2zn6xvzn8ge2pjyw0uhqNM200904120000000000000000000030', '0000000000000000000000000000001000000000000000000000000000000003', '0000000000000000000000000000001000000000000000000000000000000003', '9178l5zvz7phr9biibrkyb6l1s8ng4c820070427JS0000000000000000001517', '2011-10-03 16:03:31', 2974, 'com.runwaysdk.system.metadata.MdParameter', 1, 'runwaysdk.com', NULL, NULL, '0000000000000000000000000000001000000000000000000000000000000003', '2011-10-03 16:03:31', 'com.runwaysdk.system.metadata.MdWebCommentCommentTextController.viewPage.pageNumber');
INSERT INTO metadata_parameter ( site_master, last_updated_by, create_date, seq, locked_by, entity_domain, created_by, type, last_update_date, key_name, owner, id, parent_id, child_id) VALUES ('runwaysdk.com', '0000000000000000000000000000001000000000000000000000000000000003', '2011-10-03 16:03:31', 2975, NULL, NULL, '0000000000000000000000000000001000000000000000000000000000000003', 'com.runwaysdk.system.MetadataParameter', '2011-10-03 16:03:31', 'com.runwaysdk.system.metadata.MdWebCommentCommentTextController.viewPage.pageNumber', '0000000000000000000000000000001000000000000000000000000000000003', 'qzjeej2jbw5xam1brkj8syc90js3crq220070427JS0000000000000000001524', 'sluy1b0e68zteoakwrbdcgxb4y10r1eqNM200810110000000000000000000113', '9178l5zvz7phr9biibrkyb6l1s8ng4c820070427JS0000000000000000001517');
INSERT INTO metadata_display_label ( default_locale, id, site_master, key_name) VALUES ('View All', '0aqk1workq91h794430wfv8m3ft19j4qNM200904120000000000000000000030', 'runwaysdk.com', '0aqk1workq91h794430wfv8m3ft19j4qNM200904120000000000000000000030');
INSERT INTO metadata_display_label ( default_locale, id, site_master, key_name) VALUES ('Loads a ViewAll query with the default settings', 'zmba1rzmfpyhrrvxwdft2qdyu3yksc6cNM200904120000000000000000000030', 'runwaysdk.com', 'zmba1rzmfpyhrrvxwdft2qdyu3yksc6cNM200904120000000000000000000030');
INSERT INTO md_action ( is_query, enclosing_md_controller, is_post, action_name, display_label, id) VALUES (0, '1q5s2g412icax1vd6nehlxscqz0nrla0NM200810110000000000000000000112', 0, 'viewAll', '0aqk1workq91h794430wfv8m3ft19j4qNM200904120000000000000000000030', 'z1k88u87wuuf973psb5n8ju79g5a3hhwNM200810110000000000000000000113');
INSERT INTO metadata ( description, created_by, owner, id, create_date, seq, type, remove, site_master, locked_by, entity_domain, last_updated_by, last_update_date, key_name) VALUES ('zmba1rzmfpyhrrvxwdft2qdyu3yksc6cNM200904120000000000000000000030', '0000000000000000000000000000001000000000000000000000000000000003', '0000000000000000000000000000001000000000000000000000000000000003', 'z1k88u87wuuf973psb5n8ju79g5a3hhwNM200810110000000000000000000113', '2011-10-03 16:03:31', 2976, 'com.runwaysdk.system.metadata.MdAction', 1, 'runwaysdk.com', NULL, NULL, '0000000000000000000000000000001000000000000000000000000000000003', '2011-10-03 16:03:31', 'com.runwaysdk.system.metadata.MdWebCommentCommentTextController.viewAll');
INSERT INTO controller_action ( key_name, locked_by, id, owner, entity_domain, created_by, type, last_update_date, create_date, seq, last_updated_by, site_master, parent_id, child_id) VALUES ('com.runwaysdk.system.metadata.MdWebCommentCommentTextController.viewAll', NULL, 'xjvol6rxyg9l8vlh1868v1hez5ito787JS200807230000000000000000111111', '0000000000000000000000000000001000000000000000000000000000000003', NULL, '0000000000000000000000000000001000000000000000000000000000000003', 'com.runwaysdk.system.ControllerAction', '2011-10-03 16:03:31', '2011-10-03 16:03:31', 2977, '0000000000000000000000000000001000000000000000000000000000000003', 'runwaysdk.com', '1q5s2g412icax1vd6nehlxscqz0nrla0NM200810110000000000000000000112', 'z1k88u87wuuf973psb5n8ju79g5a3hhwNM200810110000000000000000000113');
INSERT INTO metadata_display_label ( default_locale, id, site_master, key_name) VALUES ('View', 'z9zn7lwsbe4s92jmq3dexzgnzllejriiNM200904120000000000000000000030', 'runwaysdk.com', 'z9zn7lwsbe4s92jmq3dexzgnzllejriiNM200904120000000000000000000030');
INSERT INTO metadata_display_label ( default_locale, id, site_master, key_name) VALUES ('View an existing instance of com.runwaysdk.system.metadata.MdWebCommentCommentText', '0igpuybu4i2n30t4yvqqm991iw1j2vtlNM200904120000000000000000000030', 'runwaysdk.com', '0igpuybu4i2n30t4yvqqm991iw1j2vtlNM200904120000000000000000000030');
INSERT INTO md_action ( is_query, enclosing_md_controller, is_post, action_name, display_label, id) VALUES (0, '1q5s2g412icax1vd6nehlxscqz0nrla0NM200810110000000000000000000112', 0, 'view', 'z9zn7lwsbe4s92jmq3dexzgnzllejriiNM200904120000000000000000000030', '1ts2sqgt44226rnecobeow8gawx3rihjNM200810110000000000000000000113');
INSERT INTO metadata ( description, created_by, owner, id, create_date, seq, type, remove, site_master, locked_by, entity_domain, last_updated_by, last_update_date, key_name) VALUES ('0igpuybu4i2n30t4yvqqm991iw1j2vtlNM200904120000000000000000000030', '0000000000000000000000000000001000000000000000000000000000000003', '0000000000000000000000000000001000000000000000000000000000000003', '1ts2sqgt44226rnecobeow8gawx3rihjNM200810110000000000000000000113', '2011-10-03 16:03:31', 2978, 'com.runwaysdk.system.metadata.MdAction', 1, 'runwaysdk.com', NULL, NULL, '0000000000000000000000000000001000000000000000000000000000000003', '2011-10-03 16:03:31', 'com.runwaysdk.system.metadata.MdWebCommentCommentTextController.view');
INSERT INTO controller_action ( key_name, locked_by, id, owner, entity_domain, created_by, type, last_update_date, create_date, seq, last_updated_by, site_master, parent_id, child_id) VALUES ('com.runwaysdk.system.metadata.MdWebCommentCommentTextController.view', NULL, 'sx1s9n13epbtixu08338hsjblm3cj03nJS200807230000000000000000111111', '0000000000000000000000000000001000000000000000000000000000000003', NULL, '0000000000000000000000000000001000000000000000000000000000000003', 'com.runwaysdk.system.ControllerAction', '2011-10-03 16:03:31', '2011-10-03 16:03:31', 2979, '0000000000000000000000000000001000000000000000000000000000000003', 'runwaysdk.com', '1q5s2g412icax1vd6nehlxscqz0nrla0NM200810110000000000000000000112', '1ts2sqgt44226rnecobeow8gawx3rihjNM200810110000000000000000000113');
INSERT INTO metadata_display_label ( default_locale, id, site_master, key_name) VALUES ('Parameter: com.runwaysdk.system.metadata.MdWebCommentCommentText - id', 'xgzwsmp2by7yv1ded7i26752cowxsltpNM200904120000000000000000000030', 'runwaysdk.com', 'xgzwsmp2by7yv1ded7i26752cowxsltpNM200904120000000000000000000030');
INSERT INTO metadata_display_label ( default_locale, id, site_master, key_name) VALUES ('Id of com.runwaysdk.system.metadata.MdWebCommentCommentText to view.', 'xnum3kp678ro6k6i6xo5opq2tagxt7xkNM200904120000000000000000000030', 'runwaysdk.com', 'xnum3kp678ro6k6i6xo5opq2tagxt7xkNM200904120000000000000000000030');
INSERT INTO md_parameter ( metadata, parameter_order, parameter_name, parameter_type, display_label, id) VALUES ('1ts2sqgt44226rnecobeow8gawx3rihjNM200810110000000000000000000113', 0, 'id', 'java.lang.String', 'xgzwsmp2by7yv1ded7i26752cowxsltpNM200904120000000000000000000030', 'xwhv9ulsj6oaeo0wxopnj1autjctk2n420070427JS0000000000000000001517');
INSERT INTO metadata ( description, created_by, owner, id, create_date, seq, type, remove, site_master, locked_by, entity_domain, last_updated_by, last_update_date, key_name) VALUES ('xnum3kp678ro6k6i6xo5opq2tagxt7xkNM200904120000000000000000000030', '0000000000000000000000000000001000000000000000000000000000000003', '0000000000000000000000000000001000000000000000000000000000000003', 'xwhv9ulsj6oaeo0wxopnj1autjctk2n420070427JS0000000000000000001517', '2011-10-03 16:03:31', 2980, 'com.runwaysdk.system.metadata.MdParameter', 1, 'runwaysdk.com', NULL, NULL, '0000000000000000000000000000001000000000000000000000000000000003', '2011-10-03 16:03:31', 'com.runwaysdk.system.metadata.MdWebCommentCommentTextController.view.id');
INSERT INTO metadata_parameter ( site_master, last_updated_by, create_date, seq, locked_by, entity_domain, created_by, type, last_update_date, key_name, owner, id, parent_id, child_id) VALUES ('runwaysdk.com', '0000000000000000000000000000001000000000000000000000000000000003', '2011-10-03 16:03:31', 2981, NULL, NULL, '0000000000000000000000000000001000000000000000000000000000000003', 'com.runwaysdk.system.MetadataParameter', '2011-10-03 16:03:31', 'com.runwaysdk.system.metadata.MdWebCommentCommentTextController.view.id', '0000000000000000000000000000001000000000000000000000000000000003', 'z22c08rt451j2ctf7qyulfdrwynonmr820070427JS0000000000000000001524', '1ts2sqgt44226rnecobeow8gawx3rihjNM200810110000000000000000000113', 'xwhv9ulsj6oaeo0wxopnj1autjctk2n420070427JS0000000000000000001517');
INSERT INTO metadata_display_label ( default_locale, id, site_master, key_name) VALUES ('New Instance', '78733tt45hlg72xcrn0ykzes0pm9jbgiNM200904120000000000000000000030', 'runwaysdk.com', '78733tt45hlg72xcrn0ykzes0pm9jbgiNM200904120000000000000000000030');
INSERT INTO metadata_display_label ( default_locale, id, site_master, key_name) VALUES ('Loads a new instance of com.runwaysdk.system.metadata.MdWebCommentCommentText into the request object', '8ekg1wg60xaabreyqmdih5ca7wb79l55NM200904120000000000000000000030', 'runwaysdk.com', '8ekg1wg60xaabreyqmdih5ca7wb79l55NM200904120000000000000000000030');
INSERT INTO md_action ( is_query, enclosing_md_controller, is_post, action_name, display_label, id) VALUES (0, '1q5s2g412icax1vd6nehlxscqz0nrla0NM200810110000000000000000000112', 0, 'newInstance', '78733tt45hlg72xcrn0ykzes0pm9jbgiNM200904120000000000000000000030', '8njqvhord8zd3c2z82yvfxuthg3a2gbrNM200810110000000000000000000113');
INSERT INTO metadata ( description, created_by, owner, id, create_date, seq, type, remove, site_master, locked_by, entity_domain, last_updated_by, last_update_date, key_name) VALUES ('8ekg1wg60xaabreyqmdih5ca7wb79l55NM200904120000000000000000000030', '0000000000000000000000000000001000000000000000000000000000000003', '0000000000000000000000000000001000000000000000000000000000000003', '8njqvhord8zd3c2z82yvfxuthg3a2gbrNM200810110000000000000000000113', '2011-10-03 16:03:31', 2982, 'com.runwaysdk.system.metadata.MdAction', 1, 'runwaysdk.com', NULL, NULL, '0000000000000000000000000000001000000000000000000000000000000003', '2011-10-03 16:03:31', 'com.runwaysdk.system.metadata.MdWebCommentCommentTextController.newInstance');
INSERT INTO controller_action ( key_name, locked_by, id, owner, entity_domain, created_by, type, last_update_date, create_date, seq, last_updated_by, site_master, parent_id, child_id) VALUES ('com.runwaysdk.system.metadata.MdWebCommentCommentTextController.newInstance', NULL, 'segtt1lrjdea42fz79n3mgqvzl5x1j29JS200807230000000000000000111111', '0000000000000000000000000000001000000000000000000000000000000003', NULL, '0000000000000000000000000000001000000000000000000000000000000003', 'com.runwaysdk.system.ControllerAction', '2011-10-03 16:03:31', '2011-10-03 16:03:31', 2983, '0000000000000000000000000000001000000000000000000000000000000003', 'runwaysdk.com', '1q5s2g412icax1vd6nehlxscqz0nrla0NM200810110000000000000000000112', '8njqvhord8zd3c2z82yvfxuthg3a2gbrNM200810110000000000000000000113');
INSERT INTO metadata_display_label ( default_locale, id, site_master, key_name) VALUES ('Create', 'y0om9dipeswtgvmg8g54nc3qc2a21vzvNM200904120000000000000000000030', 'runwaysdk.com', 'y0om9dipeswtgvmg8g54nc3qc2a21vzvNM200904120000000000000000000030');
INSERT INTO metadata_display_label ( default_locale, id, site_master, key_name) VALUES ('Applys a new instance of com.runwaysdk.system.metadata.MdWebCommentCommentText', 'xj0ueya9or6o7jszahq4n1kprl6a0dk9NM200904120000000000000000000030', 'runwaysdk.com', 'xj0ueya9or6o7jszahq4n1kprl6a0dk9NM200904120000000000000000000030');
INSERT INTO md_action ( is_query, enclosing_md_controller, is_post, action_name, display_label, id) VALUES (0, '1q5s2g412icax1vd6nehlxscqz0nrla0NM200810110000000000000000000112', 1, 'create', 'y0om9dipeswtgvmg8g54nc3qc2a21vzvNM200904120000000000000000000030', 'sntnrvnp60dmqlsmy67yw7p222qevaqeNM200810110000000000000000000113');
INSERT INTO metadata ( description, created_by, owner, id, create_date, seq, type, remove, site_master, locked_by, entity_domain, last_updated_by, last_update_date, key_name) VALUES ('xj0ueya9or6o7jszahq4n1kprl6a0dk9NM200904120000000000000000000030', '0000000000000000000000000000001000000000000000000000000000000003', '0000000000000000000000000000001000000000000000000000000000000003', 'sntnrvnp60dmqlsmy67yw7p222qevaqeNM200810110000000000000000000113', '2011-10-03 16:03:31', 2984, 'com.runwaysdk.system.metadata.MdAction', 1, 'runwaysdk.com', NULL, NULL, '0000000000000000000000000000001000000000000000000000000000000003', '2011-10-03 16:03:31', 'com.runwaysdk.system.metadata.MdWebCommentCommentTextController.create');
INSERT INTO controller_action ( key_name, locked_by, id, owner, entity_domain, created_by, type, last_update_date, create_date, seq, last_updated_by, site_master, parent_id, child_id) VALUES ('com.runwaysdk.system.metadata.MdWebCommentCommentTextController.create', NULL, 'sy2n2qotbjqh87qdudcciugneadt3eieJS200807230000000000000000111111', '0000000000000000000000000000001000000000000000000000000000000003', NULL, '0000000000000000000000000000001000000000000000000000000000000003', 'com.runwaysdk.system.ControllerAction', '2011-10-03 16:03:31', '2011-10-03 16:03:31', 2985, '0000000000000000000000000000001000000000000000000000000000000003', 'runwaysdk.com', '1q5s2g412icax1vd6nehlxscqz0nrla0NM200810110000000000000000000112', 'sntnrvnp60dmqlsmy67yw7p222qevaqeNM200810110000000000000000000113');
INSERT INTO metadata_display_label ( default_locale, id, site_master, key_name) VALUES ('Parameter: com.runwaysdk.system.metadata.MdWebCommentCommentText', '2exliwpibekqd6khaol94p324unamq4qNM200904120000000000000000000030', 'runwaysdk.com', '2exliwpibekqd6khaol94p324unamq4qNM200904120000000000000000000030');
INSERT INTO metadata_display_label ( default_locale, id, site_master, key_name) VALUES ('com.runwaysdk.system.metadata.MdWebCommentCommentText to apply to the database', 'zbxztz53cghy48zrj3vrky8295ncyk6lNM200904120000000000000000000030', 'runwaysdk.com', 'zbxztz53cghy48zrj3vrky8295ncyk6lNM200904120000000000000000000030');
INSERT INTO md_parameter ( metadata, parameter_order, parameter_name, parameter_type, display_label, id) VALUES ('sntnrvnp60dmqlsmy67yw7p222qevaqeNM200810110000000000000000000113', 0, 'dto', 'com.runwaysdk.system.metadata.MdWebCommentCommentText', '2exliwpibekqd6khaol94p324unamq4qNM200904120000000000000000000030', '0c3gfpb3tqyj0syxhea12h7z55gbc02y20070427JS0000000000000000001517');
INSERT INTO metadata ( description, created_by, owner, id, create_date, seq, type, remove, site_master, locked_by, entity_domain, last_updated_by, last_update_date, key_name) VALUES ('zbxztz53cghy48zrj3vrky8295ncyk6lNM200904120000000000000000000030', '0000000000000000000000000000001000000000000000000000000000000003', '0000000000000000000000000000001000000000000000000000000000000003', '0c3gfpb3tqyj0syxhea12h7z55gbc02y20070427JS0000000000000000001517', '2011-10-03 16:03:31', 2986, 'com.runwaysdk.system.metadata.MdParameter', 1, 'runwaysdk.com', NULL, NULL, '0000000000000000000000000000001000000000000000000000000000000003', '2011-10-03 16:03:31', 'com.runwaysdk.system.metadata.MdWebCommentCommentTextController.create.dto');
INSERT INTO metadata_parameter ( site_master, last_updated_by, create_date, seq, locked_by, entity_domain, created_by, type, last_update_date, key_name, owner, id, parent_id, child_id) VALUES ('runwaysdk.com', '0000000000000000000000000000001000000000000000000000000000000003', '2011-10-03 16:03:31', 2987, NULL, NULL, '0000000000000000000000000000001000000000000000000000000000000003', 'com.runwaysdk.system.MetadataParameter', '2011-10-03 16:03:31', 'com.runwaysdk.system.metadata.MdWebCommentCommentTextController.create.dto', '0000000000000000000000000000001000000000000000000000000000000003', 'r5kktip2ojf5ungoniu9lbh2l5b1gopt20070427JS0000000000000000001524', 'sntnrvnp60dmqlsmy67yw7p222qevaqeNM200810110000000000000000000113', '0c3gfpb3tqyj0syxhea12h7z55gbc02y20070427JS0000000000000000001517');
INSERT INTO metadata_display_label ( default_locale, id, site_master, key_name) VALUES ('edit', 'r4pbx7zouo5ut0q623qk6bz6l4i11cu5NM200904120000000000000000000030', 'runwaysdk.com', 'r4pbx7zouo5ut0q623qk6bz6l4i11cu5NM200904120000000000000000000030');
INSERT INTO metadata_display_label ( default_locale, id, site_master, key_name) VALUES ('Applys an existing instance of com.runwaysdk.system.metadata.MdWebCommentCommentText', '2ekyxfgn9womeudpvpbc19cg9ybc8bggNM200904120000000000000000000030', 'runwaysdk.com', '2ekyxfgn9womeudpvpbc19cg9ybc8bggNM200904120000000000000000000030');
INSERT INTO md_action ( is_query, enclosing_md_controller, is_post, action_name, display_label, id) VALUES (0, '1q5s2g412icax1vd6nehlxscqz0nrla0NM200810110000000000000000000112', 0, 'edit', 'r4pbx7zouo5ut0q623qk6bz6l4i11cu5NM200904120000000000000000000030', '91u7244xmezoikrf9f54vj8ysim52ejhNM200810110000000000000000000113');
INSERT INTO metadata ( description, created_by, owner, id, create_date, seq, type, remove, site_master, locked_by, entity_domain, last_updated_by, last_update_date, key_name) VALUES ('2ekyxfgn9womeudpvpbc19cg9ybc8bggNM200904120000000000000000000030', '0000000000000000000000000000001000000000000000000000000000000003', '0000000000000000000000000000001000000000000000000000000000000003', '91u7244xmezoikrf9f54vj8ysim52ejhNM200810110000000000000000000113', '2011-10-03 16:03:31', 2988, 'com.runwaysdk.system.metadata.MdAction', 1, 'runwaysdk.com', NULL, NULL, '0000000000000000000000000000001000000000000000000000000000000003', '2011-10-03 16:03:31', 'com.runwaysdk.system.metadata.MdWebCommentCommentTextController.edit');
INSERT INTO controller_action ( key_name, locked_by, id, owner, entity_domain, created_by, type, last_update_date, create_date, seq, last_updated_by, site_master, parent_id, child_id) VALUES ('com.runwaysdk.system.metadata.MdWebCommentCommentTextController.edit', NULL, 'xnx0i79t6h1z1hxalylfccoxzi8ylgabJS200807230000000000000000111111', '0000000000000000000000000000001000000000000000000000000000000003', NULL, '0000000000000000000000000000001000000000000000000000000000000003', 'com.runwaysdk.system.ControllerAction', '2011-10-03 16:03:31', '2011-10-03 16:03:31', 2989, '0000000000000000000000000000001000000000000000000000000000000003', 'runwaysdk.com', '1q5s2g412icax1vd6nehlxscqz0nrla0NM200810110000000000000000000112', '91u7244xmezoikrf9f54vj8ysim52ejhNM200810110000000000000000000113');
INSERT INTO metadata_display_label ( default_locale, id, site_master, key_name) VALUES ('Parameter: com.runwaysdk.system.metadata.MdWebCommentCommentText', '0ruwmk4ed3kxf2h60vta7jrm3h12qdjoNM200904120000000000000000000030', 'runwaysdk.com', '0ruwmk4ed3kxf2h60vta7jrm3h12qdjoNM200904120000000000000000000030');
INSERT INTO metadata_display_label ( default_locale, id, site_master, key_name) VALUES ('com.runwaysdk.system.metadata.MdWebCommentCommentText to apply to the database', 'y16h3ebqap4rpltnbia9t3nn8urqcn8tNM200904120000000000000000000030', 'runwaysdk.com', 'y16h3ebqap4rpltnbia9t3nn8urqcn8tNM200904120000000000000000000030');
INSERT INTO md_parameter ( metadata, parameter_order, parameter_name, parameter_type, display_label, id) VALUES ('91u7244xmezoikrf9f54vj8ysim52ejhNM200810110000000000000000000113', 0, 'id', 'java.lang.String', '0ruwmk4ed3kxf2h60vta7jrm3h12qdjoNM200904120000000000000000000030', 'yw3vzbbot5vopqiujkeow4u3wi1j44ir20070427JS0000000000000000001517');
INSERT INTO metadata ( description, created_by, owner, id, create_date, seq, type, remove, site_master, locked_by, entity_domain, last_updated_by, last_update_date, key_name) VALUES ('y16h3ebqap4rpltnbia9t3nn8urqcn8tNM200904120000000000000000000030', '0000000000000000000000000000001000000000000000000000000000000003', '0000000000000000000000000000001000000000000000000000000000000003', 'yw3vzbbot5vopqiujkeow4u3wi1j44ir20070427JS0000000000000000001517', '2011-10-03 16:03:31', 2990, 'com.runwaysdk.system.metadata.MdParameter', 1, 'runwaysdk.com', NULL, NULL, '0000000000000000000000000000001000000000000000000000000000000003', '2011-10-03 16:03:31', 'com.runwaysdk.system.metadata.MdWebCommentCommentTextController.edit.id');
INSERT INTO metadata_parameter ( site_master, last_updated_by, create_date, seq, locked_by, entity_domain, created_by, type, last_update_date, key_name, owner, id, parent_id, child_id) VALUES ('runwaysdk.com', '0000000000000000000000000000001000000000000000000000000000000003', '2011-10-03 16:03:31', 2991, NULL, NULL, '0000000000000000000000000000001000000000000000000000000000000003', 'com.runwaysdk.system.MetadataParameter', '2011-10-03 16:03:31', 'com.runwaysdk.system.metadata.MdWebCommentCommentTextController.edit.id', '0000000000000000000000000000001000000000000000000000000000000003', '6na3qp6caluc4yqj93svjjpp8l043yc720070427JS0000000000000000001524', '91u7244xmezoikrf9f54vj8ysim52ejhNM200810110000000000000000000113', 'yw3vzbbot5vopqiujkeow4u3wi1j44ir20070427JS0000000000000000001517');
INSERT INTO metadata_display_label ( default_locale, id, site_master, key_name) VALUES ('update', '8nqv6203s8dfgwx4f2vc4zpkl65iqndsNM200904120000000000000000000030', 'runwaysdk.com', '8nqv6203s8dfgwx4f2vc4zpkl65iqndsNM200904120000000000000000000030');
INSERT INTO metadata_display_label ( default_locale, id, site_master, key_name) VALUES ('Applys an existing instance of com.runwaysdk.system.metadata.MdWebCommentCommentText', 'sa90bw4r5hunfw5h9mw736hzsr4aww9rNM200904120000000000000000000030', 'runwaysdk.com', 'sa90bw4r5hunfw5h9mw736hzsr4aww9rNM200904120000000000000000000030');
INSERT INTO md_action ( is_query, enclosing_md_controller, is_post, action_name, display_label, id) VALUES (0, '1q5s2g412icax1vd6nehlxscqz0nrla0NM200810110000000000000000000112', 1, 'update', '8nqv6203s8dfgwx4f2vc4zpkl65iqndsNM200904120000000000000000000030', 'xzuuyjuxltrujfa9t2kwdoo1x7q1oufyNM200810110000000000000000000113');
INSERT INTO metadata ( description, created_by, owner, id, create_date, seq, type, remove, site_master, locked_by, entity_domain, last_updated_by, last_update_date, key_name) VALUES ('sa90bw4r5hunfw5h9mw736hzsr4aww9rNM200904120000000000000000000030', '0000000000000000000000000000001000000000000000000000000000000003', '0000000000000000000000000000001000000000000000000000000000000003', 'xzuuyjuxltrujfa9t2kwdoo1x7q1oufyNM200810110000000000000000000113', '2011-10-03 16:03:31', 2992, 'com.runwaysdk.system.metadata.MdAction', 1, 'runwaysdk.com', NULL, NULL, '0000000000000000000000000000001000000000000000000000000000000003', '2011-10-03 16:03:31', 'com.runwaysdk.system.metadata.MdWebCommentCommentTextController.update');
INSERT INTO controller_action ( key_name, locked_by, id, owner, entity_domain, created_by, type, last_update_date, create_date, seq, last_updated_by, site_master, parent_id, child_id) VALUES ('com.runwaysdk.system.metadata.MdWebCommentCommentTextController.update', NULL, '0trhx0b75kdh8yh5bdcf183f7wn2e6cuJS200807230000000000000000111111', '0000000000000000000000000000001000000000000000000000000000000003', NULL, '0000000000000000000000000000001000000000000000000000000000000003', 'com.runwaysdk.system.ControllerAction', '2011-10-03 16:03:31', '2011-10-03 16:03:31', 2993, '0000000000000000000000000000001000000000000000000000000000000003', 'runwaysdk.com', '1q5s2g412icax1vd6nehlxscqz0nrla0NM200810110000000000000000000112', 'xzuuyjuxltrujfa9t2kwdoo1x7q1oufyNM200810110000000000000000000113');
INSERT INTO metadata_display_label ( default_locale, id, site_master, key_name) VALUES ('Parameter: com.runwaysdk.system.metadata.MdWebCommentCommentText - dto', 'spmrqq1uspwuo2gs5iqbfbz4j6jz5asuNM200904120000000000000000000030', 'runwaysdk.com', 'spmrqq1uspwuo2gs5iqbfbz4j6jz5asuNM200904120000000000000000000030');
INSERT INTO metadata_display_label ( default_locale, id, site_master, key_name) VALUES ('com.runwaysdk.system.metadata.MdWebCommentCommentText to apply to the database', '7885qts7qu4xovu07s2h937fh1d5sf6wNM200904120000000000000000000030', 'runwaysdk.com', '7885qts7qu4xovu07s2h937fh1d5sf6wNM200904120000000000000000000030');
INSERT INTO md_parameter ( metadata, parameter_order, parameter_name, parameter_type, display_label, id) VALUES ('xzuuyjuxltrujfa9t2kwdoo1x7q1oufyNM200810110000000000000000000113', 0, 'dto', 'com.runwaysdk.system.metadata.MdWebCommentCommentText', 'spmrqq1uspwuo2gs5iqbfbz4j6jz5asuNM200904120000000000000000000030', 'sk0fiasz126d697v5o4euzza7u5ndiqw20070427JS0000000000000000001517');
INSERT INTO metadata ( description, created_by, owner, id, create_date, seq, type, remove, site_master, locked_by, entity_domain, last_updated_by, last_update_date, key_name) VALUES ('7885qts7qu4xovu07s2h937fh1d5sf6wNM200904120000000000000000000030', '0000000000000000000000000000001000000000000000000000000000000003', '0000000000000000000000000000001000000000000000000000000000000003', 'sk0fiasz126d697v5o4euzza7u5ndiqw20070427JS0000000000000000001517', '2011-10-03 16:03:31', 2994, 'com.runwaysdk.system.metadata.MdParameter', 1, 'runwaysdk.com', NULL, NULL, '0000000000000000000000000000001000000000000000000000000000000003', '2011-10-03 16:03:31', 'com.runwaysdk.system.metadata.MdWebCommentCommentTextController.update.dto');
INSERT INTO metadata_parameter ( site_master, last_updated_by, create_date, seq, locked_by, entity_domain, created_by, type, last_update_date, key_name, owner, id, parent_id, child_id) VALUES ('runwaysdk.com', '0000000000000000000000000000001000000000000000000000000000000003', '2011-10-03 16:03:31', 2995, NULL, NULL, '0000000000000000000000000000001000000000000000000000000000000003', 'com.runwaysdk.system.MetadataParameter', '2011-10-03 16:03:31', 'com.runwaysdk.system.metadata.MdWebCommentCommentTextController.update.dto', '0000000000000000000000000000001000000000000000000000000000000003', 'sdpwelk0cs5ejf6gksgy8xibhwem9hi320070427JS0000000000000000001524', 'xzuuyjuxltrujfa9t2kwdoo1x7q1oufyNM200810110000000000000000000113', 'sk0fiasz126d697v5o4euzza7u5ndiqw20070427JS0000000000000000001517');
INSERT INTO metadata_display_label ( default_locale, id, site_master, key_name) VALUES ('cancel', '071wxt1ht729lb1a5peiqvbtlfyn8w9jNM200904120000000000000000000030', 'runwaysdk.com', '071wxt1ht729lb1a5peiqvbtlfyn8w9jNM200904120000000000000000000030');
INSERT INTO metadata_display_label ( default_locale, id, site_master, key_name) VALUES ('Unlocks an instance com.runwaysdk.system.metadata.MdWebCommentCommentText', '79vqtrduxcom2jjbt85c4h7p2dfpov0wNM200904120000000000000000000030', 'runwaysdk.com', '79vqtrduxcom2jjbt85c4h7p2dfpov0wNM200904120000000000000000000030');
INSERT INTO md_action ( is_query, enclosing_md_controller, is_post, action_name, display_label, id) VALUES (0, '1q5s2g412icax1vd6nehlxscqz0nrla0NM200810110000000000000000000112', 1, 'cancel', '071wxt1ht729lb1a5peiqvbtlfyn8w9jNM200904120000000000000000000030', 'rbltigd7prm20t2p5b8enx22etugbr20NM200810110000000000000000000113');
INSERT INTO metadata ( description, created_by, owner, id, create_date, seq, type, remove, site_master, locked_by, entity_domain, last_updated_by, last_update_date, key_name) VALUES ('79vqtrduxcom2jjbt85c4h7p2dfpov0wNM200904120000000000000000000030', '0000000000000000000000000000001000000000000000000000000000000003', '0000000000000000000000000000001000000000000000000000000000000003', 'rbltigd7prm20t2p5b8enx22etugbr20NM200810110000000000000000000113', '2011-10-03 16:03:31', 2996, 'com.runwaysdk.system.metadata.MdAction', 1, 'runwaysdk.com', NULL, NULL, '0000000000000000000000000000001000000000000000000000000000000003', '2011-10-03 16:03:31', 'com.runwaysdk.system.metadata.MdWebCommentCommentTextController.cancel');
INSERT INTO controller_action ( key_name, locked_by, id, owner, entity_domain, created_by, type, last_update_date, create_date, seq, last_updated_by, site_master, parent_id, child_id) VALUES ('com.runwaysdk.system.metadata.MdWebCommentCommentTextController.cancel', NULL, 'qqee22ao634qujjv4prn2jyer8dib50mJS200807230000000000000000111111', '0000000000000000000000000000001000000000000000000000000000000003', NULL, '0000000000000000000000000000001000000000000000000000000000000003', 'com.runwaysdk.system.ControllerAction', '2011-10-03 16:03:31', '2011-10-03 16:03:31', 2997, '0000000000000000000000000000001000000000000000000000000000000003', 'runwaysdk.com', '1q5s2g412icax1vd6nehlxscqz0nrla0NM200810110000000000000000000112', 'rbltigd7prm20t2p5b8enx22etugbr20NM200810110000000000000000000113');
INSERT INTO metadata_display_label ( default_locale, id, site_master, key_name) VALUES ('Parameter: com.runwaysdk.system.metadata.MdWebCommentCommentText - dto', '8mcp5czuv0y3d6e6hoeso6jz15wbyyapNM200904120000000000000000000030', 'runwaysdk.com', '8mcp5czuv0y3d6e6hoeso6jz15wbyyapNM200904120000000000000000000030');
INSERT INTO metadata_display_label ( default_locale, id, site_master, key_name) VALUES ('com.runwaysdk.system.metadata.MdWebCommentCommentText to unlock', '6prdaukqsodbjty82l254i4tml9ixrp2NM200904120000000000000000000030', 'runwaysdk.com', '6prdaukqsodbjty82l254i4tml9ixrp2NM200904120000000000000000000030');
INSERT INTO md_parameter ( metadata, parameter_order, parameter_name, parameter_type, display_label, id) VALUES ('rbltigd7prm20t2p5b8enx22etugbr20NM200810110000000000000000000113', 0, 'dto', 'com.runwaysdk.system.metadata.MdWebCommentCommentText', '8mcp5czuv0y3d6e6hoeso6jz15wbyyapNM200904120000000000000000000030', 'z1vnz44yeexnf2vb4aj39ko7m3klwn9p20070427JS0000000000000000001517');
INSERT INTO metadata ( description, created_by, owner, id, create_date, seq, type, remove, site_master, locked_by, entity_domain, last_updated_by, last_update_date, key_name) VALUES ('6prdaukqsodbjty82l254i4tml9ixrp2NM200904120000000000000000000030', '0000000000000000000000000000001000000000000000000000000000000003', '0000000000000000000000000000001000000000000000000000000000000003', 'z1vnz44yeexnf2vb4aj39ko7m3klwn9p20070427JS0000000000000000001517', '2011-10-03 16:03:31', 2998, 'com.runwaysdk.system.metadata.MdParameter', 1, 'runwaysdk.com', NULL, NULL, '0000000000000000000000000000001000000000000000000000000000000003', '2011-10-03 16:03:31', 'com.runwaysdk.system.metadata.MdWebCommentCommentTextController.cancel.dto');
INSERT INTO metadata_parameter ( site_master, last_updated_by, create_date, seq, locked_by, entity_domain, created_by, type, last_update_date, key_name, owner, id, parent_id, child_id) VALUES ('runwaysdk.com', '0000000000000000000000000000001000000000000000000000000000000003', '2011-10-03 16:03:31', 2999, NULL, NULL, '0000000000000000000000000000001000000000000000000000000000000003', 'com.runwaysdk.system.MetadataParameter', '2011-10-03 16:03:31', 'com.runwaysdk.system.metadata.MdWebCommentCommentTextController.cancel.dto', '0000000000000000000000000000001000000000000000000000000000000003', '08t2s067g4rtakod5wmfm9jo7q8cn3q920070427JS0000000000000000001524', 'rbltigd7prm20t2p5b8enx22etugbr20NM200810110000000000000000000113', 'z1vnz44yeexnf2vb4aj39ko7m3klwn9p20070427JS0000000000000000001517');
INSERT INTO metadata_display_label ( default_locale, id, site_master, key_name) VALUES ('delete', 'rbgn9u59ywl553uv1ey2kkzox3mhjt38NM200904120000000000000000000030', 'runwaysdk.com', 'rbgn9u59ywl553uv1ey2kkzox3mhjt38NM200904120000000000000000000030');
INSERT INTO metadata_display_label ( default_locale, id, site_master, key_name) VALUES ('Delete an instance of com.runwaysdk.system.metadata.MdWebCommentCommentText', 'zc4w8mhyw44l1n351o3bizwjt1mxo8pxNM200904120000000000000000000030', 'runwaysdk.com', 'zc4w8mhyw44l1n351o3bizwjt1mxo8pxNM200904120000000000000000000030');
INSERT INTO md_action ( is_query, enclosing_md_controller, is_post, action_name, display_label, id) VALUES (0, '1q5s2g412icax1vd6nehlxscqz0nrla0NM200810110000000000000000000112', 1, 'delete', 'rbgn9u59ywl553uv1ey2kkzox3mhjt38NM200904120000000000000000000030', '23xz8eneauamb2moy92bsx47mmdi0vcwNM200810110000000000000000000113');
INSERT INTO metadata ( description, created_by, owner, id, create_date, seq, type, remove, site_master, locked_by, entity_domain, last_updated_by, last_update_date, key_name) VALUES ('zc4w8mhyw44l1n351o3bizwjt1mxo8pxNM200904120000000000000000000030', '0000000000000000000000000000001000000000000000000000000000000003', '0000000000000000000000000000001000000000000000000000000000000003', '23xz8eneauamb2moy92bsx47mmdi0vcwNM200810110000000000000000000113', '2011-10-03 16:03:31', 3000, 'com.runwaysdk.system.metadata.MdAction', 1, 'runwaysdk.com', NULL, NULL, '0000000000000000000000000000001000000000000000000000000000000003', '2011-10-03 16:03:31', 'com.runwaysdk.system.metadata.MdWebCommentCommentTextController.delete');
INSERT INTO controller_action ( key_name, locked_by, id, owner, entity_domain, created_by, type, last_update_date, create_date, seq, last_updated_by, site_master, parent_id, child_id) VALUES ('com.runwaysdk.system.metadata.MdWebCommentCommentTextController.delete', NULL, 'xhl97f1zg0unlywy22b3kcyoqsr1wn1gJS200807230000000000000000111111', '0000000000000000000000000000001000000000000000000000000000000003', NULL, '0000000000000000000000000000001000000000000000000000000000000003', 'com.runwaysdk.system.ControllerAction', '2011-10-03 16:03:31', '2011-10-03 16:03:31', 3001, '0000000000000000000000000000001000000000000000000000000000000003', 'runwaysdk.com', '1q5s2g412icax1vd6nehlxscqz0nrla0NM200810110000000000000000000112', '23xz8eneauamb2moy92bsx47mmdi0vcwNM200810110000000000000000000113');
INSERT INTO metadata_display_label ( default_locale, id, site_master, key_name) VALUES ('Parameter: com.runwaysdk.system.metadata.MdWebCommentCommentText - dto', 'qmiipnhw9mdhb6w9269gcfgtf2t4lrlbNM200904120000000000000000000030', 'runwaysdk.com', 'qmiipnhw9mdhb6w9269gcfgtf2t4lrlbNM200904120000000000000000000030');
INSERT INTO metadata_display_label ( default_locale, id, site_master, key_name) VALUES ('com.runwaysdk.system.metadata.MdWebCommentCommentText to delete', 'z79owhj5i8blh1wfblqlzjoblru9dajnNM200904120000000000000000000030', 'runwaysdk.com', 'z79owhj5i8blh1wfblqlzjoblru9dajnNM200904120000000000000000000030');
INSERT INTO md_parameter ( metadata, parameter_order, parameter_name, parameter_type, display_label, id) VALUES ('23xz8eneauamb2moy92bsx47mmdi0vcwNM200810110000000000000000000113', 0, 'dto', 'com.runwaysdk.system.metadata.MdWebCommentCommentText', 'qmiipnhw9mdhb6w9269gcfgtf2t4lrlbNM200904120000000000000000000030', '8wyxz3mej6f6fywewt3nldi6guha22w220070427JS0000000000000000001517');
INSERT INTO metadata ( description, created_by, owner, id, create_date, seq, type, remove, site_master, locked_by, entity_domain, last_updated_by, last_update_date, key_name) VALUES ('z79owhj5i8blh1wfblqlzjoblru9dajnNM200904120000000000000000000030', '0000000000000000000000000000001000000000000000000000000000000003', '0000000000000000000000000000001000000000000000000000000000000003', '8wyxz3mej6f6fywewt3nldi6guha22w220070427JS0000000000000000001517', '2011-10-03 16:03:31', 3002, 'com.runwaysdk.system.metadata.MdParameter', 1, 'runwaysdk.com', NULL, NULL, '0000000000000000000000000000001000000000000000000000000000000003', '2011-10-03 16:03:31', 'com.runwaysdk.system.metadata.MdWebCommentCommentTextController.delete.dto');
INSERT INTO metadata_parameter ( site_master, last_updated_by, create_date, seq, locked_by, entity_domain, created_by, type, last_update_date, key_name, owner, id, parent_id, child_id) VALUES ('runwaysdk.com', '0000000000000000000000000000001000000000000000000000000000000003', '2011-10-03 16:03:31', 3003, NULL, NULL, '0000000000000000000000000000001000000000000000000000000000000003', 'com.runwaysdk.system.MetadataParameter', '2011-10-03 16:03:31', 'com.runwaysdk.system.metadata.MdWebCommentCommentTextController.delete.dto', '0000000000000000000000000000001000000000000000000000000000000003', 'r3pdg1tr68ci4xhruetvalc5jgjerzks20070427JS0000000000000000001524', '23xz8eneauamb2moy92bsx47mmdi0vcwNM200810110000000000000000000113', '8wyxz3mej6f6fywewt3nldi6guha22w220070427JS0000000000000000001517');
 INSERT INTO visibilitymodifier (set_id, item_id)  VALUES  ('8b941c9tep12jrvaap6mqa2qx19wbpnc', '20071109NM000000000000000000000520071109NM0000000000000000000001');
INSERT INTO metadata_display_label ( default_locale, id, site_master, key_name) VALUES ('Comment Text', 'y1bzous4gdza3cvryk9e5aimagomal64NM200904120000000000000000000030', 'runwaysdk.com', 'y1bzous4gdza3cvryk9e5aimagomal64NM200904120000000000000000000030');
 INSERT INTO visibilitymodifier (set_id, item_id)  VALUES  ('1s2pwl12t80bhqes4m5pbairn7pne4j6', '20071109NM000000000000000000000520071109NM0000000000000000000001');
 INSERT INTO md_attribute_indicies (set_id, item_id)  VALUES  ('8z6y1sn0iklwl78nklhk68m9edal81lz', '0000000000000000000000000000040100000000000000000000000000000403');
INSERT INTO metadata_display_label ( default_locale, id, site_master, key_name) VALUES ('The text data for the comment.', '09upaaczavleynni6wmyd9yezyeqprabNM200904120000000000000000000030', 'runwaysdk.com', '09upaaczavleynni6wmyd9yezyeqprabNM200904120000000000000000000030');
INSERT INTO md_attribute_local_text ( id) VALUES ('y0iuqohhjyhb0agtxrb52a8x8ack4csp000000000000MdAttributeLocalText');
INSERT INTO md_attribute_local ( id) VALUES ('y0iuqohhjyhb0agtxrb52a8x8ack4csp000000000000MdAttributeLocalText');
INSERT INTO md_attribute_struct ( md_struct, id) VALUES ('xt0vdqqydrwlpyfum9s1a92ty1xkwz560000000000000000000MdLocalStruct', 'y0iuqohhjyhb0agtxrb52a8x8ack4csp000000000000MdAttributeLocalText');
INSERT INTO md_attribute_concrete ( column_name, defining_md_class, setter_visibility, setter_visibility_c, immutable, index_name, generate_accessor, system, required, display_label, getter_visibility, getter_visibility_c, index_type, index_type_c, attribute_name, id) VALUES ('comment_text', 'xml77x183o19a69gonigdfahfnflihum00000000000000000000000000000001', '8b941c9tep12jrvaap6mqa2qx19wbpnc', '20071109NM000000000000000000000520071109NM0000000000000000000001', 0, 'a29wrys8gzrfqi6e6k86bs2rm6c37s', 1, 0, 0, 'y1bzous4gdza3cvryk9e5aimagomal64NM200904120000000000000000000030', '1s2pwl12t80bhqes4m5pbairn7pne4j6', '20071109NM000000000000000000000520071109NM0000000000000000000001', '8z6y1sn0iklwl78nklhk68m9edal81lz', '0000000000000000000000000000040100000000000000000000000000000403', 'commentText', 'y0iuqohhjyhb0agtxrb52a8x8ack4csp000000000000MdAttributeLocalText');
INSERT INTO md_attribute ( id) VALUES ('y0iuqohhjyhb0agtxrb52a8x8ack4csp000000000000MdAttributeLocalText');
INSERT INTO metadata ( description, created_by, owner, id, create_date, seq, type, remove, site_master, locked_by, entity_domain, last_updated_by, last_update_date, key_name) VALUES ('09upaaczavleynni6wmyd9yezyeqprabNM200904120000000000000000000030', '0000000000000000000000000000001000000000000000000000000000000003', '0000000000000000000000000000001000000000000000000000000000000003', 'y0iuqohhjyhb0agtxrb52a8x8ack4csp000000000000MdAttributeLocalText', '2011-10-03 16:03:31', 3004, 'com.runwaysdk.system.metadata.MdAttributeLocalText', 1, 'runwaysdk.com', NULL, NULL, '0000000000000000000000000000001000000000000000000000000000000003', '2011-10-03 16:03:31', 'com.runwaysdk.system.metadata.MdWebComment.commentText');
ALTER TABLE md_web_comment ADD COLUMN comment_text  char(64);
INSERT INTO class_attribute_concrete ( id, parent_id, child_id) VALUES ('r3dbrzq7jrw99iymy0nvaue9pkwu8fbq00000000000000000000000000000073', 'xml77x183o19a69gonigdfahfnflihum00000000000000000000000000000001', 'y0iuqohhjyhb0agtxrb52a8x8ack4csp000000000000MdAttributeLocalText');
INSERT INTO class_attribute ( id, parent_id, child_id) VALUES ('r3dbrzq7jrw99iymy0nvaue9pkwu8fbq00000000000000000000000000000073', 'xml77x183o19a69gonigdfahfnflihum00000000000000000000000000000001', 'y0iuqohhjyhb0agtxrb52a8x8ack4csp000000000000MdAttributeLocalText');
INSERT INTO metadata_relationship ( entity_domain, site_master, last_updated_by, id, owner, locked_by, create_date, type, created_by, seq, key_name, last_update_date, parent_id, child_id) VALUES (NULL, 'runwaysdk.com', '0000000000000000000000000000001000000000000000000000000000000003', 'r3dbrzq7jrw99iymy0nvaue9pkwu8fbq00000000000000000000000000000073', '0000000000000000000000000000001000000000000000000000000000000003', NULL, '2011-10-03 16:03:31', 'com.runwaysdk.system.metadata.ClassAttributeConcrete', '0000000000000000000000000000001000000000000000000000000000000003', 3005, 'com.runwaysdk.system.metadata.MdWebComment.commentText', '2011-10-03 16:03:31', 'xml77x183o19a69gonigdfahfnflihum00000000000000000000000000000001', 'y0iuqohhjyhb0agtxrb52a8x8ack4csp000000000000MdAttributeLocalText');
 INSERT INTO visibilitymodifier (set_id, item_id)  VALUES  ('8rrs9n18cubxqma1m9cd2zug2pt15slo', '20071109NM000000000000000000000520071109NM0000000000000000000001');
INSERT INTO metadata_display_label ( default_locale, id, site_master, key_name) VALUES ('Default Locale', '8xk0ps255q26dampwti8ptmd2via5f5bNM200904120000000000000000000030', 'runwaysdk.com', '8xk0ps255q26dampwti8ptmd2via5f5bNM200904120000000000000000000030');
 INSERT INTO visibilitymodifier (set_id, item_id)  VALUES  ('zen4efd5begshe2lartgq1l7ipypps9k', '20071109NM000000000000000000000520071109NM0000000000000000000001');
 INSERT INTO md_attribute_indicies (set_id, item_id)  VALUES  ('0p5v8kpqer3cp1bygzg2zyxjz7eooin8', '0000000000000000000000000000040100000000000000000000000000000403');
INSERT INTO metadata_display_label ( default_locale, id, site_master, key_name) VALUES ('Default locale', '0ipfisyj05f1uwl8hgy9jvpvhsvmowwaNM200904120000000000000000000030', 'runwaysdk.com', '0ipfisyj05f1uwl8hgy9jvpvhsvmowwaNM200904120000000000000000000030');
INSERT INTO md_attribute_text ( default_value, id) VALUES (NULL, '0ng65fuurni6vkcbhfxvf6dkv5h7bmoj00000000000000000000000000000139');
INSERT INTO md_attribute_char ( id) VALUES ('0ng65fuurni6vkcbhfxvf6dkv5h7bmoj00000000000000000000000000000139');
INSERT INTO md_attribute_primitive ( id) VALUES ('0ng65fuurni6vkcbhfxvf6dkv5h7bmoj00000000000000000000000000000139');
INSERT INTO md_attribute_concrete ( column_name, defining_md_class, setter_visibility, setter_visibility_c, immutable, index_name, generate_accessor, system, required, display_label, getter_visibility, getter_visibility_c, index_type, index_type_c, attribute_name, id) VALUES ('default_locale', 'xt0vdqqydrwlpyfum9s1a92ty1xkwz560000000000000000000MdLocalStruct', '8rrs9n18cubxqma1m9cd2zug2pt15slo', '20071109NM000000000000000000000520071109NM0000000000000000000001', 0, 'abmh8903lzrrg12jw85pre908guyp9', 0, 0, 0, '8xk0ps255q26dampwti8ptmd2via5f5bNM200904120000000000000000000030', 'zen4efd5begshe2lartgq1l7ipypps9k', '20071109NM000000000000000000000520071109NM0000000000000000000001', '0p5v8kpqer3cp1bygzg2zyxjz7eooin8', '0000000000000000000000000000040100000000000000000000000000000403', 'defaultLocale', '0ng65fuurni6vkcbhfxvf6dkv5h7bmoj00000000000000000000000000000139');
INSERT INTO md_attribute ( id) VALUES ('0ng65fuurni6vkcbhfxvf6dkv5h7bmoj00000000000000000000000000000139');
INSERT INTO metadata ( description, created_by, owner, id, create_date, seq, type, remove, site_master, locked_by, entity_domain, last_updated_by, last_update_date, key_name) VALUES ('0ipfisyj05f1uwl8hgy9jvpvhsvmowwaNM200904120000000000000000000030', '0000000000000000000000000000001000000000000000000000000000000003', '0000000000000000000000000000001000000000000000000000000000000003', '0ng65fuurni6vkcbhfxvf6dkv5h7bmoj00000000000000000000000000000139', '2011-10-03 16:03:31', 3006, 'com.runwaysdk.system.metadata.MdAttributeText', 1, 'runwaysdk.com', NULL, NULL, '0000000000000000000000000000001000000000000000000000000000000003', '2011-10-03 16:03:31', 'com.runwaysdk.system.metadata.MdWebCommentCommentText.defaultLocale');
ALTER TABLE md_web_comment_comment_text ADD COLUMN default_locale  text;
INSERT INTO class_attribute_concrete ( id, parent_id, child_id) VALUES ('xv1tozefmysxznbzzfua6bzhtfp1206g00000000000000000000000000000073', 'xt0vdqqydrwlpyfum9s1a92ty1xkwz560000000000000000000MdLocalStruct', '0ng65fuurni6vkcbhfxvf6dkv5h7bmoj00000000000000000000000000000139');
INSERT INTO class_attribute ( id, parent_id, child_id) VALUES ('xv1tozefmysxznbzzfua6bzhtfp1206g00000000000000000000000000000073', 'xt0vdqqydrwlpyfum9s1a92ty1xkwz560000000000000000000MdLocalStruct', '0ng65fuurni6vkcbhfxvf6dkv5h7bmoj00000000000000000000000000000139');
INSERT INTO metadata_relationship ( entity_domain, site_master, last_updated_by, id, owner, locked_by, create_date, type, created_by, seq, key_name, last_update_date, parent_id, child_id) VALUES (NULL, 'runwaysdk.com', '0000000000000000000000000000001000000000000000000000000000000003', 'xv1tozefmysxznbzzfua6bzhtfp1206g00000000000000000000000000000073', '0000000000000000000000000000001000000000000000000000000000000003', NULL, '2011-10-03 16:03:31', 'com.runwaysdk.system.metadata.ClassAttributeConcrete', '0000000000000000000000000000001000000000000000000000000000000003', 3007, 'com.runwaysdk.system.metadata.MdWebCommentCommentText.defaultLocale', '2011-10-03 16:03:31', 'xt0vdqqydrwlpyfum9s1a92ty1xkwz560000000000000000000MdLocalStruct', '0ng65fuurni6vkcbhfxvf6dkv5h7bmoj00000000000000000000000000000139');
 INSERT INTO class_cache (set_id, item_id)  VALUES  ('8na7no6lvfn7gapnjx1phgx67b2ez8kj', '0000000000000000000000000000023100000000000000000000000000000222');
INSERT INTO metadata_display_label ( default_locale, id, site_master, key_name) VALUES ('Mobile Field', 'qsdvaogeg6dkm0ivx09f76vu9q2hh5ulNM200904120000000000000000000030', 'runwaysdk.com', 'qsdvaogeg6dkm0ivx09f76vu9q2hh5ulNM200904120000000000000000000030');
INSERT INTO metadata_display_label ( default_locale, id, site_master, key_name) VALUES ('Metadata Mobile Field', 'r2wrrm4d6frtezl0zefzv0t17lypno5oNM200904120000000000000000000030', 'runwaysdk.com', 'r2wrrm4d6frtezl0zefzv0t17lypno5oNM200904120000000000000000000030');
INSERT INTO md_business ( cache_algorithm, cache_algorithm_c, super_md_business, id) VALUES ('8na7no6lvfn7gapnjx1phgx67b2ez8kj', '0000000000000000000000000000023100000000000000000000000000000222', '1p8imi9p4g6xmfg82cskzb95veiiu78r00000000000000000000000000000001', 'zlh9ev85l10442ji8z9ync4di5f53zz100000000000000000000000000000001');
INSERT INTO md_element ( extendable, is_abstract, id) VALUES (1, 1, 'zlh9ev85l10442ji8z9ync4di5f53zz100000000000000000000000000000001');
INSERT INTO md_entity ( query_dto_source, query_source, cache_size, enforce_site_master, table_name, id) VALUES (NULL, NULL, 0, 1, 'md_mobile_field', 'zlh9ev85l10442ji8z9ync4di5f53zz100000000000000000000000000000001');
INSERT INTO md_class ( publish, stub_dto_source, stub_source, id) VALUES (1, NULL, NULL, 'zlh9ev85l10442ji8z9ync4di5f53zz100000000000000000000000000000001');
INSERT INTO md_type ( display_label, root_id, package_name, type_name, base_source, js_base, js_stub, exported, dto_source, id) VALUES ('qsdvaogeg6dkm0ivx09f76vu9q2hh5ulNM200904120000000000000000000030', 'zlh9ev85l10442ji8z9ync4di5f53zz1', 'com.runwaysdk.system.metadata', 'MdMobileField', NULL, NULL, NULL, 1, NULL, 'zlh9ev85l10442ji8z9ync4di5f53zz100000000000000000000000000000001');
INSERT INTO metadata ( description, created_by, owner, id, create_date, seq, type, remove, site_master, locked_by, entity_domain, last_updated_by, last_update_date, key_name) VALUES ('r2wrrm4d6frtezl0zefzv0t17lypno5oNM200904120000000000000000000030', '0000000000000000000000000000001000000000000000000000000000000003', '0000000000000000000000000000001000000000000000000000000000000003', 'zlh9ev85l10442ji8z9ync4di5f53zz100000000000000000000000000000001', '2011-10-03 16:03:31', 3008, 'com.runwaysdk.system.metadata.MdBusiness', 1, 'runwaysdk.com', NULL, NULL, '0000000000000000000000000000001000000000000000000000000000000003', '2011-10-03 16:03:31', 'com.runwaysdk.system.metadata.MdMobileField');
CREATE TABLE md_mobile_field ( id CHAR(64) NOT NULL PRIMARY KEY );
INSERT INTO business_inheritance ( id, parent_id, child_id) VALUES ('xe6apm82gnt879u2ycpfbo9rnmhd8n8820070926NM0000000000000000000004', '1p8imi9p4g6xmfg82cskzb95veiiu78r00000000000000000000000000000001', 'zlh9ev85l10442ji8z9ync4di5f53zz100000000000000000000000000000001');
INSERT INTO class_inheritance ( id, parent_id, child_id) VALUES ('xe6apm82gnt879u2ycpfbo9rnmhd8n8820070926NM0000000000000000000004', '1p8imi9p4g6xmfg82cskzb95veiiu78r00000000000000000000000000000001', 'zlh9ev85l10442ji8z9ync4di5f53zz100000000000000000000000000000001');
INSERT INTO metadata_relationship ( entity_domain, site_master, last_updated_by, id, owner, locked_by, create_date, type, created_by, seq, key_name, last_update_date, parent_id, child_id) VALUES (NULL, 'runwaysdk.com', '0000000000000000000000000000001000000000000000000000000000000003', 'xe6apm82gnt879u2ycpfbo9rnmhd8n8820070926NM0000000000000000000004', '0000000000000000000000000000001000000000000000000000000000000003', NULL, '2011-10-03 16:03:31', 'com.runwaysdk.system.metadata.BusinessInheritance', '0000000000000000000000000000001000000000000000000000000000000003', 3009, 'xe6apm82gnt879u2ycpfbo9rnmhd8n8820070926NM0000000000000000000004', '2011-10-03 16:03:31', '1p8imi9p4g6xmfg82cskzb95veiiu78r00000000000000000000000000000001', 'zlh9ev85l10442ji8z9ync4di5f53zz100000000000000000000000000000001');
 INSERT INTO visibilitymodifier (set_id, item_id)  VALUES  ('2f5ry9egzgiin7njj20mxpbz741e1i76', '20071109NM000000000000000000000520071109NM0000000000000000000001');
INSERT INTO metadata_display_label ( default_locale, id, site_master, key_name) VALUES ('Defining MdForm', '8bpiz6mw3odl7vvv050mca09103iuoroNM200904120000000000000000000030', 'runwaysdk.com', '8bpiz6mw3odl7vvv050mca09103iuoroNM200904120000000000000000000030');
 INSERT INTO visibilitymodifier (set_id, item_id)  VALUES  ('sadnxbmi7ayk7w5bqorgbw9zq0e7boam', '20071109NM000000000000000000000520071109NM0000000000000000000001');
 INSERT INTO md_attribute_indicies (set_id, item_id)  VALUES  ('re7v2he3otfskzphs4i2wl7w455hrl3h', '0000000000000000000000000000040100000000000000000000000000000403');
INSERT INTO metadata_display_label ( default_locale, id, site_master, key_name) VALUES ('The defining MdForm of this Field', '8m89jkhttm0vu0uybyljh23kb4fbwbmsNM200904120000000000000000000030', 'runwaysdk.com', '8m89jkhttm0vu0uybyljh23kb4fbwbmsNM200904120000000000000000000030');
INSERT INTO md_attribute_reference ( default_value, md_business, id) VALUES (NULL, '8mo9yxmv916zjsqqlraen62vg2xzm9ia00000000000000000000000000000001', '73lzq2q04hfvlrp31qxzkcfmr037a7f400000000000000000000000000000186');
INSERT INTO md_attribute_ref ( id) VALUES ('73lzq2q04hfvlrp31qxzkcfmr037a7f400000000000000000000000000000186');
INSERT INTO md_attribute_concrete ( column_name, defining_md_class, setter_visibility, setter_visibility_c, immutable, index_name, generate_accessor, system, required, display_label, getter_visibility, getter_visibility_c, index_type, index_type_c, attribute_name, id) VALUES ('defining_md_form', 'zlh9ev85l10442ji8z9ync4di5f53zz100000000000000000000000000000001', '2f5ry9egzgiin7njj20mxpbz741e1i76', '20071109NM000000000000000000000520071109NM0000000000000000000001', 0, 'acv6yhgcxjlcs2lzueiufaghanu9nh', 1, 0, 1, '8bpiz6mw3odl7vvv050mca09103iuoroNM200904120000000000000000000030', 'sadnxbmi7ayk7w5bqorgbw9zq0e7boam', '20071109NM000000000000000000000520071109NM0000000000000000000001', 're7v2he3otfskzphs4i2wl7w455hrl3h', '0000000000000000000000000000040100000000000000000000000000000403', 'definingMdForm', '73lzq2q04hfvlrp31qxzkcfmr037a7f400000000000000000000000000000186');
INSERT INTO md_attribute ( id) VALUES ('73lzq2q04hfvlrp31qxzkcfmr037a7f400000000000000000000000000000186');
INSERT INTO metadata ( description, created_by, owner, id, create_date, seq, type, remove, site_master, locked_by, entity_domain, last_updated_by, last_update_date, key_name) VALUES ('8m89jkhttm0vu0uybyljh23kb4fbwbmsNM200904120000000000000000000030', '0000000000000000000000000000001000000000000000000000000000000003', '0000000000000000000000000000001000000000000000000000000000000003', '73lzq2q04hfvlrp31qxzkcfmr037a7f400000000000000000000000000000186', '2011-10-03 16:03:31', 3010, 'com.runwaysdk.system.metadata.MdAttributeReference', 1, 'runwaysdk.com', NULL, NULL, '0000000000000000000000000000001000000000000000000000000000000003', '2011-10-03 16:03:31', 'com.runwaysdk.system.metadata.MdMobileField.definingMdForm');
ALTER TABLE md_mobile_field ADD COLUMN defining_md_form  char(64);
INSERT INTO class_attribute_concrete ( id, parent_id, child_id) VALUES ('6ut5l56qhsb6fn0z3hcnuhipc74di8ah00000000000000000000000000000073', 'zlh9ev85l10442ji8z9ync4di5f53zz100000000000000000000000000000001', '73lzq2q04hfvlrp31qxzkcfmr037a7f400000000000000000000000000000186');
INSERT INTO class_attribute ( id, parent_id, child_id) VALUES ('6ut5l56qhsb6fn0z3hcnuhipc74di8ah00000000000000000000000000000073', 'zlh9ev85l10442ji8z9ync4di5f53zz100000000000000000000000000000001', '73lzq2q04hfvlrp31qxzkcfmr037a7f400000000000000000000000000000186');
INSERT INTO metadata_relationship ( entity_domain, site_master, last_updated_by, id, owner, locked_by, create_date, type, created_by, seq, key_name, last_update_date, parent_id, child_id) VALUES (NULL, 'runwaysdk.com', '0000000000000000000000000000001000000000000000000000000000000003', '6ut5l56qhsb6fn0z3hcnuhipc74di8ah00000000000000000000000000000073', '0000000000000000000000000000001000000000000000000000000000000003', NULL, '2011-10-03 16:03:31', 'com.runwaysdk.system.metadata.ClassAttributeConcrete', '0000000000000000000000000000001000000000000000000000000000000003', 3011, 'com.runwaysdk.system.metadata.MdMobileField.definingMdForm', '2011-10-03 16:03:31', 'zlh9ev85l10442ji8z9ync4di5f53zz100000000000000000000000000000001', '73lzq2q04hfvlrp31qxzkcfmr037a7f400000000000000000000000000000186');
 INSERT INTO class_cache (set_id, item_id)  VALUES  ('qnh3vmdbdgy4v8dxvqb1iog81ifxxlkv', '0000000000000000000000000000023100000000000000000000000000000222');
INSERT INTO metadata_display_label ( default_locale, id, site_master, key_name) VALUES ('Mobile Attribute', 'qtnbcjvvx522eyajs0efpbaa1c538v2jNM200904120000000000000000000030', 'runwaysdk.com', 'qtnbcjvvx522eyajs0efpbaa1c538v2jNM200904120000000000000000000030');
INSERT INTO metadata_display_label ( default_locale, id, site_master, key_name) VALUES ('Metadata Mobile Attribute', '0de0am9hmlpgcaxp5ypw8pgdy8sp9b8sNM200904120000000000000000000030', 'runwaysdk.com', '0de0am9hmlpgcaxp5ypw8pgdy8sp9b8sNM200904120000000000000000000030');
INSERT INTO md_business ( cache_algorithm, cache_algorithm_c, super_md_business, id) VALUES ('qnh3vmdbdgy4v8dxvqb1iog81ifxxlkv', '0000000000000000000000000000023100000000000000000000000000000222', 'zlh9ev85l10442ji8z9ync4di5f53zz100000000000000000000000000000001', 'spaidsakim4xgjcf4psuxg6pa3qu120f00000000000000000000000000000001');
INSERT INTO md_element ( extendable, is_abstract, id) VALUES (1, 1, 'spaidsakim4xgjcf4psuxg6pa3qu120f00000000000000000000000000000001');
INSERT INTO md_entity ( query_dto_source, query_source, cache_size, enforce_site_master, table_name, id) VALUES (NULL, NULL, 0, 1, 'md_mobile_attribute', 'spaidsakim4xgjcf4psuxg6pa3qu120f00000000000000000000000000000001');
INSERT INTO md_class ( publish, stub_dto_source, stub_source, id) VALUES (1, NULL, NULL, 'spaidsakim4xgjcf4psuxg6pa3qu120f00000000000000000000000000000001');
INSERT INTO md_type ( display_label, root_id, package_name, type_name, base_source, js_base, js_stub, exported, dto_source, id) VALUES ('qtnbcjvvx522eyajs0efpbaa1c538v2jNM200904120000000000000000000030', 'spaidsakim4xgjcf4psuxg6pa3qu120f', 'com.runwaysdk.system.metadata', 'MdMobileAttribute', NULL, NULL, NULL, 1, NULL, 'spaidsakim4xgjcf4psuxg6pa3qu120f00000000000000000000000000000001');
INSERT INTO metadata ( description, created_by, owner, id, create_date, seq, type, remove, site_master, locked_by, entity_domain, last_updated_by, last_update_date, key_name) VALUES ('0de0am9hmlpgcaxp5ypw8pgdy8sp9b8sNM200904120000000000000000000030', '0000000000000000000000000000001000000000000000000000000000000003', '0000000000000000000000000000001000000000000000000000000000000003', 'spaidsakim4xgjcf4psuxg6pa3qu120f00000000000000000000000000000001', '2011-10-03 16:03:31', 3012, 'com.runwaysdk.system.metadata.MdBusiness', 1, 'runwaysdk.com', NULL, NULL, '0000000000000000000000000000001000000000000000000000000000000003', '2011-10-03 16:03:31', 'com.runwaysdk.system.metadata.MdMobileAttribute');
CREATE TABLE md_mobile_attribute ( id CHAR(64) NOT NULL PRIMARY KEY );
INSERT INTO business_inheritance ( id, parent_id, child_id) VALUES ('8o7pszpropaogdnd6rqqtger1e77gt9620070926NM0000000000000000000004', 'zlh9ev85l10442ji8z9ync4di5f53zz100000000000000000000000000000001', 'spaidsakim4xgjcf4psuxg6pa3qu120f00000000000000000000000000000001');
INSERT INTO class_inheritance ( id, parent_id, child_id) VALUES ('8o7pszpropaogdnd6rqqtger1e77gt9620070926NM0000000000000000000004', 'zlh9ev85l10442ji8z9ync4di5f53zz100000000000000000000000000000001', 'spaidsakim4xgjcf4psuxg6pa3qu120f00000000000000000000000000000001');
INSERT INTO metadata_relationship ( entity_domain, site_master, last_updated_by, id, owner, locked_by, create_date, type, created_by, seq, key_name, last_update_date, parent_id, child_id) VALUES (NULL, 'runwaysdk.com', '0000000000000000000000000000001000000000000000000000000000000003', '8o7pszpropaogdnd6rqqtger1e77gt9620070926NM0000000000000000000004', '0000000000000000000000000000001000000000000000000000000000000003', NULL, '2011-10-03 16:03:31', 'com.runwaysdk.system.metadata.BusinessInheritance', '0000000000000000000000000000001000000000000000000000000000000003', 3013, '8o7pszpropaogdnd6rqqtger1e77gt9620070926NM0000000000000000000004', '2011-10-03 16:03:31', 'zlh9ev85l10442ji8z9ync4di5f53zz100000000000000000000000000000001', 'spaidsakim4xgjcf4psuxg6pa3qu120f00000000000000000000000000000001');
 INSERT INTO visibilitymodifier (set_id, item_id)  VALUES  ('zf2eoww9axz7hcjc330ut92s9nu8bbxl', '20071109NM000000000000000000000520071109NM0000000000000000000001');
INSERT INTO metadata_display_label ( default_locale, id, site_master, key_name) VALUES ('Defining MdAttribute', 'xdkget168lpboisz7oqmgqam8yce5l93NM200904120000000000000000000030', 'runwaysdk.com', 'xdkget168lpboisz7oqmgqam8yce5l93NM200904120000000000000000000030');
 INSERT INTO visibilitymodifier (set_id, item_id)  VALUES  ('0196j79xt2sx1n2sf8vu6gb5rj61fhks', '20071109NM000000000000000000000520071109NM0000000000000000000001');
 INSERT INTO md_attribute_indicies (set_id, item_id)  VALUES  ('8svpsab9v8imx1asp88rrjjziw107yhe', '0000000000000000000000000000040100000000000000000000000000000403');
INSERT INTO metadata_display_label ( default_locale, id, site_master, key_name) VALUES ('The defining MdAttribute of this Field', 'scxqahpsk8uxztw87pg7hyr3oalj0mp4NM200904120000000000000000000030', 'runwaysdk.com', 'scxqahpsk8uxztw87pg7hyr3oalj0mp4NM200904120000000000000000000030');
INSERT INTO md_attribute_reference ( default_value, md_business, id) VALUES (NULL, 'NM20081019000000000000000000000300000000000000000000000000000001', '1z65w4ryycmses2ic4wmy2ibbuvo5ptl00000000000000000000000000000186');
INSERT INTO md_attribute_ref ( id) VALUES ('1z65w4ryycmses2ic4wmy2ibbuvo5ptl00000000000000000000000000000186');
INSERT INTO md_attribute_concrete ( column_name, defining_md_class, setter_visibility, setter_visibility_c, immutable, index_name, generate_accessor, system, required, display_label, getter_visibility, getter_visibility_c, index_type, index_type_c, attribute_name, id) VALUES ('defining_md_attribute', 'spaidsakim4xgjcf4psuxg6pa3qu120f00000000000000000000000000000001', 'zf2eoww9axz7hcjc330ut92s9nu8bbxl', '20071109NM000000000000000000000520071109NM0000000000000000000001', 0, 'a4e0fikk9gyjurhwfjzivzvkm5cgkz', 1, 0, 1, 'xdkget168lpboisz7oqmgqam8yce5l93NM200904120000000000000000000030', '0196j79xt2sx1n2sf8vu6gb5rj61fhks', '20071109NM000000000000000000000520071109NM0000000000000000000001', '8svpsab9v8imx1asp88rrjjziw107yhe', '0000000000000000000000000000040100000000000000000000000000000403', 'definingMdAttribute', '1z65w4ryycmses2ic4wmy2ibbuvo5ptl00000000000000000000000000000186');
INSERT INTO md_attribute ( id) VALUES ('1z65w4ryycmses2ic4wmy2ibbuvo5ptl00000000000000000000000000000186');
INSERT INTO metadata ( description, created_by, owner, id, create_date, seq, type, remove, site_master, locked_by, entity_domain, last_updated_by, last_update_date, key_name) VALUES ('scxqahpsk8uxztw87pg7hyr3oalj0mp4NM200904120000000000000000000030', '0000000000000000000000000000001000000000000000000000000000000003', '0000000000000000000000000000001000000000000000000000000000000003', '1z65w4ryycmses2ic4wmy2ibbuvo5ptl00000000000000000000000000000186', '2011-10-03 16:03:31', 3014, 'com.runwaysdk.system.metadata.MdAttributeReference', 1, 'runwaysdk.com', NULL, NULL, '0000000000000000000000000000001000000000000000000000000000000003', '2011-10-03 16:03:31', 'com.runwaysdk.system.metadata.MdMobileAttribute.definingMdAttribute');
ALTER TABLE md_mobile_attribute ADD COLUMN defining_md_attribute  char(64);
INSERT INTO class_attribute_concrete ( id, parent_id, child_id) VALUES ('6wrinttti4n750qxlptrz8m1omrx8gk200000000000000000000000000000073', 'spaidsakim4xgjcf4psuxg6pa3qu120f00000000000000000000000000000001', '1z65w4ryycmses2ic4wmy2ibbuvo5ptl00000000000000000000000000000186');
INSERT INTO class_attribute ( id, parent_id, child_id) VALUES ('6wrinttti4n750qxlptrz8m1omrx8gk200000000000000000000000000000073', 'spaidsakim4xgjcf4psuxg6pa3qu120f00000000000000000000000000000001', '1z65w4ryycmses2ic4wmy2ibbuvo5ptl00000000000000000000000000000186');
INSERT INTO metadata_relationship ( entity_domain, site_master, last_updated_by, id, owner, locked_by, create_date, type, created_by, seq, key_name, last_update_date, parent_id, child_id) VALUES (NULL, 'runwaysdk.com', '0000000000000000000000000000001000000000000000000000000000000003', '6wrinttti4n750qxlptrz8m1omrx8gk200000000000000000000000000000073', '0000000000000000000000000000001000000000000000000000000000000003', NULL, '2011-10-03 16:03:31', 'com.runwaysdk.system.metadata.ClassAttributeConcrete', '0000000000000000000000000000001000000000000000000000000000000003', 3015, 'com.runwaysdk.system.metadata.MdMobileAttribute.definingMdAttribute', '2011-10-03 16:03:31', 'spaidsakim4xgjcf4psuxg6pa3qu120f00000000000000000000000000000001', '1z65w4ryycmses2ic4wmy2ibbuvo5ptl00000000000000000000000000000186');
 INSERT INTO class_cache (set_id, item_id)  VALUES  ('r0tcrkvyjhqp6d5g1l9yk5i0dm5xusv5', '0000000000000000000000000000023100000000000000000000000000000222');
INSERT INTO metadata_display_label ( default_locale, id, site_master, key_name) VALUES ('Mobile Primitive Field', 'rckoroq1vo9un4jkllhv5ama2jzju4apNM200904120000000000000000000030', 'runwaysdk.com', 'rckoroq1vo9un4jkllhv5ama2jzju4apNM200904120000000000000000000030');
INSERT INTO metadata_display_label ( default_locale, id, site_master, key_name) VALUES ('Metadata Mobile Primitive Field', 'r0e5rqp0din8dyuwvbb3rt6lo92z2mctNM200904120000000000000000000030', 'runwaysdk.com', 'r0e5rqp0din8dyuwvbb3rt6lo92z2mctNM200904120000000000000000000030');
INSERT INTO md_business ( cache_algorithm, cache_algorithm_c, super_md_business, id) VALUES ('r0tcrkvyjhqp6d5g1l9yk5i0dm5xusv5', '0000000000000000000000000000023100000000000000000000000000000222', 'spaidsakim4xgjcf4psuxg6pa3qu120f00000000000000000000000000000001', 'zgld5upl3f35kcjr1au0d16u9btqwjvx00000000000000000000000000000001');
INSERT INTO md_element ( extendable, is_abstract, id) VALUES (1, 1, 'zgld5upl3f35kcjr1au0d16u9btqwjvx00000000000000000000000000000001');
INSERT INTO md_entity ( query_dto_source, query_source, cache_size, enforce_site_master, table_name, id) VALUES (NULL, NULL, 0, 1, 'md_mobile_primitive', 'zgld5upl3f35kcjr1au0d16u9btqwjvx00000000000000000000000000000001');
INSERT INTO md_class ( publish, stub_dto_source, stub_source, id) VALUES (1, NULL, NULL, 'zgld5upl3f35kcjr1au0d16u9btqwjvx00000000000000000000000000000001');
INSERT INTO md_type ( display_label, root_id, package_name, type_name, base_source, js_base, js_stub, exported, dto_source, id) VALUES ('rckoroq1vo9un4jkllhv5ama2jzju4apNM200904120000000000000000000030', 'zgld5upl3f35kcjr1au0d16u9btqwjvx', 'com.runwaysdk.system.metadata', 'MdMobilePrimitive', NULL, NULL, NULL, 1, NULL, 'zgld5upl3f35kcjr1au0d16u9btqwjvx00000000000000000000000000000001');
INSERT INTO metadata ( description, created_by, owner, id, create_date, seq, type, remove, site_master, locked_by, entity_domain, last_updated_by, last_update_date, key_name) VALUES ('r0e5rqp0din8dyuwvbb3rt6lo92z2mctNM200904120000000000000000000030', '0000000000000000000000000000001000000000000000000000000000000003', '0000000000000000000000000000001000000000000000000000000000000003', 'zgld5upl3f35kcjr1au0d16u9btqwjvx00000000000000000000000000000001', '2011-10-03 16:03:31', 3016, 'com.runwaysdk.system.metadata.MdBusiness', 1, 'runwaysdk.com', NULL, NULL, '0000000000000000000000000000001000000000000000000000000000000003', '2011-10-03 16:03:31', 'com.runwaysdk.system.metadata.MdMobilePrimitive');
CREATE TABLE md_mobile_primitive ( id CHAR(64) NOT NULL PRIMARY KEY );
INSERT INTO business_inheritance ( id, parent_id, child_id) VALUES ('xe65l9dohe8gh5q9u0bmq0bw9lq6q4xu20070926NM0000000000000000000004', 'spaidsakim4xgjcf4psuxg6pa3qu120f00000000000000000000000000000001', 'zgld5upl3f35kcjr1au0d16u9btqwjvx00000000000000000000000000000001');
INSERT INTO class_inheritance ( id, parent_id, child_id) VALUES ('xe65l9dohe8gh5q9u0bmq0bw9lq6q4xu20070926NM0000000000000000000004', 'spaidsakim4xgjcf4psuxg6pa3qu120f00000000000000000000000000000001', 'zgld5upl3f35kcjr1au0d16u9btqwjvx00000000000000000000000000000001');
INSERT INTO metadata_relationship ( entity_domain, site_master, last_updated_by, id, owner, locked_by, create_date, type, created_by, seq, key_name, last_update_date, parent_id, child_id) VALUES (NULL, 'runwaysdk.com', '0000000000000000000000000000001000000000000000000000000000000003', 'xe65l9dohe8gh5q9u0bmq0bw9lq6q4xu20070926NM0000000000000000000004', '0000000000000000000000000000001000000000000000000000000000000003', NULL, '2011-10-03 16:03:31', 'com.runwaysdk.system.metadata.BusinessInheritance', '0000000000000000000000000000001000000000000000000000000000000003', 3017, 'xe65l9dohe8gh5q9u0bmq0bw9lq6q4xu20070926NM0000000000000000000004', '2011-10-03 16:03:31', 'spaidsakim4xgjcf4psuxg6pa3qu120f00000000000000000000000000000001', 'zgld5upl3f35kcjr1au0d16u9btqwjvx00000000000000000000000000000001');
 INSERT INTO class_cache (set_id, item_id)  VALUES  ('1ztadpgx29z3q79gycqnm8kyx35mgwbt', '0000000000000000000000000000023100000000000000000000000000000222');
INSERT INTO metadata_display_label ( default_locale, id, site_master, key_name) VALUES ('Mobile Character Field', '23qjut1726z12gncs6z4tcx63o9av6pgNM200904120000000000000000000030', 'runwaysdk.com', '23qjut1726z12gncs6z4tcx63o9av6pgNM200904120000000000000000000030');
INSERT INTO metadata_display_label ( default_locale, id, site_master, key_name) VALUES ('Metadata Mobile Character Field', 'sb2lqkt9do8ccvasmft234yhr9yrne3vNM200904120000000000000000000030', 'runwaysdk.com', 'sb2lqkt9do8ccvasmft234yhr9yrne3vNM200904120000000000000000000030');
INSERT INTO md_business ( cache_algorithm, cache_algorithm_c, super_md_business, id) VALUES ('1ztadpgx29z3q79gycqnm8kyx35mgwbt', '0000000000000000000000000000023100000000000000000000000000000222', 'zgld5upl3f35kcjr1au0d16u9btqwjvx00000000000000000000000000000001', '0grgsv7ivkqhrnlz0znm4b20tg8notf100000000000000000000000000000001');
INSERT INTO md_element ( extendable, is_abstract, id) VALUES (1, 0, '0grgsv7ivkqhrnlz0znm4b20tg8notf100000000000000000000000000000001');
INSERT INTO md_entity ( query_dto_source, query_source, cache_size, enforce_site_master, table_name, id) VALUES (NULL, NULL, 0, 1, 'md_mobile_character', '0grgsv7ivkqhrnlz0znm4b20tg8notf100000000000000000000000000000001');
INSERT INTO md_class ( publish, stub_dto_source, stub_source, id) VALUES (1, NULL, NULL, '0grgsv7ivkqhrnlz0znm4b20tg8notf100000000000000000000000000000001');
INSERT INTO md_type ( display_label, root_id, package_name, type_name, base_source, js_base, js_stub, exported, dto_source, id) VALUES ('23qjut1726z12gncs6z4tcx63o9av6pgNM200904120000000000000000000030', '0grgsv7ivkqhrnlz0znm4b20tg8notf1', 'com.runwaysdk.system.metadata', 'MdMobileCharacter', NULL, NULL, NULL, 1, NULL, '0grgsv7ivkqhrnlz0znm4b20tg8notf100000000000000000000000000000001');
INSERT INTO metadata ( description, created_by, owner, id, create_date, seq, type, remove, site_master, locked_by, entity_domain, last_updated_by, last_update_date, key_name) VALUES ('sb2lqkt9do8ccvasmft234yhr9yrne3vNM200904120000000000000000000030', '0000000000000000000000000000001000000000000000000000000000000003', '0000000000000000000000000000001000000000000000000000000000000003', '0grgsv7ivkqhrnlz0znm4b20tg8notf100000000000000000000000000000001', '2011-10-03 16:03:31', 3018, 'com.runwaysdk.system.metadata.MdBusiness', 1, 'runwaysdk.com', NULL, NULL, '0000000000000000000000000000001000000000000000000000000000000003', '2011-10-03 16:03:31', 'com.runwaysdk.system.metadata.MdMobileCharacter');
CREATE TABLE md_mobile_character ( id CHAR(64) NOT NULL PRIMARY KEY );
INSERT INTO business_inheritance ( id, parent_id, child_id) VALUES ('8zi49x28n5qnf4y074sxyzjydazsnpaj20070926NM0000000000000000000004', 'zgld5upl3f35kcjr1au0d16u9btqwjvx00000000000000000000000000000001', '0grgsv7ivkqhrnlz0znm4b20tg8notf100000000000000000000000000000001');
INSERT INTO class_inheritance ( id, parent_id, child_id) VALUES ('8zi49x28n5qnf4y074sxyzjydazsnpaj20070926NM0000000000000000000004', 'zgld5upl3f35kcjr1au0d16u9btqwjvx00000000000000000000000000000001', '0grgsv7ivkqhrnlz0znm4b20tg8notf100000000000000000000000000000001');
INSERT INTO metadata_relationship ( entity_domain, site_master, last_updated_by, id, owner, locked_by, create_date, type, created_by, seq, key_name, last_update_date, parent_id, child_id) VALUES (NULL, 'runwaysdk.com', '0000000000000000000000000000001000000000000000000000000000000003', '8zi49x28n5qnf4y074sxyzjydazsnpaj20070926NM0000000000000000000004', '0000000000000000000000000000001000000000000000000000000000000003', NULL, '2011-10-03 16:03:31', 'com.runwaysdk.system.metadata.BusinessInheritance', '0000000000000000000000000000001000000000000000000000000000000003', 3019, '8zi49x28n5qnf4y074sxyzjydazsnpaj20070926NM0000000000000000000004', '2011-10-03 16:03:31', 'zgld5upl3f35kcjr1au0d16u9btqwjvx00000000000000000000000000000001', '0grgsv7ivkqhrnlz0znm4b20tg8notf100000000000000000000000000000001');
 INSERT INTO visibilitymodifier (set_id, item_id)  VALUES  ('xk1u42h6vkc28ohbn85bj0hh5njz9rz1', '20071109NM000000000000000000000520071109NM0000000000000000000001');
INSERT INTO metadata_display_label ( default_locale, id, site_master, key_name) VALUES ('Max Length', 'z32wrbbnzg1e87xixt9m7gaso7olwt24NM200904120000000000000000000030', 'runwaysdk.com', 'z32wrbbnzg1e87xixt9m7gaso7olwt24NM200904120000000000000000000030');
 INSERT INTO visibilitymodifier (set_id, item_id)  VALUES  ('6qu4tt2lyvlrgont91hhmx4divpzv758', '20071109NM000000000000000000000520071109NM0000000000000000000001');
 INSERT INTO md_attribute_indicies (set_id, item_id)  VALUES  ('z7kgb5gspoq0nojfcz7bsjarnw7eub5t', '0000000000000000000000000000040100000000000000000000000000000403');
INSERT INTO metadata_display_label ( default_locale, id, site_master, key_name) VALUES ('The maximum length of the field value.', '0fd2myssj0oa12ob5lqhhps4o8host51NM200904120000000000000000000030', 'runwaysdk.com', '0fd2myssj0oa12ob5lqhhps4o8host51NM200904120000000000000000000030');
INSERT INTO md_attribute_integer ( default_value, id) VALUES (NULL, 'xp38i3gu8el822npyss3c7yucmhcvc4700000000000000000000000000000332');
INSERT INTO md_attribute_int ( id) VALUES ('xp38i3gu8el822npyss3c7yucmhcvc4700000000000000000000000000000332');
INSERT INTO md_attribute_number ( reject_negative, reject_zero, reject_positive, id) VALUES (1, 0, 0, 'xp38i3gu8el822npyss3c7yucmhcvc4700000000000000000000000000000332');
INSERT INTO md_attribute_primitive ( id) VALUES ('xp38i3gu8el822npyss3c7yucmhcvc4700000000000000000000000000000332');
INSERT INTO md_attribute_concrete ( column_name, defining_md_class, setter_visibility, setter_visibility_c, immutable, index_name, generate_accessor, system, required, display_label, getter_visibility, getter_visibility_c, index_type, index_type_c, attribute_name, id) VALUES ('max_length', '0grgsv7ivkqhrnlz0znm4b20tg8notf100000000000000000000000000000001', 'xk1u42h6vkc28ohbn85bj0hh5njz9rz1', '20071109NM000000000000000000000520071109NM0000000000000000000001', 0, 'abyndnoclikpuzxh4ye2phnftd074j', 1, 0, 1, 'z32wrbbnzg1e87xixt9m7gaso7olwt24NM200904120000000000000000000030', '6qu4tt2lyvlrgont91hhmx4divpzv758', '20071109NM000000000000000000000520071109NM0000000000000000000001', 'z7kgb5gspoq0nojfcz7bsjarnw7eub5t', '0000000000000000000000000000040100000000000000000000000000000403', 'maxLength', 'xp38i3gu8el822npyss3c7yucmhcvc4700000000000000000000000000000332');
INSERT INTO md_attribute ( id) VALUES ('xp38i3gu8el822npyss3c7yucmhcvc4700000000000000000000000000000332');
INSERT INTO metadata ( description, created_by, owner, id, create_date, seq, type, remove, site_master, locked_by, entity_domain, last_updated_by, last_update_date, key_name) VALUES ('0fd2myssj0oa12ob5lqhhps4o8host51NM200904120000000000000000000030', '0000000000000000000000000000001000000000000000000000000000000003', '0000000000000000000000000000001000000000000000000000000000000003', 'xp38i3gu8el822npyss3c7yucmhcvc4700000000000000000000000000000332', '2011-10-03 16:03:31', 3020, 'com.runwaysdk.system.metadata.MdAttributeInteger', 1, 'runwaysdk.com', NULL, NULL, '0000000000000000000000000000001000000000000000000000000000000003', '2011-10-03 16:03:31', 'com.runwaysdk.system.metadata.MdMobileCharacter.maxLength');
ALTER TABLE md_mobile_character ADD COLUMN max_length  int;
INSERT INTO class_attribute_concrete ( id, parent_id, child_id) VALUES ('sj8yc2ep8gj6k4d130n7k5lmp3d0fl0o00000000000000000000000000000073', '0grgsv7ivkqhrnlz0znm4b20tg8notf100000000000000000000000000000001', 'xp38i3gu8el822npyss3c7yucmhcvc4700000000000000000000000000000332');
INSERT INTO class_attribute ( id, parent_id, child_id) VALUES ('sj8yc2ep8gj6k4d130n7k5lmp3d0fl0o00000000000000000000000000000073', '0grgsv7ivkqhrnlz0znm4b20tg8notf100000000000000000000000000000001', 'xp38i3gu8el822npyss3c7yucmhcvc4700000000000000000000000000000332');
INSERT INTO metadata_relationship ( entity_domain, site_master, last_updated_by, id, owner, locked_by, create_date, type, created_by, seq, key_name, last_update_date, parent_id, child_id) VALUES (NULL, 'runwaysdk.com', '0000000000000000000000000000001000000000000000000000000000000003', 'sj8yc2ep8gj6k4d130n7k5lmp3d0fl0o00000000000000000000000000000073', '0000000000000000000000000000001000000000000000000000000000000003', NULL, '2011-10-03 16:03:31', 'com.runwaysdk.system.metadata.ClassAttributeConcrete', '0000000000000000000000000000001000000000000000000000000000000003', 3021, 'com.runwaysdk.system.metadata.MdMobileCharacter.maxLength', '2011-10-03 16:03:31', '0grgsv7ivkqhrnlz0znm4b20tg8notf100000000000000000000000000000001', 'xp38i3gu8el822npyss3c7yucmhcvc4700000000000000000000000000000332');
 INSERT INTO visibilitymodifier (set_id, item_id)  VALUES  ('0esdctnser8lsh0lhgs27fntix9updtw', '20071109NM000000000000000000000520071109NM0000000000000000000001');
INSERT INTO metadata_display_label ( default_locale, id, site_master, key_name) VALUES ('Display Length', 'zejf1pkv5q1juhyily590ae93pf2ivl6NM200904120000000000000000000030', 'runwaysdk.com', 'zejf1pkv5q1juhyily590ae93pf2ivl6NM200904120000000000000000000030');
 INSERT INTO visibilitymodifier (set_id, item_id)  VALUES  ('qnf9cosmflxonagj80rh25jfgg4h4dfu', '20071109NM000000000000000000000520071109NM0000000000000000000001');
 INSERT INTO md_attribute_indicies (set_id, item_id)  VALUES  ('1p491al7j72i7ub3jgjzdhpt4fdpsyog', '0000000000000000000000000000040100000000000000000000000000000403');
INSERT INTO metadata_display_label ( default_locale, id, site_master, key_name) VALUES ('The displayed length of the field value.', '6ul43m2727zjs00vm88q15nveof1x8vvNM200904120000000000000000000030', 'runwaysdk.com', '6ul43m2727zjs00vm88q15nveof1x8vvNM200904120000000000000000000030');
INSERT INTO md_attribute_integer ( default_value, id) VALUES (NULL, 'rckohxcyk26azwm2uy8u9dlg4aqcn33p00000000000000000000000000000332');
INSERT INTO md_attribute_int ( id) VALUES ('rckohxcyk26azwm2uy8u9dlg4aqcn33p00000000000000000000000000000332');
INSERT INTO md_attribute_number ( reject_negative, reject_zero, reject_positive, id) VALUES (1, 0, 0, 'rckohxcyk26azwm2uy8u9dlg4aqcn33p00000000000000000000000000000332');
INSERT INTO md_attribute_primitive ( id) VALUES ('rckohxcyk26azwm2uy8u9dlg4aqcn33p00000000000000000000000000000332');
INSERT INTO md_attribute_concrete ( column_name, defining_md_class, setter_visibility, setter_visibility_c, immutable, index_name, generate_accessor, system, required, display_label, getter_visibility, getter_visibility_c, index_type, index_type_c, attribute_name, id) VALUES ('display_length', '0grgsv7ivkqhrnlz0znm4b20tg8notf100000000000000000000000000000001', '0esdctnser8lsh0lhgs27fntix9updtw', '20071109NM000000000000000000000520071109NM0000000000000000000001', 0, 'afjtus44zkckr2kt6yw7wmp4ewnclz', 1, 0, 1, 'zejf1pkv5q1juhyily590ae93pf2ivl6NM200904120000000000000000000030', 'qnf9cosmflxonagj80rh25jfgg4h4dfu', '20071109NM000000000000000000000520071109NM0000000000000000000001', '1p491al7j72i7ub3jgjzdhpt4fdpsyog', '0000000000000000000000000000040100000000000000000000000000000403', 'displayLength', 'rckohxcyk26azwm2uy8u9dlg4aqcn33p00000000000000000000000000000332');
INSERT INTO md_attribute ( id) VALUES ('rckohxcyk26azwm2uy8u9dlg4aqcn33p00000000000000000000000000000332');
INSERT INTO metadata ( description, created_by, owner, id, create_date, seq, type, remove, site_master, locked_by, entity_domain, last_updated_by, last_update_date, key_name) VALUES ('6ul43m2727zjs00vm88q15nveof1x8vvNM200904120000000000000000000030', '0000000000000000000000000000001000000000000000000000000000000003', '0000000000000000000000000000001000000000000000000000000000000003', 'rckohxcyk26azwm2uy8u9dlg4aqcn33p00000000000000000000000000000332', '2011-10-03 16:03:31', 3022, 'com.runwaysdk.system.metadata.MdAttributeInteger', 1, 'runwaysdk.com', NULL, NULL, '0000000000000000000000000000001000000000000000000000000000000003', '2011-10-03 16:03:31', 'com.runwaysdk.system.metadata.MdMobileCharacter.displayLength');
ALTER TABLE md_mobile_character ADD COLUMN display_length  int;
INSERT INTO class_attribute_concrete ( id, parent_id, child_id) VALUES ('6yctbinsfd7kg0gxjhf5j1t3dnyv122z00000000000000000000000000000073', '0grgsv7ivkqhrnlz0znm4b20tg8notf100000000000000000000000000000001', 'rckohxcyk26azwm2uy8u9dlg4aqcn33p00000000000000000000000000000332');
INSERT INTO class_attribute ( id, parent_id, child_id) VALUES ('6yctbinsfd7kg0gxjhf5j1t3dnyv122z00000000000000000000000000000073', '0grgsv7ivkqhrnlz0znm4b20tg8notf100000000000000000000000000000001', 'rckohxcyk26azwm2uy8u9dlg4aqcn33p00000000000000000000000000000332');
INSERT INTO metadata_relationship ( entity_domain, site_master, last_updated_by, id, owner, locked_by, create_date, type, created_by, seq, key_name, last_update_date, parent_id, child_id) VALUES (NULL, 'runwaysdk.com', '0000000000000000000000000000001000000000000000000000000000000003', '6yctbinsfd7kg0gxjhf5j1t3dnyv122z00000000000000000000000000000073', '0000000000000000000000000000001000000000000000000000000000000003', NULL, '2011-10-03 16:03:31', 'com.runwaysdk.system.metadata.ClassAttributeConcrete', '0000000000000000000000000000001000000000000000000000000000000003', 3023, 'com.runwaysdk.system.metadata.MdMobileCharacter.displayLength', '2011-10-03 16:03:31', '0grgsv7ivkqhrnlz0znm4b20tg8notf100000000000000000000000000000001', 'rckohxcyk26azwm2uy8u9dlg4aqcn33p00000000000000000000000000000332');
 INSERT INTO class_cache (set_id, item_id)  VALUES  ('zctkvh19u82ddntq4frkkef4yya6qx1b', '0000000000000000000000000000023100000000000000000000000000000222');
INSERT INTO metadata_display_label ( default_locale, id, site_master, key_name) VALUES ('Mobile Text Field', '8f6540162t3u6sqzfwics82qqwej9m5oNM200904120000000000000000000030', 'runwaysdk.com', '8f6540162t3u6sqzfwics82qqwej9m5oNM200904120000000000000000000030');
INSERT INTO metadata_display_label ( default_locale, id, site_master, key_name) VALUES ('Metadata Mobile Text Field', 'z2k8evqz954z6s9l7b9u8hsyrt7fyufcNM200904120000000000000000000030', 'runwaysdk.com', 'z2k8evqz954z6s9l7b9u8hsyrt7fyufcNM200904120000000000000000000030');
INSERT INTO md_business ( cache_algorithm, cache_algorithm_c, super_md_business, id) VALUES ('zctkvh19u82ddntq4frkkef4yya6qx1b', '0000000000000000000000000000023100000000000000000000000000000222', 'zgld5upl3f35kcjr1au0d16u9btqwjvx00000000000000000000000000000001', '0pjnyv82zfs9vffp976qozg80ci4ac7j00000000000000000000000000000001');
INSERT INTO md_element ( extendable, is_abstract, id) VALUES (1, 0, '0pjnyv82zfs9vffp976qozg80ci4ac7j00000000000000000000000000000001');
INSERT INTO md_entity ( query_dto_source, query_source, cache_size, enforce_site_master, table_name, id) VALUES (NULL, NULL, 0, 1, 'md_mobile_text', '0pjnyv82zfs9vffp976qozg80ci4ac7j00000000000000000000000000000001');
INSERT INTO md_class ( publish, stub_dto_source, stub_source, id) VALUES (1, NULL, NULL, '0pjnyv82zfs9vffp976qozg80ci4ac7j00000000000000000000000000000001');
INSERT INTO md_type ( display_label, root_id, package_name, type_name, base_source, js_base, js_stub, exported, dto_source, id) VALUES ('8f6540162t3u6sqzfwics82qqwej9m5oNM200904120000000000000000000030', '0pjnyv82zfs9vffp976qozg80ci4ac7j', 'com.runwaysdk.system.metadata', 'MdMobileText', NULL, NULL, NULL, 1, NULL, '0pjnyv82zfs9vffp976qozg80ci4ac7j00000000000000000000000000000001');
INSERT INTO metadata ( description, created_by, owner, id, create_date, seq, type, remove, site_master, locked_by, entity_domain, last_updated_by, last_update_date, key_name) VALUES ('z2k8evqz954z6s9l7b9u8hsyrt7fyufcNM200904120000000000000000000030', '0000000000000000000000000000001000000000000000000000000000000003', '0000000000000000000000000000001000000000000000000000000000000003', '0pjnyv82zfs9vffp976qozg80ci4ac7j00000000000000000000000000000001', '2011-10-03 16:03:31', 3024, 'com.runwaysdk.system.metadata.MdBusiness', 1, 'runwaysdk.com', NULL, NULL, '0000000000000000000000000000001000000000000000000000000000000003', '2011-10-03 16:03:31', 'com.runwaysdk.system.metadata.MdMobileText');
CREATE TABLE md_mobile_text ( id CHAR(64) NOT NULL PRIMARY KEY );
INSERT INTO business_inheritance ( id, parent_id, child_id) VALUES ('1x2gp6nw3boscmgd1mzjwizj0pqewmrv20070926NM0000000000000000000004', 'zgld5upl3f35kcjr1au0d16u9btqwjvx00000000000000000000000000000001', '0pjnyv82zfs9vffp976qozg80ci4ac7j00000000000000000000000000000001');
INSERT INTO class_inheritance ( id, parent_id, child_id) VALUES ('1x2gp6nw3boscmgd1mzjwizj0pqewmrv20070926NM0000000000000000000004', 'zgld5upl3f35kcjr1au0d16u9btqwjvx00000000000000000000000000000001', '0pjnyv82zfs9vffp976qozg80ci4ac7j00000000000000000000000000000001');
INSERT INTO metadata_relationship ( entity_domain, site_master, last_updated_by, id, owner, locked_by, create_date, type, created_by, seq, key_name, last_update_date, parent_id, child_id) VALUES (NULL, 'runwaysdk.com', '0000000000000000000000000000001000000000000000000000000000000003', '1x2gp6nw3boscmgd1mzjwizj0pqewmrv20070926NM0000000000000000000004', '0000000000000000000000000000001000000000000000000000000000000003', NULL, '2011-10-03 16:03:31', 'com.runwaysdk.system.metadata.BusinessInheritance', '0000000000000000000000000000001000000000000000000000000000000003', 3025, '1x2gp6nw3boscmgd1mzjwizj0pqewmrv20070926NM0000000000000000000004', '2011-10-03 16:03:31', 'zgld5upl3f35kcjr1au0d16u9btqwjvx00000000000000000000000000000001', '0pjnyv82zfs9vffp976qozg80ci4ac7j00000000000000000000000000000001');
 INSERT INTO class_cache (set_id, item_id)  VALUES  ('sftkemrtlj6rinas5vv1988qlr8ftoej', '0000000000000000000000000000023100000000000000000000000000000222');
INSERT INTO metadata_display_label ( default_locale, id, site_master, key_name) VALUES ('Mobile Moment Field', 'qy6c2clcnm80fjerob4b2pediv00cbd7NM200904120000000000000000000030', 'runwaysdk.com', 'qy6c2clcnm80fjerob4b2pediv00cbd7NM200904120000000000000000000030');
INSERT INTO metadata_display_label ( default_locale, id, site_master, key_name) VALUES ('Metadata Mobile Moment Field', 'r4jws7av15kgaz6r48x32ixwun17muqaNM200904120000000000000000000030', 'runwaysdk.com', 'r4jws7av15kgaz6r48x32ixwun17muqaNM200904120000000000000000000030');
INSERT INTO md_business ( cache_algorithm, cache_algorithm_c, super_md_business, id) VALUES ('sftkemrtlj6rinas5vv1988qlr8ftoej', '0000000000000000000000000000023100000000000000000000000000000222', 'zgld5upl3f35kcjr1au0d16u9btqwjvx00000000000000000000000000000001', 'skmvar4ubw31tx9ku5bpeevk14pk6rs200000000000000000000000000000001');
INSERT INTO md_element ( extendable, is_abstract, id) VALUES (1, 1, 'skmvar4ubw31tx9ku5bpeevk14pk6rs200000000000000000000000000000001');
INSERT INTO md_entity ( query_dto_source, query_source, cache_size, enforce_site_master, table_name, id) VALUES (NULL, NULL, 0, 1, 'md_mobile_moment', 'skmvar4ubw31tx9ku5bpeevk14pk6rs200000000000000000000000000000001');
INSERT INTO md_class ( publish, stub_dto_source, stub_source, id) VALUES (1, NULL, NULL, 'skmvar4ubw31tx9ku5bpeevk14pk6rs200000000000000000000000000000001');
INSERT INTO md_type ( display_label, root_id, package_name, type_name, base_source, js_base, js_stub, exported, dto_source, id) VALUES ('qy6c2clcnm80fjerob4b2pediv00cbd7NM200904120000000000000000000030', 'skmvar4ubw31tx9ku5bpeevk14pk6rs2', 'com.runwaysdk.system.metadata', 'MdMobileMoment', NULL, NULL, NULL, 1, NULL, 'skmvar4ubw31tx9ku5bpeevk14pk6rs200000000000000000000000000000001');
INSERT INTO metadata ( description, created_by, owner, id, create_date, seq, type, remove, site_master, locked_by, entity_domain, last_updated_by, last_update_date, key_name) VALUES ('r4jws7av15kgaz6r48x32ixwun17muqaNM200904120000000000000000000030', '0000000000000000000000000000001000000000000000000000000000000003', '0000000000000000000000000000001000000000000000000000000000000003', 'skmvar4ubw31tx9ku5bpeevk14pk6rs200000000000000000000000000000001', '2011-10-03 16:03:31', 3026, 'com.runwaysdk.system.metadata.MdBusiness', 1, 'runwaysdk.com', NULL, NULL, '0000000000000000000000000000001000000000000000000000000000000003', '2011-10-03 16:03:31', 'com.runwaysdk.system.metadata.MdMobileMoment');
CREATE TABLE md_mobile_moment ( id CHAR(64) NOT NULL PRIMARY KEY );
INSERT INTO business_inheritance ( id, parent_id, child_id) VALUES ('6ynaocgb1z1kg9jl6lzje02j8ywru33520070926NM0000000000000000000004', 'zgld5upl3f35kcjr1au0d16u9btqwjvx00000000000000000000000000000001', 'skmvar4ubw31tx9ku5bpeevk14pk6rs200000000000000000000000000000001');
INSERT INTO class_inheritance ( id, parent_id, child_id) VALUES ('6ynaocgb1z1kg9jl6lzje02j8ywru33520070926NM0000000000000000000004', 'zgld5upl3f35kcjr1au0d16u9btqwjvx00000000000000000000000000000001', 'skmvar4ubw31tx9ku5bpeevk14pk6rs200000000000000000000000000000001');
INSERT INTO metadata_relationship ( entity_domain, site_master, last_updated_by, id, owner, locked_by, create_date, type, created_by, seq, key_name, last_update_date, parent_id, child_id) VALUES (NULL, 'runwaysdk.com', '0000000000000000000000000000001000000000000000000000000000000003', '6ynaocgb1z1kg9jl6lzje02j8ywru33520070926NM0000000000000000000004', '0000000000000000000000000000001000000000000000000000000000000003', NULL, '2011-10-03 16:03:31', 'com.runwaysdk.system.metadata.BusinessInheritance', '0000000000000000000000000000001000000000000000000000000000000003', 3027, '6ynaocgb1z1kg9jl6lzje02j8ywru33520070926NM0000000000000000000004', '2011-10-03 16:03:31', 'zgld5upl3f35kcjr1au0d16u9btqwjvx00000000000000000000000000000001', 'skmvar4ubw31tx9ku5bpeevk14pk6rs200000000000000000000000000000001');
 INSERT INTO class_cache (set_id, item_id)  VALUES  ('z54kx4sqmrr8gk37h2vxr2p35oqzle8f', '0000000000000000000000000000023100000000000000000000000000000222');
INSERT INTO metadata_display_label ( default_locale, id, site_master, key_name) VALUES ('Mobile Date Field', '76jf9kut990gncej92afzyxr181o1xvlNM200904120000000000000000000030', 'runwaysdk.com', '76jf9kut990gncej92afzyxr181o1xvlNM200904120000000000000000000030');
INSERT INTO metadata_display_label ( default_locale, id, site_master, key_name) VALUES ('Metadata Mobile Date Field', 'xphvyusec7e8ogr3il7q8xruebh28pmtNM200904120000000000000000000030', 'runwaysdk.com', 'xphvyusec7e8ogr3il7q8xruebh28pmtNM200904120000000000000000000030');
INSERT INTO md_business ( cache_algorithm, cache_algorithm_c, super_md_business, id) VALUES ('z54kx4sqmrr8gk37h2vxr2p35oqzle8f', '0000000000000000000000000000023100000000000000000000000000000222', 'skmvar4ubw31tx9ku5bpeevk14pk6rs200000000000000000000000000000001', 't1v0l14duwoq9comvmt6qn6r69ik67xl00000000000000000000000000000001');
INSERT INTO md_element ( extendable, is_abstract, id) VALUES (1, 0, 't1v0l14duwoq9comvmt6qn6r69ik67xl00000000000000000000000000000001');
INSERT INTO md_entity ( query_dto_source, query_source, cache_size, enforce_site_master, table_name, id) VALUES (NULL, NULL, 0, 1, 'md_mobile_date', 't1v0l14duwoq9comvmt6qn6r69ik67xl00000000000000000000000000000001');
INSERT INTO md_class ( publish, stub_dto_source, stub_source, id) VALUES (1, NULL, NULL, 't1v0l14duwoq9comvmt6qn6r69ik67xl00000000000000000000000000000001');
INSERT INTO md_type ( display_label, root_id, package_name, type_name, base_source, js_base, js_stub, exported, dto_source, id) VALUES ('76jf9kut990gncej92afzyxr181o1xvlNM200904120000000000000000000030', 't1v0l14duwoq9comvmt6qn6r69ik67xl', 'com.runwaysdk.system.metadata', 'MdMobileDate', NULL, NULL, NULL, 1, NULL, 't1v0l14duwoq9comvmt6qn6r69ik67xl00000000000000000000000000000001');
INSERT INTO metadata ( description, created_by, owner, id, create_date, seq, type, remove, site_master, locked_by, entity_domain, last_updated_by, last_update_date, key_name) VALUES ('xphvyusec7e8ogr3il7q8xruebh28pmtNM200904120000000000000000000030', '0000000000000000000000000000001000000000000000000000000000000003', '0000000000000000000000000000001000000000000000000000000000000003', 't1v0l14duwoq9comvmt6qn6r69ik67xl00000000000000000000000000000001', '2011-10-03 16:03:31', 3028, 'com.runwaysdk.system.metadata.MdBusiness', 1, 'runwaysdk.com', NULL, NULL, '0000000000000000000000000000001000000000000000000000000000000003', '2011-10-03 16:03:31', 'com.runwaysdk.system.metadata.MdMobileDate');
CREATE TABLE md_mobile_date ( id CHAR(64) NOT NULL PRIMARY KEY );
INSERT INTO business_inheritance ( id, parent_id, child_id) VALUES ('7gszdy032pti8sir4zl9a4dxf5zr7sjf20070926NM0000000000000000000004', 'skmvar4ubw31tx9ku5bpeevk14pk6rs200000000000000000000000000000001', 't1v0l14duwoq9comvmt6qn6r69ik67xl00000000000000000000000000000001');
INSERT INTO class_inheritance ( id, parent_id, child_id) VALUES ('7gszdy032pti8sir4zl9a4dxf5zr7sjf20070926NM0000000000000000000004', 'skmvar4ubw31tx9ku5bpeevk14pk6rs200000000000000000000000000000001', 't1v0l14duwoq9comvmt6qn6r69ik67xl00000000000000000000000000000001');
INSERT INTO metadata_relationship ( entity_domain, site_master, last_updated_by, id, owner, locked_by, create_date, type, created_by, seq, key_name, last_update_date, parent_id, child_id) VALUES (NULL, 'runwaysdk.com', '0000000000000000000000000000001000000000000000000000000000000003', '7gszdy032pti8sir4zl9a4dxf5zr7sjf20070926NM0000000000000000000004', '0000000000000000000000000000001000000000000000000000000000000003', NULL, '2011-10-03 16:03:31', 'com.runwaysdk.system.metadata.BusinessInheritance', '0000000000000000000000000000001000000000000000000000000000000003', 3029, '7gszdy032pti8sir4zl9a4dxf5zr7sjf20070926NM0000000000000000000004', '2011-10-03 16:03:31', 'skmvar4ubw31tx9ku5bpeevk14pk6rs200000000000000000000000000000001', 't1v0l14duwoq9comvmt6qn6r69ik67xl00000000000000000000000000000001');
 INSERT INTO class_cache (set_id, item_id)  VALUES  ('0bxk4ywe3gks2s54lr1jl9mskf14d6in', '0000000000000000000000000000023100000000000000000000000000000222');
INSERT INTO metadata_display_label ( default_locale, id, site_master, key_name) VALUES ('Mobile Date Time Field', 'r1ca4t7xyt7s2ql8ae3l4gqtgfymxh6pNM200904120000000000000000000030', 'runwaysdk.com', 'r1ca4t7xyt7s2ql8ae3l4gqtgfymxh6pNM200904120000000000000000000030');
INSERT INTO metadata_display_label ( default_locale, id, site_master, key_name) VALUES ('Metadata Mobile DateTime Field', '1rkprq43xbmpu8lu0hy3ew5c6xwivorfNM200904120000000000000000000030', 'runwaysdk.com', '1rkprq43xbmpu8lu0hy3ew5c6xwivorfNM200904120000000000000000000030');
INSERT INTO md_business ( cache_algorithm, cache_algorithm_c, super_md_business, id) VALUES ('0bxk4ywe3gks2s54lr1jl9mskf14d6in', '0000000000000000000000000000023100000000000000000000000000000222', 'skmvar4ubw31tx9ku5bpeevk14pk6rs200000000000000000000000000000001', '90pshnxlac44htsy385e6a6y9gjfkkmm00000000000000000000000000000001');
INSERT INTO md_element ( extendable, is_abstract, id) VALUES (1, 0, '90pshnxlac44htsy385e6a6y9gjfkkmm00000000000000000000000000000001');
INSERT INTO md_entity ( query_dto_source, query_source, cache_size, enforce_site_master, table_name, id) VALUES (NULL, NULL, 0, 1, 'md_mobile_date_time', '90pshnxlac44htsy385e6a6y9gjfkkmm00000000000000000000000000000001');
INSERT INTO md_class ( publish, stub_dto_source, stub_source, id) VALUES (1, NULL, NULL, '90pshnxlac44htsy385e6a6y9gjfkkmm00000000000000000000000000000001');
INSERT INTO md_type ( display_label, root_id, package_name, type_name, base_source, js_base, js_stub, exported, dto_source, id) VALUES ('r1ca4t7xyt7s2ql8ae3l4gqtgfymxh6pNM200904120000000000000000000030', '90pshnxlac44htsy385e6a6y9gjfkkmm', 'com.runwaysdk.system.metadata', 'MdMobileDateTime', NULL, NULL, NULL, 1, NULL, '90pshnxlac44htsy385e6a6y9gjfkkmm00000000000000000000000000000001');
INSERT INTO metadata ( description, created_by, owner, id, create_date, seq, type, remove, site_master, locked_by, entity_domain, last_updated_by, last_update_date, key_name) VALUES ('1rkprq43xbmpu8lu0hy3ew5c6xwivorfNM200904120000000000000000000030', '0000000000000000000000000000001000000000000000000000000000000003', '0000000000000000000000000000001000000000000000000000000000000003', '90pshnxlac44htsy385e6a6y9gjfkkmm00000000000000000000000000000001', '2011-10-03 16:03:31', 3030, 'com.runwaysdk.system.metadata.MdBusiness', 1, 'runwaysdk.com', NULL, NULL, '0000000000000000000000000000001000000000000000000000000000000003', '2011-10-03 16:03:31', 'com.runwaysdk.system.metadata.MdMobileDateTime');
CREATE TABLE md_mobile_date_time ( id CHAR(64) NOT NULL PRIMARY KEY );
INSERT INTO business_inheritance ( id, parent_id, child_id) VALUES ('8khty2ilyobqo3sr1qa23n30elf4rge620070926NM0000000000000000000004', 'skmvar4ubw31tx9ku5bpeevk14pk6rs200000000000000000000000000000001', '90pshnxlac44htsy385e6a6y9gjfkkmm00000000000000000000000000000001');
INSERT INTO class_inheritance ( id, parent_id, child_id) VALUES ('8khty2ilyobqo3sr1qa23n30elf4rge620070926NM0000000000000000000004', 'skmvar4ubw31tx9ku5bpeevk14pk6rs200000000000000000000000000000001', '90pshnxlac44htsy385e6a6y9gjfkkmm00000000000000000000000000000001');
INSERT INTO metadata_relationship ( entity_domain, site_master, last_updated_by, id, owner, locked_by, create_date, type, created_by, seq, key_name, last_update_date, parent_id, child_id) VALUES (NULL, 'runwaysdk.com', '0000000000000000000000000000001000000000000000000000000000000003', '8khty2ilyobqo3sr1qa23n30elf4rge620070926NM0000000000000000000004', '0000000000000000000000000000001000000000000000000000000000000003', NULL, '2011-10-03 16:03:31', 'com.runwaysdk.system.metadata.BusinessInheritance', '0000000000000000000000000000001000000000000000000000000000000003', 3031, '8khty2ilyobqo3sr1qa23n30elf4rge620070926NM0000000000000000000004', '2011-10-03 16:03:31', 'skmvar4ubw31tx9ku5bpeevk14pk6rs200000000000000000000000000000001', '90pshnxlac44htsy385e6a6y9gjfkkmm00000000000000000000000000000001');
 INSERT INTO class_cache (set_id, item_id)  VALUES  ('036qmzl8mrp4iv2rr0id5ev04og1tqgg', '0000000000000000000000000000023100000000000000000000000000000222');
INSERT INTO metadata_display_label ( default_locale, id, site_master, key_name) VALUES ('Mobile Time Field', '0kvy3p6wvsbyaw28n7ca444e9j9h4m27NM200904120000000000000000000030', 'runwaysdk.com', '0kvy3p6wvsbyaw28n7ca444e9j9h4m27NM200904120000000000000000000030');
INSERT INTO metadata_display_label ( default_locale, id, site_master, key_name) VALUES ('Metadata Mobile Time Field', '084x70k78sabt0o2m6o0levk5elyxge4NM200904120000000000000000000030', 'runwaysdk.com', '084x70k78sabt0o2m6o0levk5elyxge4NM200904120000000000000000000030');
INSERT INTO md_business ( cache_algorithm, cache_algorithm_c, super_md_business, id) VALUES ('036qmzl8mrp4iv2rr0id5ev04og1tqgg', '0000000000000000000000000000023100000000000000000000000000000222', 'skmvar4ubw31tx9ku5bpeevk14pk6rs200000000000000000000000000000001', 'saxnig5cgwl3hcamgql1soz6rb5g5bfz00000000000000000000000000000001');
INSERT INTO md_element ( extendable, is_abstract, id) VALUES (1, 0, 'saxnig5cgwl3hcamgql1soz6rb5g5bfz00000000000000000000000000000001');
INSERT INTO md_entity ( query_dto_source, query_source, cache_size, enforce_site_master, table_name, id) VALUES (NULL, NULL, 0, 1, 'md_mobile_time', 'saxnig5cgwl3hcamgql1soz6rb5g5bfz00000000000000000000000000000001');
INSERT INTO md_class ( publish, stub_dto_source, stub_source, id) VALUES (1, NULL, NULL, 'saxnig5cgwl3hcamgql1soz6rb5g5bfz00000000000000000000000000000001');
INSERT INTO md_type ( display_label, root_id, package_name, type_name, base_source, js_base, js_stub, exported, dto_source, id) VALUES ('0kvy3p6wvsbyaw28n7ca444e9j9h4m27NM200904120000000000000000000030', 'saxnig5cgwl3hcamgql1soz6rb5g5bfz', 'com.runwaysdk.system.metadata', 'MdMobileTime', NULL, NULL, NULL, 1, NULL, 'saxnig5cgwl3hcamgql1soz6rb5g5bfz00000000000000000000000000000001');
INSERT INTO metadata ( description, created_by, owner, id, create_date, seq, type, remove, site_master, locked_by, entity_domain, last_updated_by, last_update_date, key_name) VALUES ('084x70k78sabt0o2m6o0levk5elyxge4NM200904120000000000000000000030', '0000000000000000000000000000001000000000000000000000000000000003', '0000000000000000000000000000001000000000000000000000000000000003', 'saxnig5cgwl3hcamgql1soz6rb5g5bfz00000000000000000000000000000001', '2011-10-03 16:03:31', 3032, 'com.runwaysdk.system.metadata.MdBusiness', 1, 'runwaysdk.com', NULL, NULL, '0000000000000000000000000000001000000000000000000000000000000003', '2011-10-03 16:03:31', 'com.runwaysdk.system.metadata.MdMobileTime');
CREATE TABLE md_mobile_time ( id CHAR(64) NOT NULL PRIMARY KEY );
INSERT INTO business_inheritance ( id, parent_id, child_id) VALUES ('sk6ainaef4cg93pwh8kh0i77q4zr969v20070926NM0000000000000000000004', 'skmvar4ubw31tx9ku5bpeevk14pk6rs200000000000000000000000000000001', 'saxnig5cgwl3hcamgql1soz6rb5g5bfz00000000000000000000000000000001');
INSERT INTO class_inheritance ( id, parent_id, child_id) VALUES ('sk6ainaef4cg93pwh8kh0i77q4zr969v20070926NM0000000000000000000004', 'skmvar4ubw31tx9ku5bpeevk14pk6rs200000000000000000000000000000001', 'saxnig5cgwl3hcamgql1soz6rb5g5bfz00000000000000000000000000000001');
INSERT INTO metadata_relationship ( entity_domain, site_master, last_updated_by, id, owner, locked_by, create_date, type, created_by, seq, key_name, last_update_date, parent_id, child_id) VALUES (NULL, 'runwaysdk.com', '0000000000000000000000000000001000000000000000000000000000000003', 'sk6ainaef4cg93pwh8kh0i77q4zr969v20070926NM0000000000000000000004', '0000000000000000000000000000001000000000000000000000000000000003', NULL, '2011-10-03 16:03:31', 'com.runwaysdk.system.metadata.BusinessInheritance', '0000000000000000000000000000001000000000000000000000000000000003', 3033, 'sk6ainaef4cg93pwh8kh0i77q4zr969v20070926NM0000000000000000000004', '2011-10-03 16:03:31', 'skmvar4ubw31tx9ku5bpeevk14pk6rs200000000000000000000000000000001', 'saxnig5cgwl3hcamgql1soz6rb5g5bfz00000000000000000000000000000001');
 INSERT INTO class_cache (set_id, item_id)  VALUES  ('06tbtwfsbdqhe4gdybl879gpbi4opbjp', '0000000000000000000000000000023100000000000000000000000000000222');
INSERT INTO metadata_display_label ( default_locale, id, site_master, key_name) VALUES ('Mobile Number Field', 'xx792ahjqnqbf2yz9uewro4cypw5er8zNM200904120000000000000000000030', 'runwaysdk.com', 'xx792ahjqnqbf2yz9uewro4cypw5er8zNM200904120000000000000000000030');
INSERT INTO metadata_display_label ( default_locale, id, site_master, key_name) VALUES ('Metadata Mobile Number Field', 'qn69oc6kh6h4mi1k7hnyv7wkk779wj8uNM200904120000000000000000000030', 'runwaysdk.com', 'qn69oc6kh6h4mi1k7hnyv7wkk779wj8uNM200904120000000000000000000030');
INSERT INTO md_business ( cache_algorithm, cache_algorithm_c, super_md_business, id) VALUES ('06tbtwfsbdqhe4gdybl879gpbi4opbjp', '0000000000000000000000000000023100000000000000000000000000000222', 'zgld5upl3f35kcjr1au0d16u9btqwjvx00000000000000000000000000000001', '0if6s9v1c6nk3601fon7cgwk5spcsmfh00000000000000000000000000000001');
INSERT INTO md_element ( extendable, is_abstract, id) VALUES (1, 1, '0if6s9v1c6nk3601fon7cgwk5spcsmfh00000000000000000000000000000001');
INSERT INTO md_entity ( query_dto_source, query_source, cache_size, enforce_site_master, table_name, id) VALUES (NULL, NULL, 0, 1, 'md_mobile_number', '0if6s9v1c6nk3601fon7cgwk5spcsmfh00000000000000000000000000000001');
INSERT INTO md_class ( publish, stub_dto_source, stub_source, id) VALUES (1, NULL, NULL, '0if6s9v1c6nk3601fon7cgwk5spcsmfh00000000000000000000000000000001');
INSERT INTO md_type ( display_label, root_id, package_name, type_name, base_source, js_base, js_stub, exported, dto_source, id) VALUES ('xx792ahjqnqbf2yz9uewro4cypw5er8zNM200904120000000000000000000030', '0if6s9v1c6nk3601fon7cgwk5spcsmfh', 'com.runwaysdk.system.metadata', 'MdMobileNumber', NULL, NULL, NULL, 1, NULL, '0if6s9v1c6nk3601fon7cgwk5spcsmfh00000000000000000000000000000001');
INSERT INTO metadata ( description, created_by, owner, id, create_date, seq, type, remove, site_master, locked_by, entity_domain, last_updated_by, last_update_date, key_name) VALUES ('qn69oc6kh6h4mi1k7hnyv7wkk779wj8uNM200904120000000000000000000030', '0000000000000000000000000000001000000000000000000000000000000003', '0000000000000000000000000000001000000000000000000000000000000003', '0if6s9v1c6nk3601fon7cgwk5spcsmfh00000000000000000000000000000001', '2011-10-03 16:03:31', 3034, 'com.runwaysdk.system.metadata.MdBusiness', 1, 'runwaysdk.com', NULL, NULL, '0000000000000000000000000000001000000000000000000000000000000003', '2011-10-03 16:03:31', 'com.runwaysdk.system.metadata.MdMobileNumber');
CREATE TABLE md_mobile_number ( id CHAR(64) NOT NULL PRIMARY KEY );
INSERT INTO business_inheritance ( id, parent_id, child_id) VALUES ('sz4nf63jk2q5ol48n6lai422dhn0w5dh20070926NM0000000000000000000004', 'zgld5upl3f35kcjr1au0d16u9btqwjvx00000000000000000000000000000001', '0if6s9v1c6nk3601fon7cgwk5spcsmfh00000000000000000000000000000001');
INSERT INTO class_inheritance ( id, parent_id, child_id) VALUES ('sz4nf63jk2q5ol48n6lai422dhn0w5dh20070926NM0000000000000000000004', 'zgld5upl3f35kcjr1au0d16u9btqwjvx00000000000000000000000000000001', '0if6s9v1c6nk3601fon7cgwk5spcsmfh00000000000000000000000000000001');
INSERT INTO metadata_relationship ( entity_domain, site_master, last_updated_by, id, owner, locked_by, create_date, type, created_by, seq, key_name, last_update_date, parent_id, child_id) VALUES (NULL, 'runwaysdk.com', '0000000000000000000000000000001000000000000000000000000000000003', 'sz4nf63jk2q5ol48n6lai422dhn0w5dh20070926NM0000000000000000000004', '0000000000000000000000000000001000000000000000000000000000000003', NULL, '2011-10-03 16:03:31', 'com.runwaysdk.system.metadata.BusinessInheritance', '0000000000000000000000000000001000000000000000000000000000000003', 3035, 'sz4nf63jk2q5ol48n6lai422dhn0w5dh20070926NM0000000000000000000004', '2011-10-03 16:03:31', 'zgld5upl3f35kcjr1au0d16u9btqwjvx00000000000000000000000000000001', '0if6s9v1c6nk3601fon7cgwk5spcsmfh00000000000000000000000000000001');
 INSERT INTO visibilitymodifier (set_id, item_id)  VALUES  ('2c8ume20b3jw8tb56boqx4ar1s7wpae7', '20071109NM000000000000000000000520071109NM0000000000000000000001');
INSERT INTO metadata_display_label ( default_locale, id, site_master, key_name) VALUES ('Start Range', 'x96fp3l4j8orafxg3u9bskd3ta8nxf27NM200904120000000000000000000030', 'runwaysdk.com', 'x96fp3l4j8orafxg3u9bskd3ta8nxf27NM200904120000000000000000000030');
 INSERT INTO visibilitymodifier (set_id, item_id)  VALUES  ('0q9lsfgiwb1ac5djhtmtkx7cd216kbgv', '20071109NM000000000000000000000520071109NM0000000000000000000001');
 INSERT INTO md_attribute_indicies (set_id, item_id)  VALUES  ('080b8kiul2hqp8r4zplso4ndqnltv5ok', '0000000000000000000000000000040100000000000000000000000000000403');
INSERT INTO metadata_display_label ( default_locale, id, site_master, key_name) VALUES ('The number start range.', 'xmhrusilowrzsrqa6mdlilbi7iqnyd4vNM200904120000000000000000000030', 'runwaysdk.com', 'xmhrusilowrzsrqa6mdlilbi7iqnyd4vNM200904120000000000000000000030');
INSERT INTO md_attribute_character ( default_value, database_size, id) VALUES (NULL, 100, 'sny1zoutskteu9jz3oj4856p1d2k1t0u00000000000000000000000000000138');
INSERT INTO md_attribute_char ( id) VALUES ('sny1zoutskteu9jz3oj4856p1d2k1t0u00000000000000000000000000000138');
INSERT INTO md_attribute_primitive ( id) VALUES ('sny1zoutskteu9jz3oj4856p1d2k1t0u00000000000000000000000000000138');
INSERT INTO md_attribute_concrete ( column_name, defining_md_class, setter_visibility, setter_visibility_c, immutable, index_name, generate_accessor, system, required, display_label, getter_visibility, getter_visibility_c, index_type, index_type_c, attribute_name, id) VALUES ('start_range', '0if6s9v1c6nk3601fon7cgwk5spcsmfh00000000000000000000000000000001', '2c8ume20b3jw8tb56boqx4ar1s7wpae7', '20071109NM000000000000000000000520071109NM0000000000000000000001', 0, 'a8f622ai7qu559gskdftlxj8e6r9c9', 1, 0, 0, 'x96fp3l4j8orafxg3u9bskd3ta8nxf27NM200904120000000000000000000030', '0q9lsfgiwb1ac5djhtmtkx7cd216kbgv', '20071109NM000000000000000000000520071109NM0000000000000000000001', '080b8kiul2hqp8r4zplso4ndqnltv5ok', '0000000000000000000000000000040100000000000000000000000000000403', 'startRange', 'sny1zoutskteu9jz3oj4856p1d2k1t0u00000000000000000000000000000138');
INSERT INTO md_attribute ( id) VALUES ('sny1zoutskteu9jz3oj4856p1d2k1t0u00000000000000000000000000000138');
INSERT INTO metadata ( description, created_by, owner, id, create_date, seq, type, remove, site_master, locked_by, entity_domain, last_updated_by, last_update_date, key_name) VALUES ('xmhrusilowrzsrqa6mdlilbi7iqnyd4vNM200904120000000000000000000030', '0000000000000000000000000000001000000000000000000000000000000003', '0000000000000000000000000000001000000000000000000000000000000003', 'sny1zoutskteu9jz3oj4856p1d2k1t0u00000000000000000000000000000138', '2011-10-03 16:03:31', 3036, 'com.runwaysdk.system.metadata.MdAttributeCharacter', 1, 'runwaysdk.com', NULL, NULL, '0000000000000000000000000000001000000000000000000000000000000003', '2011-10-03 16:03:31', 'com.runwaysdk.system.metadata.MdMobileNumber.startRange');
ALTER TABLE md_mobile_number ADD COLUMN start_range  varchar(100);
INSERT INTO class_attribute_concrete ( id, parent_id, child_id) VALUES ('y11auhnm5gq6ecvkipiahoidkpyexfap00000000000000000000000000000073', '0if6s9v1c6nk3601fon7cgwk5spcsmfh00000000000000000000000000000001', 'sny1zoutskteu9jz3oj4856p1d2k1t0u00000000000000000000000000000138');
INSERT INTO class_attribute ( id, parent_id, child_id) VALUES ('y11auhnm5gq6ecvkipiahoidkpyexfap00000000000000000000000000000073', '0if6s9v1c6nk3601fon7cgwk5spcsmfh00000000000000000000000000000001', 'sny1zoutskteu9jz3oj4856p1d2k1t0u00000000000000000000000000000138');
INSERT INTO metadata_relationship ( entity_domain, site_master, last_updated_by, id, owner, locked_by, create_date, type, created_by, seq, key_name, last_update_date, parent_id, child_id) VALUES (NULL, 'runwaysdk.com', '0000000000000000000000000000001000000000000000000000000000000003', 'y11auhnm5gq6ecvkipiahoidkpyexfap00000000000000000000000000000073', '0000000000000000000000000000001000000000000000000000000000000003', NULL, '2011-10-03 16:03:31', 'com.runwaysdk.system.metadata.ClassAttributeConcrete', '0000000000000000000000000000001000000000000000000000000000000003', 3037, 'com.runwaysdk.system.metadata.MdMobileNumber.startRange', '2011-10-03 16:03:31', '0if6s9v1c6nk3601fon7cgwk5spcsmfh00000000000000000000000000000001', 'sny1zoutskteu9jz3oj4856p1d2k1t0u00000000000000000000000000000138');
 INSERT INTO visibilitymodifier (set_id, item_id)  VALUES  ('xu8s9v5kl8ejcp98e1an4k63318prybo', '20071109NM000000000000000000000520071109NM0000000000000000000001');
INSERT INTO metadata_display_label ( default_locale, id, site_master, key_name) VALUES ('End Range', '08yomoy7818ehyoaff10ta41mf6qv6ybNM200904120000000000000000000030', 'runwaysdk.com', '08yomoy7818ehyoaff10ta41mf6qv6ybNM200904120000000000000000000030');
 INSERT INTO visibilitymodifier (set_id, item_id)  VALUES  ('zgeh48a1ftumqq3ex2p82eg3mdamzumi', '20071109NM000000000000000000000520071109NM0000000000000000000001');
 INSERT INTO md_attribute_indicies (set_id, item_id)  VALUES  ('s95dlbrladiawkwqr0azxnuzn1tr2tcx', '0000000000000000000000000000040100000000000000000000000000000403');
INSERT INTO metadata_display_label ( default_locale, id, site_master, key_name) VALUES ('The number end range.', 'xzbtcx0klz588he5lso8k8gvva241f7mNM200904120000000000000000000030', 'runwaysdk.com', 'xzbtcx0klz588he5lso8k8gvva241f7mNM200904120000000000000000000030');
INSERT INTO md_attribute_character ( default_value, database_size, id) VALUES (NULL, 100, 'sy0ybir6udx7da26qv44p2t9kkg5g9qs00000000000000000000000000000138');
INSERT INTO md_attribute_char ( id) VALUES ('sy0ybir6udx7da26qv44p2t9kkg5g9qs00000000000000000000000000000138');
INSERT INTO md_attribute_primitive ( id) VALUES ('sy0ybir6udx7da26qv44p2t9kkg5g9qs00000000000000000000000000000138');
INSERT INTO md_attribute_concrete ( column_name, defining_md_class, setter_visibility, setter_visibility_c, immutable, index_name, generate_accessor, system, required, display_label, getter_visibility, getter_visibility_c, index_type, index_type_c, attribute_name, id) VALUES ('end_range', '0if6s9v1c6nk3601fon7cgwk5spcsmfh00000000000000000000000000000001', 'xu8s9v5kl8ejcp98e1an4k63318prybo', '20071109NM000000000000000000000520071109NM0000000000000000000001', 0, 'a4a19eoio2evb8dz4b8xnzxqv3h3xg', 1, 0, 0, '08yomoy7818ehyoaff10ta41mf6qv6ybNM200904120000000000000000000030', 'zgeh48a1ftumqq3ex2p82eg3mdamzumi', '20071109NM000000000000000000000520071109NM0000000000000000000001', 's95dlbrladiawkwqr0azxnuzn1tr2tcx', '0000000000000000000000000000040100000000000000000000000000000403', 'endRange', 'sy0ybir6udx7da26qv44p2t9kkg5g9qs00000000000000000000000000000138');
INSERT INTO md_attribute ( id) VALUES ('sy0ybir6udx7da26qv44p2t9kkg5g9qs00000000000000000000000000000138');
INSERT INTO metadata ( description, created_by, owner, id, create_date, seq, type, remove, site_master, locked_by, entity_domain, last_updated_by, last_update_date, key_name) VALUES ('xzbtcx0klz588he5lso8k8gvva241f7mNM200904120000000000000000000030', '0000000000000000000000000000001000000000000000000000000000000003', '0000000000000000000000000000001000000000000000000000000000000003', 'sy0ybir6udx7da26qv44p2t9kkg5g9qs00000000000000000000000000000138', '2011-10-03 16:03:31', 3038, 'com.runwaysdk.system.metadata.MdAttributeCharacter', 1, 'runwaysdk.com', NULL, NULL, '0000000000000000000000000000001000000000000000000000000000000003', '2011-10-03 16:03:31', 'com.runwaysdk.system.metadata.MdMobileNumber.endRange');
ALTER TABLE md_mobile_number ADD COLUMN end_range  varchar(100);
INSERT INTO class_attribute_concrete ( id, parent_id, child_id) VALUES ('szng510xfmi2bmbyrmm61gm5tbtjmrk400000000000000000000000000000073', '0if6s9v1c6nk3601fon7cgwk5spcsmfh00000000000000000000000000000001', 'sy0ybir6udx7da26qv44p2t9kkg5g9qs00000000000000000000000000000138');
INSERT INTO class_attribute ( id, parent_id, child_id) VALUES ('szng510xfmi2bmbyrmm61gm5tbtjmrk400000000000000000000000000000073', '0if6s9v1c6nk3601fon7cgwk5spcsmfh00000000000000000000000000000001', 'sy0ybir6udx7da26qv44p2t9kkg5g9qs00000000000000000000000000000138');
INSERT INTO metadata_relationship ( entity_domain, site_master, last_updated_by, id, owner, locked_by, create_date, type, created_by, seq, key_name, last_update_date, parent_id, child_id) VALUES (NULL, 'runwaysdk.com', '0000000000000000000000000000001000000000000000000000000000000003', 'szng510xfmi2bmbyrmm61gm5tbtjmrk400000000000000000000000000000073', '0000000000000000000000000000001000000000000000000000000000000003', NULL, '2011-10-03 16:03:31', 'com.runwaysdk.system.metadata.ClassAttributeConcrete', '0000000000000000000000000000001000000000000000000000000000000003', 3039, 'com.runwaysdk.system.metadata.MdMobileNumber.endRange', '2011-10-03 16:03:31', '0if6s9v1c6nk3601fon7cgwk5spcsmfh00000000000000000000000000000001', 'sy0ybir6udx7da26qv44p2t9kkg5g9qs00000000000000000000000000000138');
 INSERT INTO class_cache (set_id, item_id)  VALUES  ('24lprq074a3fyidfkgvmxgubxpco5qto', '0000000000000000000000000000023100000000000000000000000000000222');
INSERT INTO metadata_display_label ( default_locale, id, site_master, key_name) VALUES ('Mobile Integer Field', '7cysh9iqp0jksjs9he9hk98ttf7j1jzfNM200904120000000000000000000030', 'runwaysdk.com', '7cysh9iqp0jksjs9he9hk98ttf7j1jzfNM200904120000000000000000000030');
INSERT INTO metadata_display_label ( default_locale, id, site_master, key_name) VALUES ('Metadata Mobile Integer Field', 'xxoj4rn96c9f1zccp5xkrk8xd3tsi2byNM200904120000000000000000000030', 'runwaysdk.com', 'xxoj4rn96c9f1zccp5xkrk8xd3tsi2byNM200904120000000000000000000030');
INSERT INTO md_business ( cache_algorithm, cache_algorithm_c, super_md_business, id) VALUES ('24lprq074a3fyidfkgvmxgubxpco5qto', '0000000000000000000000000000023100000000000000000000000000000222', '0if6s9v1c6nk3601fon7cgwk5spcsmfh00000000000000000000000000000001', '00naxq4hadewwho2qgop2sxqaff7z1rx00000000000000000000000000000001');
INSERT INTO md_element ( extendable, is_abstract, id) VALUES (1, 0, '00naxq4hadewwho2qgop2sxqaff7z1rx00000000000000000000000000000001');
INSERT INTO md_entity ( query_dto_source, query_source, cache_size, enforce_site_master, table_name, id) VALUES (NULL, NULL, 0, 1, 'md_mobile_integer', '00naxq4hadewwho2qgop2sxqaff7z1rx00000000000000000000000000000001');
INSERT INTO md_class ( publish, stub_dto_source, stub_source, id) VALUES (1, NULL, NULL, '00naxq4hadewwho2qgop2sxqaff7z1rx00000000000000000000000000000001');
INSERT INTO md_type ( display_label, root_id, package_name, type_name, base_source, js_base, js_stub, exported, dto_source, id) VALUES ('7cysh9iqp0jksjs9he9hk98ttf7j1jzfNM200904120000000000000000000030', '00naxq4hadewwho2qgop2sxqaff7z1rx', 'com.runwaysdk.system.metadata', 'MdMobileInteger', NULL, NULL, NULL, 1, NULL, '00naxq4hadewwho2qgop2sxqaff7z1rx00000000000000000000000000000001');
INSERT INTO metadata ( description, created_by, owner, id, create_date, seq, type, remove, site_master, locked_by, entity_domain, last_updated_by, last_update_date, key_name) VALUES ('xxoj4rn96c9f1zccp5xkrk8xd3tsi2byNM200904120000000000000000000030', '0000000000000000000000000000001000000000000000000000000000000003', '0000000000000000000000000000001000000000000000000000000000000003', '00naxq4hadewwho2qgop2sxqaff7z1rx00000000000000000000000000000001', '2011-10-03 16:03:31', 3040, 'com.runwaysdk.system.metadata.MdBusiness', 1, 'runwaysdk.com', NULL, NULL, '0000000000000000000000000000001000000000000000000000000000000003', '2011-10-03 16:03:31', 'com.runwaysdk.system.metadata.MdMobileInteger');
CREATE TABLE md_mobile_integer ( id CHAR(64) NOT NULL PRIMARY KEY );
INSERT INTO business_inheritance ( id, parent_id, child_id) VALUES ('xkef58sgyc8a4ke5dukzsfhdxqotreuz20070926NM0000000000000000000004', '0if6s9v1c6nk3601fon7cgwk5spcsmfh00000000000000000000000000000001', '00naxq4hadewwho2qgop2sxqaff7z1rx00000000000000000000000000000001');
INSERT INTO class_inheritance ( id, parent_id, child_id) VALUES ('xkef58sgyc8a4ke5dukzsfhdxqotreuz20070926NM0000000000000000000004', '0if6s9v1c6nk3601fon7cgwk5spcsmfh00000000000000000000000000000001', '00naxq4hadewwho2qgop2sxqaff7z1rx00000000000000000000000000000001');
INSERT INTO metadata_relationship ( entity_domain, site_master, last_updated_by, id, owner, locked_by, create_date, type, created_by, seq, key_name, last_update_date, parent_id, child_id) VALUES (NULL, 'runwaysdk.com', '0000000000000000000000000000001000000000000000000000000000000003', 'xkef58sgyc8a4ke5dukzsfhdxqotreuz20070926NM0000000000000000000004', '0000000000000000000000000000001000000000000000000000000000000003', NULL, '2011-10-03 16:03:31', 'com.runwaysdk.system.metadata.BusinessInheritance', '0000000000000000000000000000001000000000000000000000000000000003', 3041, 'xkef58sgyc8a4ke5dukzsfhdxqotreuz20070926NM0000000000000000000004', '2011-10-03 16:03:31', '0if6s9v1c6nk3601fon7cgwk5spcsmfh00000000000000000000000000000001', '00naxq4hadewwho2qgop2sxqaff7z1rx00000000000000000000000000000001');
 INSERT INTO class_cache (set_id, item_id)  VALUES  ('0imms9mfp3mmg7sx8f7a0sx74l7gwnvp', '0000000000000000000000000000023100000000000000000000000000000222');
INSERT INTO metadata_display_label ( default_locale, id, site_master, key_name) VALUES ('Mobile Long Field', '7adzriq3nlqhif7a7o7jaa5vmi5e01qtNM200904120000000000000000000030', 'runwaysdk.com', '7adzriq3nlqhif7a7o7jaa5vmi5e01qtNM200904120000000000000000000030');
INSERT INTO metadata_display_label ( default_locale, id, site_master, key_name) VALUES ('Metadata Mobile Long Field', 'r2edduoqtfi82su245lcun26zwiifkuqNM200904120000000000000000000030', 'runwaysdk.com', 'r2edduoqtfi82su245lcun26zwiifkuqNM200904120000000000000000000030');
INSERT INTO md_business ( cache_algorithm, cache_algorithm_c, super_md_business, id) VALUES ('0imms9mfp3mmg7sx8f7a0sx74l7gwnvp', '0000000000000000000000000000023100000000000000000000000000000222', '0if6s9v1c6nk3601fon7cgwk5spcsmfh00000000000000000000000000000001', '20n50yi18hh27nunwnljuv5d68tf26vf00000000000000000000000000000001');
INSERT INTO md_element ( extendable, is_abstract, id) VALUES (1, 0, '20n50yi18hh27nunwnljuv5d68tf26vf00000000000000000000000000000001');
INSERT INTO md_entity ( query_dto_source, query_source, cache_size, enforce_site_master, table_name, id) VALUES (NULL, NULL, 0, 1, 'md_mobile_long', '20n50yi18hh27nunwnljuv5d68tf26vf00000000000000000000000000000001');
INSERT INTO md_class ( publish, stub_dto_source, stub_source, id) VALUES (1, NULL, NULL, '20n50yi18hh27nunwnljuv5d68tf26vf00000000000000000000000000000001');
INSERT INTO md_type ( display_label, root_id, package_name, type_name, base_source, js_base, js_stub, exported, dto_source, id) VALUES ('7adzriq3nlqhif7a7o7jaa5vmi5e01qtNM200904120000000000000000000030', '20n50yi18hh27nunwnljuv5d68tf26vf', 'com.runwaysdk.system.metadata', 'MdMobileLong', NULL, NULL, NULL, 1, NULL, '20n50yi18hh27nunwnljuv5d68tf26vf00000000000000000000000000000001');
INSERT INTO metadata ( description, created_by, owner, id, create_date, seq, type, remove, site_master, locked_by, entity_domain, last_updated_by, last_update_date, key_name) VALUES ('r2edduoqtfi82su245lcun26zwiifkuqNM200904120000000000000000000030', '0000000000000000000000000000001000000000000000000000000000000003', '0000000000000000000000000000001000000000000000000000000000000003', '20n50yi18hh27nunwnljuv5d68tf26vf00000000000000000000000000000001', '2011-10-03 16:03:31', 3042, 'com.runwaysdk.system.metadata.MdBusiness', 1, 'runwaysdk.com', NULL, NULL, '0000000000000000000000000000001000000000000000000000000000000003', '2011-10-03 16:03:31', 'com.runwaysdk.system.metadata.MdMobileLong');
CREATE TABLE md_mobile_long ( id CHAR(64) NOT NULL PRIMARY KEY );
INSERT INTO business_inheritance ( id, parent_id, child_id) VALUES ('qyz3xjz043eg57lihzu1lka2jc8o9ofh20070926NM0000000000000000000004', '0if6s9v1c6nk3601fon7cgwk5spcsmfh00000000000000000000000000000001', '20n50yi18hh27nunwnljuv5d68tf26vf00000000000000000000000000000001');
INSERT INTO class_inheritance ( id, parent_id, child_id) VALUES ('qyz3xjz043eg57lihzu1lka2jc8o9ofh20070926NM0000000000000000000004', '0if6s9v1c6nk3601fon7cgwk5spcsmfh00000000000000000000000000000001', '20n50yi18hh27nunwnljuv5d68tf26vf00000000000000000000000000000001');
INSERT INTO metadata_relationship ( entity_domain, site_master, last_updated_by, id, owner, locked_by, create_date, type, created_by, seq, key_name, last_update_date, parent_id, child_id) VALUES (NULL, 'runwaysdk.com', '0000000000000000000000000000001000000000000000000000000000000003', 'qyz3xjz043eg57lihzu1lka2jc8o9ofh20070926NM0000000000000000000004', '0000000000000000000000000000001000000000000000000000000000000003', NULL, '2011-10-03 16:03:31', 'com.runwaysdk.system.metadata.BusinessInheritance', '0000000000000000000000000000001000000000000000000000000000000003', 3043, 'qyz3xjz043eg57lihzu1lka2jc8o9ofh20070926NM0000000000000000000004', '2011-10-03 16:03:31', '0if6s9v1c6nk3601fon7cgwk5spcsmfh00000000000000000000000000000001', '20n50yi18hh27nunwnljuv5d68tf26vf00000000000000000000000000000001');
 INSERT INTO class_cache (set_id, item_id)  VALUES  ('8hd6xan4x9q0oc2l7kgw6vzqhfldhu0f', '0000000000000000000000000000023100000000000000000000000000000222');
INSERT INTO metadata_display_label ( default_locale, id, site_master, key_name) VALUES ('Mobile Dec Field', 'z9dragqvlxt4dat9pf07owxjashu196hNM200904120000000000000000000030', 'runwaysdk.com', 'z9dragqvlxt4dat9pf07owxjashu196hNM200904120000000000000000000030');
INSERT INTO metadata_display_label ( default_locale, id, site_master, key_name) VALUES ('Metadata Mobile Dec Field', 'szhh9po7advo3ekpbqy0d1evs6ae7icvNM200904120000000000000000000030', 'runwaysdk.com', 'szhh9po7advo3ekpbqy0d1evs6ae7icvNM200904120000000000000000000030');
INSERT INTO md_business ( cache_algorithm, cache_algorithm_c, super_md_business, id) VALUES ('8hd6xan4x9q0oc2l7kgw6vzqhfldhu0f', '0000000000000000000000000000023100000000000000000000000000000222', '0if6s9v1c6nk3601fon7cgwk5spcsmfh00000000000000000000000000000001', 'zhncudnh92w6adabhmo9ts9srn5rp1pp00000000000000000000000000000001');
INSERT INTO md_element ( extendable, is_abstract, id) VALUES (1, 1, 'zhncudnh92w6adabhmo9ts9srn5rp1pp00000000000000000000000000000001');
INSERT INTO md_entity ( query_dto_source, query_source, cache_size, enforce_site_master, table_name, id) VALUES (NULL, NULL, 0, 1, 'md_mobile_dec', 'zhncudnh92w6adabhmo9ts9srn5rp1pp00000000000000000000000000000001');
INSERT INTO md_class ( publish, stub_dto_source, stub_source, id) VALUES (1, NULL, NULL, 'zhncudnh92w6adabhmo9ts9srn5rp1pp00000000000000000000000000000001');
INSERT INTO md_type ( display_label, root_id, package_name, type_name, base_source, js_base, js_stub, exported, dto_source, id) VALUES ('z9dragqvlxt4dat9pf07owxjashu196hNM200904120000000000000000000030', 'zhncudnh92w6adabhmo9ts9srn5rp1pp', 'com.runwaysdk.system.metadata', 'MdMobileDec', NULL, NULL, NULL, 1, NULL, 'zhncudnh92w6adabhmo9ts9srn5rp1pp00000000000000000000000000000001');
INSERT INTO metadata ( description, created_by, owner, id, create_date, seq, type, remove, site_master, locked_by, entity_domain, last_updated_by, last_update_date, key_name) VALUES ('szhh9po7advo3ekpbqy0d1evs6ae7icvNM200904120000000000000000000030', '0000000000000000000000000000001000000000000000000000000000000003', '0000000000000000000000000000001000000000000000000000000000000003', 'zhncudnh92w6adabhmo9ts9srn5rp1pp00000000000000000000000000000001', '2011-10-03 16:03:31', 3044, 'com.runwaysdk.system.metadata.MdBusiness', 1, 'runwaysdk.com', NULL, NULL, '0000000000000000000000000000001000000000000000000000000000000003', '2011-10-03 16:03:31', 'com.runwaysdk.system.metadata.MdMobileDec');
CREATE TABLE md_mobile_dec ( id CHAR(64) NOT NULL PRIMARY KEY );
INSERT INTO business_inheritance ( id, parent_id, child_id) VALUES ('0698v1hzlgu693obp7g32wamwcskoup720070926NM0000000000000000000004', '0if6s9v1c6nk3601fon7cgwk5spcsmfh00000000000000000000000000000001', 'zhncudnh92w6adabhmo9ts9srn5rp1pp00000000000000000000000000000001');
INSERT INTO class_inheritance ( id, parent_id, child_id) VALUES ('0698v1hzlgu693obp7g32wamwcskoup720070926NM0000000000000000000004', '0if6s9v1c6nk3601fon7cgwk5spcsmfh00000000000000000000000000000001', 'zhncudnh92w6adabhmo9ts9srn5rp1pp00000000000000000000000000000001');
INSERT INTO metadata_relationship ( entity_domain, site_master, last_updated_by, id, owner, locked_by, create_date, type, created_by, seq, key_name, last_update_date, parent_id, child_id) VALUES (NULL, 'runwaysdk.com', '0000000000000000000000000000001000000000000000000000000000000003', '0698v1hzlgu693obp7g32wamwcskoup720070926NM0000000000000000000004', '0000000000000000000000000000001000000000000000000000000000000003', NULL, '2011-10-03 16:03:31', 'com.runwaysdk.system.metadata.BusinessInheritance', '0000000000000000000000000000001000000000000000000000000000000003', 3045, '0698v1hzlgu693obp7g32wamwcskoup720070926NM0000000000000000000004', '2011-10-03 16:03:31', '0if6s9v1c6nk3601fon7cgwk5spcsmfh00000000000000000000000000000001', 'zhncudnh92w6adabhmo9ts9srn5rp1pp00000000000000000000000000000001');
 INSERT INTO visibilitymodifier (set_id, item_id)  VALUES  ('qo2qi5oqpu1dx2lo1nqndtf5fu32pxzx', '20071109NM000000000000000000000520071109NM0000000000000000000001');
INSERT INTO metadata_display_label ( default_locale, id, site_master, key_name) VALUES ('Precision', 'xxepljz3d0vn7bqhi6z958no3kg5nkz5NM200904120000000000000000000030', 'runwaysdk.com', 'xxepljz3d0vn7bqhi6z958no3kg5nkz5NM200904120000000000000000000030');
 INSERT INTO visibilitymodifier (set_id, item_id)  VALUES  ('8er8vhboy33eh0b3uxr1wmswar55vakk', '20071109NM000000000000000000000520071109NM0000000000000000000001');
 INSERT INTO md_attribute_indicies (set_id, item_id)  VALUES  ('sk082j7fzbxfygj6xh8fdc3wqc4wewxe', '0000000000000000000000000000040100000000000000000000000000000403');
INSERT INTO metadata_display_label ( default_locale, id, site_master, key_name) VALUES ('The number of signifcant digits.', '2h4627d8a2hdx2p0rko7xlj90vik01svNM200904120000000000000000000030', 'runwaysdk.com', '2h4627d8a2hdx2p0rko7xlj90vik01svNM200904120000000000000000000030');
INSERT INTO md_attribute_integer ( default_value, id) VALUES (6, '93jz4nbesew68hiwq91urzb3c51v8twb00000000000000000000000000000332');
INSERT INTO md_attribute_int ( id) VALUES ('93jz4nbesew68hiwq91urzb3c51v8twb00000000000000000000000000000332');
INSERT INTO md_attribute_number ( reject_negative, reject_zero, reject_positive, id) VALUES (1, 1, 0, '93jz4nbesew68hiwq91urzb3c51v8twb00000000000000000000000000000332');
INSERT INTO md_attribute_primitive ( id) VALUES ('93jz4nbesew68hiwq91urzb3c51v8twb00000000000000000000000000000332');
INSERT INTO md_attribute_concrete ( column_name, defining_md_class, setter_visibility, setter_visibility_c, immutable, index_name, generate_accessor, system, required, display_label, getter_visibility, getter_visibility_c, index_type, index_type_c, attribute_name, id) VALUES ('dec_precision', 'zhncudnh92w6adabhmo9ts9srn5rp1pp00000000000000000000000000000001', 'qo2qi5oqpu1dx2lo1nqndtf5fu32pxzx', '20071109NM000000000000000000000520071109NM0000000000000000000001', 0, 'ajqhni6czs4k5gx1nmynzvqawpw5hb', 1, 0, 1, 'xxepljz3d0vn7bqhi6z958no3kg5nkz5NM200904120000000000000000000030', '8er8vhboy33eh0b3uxr1wmswar55vakk', '20071109NM000000000000000000000520071109NM0000000000000000000001', 'sk082j7fzbxfygj6xh8fdc3wqc4wewxe', '0000000000000000000000000000040100000000000000000000000000000403', 'decPrecision', '93jz4nbesew68hiwq91urzb3c51v8twb00000000000000000000000000000332');
INSERT INTO md_attribute ( id) VALUES ('93jz4nbesew68hiwq91urzb3c51v8twb00000000000000000000000000000332');
INSERT INTO metadata ( description, created_by, owner, id, create_date, seq, type, remove, site_master, locked_by, entity_domain, last_updated_by, last_update_date, key_name) VALUES ('2h4627d8a2hdx2p0rko7xlj90vik01svNM200904120000000000000000000030', '0000000000000000000000000000001000000000000000000000000000000003', '0000000000000000000000000000001000000000000000000000000000000003', '93jz4nbesew68hiwq91urzb3c51v8twb00000000000000000000000000000332', '2011-10-03 16:03:31', 3046, 'com.runwaysdk.system.metadata.MdAttributeInteger', 1, 'runwaysdk.com', NULL, NULL, '0000000000000000000000000000001000000000000000000000000000000003', '2011-10-03 16:03:31', 'com.runwaysdk.system.metadata.MdMobileDec.decPrecision');
ALTER TABLE md_mobile_dec ADD COLUMN dec_precision  int;
INSERT INTO class_attribute_concrete ( id, parent_id, child_id) VALUES ('20hw44dnu559716blo6g919xxeul0guz00000000000000000000000000000073', 'zhncudnh92w6adabhmo9ts9srn5rp1pp00000000000000000000000000000001', '93jz4nbesew68hiwq91urzb3c51v8twb00000000000000000000000000000332');
INSERT INTO class_attribute ( id, parent_id, child_id) VALUES ('20hw44dnu559716blo6g919xxeul0guz00000000000000000000000000000073', 'zhncudnh92w6adabhmo9ts9srn5rp1pp00000000000000000000000000000001', '93jz4nbesew68hiwq91urzb3c51v8twb00000000000000000000000000000332');
INSERT INTO metadata_relationship ( entity_domain, site_master, last_updated_by, id, owner, locked_by, create_date, type, created_by, seq, key_name, last_update_date, parent_id, child_id) VALUES (NULL, 'runwaysdk.com', '0000000000000000000000000000001000000000000000000000000000000003', '20hw44dnu559716blo6g919xxeul0guz00000000000000000000000000000073', '0000000000000000000000000000001000000000000000000000000000000003', NULL, '2011-10-03 16:03:31', 'com.runwaysdk.system.metadata.ClassAttributeConcrete', '0000000000000000000000000000001000000000000000000000000000000003', 3047, 'com.runwaysdk.system.metadata.MdMobileDec.decPrecision', '2011-10-03 16:03:31', 'zhncudnh92w6adabhmo9ts9srn5rp1pp00000000000000000000000000000001', '93jz4nbesew68hiwq91urzb3c51v8twb00000000000000000000000000000332');
 INSERT INTO visibilitymodifier (set_id, item_id)  VALUES  ('6pro0p3bapbtd84yylfj2y5e0yu0gsw0', '20071109NM000000000000000000000520071109NM0000000000000000000001');
INSERT INTO metadata_display_label ( default_locale, id, site_master, key_name) VALUES ('Scale', '8rrpcekhkrhv31wkj5czpqo5s78wp899NM200904120000000000000000000030', 'runwaysdk.com', '8rrpcekhkrhv31wkj5czpqo5s78wp899NM200904120000000000000000000030');
 INSERT INTO visibilitymodifier (set_id, item_id)  VALUES  ('r5kgh7yf1ia3zajgd4pyvh09ov3h4pbd', '20071109NM000000000000000000000520071109NM0000000000000000000001');
 INSERT INTO md_attribute_indicies (set_id, item_id)  VALUES  ('8z1fh2ep0ddiusj6gftz3hsb6i4m0t2s', '0000000000000000000000000000040100000000000000000000000000000403');
INSERT INTO metadata_display_label ( default_locale, id, site_master, key_name) VALUES ('The number of decimal digits.', 'sk7wdm2jtvlda3pglxcbt80n01emtw02NM200904120000000000000000000030', 'runwaysdk.com', 'sk7wdm2jtvlda3pglxcbt80n01emtw02NM200904120000000000000000000030');
INSERT INTO md_attribute_integer ( default_value, id) VALUES (1, '1zz91gtmo3knaggrtbj1s23ph7w3o10900000000000000000000000000000332');
INSERT INTO md_attribute_int ( id) VALUES ('1zz91gtmo3knaggrtbj1s23ph7w3o10900000000000000000000000000000332');
INSERT INTO md_attribute_number ( reject_negative, reject_zero, reject_positive, id) VALUES (1, 0, 0, '1zz91gtmo3knaggrtbj1s23ph7w3o10900000000000000000000000000000332');
INSERT INTO md_attribute_primitive ( id) VALUES ('1zz91gtmo3knaggrtbj1s23ph7w3o10900000000000000000000000000000332');
INSERT INTO md_attribute_concrete ( column_name, defining_md_class, setter_visibility, setter_visibility_c, immutable, index_name, generate_accessor, system, required, display_label, getter_visibility, getter_visibility_c, index_type, index_type_c, attribute_name, id) VALUES ('dec_scale', 'zhncudnh92w6adabhmo9ts9srn5rp1pp00000000000000000000000000000001', '6pro0p3bapbtd84yylfj2y5e0yu0gsw0', '20071109NM000000000000000000000520071109NM0000000000000000000001', 0, 'a5y7zi44uosmtmt6pd0ktnvule4qh7', 1, 0, 0, '8rrpcekhkrhv31wkj5czpqo5s78wp899NM200904120000000000000000000030', 'r5kgh7yf1ia3zajgd4pyvh09ov3h4pbd', '20071109NM000000000000000000000520071109NM0000000000000000000001', '8z1fh2ep0ddiusj6gftz3hsb6i4m0t2s', '0000000000000000000000000000040100000000000000000000000000000403', 'decScale', '1zz91gtmo3knaggrtbj1s23ph7w3o10900000000000000000000000000000332');
INSERT INTO md_attribute ( id) VALUES ('1zz91gtmo3knaggrtbj1s23ph7w3o10900000000000000000000000000000332');
INSERT INTO metadata ( description, created_by, owner, id, create_date, seq, type, remove, site_master, locked_by, entity_domain, last_updated_by, last_update_date, key_name) VALUES ('sk7wdm2jtvlda3pglxcbt80n01emtw02NM200904120000000000000000000030', '0000000000000000000000000000001000000000000000000000000000000003', '0000000000000000000000000000001000000000000000000000000000000003', '1zz91gtmo3knaggrtbj1s23ph7w3o10900000000000000000000000000000332', '2011-10-03 16:03:31', 3048, 'com.runwaysdk.system.metadata.MdAttributeInteger', 1, 'runwaysdk.com', NULL, NULL, '0000000000000000000000000000001000000000000000000000000000000003', '2011-10-03 16:03:31', 'com.runwaysdk.system.metadata.MdMobileDec.decScale');
ALTER TABLE md_mobile_dec ADD COLUMN dec_scale  int;
INSERT INTO class_attribute_concrete ( id, parent_id, child_id) VALUES ('8zt7xk8oqusbuobmaih9ycaf9shabht200000000000000000000000000000073', 'zhncudnh92w6adabhmo9ts9srn5rp1pp00000000000000000000000000000001', '1zz91gtmo3knaggrtbj1s23ph7w3o10900000000000000000000000000000332');
INSERT INTO class_attribute ( id, parent_id, child_id) VALUES ('8zt7xk8oqusbuobmaih9ycaf9shabht200000000000000000000000000000073', 'zhncudnh92w6adabhmo9ts9srn5rp1pp00000000000000000000000000000001', '1zz91gtmo3knaggrtbj1s23ph7w3o10900000000000000000000000000000332');
INSERT INTO metadata_relationship ( entity_domain, site_master, last_updated_by, id, owner, locked_by, create_date, type, created_by, seq, key_name, last_update_date, parent_id, child_id) VALUES (NULL, 'runwaysdk.com', '0000000000000000000000000000001000000000000000000000000000000003', '8zt7xk8oqusbuobmaih9ycaf9shabht200000000000000000000000000000073', '0000000000000000000000000000001000000000000000000000000000000003', NULL, '2011-10-03 16:03:31', 'com.runwaysdk.system.metadata.ClassAttributeConcrete', '0000000000000000000000000000001000000000000000000000000000000003', 3049, 'com.runwaysdk.system.metadata.MdMobileDec.decScale', '2011-10-03 16:03:31', 'zhncudnh92w6adabhmo9ts9srn5rp1pp00000000000000000000000000000001', '1zz91gtmo3knaggrtbj1s23ph7w3o10900000000000000000000000000000332');
 INSERT INTO class_cache (set_id, item_id)  VALUES  ('93fcs82pnszip3a0267y5vju19tgn9ph', '0000000000000000000000000000023100000000000000000000000000000222');
INSERT INTO metadata_display_label ( default_locale, id, site_master, key_name) VALUES ('Mobile Double Field', 'zp7fjew5c97jao4cj0dlqgrxwl07ebdwNM200904120000000000000000000030', 'runwaysdk.com', 'zp7fjew5c97jao4cj0dlqgrxwl07ebdwNM200904120000000000000000000030');
INSERT INTO metadata_display_label ( default_locale, id, site_master, key_name) VALUES ('Metadata Mobile Double Field', 'xk49c7fdrifrchb8z39y2bvvc5lm1itmNM200904120000000000000000000030', 'runwaysdk.com', 'xk49c7fdrifrchb8z39y2bvvc5lm1itmNM200904120000000000000000000030');
INSERT INTO md_business ( cache_algorithm, cache_algorithm_c, super_md_business, id) VALUES ('93fcs82pnszip3a0267y5vju19tgn9ph', '0000000000000000000000000000023100000000000000000000000000000222', 'zhncudnh92w6adabhmo9ts9srn5rp1pp00000000000000000000000000000001', '2ehqmsj8m735crg3kue4dghqp1ycflrk00000000000000000000000000000001');
INSERT INTO md_element ( extendable, is_abstract, id) VALUES (1, 0, '2ehqmsj8m735crg3kue4dghqp1ycflrk00000000000000000000000000000001');
INSERT INTO md_entity ( query_dto_source, query_source, cache_size, enforce_site_master, table_name, id) VALUES (NULL, NULL, 0, 1, 'md_mobile_double', '2ehqmsj8m735crg3kue4dghqp1ycflrk00000000000000000000000000000001');
INSERT INTO md_class ( publish, stub_dto_source, stub_source, id) VALUES (1, NULL, NULL, '2ehqmsj8m735crg3kue4dghqp1ycflrk00000000000000000000000000000001');
INSERT INTO md_type ( display_label, root_id, package_name, type_name, base_source, js_base, js_stub, exported, dto_source, id) VALUES ('zp7fjew5c97jao4cj0dlqgrxwl07ebdwNM200904120000000000000000000030', '2ehqmsj8m735crg3kue4dghqp1ycflrk', 'com.runwaysdk.system.metadata', 'MdMobileDouble', NULL, NULL, NULL, 1, NULL, '2ehqmsj8m735crg3kue4dghqp1ycflrk00000000000000000000000000000001');
INSERT INTO metadata ( description, created_by, owner, id, create_date, seq, type, remove, site_master, locked_by, entity_domain, last_updated_by, last_update_date, key_name) VALUES ('xk49c7fdrifrchb8z39y2bvvc5lm1itmNM200904120000000000000000000030', '0000000000000000000000000000001000000000000000000000000000000003', '0000000000000000000000000000001000000000000000000000000000000003', '2ehqmsj8m735crg3kue4dghqp1ycflrk00000000000000000000000000000001', '2011-10-03 16:03:31', 3050, 'com.runwaysdk.system.metadata.MdBusiness', 1, 'runwaysdk.com', NULL, NULL, '0000000000000000000000000000001000000000000000000000000000000003', '2011-10-03 16:03:31', 'com.runwaysdk.system.metadata.MdMobileDouble');
CREATE TABLE md_mobile_double ( id CHAR(64) NOT NULL PRIMARY KEY );
INSERT INTO business_inheritance ( id, parent_id, child_id) VALUES ('00b04ulzpabnwby3mdvc85c7pfi0hnq720070926NM0000000000000000000004', 'zhncudnh92w6adabhmo9ts9srn5rp1pp00000000000000000000000000000001', '2ehqmsj8m735crg3kue4dghqp1ycflrk00000000000000000000000000000001');
INSERT INTO class_inheritance ( id, parent_id, child_id) VALUES ('00b04ulzpabnwby3mdvc85c7pfi0hnq720070926NM0000000000000000000004', 'zhncudnh92w6adabhmo9ts9srn5rp1pp00000000000000000000000000000001', '2ehqmsj8m735crg3kue4dghqp1ycflrk00000000000000000000000000000001');
INSERT INTO metadata_relationship ( entity_domain, site_master, last_updated_by, id, owner, locked_by, create_date, type, created_by, seq, key_name, last_update_date, parent_id, child_id) VALUES (NULL, 'runwaysdk.com', '0000000000000000000000000000001000000000000000000000000000000003', '00b04ulzpabnwby3mdvc85c7pfi0hnq720070926NM0000000000000000000004', '0000000000000000000000000000001000000000000000000000000000000003', NULL, '2011-10-03 16:03:31', 'com.runwaysdk.system.metadata.BusinessInheritance', '0000000000000000000000000000001000000000000000000000000000000003', 3051, '00b04ulzpabnwby3mdvc85c7pfi0hnq720070926NM0000000000000000000004', '2011-10-03 16:03:31', 'zhncudnh92w6adabhmo9ts9srn5rp1pp00000000000000000000000000000001', '2ehqmsj8m735crg3kue4dghqp1ycflrk00000000000000000000000000000001');
 INSERT INTO class_cache (set_id, item_id)  VALUES  ('2ebe0wl3ypm5v4joh99v73wc0swt404j', '0000000000000000000000000000023100000000000000000000000000000222');
INSERT INTO metadata_display_label ( default_locale, id, site_master, key_name) VALUES ('Mobile Float Field', '7e3n52bgvhyb7lqz6iyf8jnl55nvymwqNM200904120000000000000000000030', 'runwaysdk.com', '7e3n52bgvhyb7lqz6iyf8jnl55nvymwqNM200904120000000000000000000030');
INSERT INTO metadata_display_label ( default_locale, id, site_master, key_name) VALUES ('Metadata Mobile Float Field', 'xkp4c4rosk2aiyqmxb7qe1mq1dtu6cyhNM200904120000000000000000000030', 'runwaysdk.com', 'xkp4c4rosk2aiyqmxb7qe1mq1dtu6cyhNM200904120000000000000000000030');
INSERT INTO md_business ( cache_algorithm, cache_algorithm_c, super_md_business, id) VALUES ('2ebe0wl3ypm5v4joh99v73wc0swt404j', '0000000000000000000000000000023100000000000000000000000000000222', 'zhncudnh92w6adabhmo9ts9srn5rp1pp00000000000000000000000000000001', 'xbna43rjqd6o2o5g3i959uvbkrgfzdxn00000000000000000000000000000001');
INSERT INTO md_element ( extendable, is_abstract, id) VALUES (1, 0, 'xbna43rjqd6o2o5g3i959uvbkrgfzdxn00000000000000000000000000000001');
INSERT INTO md_entity ( query_dto_source, query_source, cache_size, enforce_site_master, table_name, id) VALUES (NULL, NULL, 0, 1, 'md_mobile_float', 'xbna43rjqd6o2o5g3i959uvbkrgfzdxn00000000000000000000000000000001');
INSERT INTO md_class ( publish, stub_dto_source, stub_source, id) VALUES (1, NULL, NULL, 'xbna43rjqd6o2o5g3i959uvbkrgfzdxn00000000000000000000000000000001');
INSERT INTO md_type ( display_label, root_id, package_name, type_name, base_source, js_base, js_stub, exported, dto_source, id) VALUES ('7e3n52bgvhyb7lqz6iyf8jnl55nvymwqNM200904120000000000000000000030', 'xbna43rjqd6o2o5g3i959uvbkrgfzdxn', 'com.runwaysdk.system.metadata', 'MdMobileFloat', NULL, NULL, NULL, 1, NULL, 'xbna43rjqd6o2o5g3i959uvbkrgfzdxn00000000000000000000000000000001');
INSERT INTO metadata ( description, created_by, owner, id, create_date, seq, type, remove, site_master, locked_by, entity_domain, last_updated_by, last_update_date, key_name) VALUES ('xkp4c4rosk2aiyqmxb7qe1mq1dtu6cyhNM200904120000000000000000000030', '0000000000000000000000000000001000000000000000000000000000000003', '0000000000000000000000000000001000000000000000000000000000000003', 'xbna43rjqd6o2o5g3i959uvbkrgfzdxn00000000000000000000000000000001', '2011-10-03 16:03:31', 3052, 'com.runwaysdk.system.metadata.MdBusiness', 1, 'runwaysdk.com', NULL, NULL, '0000000000000000000000000000001000000000000000000000000000000003', '2011-10-03 16:03:31', 'com.runwaysdk.system.metadata.MdMobileFloat');
CREATE TABLE md_mobile_float ( id CHAR(64) NOT NULL PRIMARY KEY );
INSERT INTO business_inheritance ( id, parent_id, child_id) VALUES ('2e7ngmhn2gfxddi6lvu6j8knyzrz5lra20070926NM0000000000000000000004', 'zhncudnh92w6adabhmo9ts9srn5rp1pp00000000000000000000000000000001', 'xbna43rjqd6o2o5g3i959uvbkrgfzdxn00000000000000000000000000000001');
INSERT INTO class_inheritance ( id, parent_id, child_id) VALUES ('2e7ngmhn2gfxddi6lvu6j8knyzrz5lra20070926NM0000000000000000000004', 'zhncudnh92w6adabhmo9ts9srn5rp1pp00000000000000000000000000000001', 'xbna43rjqd6o2o5g3i959uvbkrgfzdxn00000000000000000000000000000001');
INSERT INTO metadata_relationship ( entity_domain, site_master, last_updated_by, id, owner, locked_by, create_date, type, created_by, seq, key_name, last_update_date, parent_id, child_id) VALUES (NULL, 'runwaysdk.com', '0000000000000000000000000000001000000000000000000000000000000003', '2e7ngmhn2gfxddi6lvu6j8knyzrz5lra20070926NM0000000000000000000004', '0000000000000000000000000000001000000000000000000000000000000003', NULL, '2011-10-03 16:03:31', 'com.runwaysdk.system.metadata.BusinessInheritance', '0000000000000000000000000000001000000000000000000000000000000003', 3053, '2e7ngmhn2gfxddi6lvu6j8knyzrz5lra20070926NM0000000000000000000004', '2011-10-03 16:03:31', 'zhncudnh92w6adabhmo9ts9srn5rp1pp00000000000000000000000000000001', 'xbna43rjqd6o2o5g3i959uvbkrgfzdxn00000000000000000000000000000001');
 INSERT INTO class_cache (set_id, item_id)  VALUES  ('243bkrrcug14yy2vnf8041jkutgta33u', '0000000000000000000000000000023100000000000000000000000000000222');
INSERT INTO metadata_display_label ( default_locale, id, site_master, key_name) VALUES ('Mobile Decimal Field', 'zg29apg8hxxobqhogqclp15xfrho9ojwNM200904120000000000000000000030', 'runwaysdk.com', 'zg29apg8hxxobqhogqclp15xfrho9ojwNM200904120000000000000000000030');
INSERT INTO metadata_display_label ( default_locale, id, site_master, key_name) VALUES ('Metadata Mobile Decimal Field', '0ece01msuhd8cyxtc26bnaowhztlmkdxNM200904120000000000000000000030', 'runwaysdk.com', '0ece01msuhd8cyxtc26bnaowhztlmkdxNM200904120000000000000000000030');
INSERT INTO md_business ( cache_algorithm, cache_algorithm_c, super_md_business, id) VALUES ('243bkrrcug14yy2vnf8041jkutgta33u', '0000000000000000000000000000023100000000000000000000000000000222', 'zhncudnh92w6adabhmo9ts9srn5rp1pp00000000000000000000000000000001', '1p2oppzbugg5ersznpkcsy3oplj1tmuw00000000000000000000000000000001');
INSERT INTO md_element ( extendable, is_abstract, id) VALUES (1, 0, '1p2oppzbugg5ersznpkcsy3oplj1tmuw00000000000000000000000000000001');
INSERT INTO md_entity ( query_dto_source, query_source, cache_size, enforce_site_master, table_name, id) VALUES (NULL, NULL, 0, 1, 'md_mobile_decimal', '1p2oppzbugg5ersznpkcsy3oplj1tmuw00000000000000000000000000000001');
INSERT INTO md_class ( publish, stub_dto_source, stub_source, id) VALUES (1, NULL, NULL, '1p2oppzbugg5ersznpkcsy3oplj1tmuw00000000000000000000000000000001');
INSERT INTO md_type ( display_label, root_id, package_name, type_name, base_source, js_base, js_stub, exported, dto_source, id) VALUES ('zg29apg8hxxobqhogqclp15xfrho9ojwNM200904120000000000000000000030', '1p2oppzbugg5ersznpkcsy3oplj1tmuw', 'com.runwaysdk.system.metadata', 'MdMobileDecimal', NULL, NULL, NULL, 1, NULL, '1p2oppzbugg5ersznpkcsy3oplj1tmuw00000000000000000000000000000001');
INSERT INTO metadata ( description, created_by, owner, id, create_date, seq, type, remove, site_master, locked_by, entity_domain, last_updated_by, last_update_date, key_name) VALUES ('0ece01msuhd8cyxtc26bnaowhztlmkdxNM200904120000000000000000000030', '0000000000000000000000000000001000000000000000000000000000000003', '0000000000000000000000000000001000000000000000000000000000000003', '1p2oppzbugg5ersznpkcsy3oplj1tmuw00000000000000000000000000000001', '2011-10-03 16:03:31', 3054, 'com.runwaysdk.system.metadata.MdBusiness', 1, 'runwaysdk.com', NULL, NULL, '0000000000000000000000000000001000000000000000000000000000000003', '2011-10-03 16:03:31', 'com.runwaysdk.system.metadata.MdMobileDecimal');
CREATE TABLE md_mobile_decimal ( id CHAR(64) NOT NULL PRIMARY KEY );
INSERT INTO business_inheritance ( id, parent_id, child_id) VALUES ('2e52qz21lwlhbfg4efjvfq3m5lz2j6zu20070926NM0000000000000000000004', 'zhncudnh92w6adabhmo9ts9srn5rp1pp00000000000000000000000000000001', '1p2oppzbugg5ersznpkcsy3oplj1tmuw00000000000000000000000000000001');
INSERT INTO class_inheritance ( id, parent_id, child_id) VALUES ('2e52qz21lwlhbfg4efjvfq3m5lz2j6zu20070926NM0000000000000000000004', 'zhncudnh92w6adabhmo9ts9srn5rp1pp00000000000000000000000000000001', '1p2oppzbugg5ersznpkcsy3oplj1tmuw00000000000000000000000000000001');
INSERT INTO metadata_relationship ( entity_domain, site_master, last_updated_by, id, owner, locked_by, create_date, type, created_by, seq, key_name, last_update_date, parent_id, child_id) VALUES (NULL, 'runwaysdk.com', '0000000000000000000000000000001000000000000000000000000000000003', '2e52qz21lwlhbfg4efjvfq3m5lz2j6zu20070926NM0000000000000000000004', '0000000000000000000000000000001000000000000000000000000000000003', NULL, '2011-10-03 16:03:31', 'com.runwaysdk.system.metadata.BusinessInheritance', '0000000000000000000000000000001000000000000000000000000000000003', 3055, '2e52qz21lwlhbfg4efjvfq3m5lz2j6zu20070926NM0000000000000000000004', '2011-10-03 16:03:31', 'zhncudnh92w6adabhmo9ts9srn5rp1pp00000000000000000000000000000001', '1p2oppzbugg5ersznpkcsy3oplj1tmuw00000000000000000000000000000001');
 INSERT INTO class_cache (set_id, item_id)  VALUES  ('26c518235xvlku2f8qxj31rfl4ehd1an', '0000000000000000000000000000023100000000000000000000000000000222');
INSERT INTO metadata_display_label ( default_locale, id, site_master, key_name) VALUES ('Mobile Boolean Field', 'r9s9t80fa2i08rpo45gkn5oj0on4y7y6NM200904120000000000000000000030', 'runwaysdk.com', 'r9s9t80fa2i08rpo45gkn5oj0on4y7y6NM200904120000000000000000000030');
INSERT INTO metadata_display_label ( default_locale, id, site_master, key_name) VALUES ('Metadata Mobile Boolean Field', '8ryvwignkexnqvb6fsrt5y7ykhb28xgjNM200904120000000000000000000030', 'runwaysdk.com', '8ryvwignkexnqvb6fsrt5y7ykhb28xgjNM200904120000000000000000000030');
INSERT INTO md_business ( cache_algorithm, cache_algorithm_c, super_md_business, id) VALUES ('26c518235xvlku2f8qxj31rfl4ehd1an', '0000000000000000000000000000023100000000000000000000000000000222', 'zgld5upl3f35kcjr1au0d16u9btqwjvx00000000000000000000000000000001', 'sancdzl480xca7tomplig6z03wl7k5dw00000000000000000000000000000001');
INSERT INTO md_element ( extendable, is_abstract, id) VALUES (1, 0, 'sancdzl480xca7tomplig6z03wl7k5dw00000000000000000000000000000001');
INSERT INTO md_entity ( query_dto_source, query_source, cache_size, enforce_site_master, table_name, id) VALUES (NULL, NULL, 0, 1, 'md_mobile_boolean', 'sancdzl480xca7tomplig6z03wl7k5dw00000000000000000000000000000001');
INSERT INTO md_class ( publish, stub_dto_source, stub_source, id) VALUES (1, NULL, NULL, 'sancdzl480xca7tomplig6z03wl7k5dw00000000000000000000000000000001');
INSERT INTO md_type ( display_label, root_id, package_name, type_name, base_source, js_base, js_stub, exported, dto_source, id) VALUES ('r9s9t80fa2i08rpo45gkn5oj0on4y7y6NM200904120000000000000000000030', 'sancdzl480xca7tomplig6z03wl7k5dw', 'com.runwaysdk.system.metadata', 'MdMobileBoolean', NULL, NULL, NULL, 1, NULL, 'sancdzl480xca7tomplig6z03wl7k5dw00000000000000000000000000000001');
INSERT INTO metadata ( description, created_by, owner, id, create_date, seq, type, remove, site_master, locked_by, entity_domain, last_updated_by, last_update_date, key_name) VALUES ('8ryvwignkexnqvb6fsrt5y7ykhb28xgjNM200904120000000000000000000030', '0000000000000000000000000000001000000000000000000000000000000003', '0000000000000000000000000000001000000000000000000000000000000003', 'sancdzl480xca7tomplig6z03wl7k5dw00000000000000000000000000000001', '2011-10-03 16:03:31', 3056, 'com.runwaysdk.system.metadata.MdBusiness', 1, 'runwaysdk.com', NULL, NULL, '0000000000000000000000000000001000000000000000000000000000000003', '2011-10-03 16:03:31', 'com.runwaysdk.system.metadata.MdMobileBoolean');
CREATE TABLE md_mobile_boolean ( id CHAR(64) NOT NULL PRIMARY KEY );
INSERT INTO business_inheritance ( id, parent_id, child_id) VALUES ('93jvwbudm5bgmde4h2bzz0dvr5zo11m020070926NM0000000000000000000004', 'zgld5upl3f35kcjr1au0d16u9btqwjvx00000000000000000000000000000001', 'sancdzl480xca7tomplig6z03wl7k5dw00000000000000000000000000000001');
INSERT INTO class_inheritance ( id, parent_id, child_id) VALUES ('93jvwbudm5bgmde4h2bzz0dvr5zo11m020070926NM0000000000000000000004', 'zgld5upl3f35kcjr1au0d16u9btqwjvx00000000000000000000000000000001', 'sancdzl480xca7tomplig6z03wl7k5dw00000000000000000000000000000001');
INSERT INTO metadata_relationship ( entity_domain, site_master, last_updated_by, id, owner, locked_by, create_date, type, created_by, seq, key_name, last_update_date, parent_id, child_id) VALUES (NULL, 'runwaysdk.com', '0000000000000000000000000000001000000000000000000000000000000003', '93jvwbudm5bgmde4h2bzz0dvr5zo11m020070926NM0000000000000000000004', '0000000000000000000000000000001000000000000000000000000000000003', NULL, '2011-10-03 16:03:31', 'com.runwaysdk.system.metadata.BusinessInheritance', '0000000000000000000000000000001000000000000000000000000000000003', 3057, '93jvwbudm5bgmde4h2bzz0dvr5zo11m020070926NM0000000000000000000004', '2011-10-03 16:03:31', 'zgld5upl3f35kcjr1au0d16u9btqwjvx00000000000000000000000000000001', 'sancdzl480xca7tomplig6z03wl7k5dw00000000000000000000000000000001');
 INSERT INTO class_cache (set_id, item_id)  VALUES  ('269dtbcy6ypl5m5y2g1kiwll03369w49', '0000000000000000000000000000023100000000000000000000000000000222');
INSERT INTO metadata_display_label ( default_locale, id, site_master, key_name) VALUES ('Mobile Term Field', 'qshe1y76dqoydil8zahmmuz5keoyg5txNM200904120000000000000000000030', 'runwaysdk.com', 'qshe1y76dqoydil8zahmmuz5keoyg5txNM200904120000000000000000000030');
INSERT INTO metadata_display_label ( default_locale, id, site_master, key_name) VALUES ('Metadata Mobile SingleTerm Field', '2axww0e6oqfaexqf0w7x83yps2b60l02NM200904120000000000000000000030', 'runwaysdk.com', '2axww0e6oqfaexqf0w7x83yps2b60l02NM200904120000000000000000000030');
INSERT INTO md_business ( cache_algorithm, cache_algorithm_c, super_md_business, id) VALUES ('269dtbcy6ypl5m5y2g1kiwll03369w49', '0000000000000000000000000000023100000000000000000000000000000222', 'spaidsakim4xgjcf4psuxg6pa3qu120f00000000000000000000000000000001', 'qpdfu6wjm956hxqec2e6z4m8rdao30fg00000000000000000000000000000001');
INSERT INTO md_element ( extendable, is_abstract, id) VALUES (1, 0, 'qpdfu6wjm956hxqec2e6z4m8rdao30fg00000000000000000000000000000001');
INSERT INTO md_entity ( query_dto_source, query_source, cache_size, enforce_site_master, table_name, id) VALUES (NULL, NULL, 0, 1, 'md_mobile_single_term', 'qpdfu6wjm956hxqec2e6z4m8rdao30fg00000000000000000000000000000001');
INSERT INTO md_class ( publish, stub_dto_source, stub_source, id) VALUES (1, NULL, NULL, 'qpdfu6wjm956hxqec2e6z4m8rdao30fg00000000000000000000000000000001');
INSERT INTO md_type ( display_label, root_id, package_name, type_name, base_source, js_base, js_stub, exported, dto_source, id) VALUES ('qshe1y76dqoydil8zahmmuz5keoyg5txNM200904120000000000000000000030', 'qpdfu6wjm956hxqec2e6z4m8rdao30fg', 'com.runwaysdk.system.metadata', 'MdMobileSingleTerm', NULL, NULL, NULL, 1, NULL, 'qpdfu6wjm956hxqec2e6z4m8rdao30fg00000000000000000000000000000001');
INSERT INTO metadata ( description, created_by, owner, id, create_date, seq, type, remove, site_master, locked_by, entity_domain, last_updated_by, last_update_date, key_name) VALUES ('2axww0e6oqfaexqf0w7x83yps2b60l02NM200904120000000000000000000030', '0000000000000000000000000000001000000000000000000000000000000003', '0000000000000000000000000000001000000000000000000000000000000003', 'qpdfu6wjm956hxqec2e6z4m8rdao30fg00000000000000000000000000000001', '2011-10-03 16:03:31', 3058, 'com.runwaysdk.system.metadata.MdBusiness', 1, 'runwaysdk.com', NULL, NULL, '0000000000000000000000000000001000000000000000000000000000000003', '2011-10-03 16:03:31', 'com.runwaysdk.system.metadata.MdMobileSingleTerm');
CREATE TABLE md_mobile_single_term ( id CHAR(64) NOT NULL PRIMARY KEY );
INSERT INTO business_inheritance ( id, parent_id, child_id) VALUES ('0n13lewpq5znifsqaobmang3jjr4430220070926NM0000000000000000000004', 'spaidsakim4xgjcf4psuxg6pa3qu120f00000000000000000000000000000001', 'qpdfu6wjm956hxqec2e6z4m8rdao30fg00000000000000000000000000000001');
INSERT INTO class_inheritance ( id, parent_id, child_id) VALUES ('0n13lewpq5znifsqaobmang3jjr4430220070926NM0000000000000000000004', 'spaidsakim4xgjcf4psuxg6pa3qu120f00000000000000000000000000000001', 'qpdfu6wjm956hxqec2e6z4m8rdao30fg00000000000000000000000000000001');
INSERT INTO metadata_relationship ( entity_domain, site_master, last_updated_by, id, owner, locked_by, create_date, type, created_by, seq, key_name, last_update_date, parent_id, child_id) VALUES (NULL, 'runwaysdk.com', '0000000000000000000000000000001000000000000000000000000000000003', '0n13lewpq5znifsqaobmang3jjr4430220070926NM0000000000000000000004', '0000000000000000000000000000001000000000000000000000000000000003', NULL, '2011-10-03 16:03:31', 'com.runwaysdk.system.metadata.BusinessInheritance', '0000000000000000000000000000001000000000000000000000000000000003', 3059, '0n13lewpq5znifsqaobmang3jjr4430220070926NM0000000000000000000004', '2011-10-03 16:03:31', 'spaidsakim4xgjcf4psuxg6pa3qu120f00000000000000000000000000000001', 'qpdfu6wjm956hxqec2e6z4m8rdao30fg00000000000000000000000000000001');
 INSERT INTO class_cache (set_id, item_id)  VALUES  ('1x2y46i3pfk6py2b8xk8j4vqxipm8xy6', '0000000000000000000000000000023100000000000000000000000000000222');
INSERT INTO metadata_display_label ( default_locale, id, site_master, key_name) VALUES ('Mobile Multiple Term Field', 'qnwqr4lr3e41u8ebkhx2xkgtu54hn2kiNM200904120000000000000000000030', 'runwaysdk.com', 'qnwqr4lr3e41u8ebkhx2xkgtu54hn2kiNM200904120000000000000000000030');
INSERT INTO metadata_display_label ( default_locale, id, site_master, key_name) VALUES ('Metadata Mobile MultipleTerm Field', '8lng8lzlqqi9ecrsyfxdm2p29rzs9elxNM200904120000000000000000000030', 'runwaysdk.com', '8lng8lzlqqi9ecrsyfxdm2p29rzs9elxNM200904120000000000000000000030');
INSERT INTO md_business ( cache_algorithm, cache_algorithm_c, super_md_business, id) VALUES ('1x2y46i3pfk6py2b8xk8j4vqxipm8xy6', '0000000000000000000000000000023100000000000000000000000000000222', 'spaidsakim4xgjcf4psuxg6pa3qu120f00000000000000000000000000000001', 'zmk45zwnvdhf0pssybx2wh20clrrj3d400000000000000000000000000000001');
INSERT INTO md_element ( extendable, is_abstract, id) VALUES (1, 0, 'zmk45zwnvdhf0pssybx2wh20clrrj3d400000000000000000000000000000001');
INSERT INTO md_entity ( query_dto_source, query_source, cache_size, enforce_site_master, table_name, id) VALUES (NULL, NULL, 0, 1, 'md_mobile_multiple_term', 'zmk45zwnvdhf0pssybx2wh20clrrj3d400000000000000000000000000000001');
INSERT INTO md_class ( publish, stub_dto_source, stub_source, id) VALUES (1, NULL, NULL, 'zmk45zwnvdhf0pssybx2wh20clrrj3d400000000000000000000000000000001');
INSERT INTO md_type ( display_label, root_id, package_name, type_name, base_source, js_base, js_stub, exported, dto_source, id) VALUES ('qnwqr4lr3e41u8ebkhx2xkgtu54hn2kiNM200904120000000000000000000030', 'zmk45zwnvdhf0pssybx2wh20clrrj3d4', 'com.runwaysdk.system.metadata', 'MdMobileMultipleTerm', NULL, NULL, NULL, 1, NULL, 'zmk45zwnvdhf0pssybx2wh20clrrj3d400000000000000000000000000000001');
INSERT INTO metadata ( description, created_by, owner, id, create_date, seq, type, remove, site_master, locked_by, entity_domain, last_updated_by, last_update_date, key_name) VALUES ('8lng8lzlqqi9ecrsyfxdm2p29rzs9elxNM200904120000000000000000000030', '0000000000000000000000000000001000000000000000000000000000000003', '0000000000000000000000000000001000000000000000000000000000000003', 'zmk45zwnvdhf0pssybx2wh20clrrj3d400000000000000000000000000000001', '2011-10-03 16:03:31', 3060, 'com.runwaysdk.system.metadata.MdBusiness', 1, 'runwaysdk.com', NULL, NULL, '0000000000000000000000000000001000000000000000000000000000000003', '2011-10-03 16:03:31', 'com.runwaysdk.system.metadata.MdMobileMultipleTerm');
CREATE TABLE md_mobile_multiple_term ( id CHAR(64) NOT NULL PRIMARY KEY );
INSERT INTO business_inheritance ( id, parent_id, child_id) VALUES ('soxw11zxnaq7u3toxjo7ydm4q4q96blv20070926NM0000000000000000000004', 'spaidsakim4xgjcf4psuxg6pa3qu120f00000000000000000000000000000001', 'zmk45zwnvdhf0pssybx2wh20clrrj3d400000000000000000000000000000001');
INSERT INTO class_inheritance ( id, parent_id, child_id) VALUES ('soxw11zxnaq7u3toxjo7ydm4q4q96blv20070926NM0000000000000000000004', 'spaidsakim4xgjcf4psuxg6pa3qu120f00000000000000000000000000000001', 'zmk45zwnvdhf0pssybx2wh20clrrj3d400000000000000000000000000000001');
INSERT INTO metadata_relationship ( entity_domain, site_master, last_updated_by, id, owner, locked_by, create_date, type, created_by, seq, key_name, last_update_date, parent_id, child_id) VALUES (NULL, 'runwaysdk.com', '0000000000000000000000000000001000000000000000000000000000000003', 'soxw11zxnaq7u3toxjo7ydm4q4q96blv20070926NM0000000000000000000004', '0000000000000000000000000000001000000000000000000000000000000003', NULL, '2011-10-03 16:03:31', 'com.runwaysdk.system.metadata.BusinessInheritance', '0000000000000000000000000000001000000000000000000000000000000003', 3061, 'soxw11zxnaq7u3toxjo7ydm4q4q96blv20070926NM0000000000000000000004', '2011-10-03 16:03:31', 'spaidsakim4xgjcf4psuxg6pa3qu120f00000000000000000000000000000001', 'zmk45zwnvdhf0pssybx2wh20clrrj3d400000000000000000000000000000001');
 INSERT INTO class_cache (set_id, item_id)  VALUES  ('0037jw02v176xjs2r2wkcdmek9vovtew', '0000000000000000000000000000023100000000000000000000000000000222');
INSERT INTO metadata_display_label ( default_locale, id, site_master, key_name) VALUES ('Mobile Grid Field', 'stjffaaxikenuc4p3ydees1xjbxwzwzgNM200904120000000000000000000030', 'runwaysdk.com', 'stjffaaxikenuc4p3ydees1xjbxwzwzgNM200904120000000000000000000030');
INSERT INTO metadata_display_label ( default_locale, id, site_master, key_name) VALUES ('Metadata Mobile SingleTermGrid Field', '8ufko6wucsbatutbo420tnj2sahsv2cvNM200904120000000000000000000030', 'runwaysdk.com', '8ufko6wucsbatutbo420tnj2sahsv2cvNM200904120000000000000000000030');
INSERT INTO md_business ( cache_algorithm, cache_algorithm_c, super_md_business, id) VALUES ('0037jw02v176xjs2r2wkcdmek9vovtew', '0000000000000000000000000000023100000000000000000000000000000222', 'spaidsakim4xgjcf4psuxg6pa3qu120f00000000000000000000000000000001', 'xe7p2pv3wmnyk6vsmyfg6nt3om8vcqbq00000000000000000000000000000001');
INSERT INTO md_element ( extendable, is_abstract, id) VALUES (1, 0, 'xe7p2pv3wmnyk6vsmyfg6nt3om8vcqbq00000000000000000000000000000001');
INSERT INTO md_entity ( query_dto_source, query_source, cache_size, enforce_site_master, table_name, id) VALUES (NULL, NULL, 0, 1, 'md_mobile_single_term_grid', 'xe7p2pv3wmnyk6vsmyfg6nt3om8vcqbq00000000000000000000000000000001');
INSERT INTO md_class ( publish, stub_dto_source, stub_source, id) VALUES (1, NULL, NULL, 'xe7p2pv3wmnyk6vsmyfg6nt3om8vcqbq00000000000000000000000000000001');
INSERT INTO md_type ( display_label, root_id, package_name, type_name, base_source, js_base, js_stub, exported, dto_source, id) VALUES ('stjffaaxikenuc4p3ydees1xjbxwzwzgNM200904120000000000000000000030', 'xe7p2pv3wmnyk6vsmyfg6nt3om8vcqbq', 'com.runwaysdk.system.metadata', 'MdMobileSingleTermGrid', NULL, NULL, NULL, 1, NULL, 'xe7p2pv3wmnyk6vsmyfg6nt3om8vcqbq00000000000000000000000000000001');
INSERT INTO metadata ( description, created_by, owner, id, create_date, seq, type, remove, site_master, locked_by, entity_domain, last_updated_by, last_update_date, key_name) VALUES ('8ufko6wucsbatutbo420tnj2sahsv2cvNM200904120000000000000000000030', '0000000000000000000000000000001000000000000000000000000000000003', '0000000000000000000000000000001000000000000000000000000000000003', 'xe7p2pv3wmnyk6vsmyfg6nt3om8vcqbq00000000000000000000000000000001', '2011-10-03 16:03:31', 3062, 'com.runwaysdk.system.metadata.MdBusiness', 1, 'runwaysdk.com', NULL, NULL, '0000000000000000000000000000001000000000000000000000000000000003', '2011-10-03 16:03:31', 'com.runwaysdk.system.metadata.MdMobileSingleTermGrid');
CREATE TABLE md_mobile_single_term_grid ( id CHAR(64) NOT NULL PRIMARY KEY );
INSERT INTO business_inheritance ( id, parent_id, child_id) VALUES ('2elax2yxpq6rdq7l00se2d0y0sa6sspa20070926NM0000000000000000000004', 'spaidsakim4xgjcf4psuxg6pa3qu120f00000000000000000000000000000001', 'xe7p2pv3wmnyk6vsmyfg6nt3om8vcqbq00000000000000000000000000000001');
INSERT INTO class_inheritance ( id, parent_id, child_id) VALUES ('2elax2yxpq6rdq7l00se2d0y0sa6sspa20070926NM0000000000000000000004', 'spaidsakim4xgjcf4psuxg6pa3qu120f00000000000000000000000000000001', 'xe7p2pv3wmnyk6vsmyfg6nt3om8vcqbq00000000000000000000000000000001');
INSERT INTO metadata_relationship ( entity_domain, site_master, last_updated_by, id, owner, locked_by, create_date, type, created_by, seq, key_name, last_update_date, parent_id, child_id) VALUES (NULL, 'runwaysdk.com', '0000000000000000000000000000001000000000000000000000000000000003', '2elax2yxpq6rdq7l00se2d0y0sa6sspa20070926NM0000000000000000000004', '0000000000000000000000000000001000000000000000000000000000000003', NULL, '2011-10-03 16:03:31', 'com.runwaysdk.system.metadata.BusinessInheritance', '0000000000000000000000000000001000000000000000000000000000000003', 3063, '2elax2yxpq6rdq7l00se2d0y0sa6sspa20070926NM0000000000000000000004', '2011-10-03 16:03:31', 'spaidsakim4xgjcf4psuxg6pa3qu120f00000000000000000000000000000001', 'xe7p2pv3wmnyk6vsmyfg6nt3om8vcqbq00000000000000000000000000000001');
 INSERT INTO relationship_cache (set_id, item_id)  VALUES  ('2h7izksrlx6j8kwxq9rb1yk7twuqz4yj', '0000000000000000000000000000023100000000000000000000000000000222');
 INSERT INTO visibilitymodifier (set_id, item_id)  VALUES  ('t0z4bgt3qw990pkibivloscq261oxv1v', '20071109NM000000000000000000000520071109NM0000000000000000000001');
INSERT INTO metadata_display_label ( default_locale, id, site_master, key_name) VALUES (NULL, '1re6ze2n4rzkxmd7snn01bsqwyeinmj5NM200904120000000000000000000030', 'runwaysdk.com', '1re6ze2n4rzkxmd7snn01bsqwyeinmj5NM200904120000000000000000000030');
 INSERT INTO visibilitymodifier (set_id, item_id)  VALUES  ('xelyu8s0f450j0bowi6de002g61aufc6', '20071109NM000000000000000000000520071109NM0000000000000000000001');
INSERT INTO metadata_display_label ( default_locale, id, site_master, key_name) VALUES (NULL, 'z7apxyfivm47uaegqjezorjrjxkz8xbmNM200904120000000000000000000030', 'runwaysdk.com', 'z7apxyfivm47uaegqjezorjrjxkz8xbmNM200904120000000000000000000030');
INSERT INTO metadata_display_label ( default_locale, id, site_master, key_name) VALUES ('MobileGridField', 'qzasr2io00yhvd5bfn3qi143ooq2htcoNM200904120000000000000000000030', 'runwaysdk.com', 'qzasr2io00yhvd5bfn3qi143ooq2htcoNM200904120000000000000000000030');
INSERT INTO metadata_display_label ( default_locale, id, site_master, key_name) VALUES ('Mobile Grid Field', '8dep93aunft803mozmy8r8iqyqipvc89NM200904120000000000000000000030', 'runwaysdk.com', '8dep93aunft803mozmy8r8iqyqipvc89NM200904120000000000000000000030');
INSERT INTO md_relationship ( cache_algorithm, cache_algorithm_c, index2_name, parent_visibility, parent_visibility_c, parent_md_business, parent_cardinality, composition, parent_display_label, sort_md_attribute, child_visibility, child_visibility_c, child_method, super_md_relationship, parent_method, index1_name, child_md_business, child_display_label, child_cardinality, id) VALUES ('2h7izksrlx6j8kwxq9rb1yk7twuqz4yj', '0000000000000000000000000000023100000000000000000000000000000222', 'rel_t2b75p7ho6hpasl5ow8dlthmt5', 't0z4bgt3qw990pkibivloscq261oxv1v', '20071109NM000000000000000000000520071109NM0000000000000000000001', 'xe7p2pv3wmnyk6vsmyfg6nt3om8vcqbq00000000000000000000000000000001', '1', 0, '1re6ze2n4rzkxmd7snn01bsqwyeinmj5NM200904120000000000000000000030', NULL, 'xelyu8s0f450j0bowi6de002g61aufc6', '20071109NM000000000000000000000520071109NM0000000000000000000001', 'MdFields', NULL, 'Grid', 'rel_0reciog9mnevt6q23wj9jfmxv7', 'zgld5upl3f35kcjr1au0d16u9btqwjvx00000000000000000000000000000001', 'z7apxyfivm47uaegqjezorjrjxkz8xbmNM200904120000000000000000000030', '*', 'stivqje42w2j4veo4fnev6n218cn2azh00000000000000000000000000000061');
INSERT INTO md_element ( extendable, is_abstract, id) VALUES (1, 0, 'stivqje42w2j4veo4fnev6n218cn2azh00000000000000000000000000000061');
INSERT INTO md_entity ( query_dto_source, query_source, cache_size, enforce_site_master, table_name, id) VALUES (NULL, NULL, 0, 1, 'mobile_grid_field', 'stivqje42w2j4veo4fnev6n218cn2azh00000000000000000000000000000061');
INSERT INTO md_class ( publish, stub_dto_source, stub_source, id) VALUES (1, NULL, NULL, 'stivqje42w2j4veo4fnev6n218cn2azh00000000000000000000000000000061');
INSERT INTO md_type ( display_label, root_id, package_name, type_name, base_source, js_base, js_stub, exported, dto_source, id) VALUES ('qzasr2io00yhvd5bfn3qi143ooq2htcoNM200904120000000000000000000030', 'stivqje42w2j4veo4fnev6n218cn2azh', 'com.runwaysdk.system.metadata', 'MobileGridField', NULL, NULL, NULL, 1, NULL, 'stivqje42w2j4veo4fnev6n218cn2azh00000000000000000000000000000061');
INSERT INTO metadata ( description, created_by, owner, id, create_date, seq, type, remove, site_master, locked_by, entity_domain, last_updated_by, last_update_date, key_name) VALUES ('8dep93aunft803mozmy8r8iqyqipvc89NM200904120000000000000000000030', '0000000000000000000000000000001000000000000000000000000000000003', '0000000000000000000000000000001000000000000000000000000000000003', 'stivqje42w2j4veo4fnev6n218cn2azh00000000000000000000000000000061', '2011-10-03 16:03:31', 3064, 'com.runwaysdk.system.metadata.MdRelationship', 1, 'runwaysdk.com', NULL, NULL, '0000000000000000000000000000001000000000000000000000000000000003', '2011-10-03 16:03:31', 'com.runwaysdk.system.metadata.MobileGridField');
CREATE TABLE mobile_grid_field ( id CHAR(64) NOT NULL PRIMARY KEY, 
parent_id CHAR(64) NOT NULL, 
child_id CHAR(64) NOT NULL );
CREATE  INDEX rel_0reciog9mnevt6q23wj9jfmxv7 ON mobile_grid_field (parent_id, child_id);
CREATE INDEX rel_t2b75p7ho6hpasl5ow8dlthmt5 ON mobile_grid_field (child_id);
 INSERT INTO visibilitymodifier (set_id, item_id)  VALUES  ('snpb54r25ducdblra1v12en1jzlnjn93', '20071109NM000000000000000000000520071109NM0000000000000000000001');
INSERT INTO metadata_display_label ( default_locale, id, site_master, key_name) VALUES ('ID', '23rq2kih381ch78ukz3kl2qq6udnu7h6NM200904120000000000000000000030', 'runwaysdk.com', '23rq2kih381ch78ukz3kl2qq6udnu7h6NM200904120000000000000000000030');
 INSERT INTO visibilitymodifier (set_id, item_id)  VALUES  ('stl2h7p4lb6ugpozwh5cwsn6l4qo7mcb', '20071109NM000000000000000000000520071109NM0000000000000000000001');
 INSERT INTO md_attribute_indicies (set_id, item_id)  VALUES  ('1qj6b6le615kxuahgzs3lquusms1tkqt', '0000000000000000000000000000040900000000000000000000000000000403');
INSERT INTO metadata_display_label ( default_locale, id, site_master, key_name) VALUES ('ID of this object', '27gnwo0fcmmiapq67sz9wr7cxodmrkywNM200904120000000000000000000030', 'runwaysdk.com', '27gnwo0fcmmiapq67sz9wr7cxodmrkywNM200904120000000000000000000030');
INSERT INTO md_attribute_character ( default_value, database_size, id) VALUES (NULL, 64, '2ecnmmnkwaslby4lkotuj27kjkzaxqlu00000000000000000000000000000138');
INSERT INTO md_attribute_char ( id) VALUES ('2ecnmmnkwaslby4lkotuj27kjkzaxqlu00000000000000000000000000000138');
INSERT INTO md_attribute_primitive ( id) VALUES ('2ecnmmnkwaslby4lkotuj27kjkzaxqlu00000000000000000000000000000138');
INSERT INTO md_attribute_concrete ( column_name, defining_md_class, setter_visibility, setter_visibility_c, immutable, index_name, generate_accessor, system, required, display_label, getter_visibility, getter_visibility_c, index_type, index_type_c, attribute_name, id) VALUES ('id', 'stivqje42w2j4veo4fnev6n218cn2azh00000000000000000000000000000061', 'snpb54r25ducdblra1v12en1jzlnjn93', '20071109NM000000000000000000000520071109NM0000000000000000000001', 0, 'agbgppp85zbh894mu0gc312vewt9au', 1, 1, 1, '23rq2kih381ch78ukz3kl2qq6udnu7h6NM200904120000000000000000000030', 'stl2h7p4lb6ugpozwh5cwsn6l4qo7mcb', '20071109NM000000000000000000000520071109NM0000000000000000000001', '1qj6b6le615kxuahgzs3lquusms1tkqt', '0000000000000000000000000000040900000000000000000000000000000403', 'id', '2ecnmmnkwaslby4lkotuj27kjkzaxqlu00000000000000000000000000000138');
INSERT INTO md_attribute ( id) VALUES ('2ecnmmnkwaslby4lkotuj27kjkzaxqlu00000000000000000000000000000138');
INSERT INTO metadata ( description, created_by, owner, id, create_date, seq, type, remove, site_master, locked_by, entity_domain, last_updated_by, last_update_date, key_name) VALUES ('27gnwo0fcmmiapq67sz9wr7cxodmrkywNM200904120000000000000000000030', '0000000000000000000000000000001000000000000000000000000000000003', '0000000000000000000000000000001000000000000000000000000000000003', '2ecnmmnkwaslby4lkotuj27kjkzaxqlu00000000000000000000000000000138', '2011-10-03 16:03:31', 3065, 'com.runwaysdk.system.metadata.MdAttributeCharacter', 0, 'runwaysdk.com', NULL, NULL, '0000000000000000000000000000001000000000000000000000000000000003', '2011-10-03 16:03:31', 'com.runwaysdk.system.metadata.MobileGridField.id');
INSERT INTO class_attribute_concrete ( id, parent_id, child_id) VALUES ('8ilbfgj2lz3wfad3iegxoxrpchot3ho900000000000000000000000000000073', 'stivqje42w2j4veo4fnev6n218cn2azh00000000000000000000000000000061', '2ecnmmnkwaslby4lkotuj27kjkzaxqlu00000000000000000000000000000138');
INSERT INTO class_attribute ( id, parent_id, child_id) VALUES ('8ilbfgj2lz3wfad3iegxoxrpchot3ho900000000000000000000000000000073', 'stivqje42w2j4veo4fnev6n218cn2azh00000000000000000000000000000061', '2ecnmmnkwaslby4lkotuj27kjkzaxqlu00000000000000000000000000000138');
INSERT INTO metadata_relationship ( entity_domain, site_master, last_updated_by, id, owner, locked_by, create_date, type, created_by, seq, key_name, last_update_date, parent_id, child_id) VALUES (NULL, 'runwaysdk.com', '0000000000000000000000000000001000000000000000000000000000000003', '8ilbfgj2lz3wfad3iegxoxrpchot3ho900000000000000000000000000000073', '0000000000000000000000000000001000000000000000000000000000000003', NULL, '2011-10-03 16:03:31', 'com.runwaysdk.system.metadata.ClassAttributeConcrete', '0000000000000000000000000000001000000000000000000000000000000003', 3066, 'com.runwaysdk.system.metadata.MobileGridField.id', '2011-10-03 16:03:31', 'stivqje42w2j4veo4fnev6n218cn2azh00000000000000000000000000000061', '2ecnmmnkwaslby4lkotuj27kjkzaxqlu00000000000000000000000000000138');
 INSERT INTO visibilitymodifier (set_id, item_id)  VALUES  ('947u18ygzwb89jdgnzkvllcmuhnhiyt1', '20071109NM000000000000000000000520071109NM0000000000000000000001');
INSERT INTO metadata_display_label ( default_locale, id, site_master, key_name) VALUES ('Site Master', '79zdlcsskeyoaqiuedgz33few4k9rzn8NM200904120000000000000000000030', 'runwaysdk.com', '79zdlcsskeyoaqiuedgz33few4k9rzn8NM200904120000000000000000000030');
 INSERT INTO visibilitymodifier (set_id, item_id)  VALUES  ('t1uvcz2llajshtqrjhpnw5ts4qlsrcrp', '20071109NM000000000000000000000520071109NM0000000000000000000001');
 INSERT INTO md_attribute_indicies (set_id, item_id)  VALUES  ('06deuosiamphwk2dtgsshhywywmmi1ev', '0000000000000000000000000000040100000000000000000000000000000403');
INSERT INTO metadata_display_label ( default_locale, id, site_master, key_name) VALUES ('The name of the site responsible for this object', '6s2ids2cwxe8i6u29wgk56sb1i8g2skrNM200904120000000000000000000030', 'runwaysdk.com', '6s2ids2cwxe8i6u29wgk56sb1i8g2skrNM200904120000000000000000000030');
INSERT INTO md_attribute_character ( default_value, database_size, id) VALUES (NULL, 255, '8c5uda44b6t6z806nqg59zk472xd3ecm00000000000000000000000000000138');
INSERT INTO md_attribute_char ( id) VALUES ('8c5uda44b6t6z806nqg59zk472xd3ecm00000000000000000000000000000138');
INSERT INTO md_attribute_primitive ( id) VALUES ('8c5uda44b6t6z806nqg59zk472xd3ecm00000000000000000000000000000138');
INSERT INTO md_attribute_concrete ( column_name, defining_md_class, setter_visibility, setter_visibility_c, immutable, index_name, generate_accessor, system, required, display_label, getter_visibility, getter_visibility_c, index_type, index_type_c, attribute_name, id) VALUES ('site_master', 'stivqje42w2j4veo4fnev6n218cn2azh00000000000000000000000000000061', '947u18ygzwb89jdgnzkvllcmuhnhiyt1', '20071109NM000000000000000000000520071109NM0000000000000000000001', 1, 'ab2ki5c3xatpr21z1kx2cezciczj66', 1, 1, 1, '79zdlcsskeyoaqiuedgz33few4k9rzn8NM200904120000000000000000000030', 't1uvcz2llajshtqrjhpnw5ts4qlsrcrp', '20071109NM000000000000000000000520071109NM0000000000000000000001', '06deuosiamphwk2dtgsshhywywmmi1ev', '0000000000000000000000000000040100000000000000000000000000000403', 'siteMaster', '8c5uda44b6t6z806nqg59zk472xd3ecm00000000000000000000000000000138');
INSERT INTO md_attribute ( id) VALUES ('8c5uda44b6t6z806nqg59zk472xd3ecm00000000000000000000000000000138');
INSERT INTO metadata ( description, created_by, owner, id, create_date, seq, type, remove, site_master, locked_by, entity_domain, last_updated_by, last_update_date, key_name) VALUES ('6s2ids2cwxe8i6u29wgk56sb1i8g2skrNM200904120000000000000000000030', '0000000000000000000000000000001000000000000000000000000000000003', '0000000000000000000000000000001000000000000000000000000000000003', '8c5uda44b6t6z806nqg59zk472xd3ecm00000000000000000000000000000138', '2011-10-03 16:03:31', 3067, 'com.runwaysdk.system.metadata.MdAttributeCharacter', 0, 'runwaysdk.com', NULL, NULL, '0000000000000000000000000000001000000000000000000000000000000003', '2011-10-03 16:03:31', 'com.runwaysdk.system.metadata.MobileGridField.siteMaster');
ALTER TABLE mobile_grid_field ADD COLUMN site_master  varchar(255);
INSERT INTO class_attribute_concrete ( id, parent_id, child_id) VALUES ('szddm0z2ijo4xj9lgrvk3ditywepev6200000000000000000000000000000073', 'stivqje42w2j4veo4fnev6n218cn2azh00000000000000000000000000000061', '8c5uda44b6t6z806nqg59zk472xd3ecm00000000000000000000000000000138');
INSERT INTO class_attribute ( id, parent_id, child_id) VALUES ('szddm0z2ijo4xj9lgrvk3ditywepev6200000000000000000000000000000073', 'stivqje42w2j4veo4fnev6n218cn2azh00000000000000000000000000000061', '8c5uda44b6t6z806nqg59zk472xd3ecm00000000000000000000000000000138');
INSERT INTO metadata_relationship ( entity_domain, site_master, last_updated_by, id, owner, locked_by, create_date, type, created_by, seq, key_name, last_update_date, parent_id, child_id) VALUES (NULL, 'runwaysdk.com', '0000000000000000000000000000001000000000000000000000000000000003', 'szddm0z2ijo4xj9lgrvk3ditywepev6200000000000000000000000000000073', '0000000000000000000000000000001000000000000000000000000000000003', NULL, '2011-10-03 16:03:31', 'com.runwaysdk.system.metadata.ClassAttributeConcrete', '0000000000000000000000000000001000000000000000000000000000000003', 3068, 'com.runwaysdk.system.metadata.MobileGridField.siteMaster', '2011-10-03 16:03:31', 'stivqje42w2j4veo4fnev6n218cn2azh00000000000000000000000000000061', '8c5uda44b6t6z806nqg59zk472xd3ecm00000000000000000000000000000138');
 INSERT INTO visibilitymodifier (set_id, item_id)  VALUES  ('03gcss3i3gy3j5b00nz570886a028x7v', '20071109NM000000000000000000000520071109NM0000000000000000000001');
INSERT INTO metadata_display_label ( default_locale, id, site_master, key_name) VALUES ('Key Name', '8w1zv0lcb8zrth19it0dqs0dzcvrfs84NM200904120000000000000000000030', 'runwaysdk.com', '8w1zv0lcb8zrth19it0dqs0dzcvrfs84NM200904120000000000000000000030');
 INSERT INTO visibilitymodifier (set_id, item_id)  VALUES  ('smf6ffthiuu664mz7pfj0iozsv2ei2dk', '20071109NM000000000000000000000520071109NM0000000000000000000001');
 INSERT INTO md_attribute_indicies (set_id, item_id)  VALUES  ('ywd5568c1dfep8ytsxjm3x1o5pu5ji8i', '0000000000000000000000000000040900000000000000000000000000000403');
INSERT INTO metadata_display_label ( default_locale, id, site_master, key_name) VALUES ('Key which uniquely identifies each instance of this type heirarchy.', 'xu19qkzchnztg2sl59f7vgkmacdvhj77NM200904120000000000000000000030', 'runwaysdk.com', 'xu19qkzchnztg2sl59f7vgkmacdvhj77NM200904120000000000000000000030');
INSERT INTO md_attribute_character ( default_value, database_size, id) VALUES (NULL, 255, '8x1evczhwqzii1plb9ttyb0ge1o9vaul00000000000000000000000000000138');
INSERT INTO md_attribute_char ( id) VALUES ('8x1evczhwqzii1plb9ttyb0ge1o9vaul00000000000000000000000000000138');
INSERT INTO md_attribute_primitive ( id) VALUES ('8x1evczhwqzii1plb9ttyb0ge1o9vaul00000000000000000000000000000138');
INSERT INTO md_attribute_concrete ( column_name, defining_md_class, setter_visibility, setter_visibility_c, immutable, index_name, generate_accessor, system, required, display_label, getter_visibility, getter_visibility_c, index_type, index_type_c, attribute_name, id) VALUES ('key_name', 'stivqje42w2j4veo4fnev6n218cn2azh00000000000000000000000000000061', '03gcss3i3gy3j5b00nz570886a028x7v', '20071109NM000000000000000000000520071109NM0000000000000000000001', 0, 'ackxwvqk9ane76hv7dg1usdvaf6r9i', 1, 0, 1, '8w1zv0lcb8zrth19it0dqs0dzcvrfs84NM200904120000000000000000000030', 'smf6ffthiuu664mz7pfj0iozsv2ei2dk', '20071109NM000000000000000000000520071109NM0000000000000000000001', 'ywd5568c1dfep8ytsxjm3x1o5pu5ji8i', '0000000000000000000000000000040900000000000000000000000000000403', 'keyName', '8x1evczhwqzii1plb9ttyb0ge1o9vaul00000000000000000000000000000138');
INSERT INTO md_attribute ( id) VALUES ('8x1evczhwqzii1plb9ttyb0ge1o9vaul00000000000000000000000000000138');
INSERT INTO metadata ( description, created_by, owner, id, create_date, seq, type, remove, site_master, locked_by, entity_domain, last_updated_by, last_update_date, key_name) VALUES ('xu19qkzchnztg2sl59f7vgkmacdvhj77NM200904120000000000000000000030', '0000000000000000000000000000001000000000000000000000000000000003', '0000000000000000000000000000001000000000000000000000000000000003', '8x1evczhwqzii1plb9ttyb0ge1o9vaul00000000000000000000000000000138', '2011-10-03 16:03:31', 3069, 'com.runwaysdk.system.metadata.MdAttributeCharacter', 1, 'runwaysdk.com', NULL, NULL, '0000000000000000000000000000001000000000000000000000000000000003', '2011-10-03 16:03:31', 'com.runwaysdk.system.metadata.MobileGridField.keyName');
ALTER TABLE mobile_grid_field ADD COLUMN key_name  varchar(255);
INSERT INTO class_attribute_concrete ( id, parent_id, child_id) VALUES ('yyqydyuexne7fxqief2chf514cy85va300000000000000000000000000000073', 'stivqje42w2j4veo4fnev6n218cn2azh00000000000000000000000000000061', '8x1evczhwqzii1plb9ttyb0ge1o9vaul00000000000000000000000000000138');
INSERT INTO class_attribute ( id, parent_id, child_id) VALUES ('yyqydyuexne7fxqief2chf514cy85va300000000000000000000000000000073', 'stivqje42w2j4veo4fnev6n218cn2azh00000000000000000000000000000061', '8x1evczhwqzii1plb9ttyb0ge1o9vaul00000000000000000000000000000138');
INSERT INTO metadata_relationship ( entity_domain, site_master, last_updated_by, id, owner, locked_by, create_date, type, created_by, seq, key_name, last_update_date, parent_id, child_id) VALUES (NULL, 'runwaysdk.com', '0000000000000000000000000000001000000000000000000000000000000003', 'yyqydyuexne7fxqief2chf514cy85va300000000000000000000000000000073', '0000000000000000000000000000001000000000000000000000000000000003', NULL, '2011-10-03 16:03:31', 'com.runwaysdk.system.metadata.ClassAttributeConcrete', '0000000000000000000000000000001000000000000000000000000000000003', 3070, 'com.runwaysdk.system.metadata.MobileGridField.keyName', '2011-10-03 16:03:31', 'stivqje42w2j4veo4fnev6n218cn2azh00000000000000000000000000000061', '8x1evczhwqzii1plb9ttyb0ge1o9vaul00000000000000000000000000000138');
CREATE UNIQUE INDEX ackxwvqk9ane76hv7dg1usdvaf6r9i ON mobile_grid_field (key_name);
 INSERT INTO visibilitymodifier (set_id, item_id)  VALUES  ('qqsxv8y834y3yzp0q3iq95f7qgx4dmlm', '20071109NM000000000000000000000520071109NM0000000000000000000001');
INSERT INTO metadata_display_label ( default_locale, id, site_master, key_name) VALUES ('Last Update Date', 'qnjyge3zguv85jr965r8xik963kc8i6aNM200904120000000000000000000030', 'runwaysdk.com', 'qnjyge3zguv85jr965r8xik963kc8i6aNM200904120000000000000000000030');
 INSERT INTO visibilitymodifier (set_id, item_id)  VALUES  ('r1enowdwlx5zkebu0wagc6ye7lvdle28', '20071109NM000000000000000000000520071109NM0000000000000000000001');
 INSERT INTO md_attribute_indicies (set_id, item_id)  VALUES  ('2hlku7gjethifh08e945e40w5lhz4iya', '0000000000000000000000000000040100000000000000000000000000000403');
INSERT INTO metadata_display_label ( default_locale, id, site_master, key_name) VALUES ('Date and time this record was last updated', 'sv7bwbb8y81wnotsm10irhbkq2yhb38tNM200904120000000000000000000030', 'runwaysdk.com', 'sv7bwbb8y81wnotsm10irhbkq2yhb38tNM200904120000000000000000000030');
INSERT INTO md_attribute_datetime ( default_value, id) VALUES (NULL, '1wk9gs36ueir7uwzhrw36otr21x9aiux00000000000000000000000000000341');
INSERT INTO md_attribute_moment ( id) VALUES ('1wk9gs36ueir7uwzhrw36otr21x9aiux00000000000000000000000000000341');
INSERT INTO md_attribute_primitive ( id) VALUES ('1wk9gs36ueir7uwzhrw36otr21x9aiux00000000000000000000000000000341');
INSERT INTO md_attribute_concrete ( column_name, defining_md_class, setter_visibility, setter_visibility_c, immutable, index_name, generate_accessor, system, required, display_label, getter_visibility, getter_visibility_c, index_type, index_type_c, attribute_name, id) VALUES ('last_update_date', 'stivqje42w2j4veo4fnev6n218cn2azh00000000000000000000000000000061', 'qqsxv8y834y3yzp0q3iq95f7qgx4dmlm', '20071109NM000000000000000000000520071109NM0000000000000000000001', 0, 'a2ukolw0z7g132wpagp5mc5fehs8dg', 1, 1, 1, 'qnjyge3zguv85jr965r8xik963kc8i6aNM200904120000000000000000000030', 'r1enowdwlx5zkebu0wagc6ye7lvdle28', '20071109NM000000000000000000000520071109NM0000000000000000000001', '2hlku7gjethifh08e945e40w5lhz4iya', '0000000000000000000000000000040100000000000000000000000000000403', 'lastUpdateDate', '1wk9gs36ueir7uwzhrw36otr21x9aiux00000000000000000000000000000341');
INSERT INTO md_attribute ( id) VALUES ('1wk9gs36ueir7uwzhrw36otr21x9aiux00000000000000000000000000000341');
INSERT INTO metadata ( description, created_by, owner, id, create_date, seq, type, remove, site_master, locked_by, entity_domain, last_updated_by, last_update_date, key_name) VALUES ('sv7bwbb8y81wnotsm10irhbkq2yhb38tNM200904120000000000000000000030', '0000000000000000000000000000001000000000000000000000000000000003', '0000000000000000000000000000001000000000000000000000000000000003', '1wk9gs36ueir7uwzhrw36otr21x9aiux00000000000000000000000000000341', '2011-10-03 16:03:31', 3071, 'com.runwaysdk.system.metadata.MdAttributeDateTime', 0, 'runwaysdk.com', NULL, NULL, '0000000000000000000000000000001000000000000000000000000000000003', '2011-10-03 16:03:31', 'com.runwaysdk.system.metadata.MobileGridField.lastUpdateDate');
ALTER TABLE mobile_grid_field ADD COLUMN last_update_date  timestamp;
INSERT INTO class_attribute_concrete ( id, parent_id, child_id) VALUES ('00jrer1snsd38q33egsamolzkzsm2zfk00000000000000000000000000000073', 'stivqje42w2j4veo4fnev6n218cn2azh00000000000000000000000000000061', '1wk9gs36ueir7uwzhrw36otr21x9aiux00000000000000000000000000000341');
INSERT INTO class_attribute ( id, parent_id, child_id) VALUES ('00jrer1snsd38q33egsamolzkzsm2zfk00000000000000000000000000000073', 'stivqje42w2j4veo4fnev6n218cn2azh00000000000000000000000000000061', '1wk9gs36ueir7uwzhrw36otr21x9aiux00000000000000000000000000000341');
INSERT INTO metadata_relationship ( entity_domain, site_master, last_updated_by, id, owner, locked_by, create_date, type, created_by, seq, key_name, last_update_date, parent_id, child_id) VALUES (NULL, 'runwaysdk.com', '0000000000000000000000000000001000000000000000000000000000000003', '00jrer1snsd38q33egsamolzkzsm2zfk00000000000000000000000000000073', '0000000000000000000000000000001000000000000000000000000000000003', NULL, '2011-10-03 16:03:31', 'com.runwaysdk.system.metadata.ClassAttributeConcrete', '0000000000000000000000000000001000000000000000000000000000000003', 3072, 'com.runwaysdk.system.metadata.MobileGridField.lastUpdateDate', '2011-10-03 16:03:31', 'stivqje42w2j4veo4fnev6n218cn2azh00000000000000000000000000000061', '1wk9gs36ueir7uwzhrw36otr21x9aiux00000000000000000000000000000341');
 INSERT INTO visibilitymodifier (set_id, item_id)  VALUES  ('6sajsldj2klt53t3v62zhwrhurpbe02s', '20071109NM000000000000000000000520071109NM0000000000000000000001');
INSERT INTO metadata_display_label ( default_locale, id, site_master, key_name) VALUES ('Last Updated By', 'xivzyryigws7n5vkqy5kuedb7roel9opNM200904120000000000000000000030', 'runwaysdk.com', 'xivzyryigws7n5vkqy5kuedb7roel9opNM200904120000000000000000000030');
 INSERT INTO visibilitymodifier (set_id, item_id)  VALUES  ('0o1j4v4ce2xt2y05bweppg6zbzt14bqn', '20071109NM000000000000000000000520071109NM0000000000000000000001');
 INSERT INTO md_attribute_indicies (set_id, item_id)  VALUES  ('0546r4e1ivvnqke3o996wgx3mwd0tv6r', '0000000000000000000000000000040000000000000000000000000000000403');
INSERT INTO metadata_display_label ( default_locale, id, site_master, key_name) VALUES ('User who last updated this object', '6xx79us2ij8t56318t8h5xtij8im1rxcNM200904120000000000000000000030', 'runwaysdk.com', '6xx79us2ij8t56318t8h5xtij8im1rxcNM200904120000000000000000000030');
INSERT INTO md_attribute_reference ( default_value, md_business, id) VALUES (NULL, 'JS20070723000000000000000000156000000000000000000000000000000001', '1vhy7kwp1retsc0n6iucok19ui677u6l00000000000000000000000000000186');
INSERT INTO md_attribute_ref ( id) VALUES ('1vhy7kwp1retsc0n6iucok19ui677u6l00000000000000000000000000000186');
INSERT INTO md_attribute_concrete ( column_name, defining_md_class, setter_visibility, setter_visibility_c, immutable, index_name, generate_accessor, system, required, display_label, getter_visibility, getter_visibility_c, index_type, index_type_c, attribute_name, id) VALUES ('last_updated_by', 'stivqje42w2j4veo4fnev6n218cn2azh00000000000000000000000000000061', '6sajsldj2klt53t3v62zhwrhurpbe02s', '20071109NM000000000000000000000520071109NM0000000000000000000001', 0, 'a4hzuysb7yg77089awujexnyobjpbl', 1, 1, 1, 'xivzyryigws7n5vkqy5kuedb7roel9opNM200904120000000000000000000030', '0o1j4v4ce2xt2y05bweppg6zbzt14bqn', '20071109NM000000000000000000000520071109NM0000000000000000000001', '0546r4e1ivvnqke3o996wgx3mwd0tv6r', '0000000000000000000000000000040000000000000000000000000000000403', 'lastUpdatedBy', '1vhy7kwp1retsc0n6iucok19ui677u6l00000000000000000000000000000186');
INSERT INTO md_attribute ( id) VALUES ('1vhy7kwp1retsc0n6iucok19ui677u6l00000000000000000000000000000186');
INSERT INTO metadata ( description, created_by, owner, id, create_date, seq, type, remove, site_master, locked_by, entity_domain, last_updated_by, last_update_date, key_name) VALUES ('6xx79us2ij8t56318t8h5xtij8im1rxcNM200904120000000000000000000030', '0000000000000000000000000000001000000000000000000000000000000003', '0000000000000000000000000000001000000000000000000000000000000003', '1vhy7kwp1retsc0n6iucok19ui677u6l00000000000000000000000000000186', '2011-10-03 16:03:31', 3073, 'com.runwaysdk.system.metadata.MdAttributeReference', 0, 'runwaysdk.com', NULL, NULL, '0000000000000000000000000000001000000000000000000000000000000003', '2011-10-03 16:03:31', 'com.runwaysdk.system.metadata.MobileGridField.lastUpdatedBy');
ALTER TABLE mobile_grid_field ADD COLUMN last_updated_by  char(64);
INSERT INTO class_attribute_concrete ( id, parent_id, child_id) VALUES ('8xw2ishszpxsgw5u2gcz7s7vyt0a3v7a00000000000000000000000000000073', 'stivqje42w2j4veo4fnev6n218cn2azh00000000000000000000000000000061', '1vhy7kwp1retsc0n6iucok19ui677u6l00000000000000000000000000000186');
INSERT INTO class_attribute ( id, parent_id, child_id) VALUES ('8xw2ishszpxsgw5u2gcz7s7vyt0a3v7a00000000000000000000000000000073', 'stivqje42w2j4veo4fnev6n218cn2azh00000000000000000000000000000061', '1vhy7kwp1retsc0n6iucok19ui677u6l00000000000000000000000000000186');
INSERT INTO metadata_relationship ( entity_domain, site_master, last_updated_by, id, owner, locked_by, create_date, type, created_by, seq, key_name, last_update_date, parent_id, child_id) VALUES (NULL, 'runwaysdk.com', '0000000000000000000000000000001000000000000000000000000000000003', '8xw2ishszpxsgw5u2gcz7s7vyt0a3v7a00000000000000000000000000000073', '0000000000000000000000000000001000000000000000000000000000000003', NULL, '2011-10-03 16:03:31', 'com.runwaysdk.system.metadata.ClassAttributeConcrete', '0000000000000000000000000000001000000000000000000000000000000003', 3074, 'com.runwaysdk.system.metadata.MobileGridField.lastUpdatedBy', '2011-10-03 16:03:31', 'stivqje42w2j4veo4fnev6n218cn2azh00000000000000000000000000000061', '1vhy7kwp1retsc0n6iucok19ui677u6l00000000000000000000000000000186');
 INSERT INTO visibilitymodifier (set_id, item_id)  VALUES  ('2behsw716si0b6fd7cebcxeajttf6vij', '20071109NM000000000000000000000520071109NM0000000000000000000001');
INSERT INTO metadata_display_label ( default_locale, id, site_master, key_name) VALUES ('Created By', '1zykx1hl4d2pqq1kk0x839puy9toy3w1NM200904120000000000000000000030', 'runwaysdk.com', '1zykx1hl4d2pqq1kk0x839puy9toy3w1NM200904120000000000000000000030');
 INSERT INTO visibilitymodifier (set_id, item_id)  VALUES  ('sxmsv6p0gcnnv9jy9io0do0xw7dowew7', '20071109NM000000000000000000000520071109NM0000000000000000000001');
 INSERT INTO md_attribute_indicies (set_id, item_id)  VALUES  ('8sxk3draq7jz4udb64bkwlzjzcnuc7f2', '0000000000000000000000000000040000000000000000000000000000000403');
INSERT INTO metadata_display_label ( default_locale, id, site_master, key_name) VALUES ('User that created this object', 'skgpmhlpxm9me9awu3zi6fqjjg9n49kdNM200904120000000000000000000030', 'runwaysdk.com', 'skgpmhlpxm9me9awu3zi6fqjjg9n49kdNM200904120000000000000000000030');
INSERT INTO md_attribute_reference ( default_value, md_business, id) VALUES (NULL, 'JS20070723000000000000000000156000000000000000000000000000000001', 'qnfugifi5l12t5xml9jiy6szi13xka1m00000000000000000000000000000186');
INSERT INTO md_attribute_ref ( id) VALUES ('qnfugifi5l12t5xml9jiy6szi13xka1m00000000000000000000000000000186');
INSERT INTO md_attribute_concrete ( column_name, defining_md_class, setter_visibility, setter_visibility_c, immutable, index_name, generate_accessor, system, required, display_label, getter_visibility, getter_visibility_c, index_type, index_type_c, attribute_name, id) VALUES ('created_by', 'stivqje42w2j4veo4fnev6n218cn2azh00000000000000000000000000000061', '2behsw716si0b6fd7cebcxeajttf6vij', '20071109NM000000000000000000000520071109NM0000000000000000000001', 1, 'apsv5yjtq5u61dc252r4iycmjnq58s', 1, 1, 1, '1zykx1hl4d2pqq1kk0x839puy9toy3w1NM200904120000000000000000000030', 'sxmsv6p0gcnnv9jy9io0do0xw7dowew7', '20071109NM000000000000000000000520071109NM0000000000000000000001', '8sxk3draq7jz4udb64bkwlzjzcnuc7f2', '0000000000000000000000000000040000000000000000000000000000000403', 'createdBy', 'qnfugifi5l12t5xml9jiy6szi13xka1m00000000000000000000000000000186');
INSERT INTO md_attribute ( id) VALUES ('qnfugifi5l12t5xml9jiy6szi13xka1m00000000000000000000000000000186');
INSERT INTO metadata ( description, created_by, owner, id, create_date, seq, type, remove, site_master, locked_by, entity_domain, last_updated_by, last_update_date, key_name) VALUES ('skgpmhlpxm9me9awu3zi6fqjjg9n49kdNM200904120000000000000000000030', '0000000000000000000000000000001000000000000000000000000000000003', '0000000000000000000000000000001000000000000000000000000000000003', 'qnfugifi5l12t5xml9jiy6szi13xka1m00000000000000000000000000000186', '2011-10-03 16:03:31', 3075, 'com.runwaysdk.system.metadata.MdAttributeReference', 0, 'runwaysdk.com', NULL, NULL, '0000000000000000000000000000001000000000000000000000000000000003', '2011-10-03 16:03:31', 'com.runwaysdk.system.metadata.MobileGridField.createdBy');
ALTER TABLE mobile_grid_field ADD COLUMN created_by  char(64);
INSERT INTO class_attribute_concrete ( id, parent_id, child_id) VALUES ('t27k4cqusz7vfuwsjstnjmqsgwyv43vy00000000000000000000000000000073', 'stivqje42w2j4veo4fnev6n218cn2azh00000000000000000000000000000061', 'qnfugifi5l12t5xml9jiy6szi13xka1m00000000000000000000000000000186');
INSERT INTO class_attribute ( id, parent_id, child_id) VALUES ('t27k4cqusz7vfuwsjstnjmqsgwyv43vy00000000000000000000000000000073', 'stivqje42w2j4veo4fnev6n218cn2azh00000000000000000000000000000061', 'qnfugifi5l12t5xml9jiy6szi13xka1m00000000000000000000000000000186');
INSERT INTO metadata_relationship ( entity_domain, site_master, last_updated_by, id, owner, locked_by, create_date, type, created_by, seq, key_name, last_update_date, parent_id, child_id) VALUES (NULL, 'runwaysdk.com', '0000000000000000000000000000001000000000000000000000000000000003', 't27k4cqusz7vfuwsjstnjmqsgwyv43vy00000000000000000000000000000073', '0000000000000000000000000000001000000000000000000000000000000003', NULL, '2011-10-03 16:03:31', 'com.runwaysdk.system.metadata.ClassAttributeConcrete', '0000000000000000000000000000001000000000000000000000000000000003', 3076, 'com.runwaysdk.system.metadata.MobileGridField.createdBy', '2011-10-03 16:03:31', 'stivqje42w2j4veo4fnev6n218cn2azh00000000000000000000000000000061', 'qnfugifi5l12t5xml9jiy6szi13xka1m00000000000000000000000000000186');
 INSERT INTO visibilitymodifier (set_id, item_id)  VALUES  ('xxtkouqze8b26sjou46to4ijh4iw3b5l', '20071109NM000000000000000000000520071109NM0000000000000000000001');
INSERT INTO metadata_display_label ( default_locale, id, site_master, key_name) VALUES ('Locked By', 'qrlcwo6ne3qp00c1pewtg322e39mjmziNM200904120000000000000000000030', 'runwaysdk.com', 'qrlcwo6ne3qp00c1pewtg322e39mjmziNM200904120000000000000000000030');
 INSERT INTO visibilitymodifier (set_id, item_id)  VALUES  ('szlfie0cyo3v0p4adr5psph3jnvat4hx', '20071109NM000000000000000000000520071109NM0000000000000000000001');
 INSERT INTO md_attribute_indicies (set_id, item_id)  VALUES  ('2gerdxmif3wl6l0tks73reecmo1y8nzj', '0000000000000000000000000000040000000000000000000000000000000403');
INSERT INTO metadata_display_label ( default_locale, id, site_master, key_name) VALUES ('User who has a write lock on this object', 'qn7hugb64im7h5wi8r6cyuo94gjvdgdhNM200904120000000000000000000030', 'runwaysdk.com', 'qn7hugb64im7h5wi8r6cyuo94gjvdgdhNM200904120000000000000000000030');
INSERT INTO md_attribute_reference ( default_value, md_business, id) VALUES (NULL, '0000000000000000000000000000000300000000000000000000000000000001', 'qtz5swt77qtcro99qwiru48uwhmrh0l200000000000000000000000000000186');
INSERT INTO md_attribute_ref ( id) VALUES ('qtz5swt77qtcro99qwiru48uwhmrh0l200000000000000000000000000000186');
INSERT INTO md_attribute_concrete ( column_name, defining_md_class, setter_visibility, setter_visibility_c, immutable, index_name, generate_accessor, system, required, display_label, getter_visibility, getter_visibility_c, index_type, index_type_c, attribute_name, id) VALUES ('locked_by', 'stivqje42w2j4veo4fnev6n218cn2azh00000000000000000000000000000061', 'xxtkouqze8b26sjou46to4ijh4iw3b5l', '20071109NM000000000000000000000520071109NM0000000000000000000001', 0, 'an6a4nonpne6kthqcifwzya6ewu62y', 1, 1, 0, 'qrlcwo6ne3qp00c1pewtg322e39mjmziNM200904120000000000000000000030', 'szlfie0cyo3v0p4adr5psph3jnvat4hx', '20071109NM000000000000000000000520071109NM0000000000000000000001', '2gerdxmif3wl6l0tks73reecmo1y8nzj', '0000000000000000000000000000040000000000000000000000000000000403', 'lockedBy', 'qtz5swt77qtcro99qwiru48uwhmrh0l200000000000000000000000000000186');
INSERT INTO md_attribute ( id) VALUES ('qtz5swt77qtcro99qwiru48uwhmrh0l200000000000000000000000000000186');
INSERT INTO metadata ( description, created_by, owner, id, create_date, seq, type, remove, site_master, locked_by, entity_domain, last_updated_by, last_update_date, key_name) VALUES ('qn7hugb64im7h5wi8r6cyuo94gjvdgdhNM200904120000000000000000000030', '0000000000000000000000000000001000000000000000000000000000000003', '0000000000000000000000000000001000000000000000000000000000000003', 'qtz5swt77qtcro99qwiru48uwhmrh0l200000000000000000000000000000186', '2011-10-03 16:03:31', 3077, 'com.runwaysdk.system.metadata.MdAttributeReference', 0, 'runwaysdk.com', NULL, NULL, '0000000000000000000000000000001000000000000000000000000000000003', '2011-10-03 16:03:31', 'com.runwaysdk.system.metadata.MobileGridField.lockedBy');
ALTER TABLE mobile_grid_field ADD COLUMN locked_by  char(64);
INSERT INTO class_attribute_concrete ( id, parent_id, child_id) VALUES ('r9yonnjib33rizkir7wfc79jk5t773g500000000000000000000000000000073', 'stivqje42w2j4veo4fnev6n218cn2azh00000000000000000000000000000061', 'qtz5swt77qtcro99qwiru48uwhmrh0l200000000000000000000000000000186');
INSERT INTO class_attribute ( id, parent_id, child_id) VALUES ('r9yonnjib33rizkir7wfc79jk5t773g500000000000000000000000000000073', 'stivqje42w2j4veo4fnev6n218cn2azh00000000000000000000000000000061', 'qtz5swt77qtcro99qwiru48uwhmrh0l200000000000000000000000000000186');
INSERT INTO metadata_relationship ( entity_domain, site_master, last_updated_by, id, owner, locked_by, create_date, type, created_by, seq, key_name, last_update_date, parent_id, child_id) VALUES (NULL, 'runwaysdk.com', '0000000000000000000000000000001000000000000000000000000000000003', 'r9yonnjib33rizkir7wfc79jk5t773g500000000000000000000000000000073', '0000000000000000000000000000001000000000000000000000000000000003', NULL, '2011-10-03 16:03:31', 'com.runwaysdk.system.metadata.ClassAttributeConcrete', '0000000000000000000000000000001000000000000000000000000000000003', 3078, 'com.runwaysdk.system.metadata.MobileGridField.lockedBy', '2011-10-03 16:03:31', 'stivqje42w2j4veo4fnev6n218cn2azh00000000000000000000000000000061', 'qtz5swt77qtcro99qwiru48uwhmrh0l200000000000000000000000000000186');
 INSERT INTO visibilitymodifier (set_id, item_id)  VALUES  ('8yawh0831j7vrpde8mzdn1dzvftrq6ve', '20071109NM000000000000000000000520071109NM0000000000000000000001');
INSERT INTO metadata_display_label ( default_locale, id, site_master, key_name) VALUES ('Create Date', 'sim2js04baorplxbf5xirda4cc4qfoeyNM200904120000000000000000000030', 'runwaysdk.com', 'sim2js04baorplxbf5xirda4cc4qfoeyNM200904120000000000000000000030');
 INSERT INTO visibilitymodifier (set_id, item_id)  VALUES  ('1zms7p7m0ngxtq80034eq6ggrmhjraja', '20071109NM000000000000000000000520071109NM0000000000000000000001');
 INSERT INTO md_attribute_indicies (set_id, item_id)  VALUES  ('zjladnt8zu12hxsd9l47qb283vz8yiis', '0000000000000000000000000000040100000000000000000000000000000403');
INSERT INTO metadata_display_label ( default_locale, id, site_master, key_name) VALUES ('Date and time this record was created', 'qoce5u3qab0kt43iad6s23dnuxna1m6xNM200904120000000000000000000030', 'runwaysdk.com', 'qoce5u3qab0kt43iad6s23dnuxna1m6xNM200904120000000000000000000030');
INSERT INTO md_attribute_datetime ( default_value, id) VALUES (NULL, '6zvahaztmgvhnw6viqpsotventicu03a00000000000000000000000000000341');
INSERT INTO md_attribute_moment ( id) VALUES ('6zvahaztmgvhnw6viqpsotventicu03a00000000000000000000000000000341');
INSERT INTO md_attribute_primitive ( id) VALUES ('6zvahaztmgvhnw6viqpsotventicu03a00000000000000000000000000000341');
INSERT INTO md_attribute_concrete ( column_name, defining_md_class, setter_visibility, setter_visibility_c, immutable, index_name, generate_accessor, system, required, display_label, getter_visibility, getter_visibility_c, index_type, index_type_c, attribute_name, id) VALUES ('create_date', 'stivqje42w2j4veo4fnev6n218cn2azh00000000000000000000000000000061', '8yawh0831j7vrpde8mzdn1dzvftrq6ve', '20071109NM000000000000000000000520071109NM0000000000000000000001', 0, 'a4hzfulr29oikrcnuk6h77sk23fnct', 1, 1, 1, 'sim2js04baorplxbf5xirda4cc4qfoeyNM200904120000000000000000000030', '1zms7p7m0ngxtq80034eq6ggrmhjraja', '20071109NM000000000000000000000520071109NM0000000000000000000001', 'zjladnt8zu12hxsd9l47qb283vz8yiis', '0000000000000000000000000000040100000000000000000000000000000403', 'createDate', '6zvahaztmgvhnw6viqpsotventicu03a00000000000000000000000000000341');
INSERT INTO md_attribute ( id) VALUES ('6zvahaztmgvhnw6viqpsotventicu03a00000000000000000000000000000341');
INSERT INTO metadata ( description, created_by, owner, id, create_date, seq, type, remove, site_master, locked_by, entity_domain, last_updated_by, last_update_date, key_name) VALUES ('qoce5u3qab0kt43iad6s23dnuxna1m6xNM200904120000000000000000000030', '0000000000000000000000000000001000000000000000000000000000000003', '0000000000000000000000000000001000000000000000000000000000000003', '6zvahaztmgvhnw6viqpsotventicu03a00000000000000000000000000000341', '2011-10-03 16:03:31', 3079, 'com.runwaysdk.system.metadata.MdAttributeDateTime', 0, 'runwaysdk.com', NULL, NULL, '0000000000000000000000000000001000000000000000000000000000000003', '2011-10-03 16:03:31', 'com.runwaysdk.system.metadata.MobileGridField.createDate');
ALTER TABLE mobile_grid_field ADD COLUMN create_date  timestamp;
INSERT INTO class_attribute_concrete ( id, parent_id, child_id) VALUES ('2f59nuna4kdscphh5sq0fm298b36uuq800000000000000000000000000000073', 'stivqje42w2j4veo4fnev6n218cn2azh00000000000000000000000000000061', '6zvahaztmgvhnw6viqpsotventicu03a00000000000000000000000000000341');
INSERT INTO class_attribute ( id, parent_id, child_id) VALUES ('2f59nuna4kdscphh5sq0fm298b36uuq800000000000000000000000000000073', 'stivqje42w2j4veo4fnev6n218cn2azh00000000000000000000000000000061', '6zvahaztmgvhnw6viqpsotventicu03a00000000000000000000000000000341');
INSERT INTO metadata_relationship ( entity_domain, site_master, last_updated_by, id, owner, locked_by, create_date, type, created_by, seq, key_name, last_update_date, parent_id, child_id) VALUES (NULL, 'runwaysdk.com', '0000000000000000000000000000001000000000000000000000000000000003', '2f59nuna4kdscphh5sq0fm298b36uuq800000000000000000000000000000073', '0000000000000000000000000000001000000000000000000000000000000003', NULL, '2011-10-03 16:03:31', 'com.runwaysdk.system.metadata.ClassAttributeConcrete', '0000000000000000000000000000001000000000000000000000000000000003', 3080, 'com.runwaysdk.system.metadata.MobileGridField.createDate', '2011-10-03 16:03:31', 'stivqje42w2j4veo4fnev6n218cn2azh00000000000000000000000000000061', '6zvahaztmgvhnw6viqpsotventicu03a00000000000000000000000000000341');
 INSERT INTO visibilitymodifier (set_id, item_id)  VALUES  ('r67fye3ckf15gwjzlk0y7wfr8is6f1fn', '20071109NM000000000000000000000520071109NM0000000000000000000001');
INSERT INTO metadata_display_label ( default_locale, id, site_master, key_name) VALUES ('Owner', 'z7bn5apip73rvun8i2fxz3nepg6y9c9sNM200904120000000000000000000030', 'runwaysdk.com', 'z7bn5apip73rvun8i2fxz3nepg6y9c9sNM200904120000000000000000000030');
 INSERT INTO visibilitymodifier (set_id, item_id)  VALUES  ('z7b0iedhl3k94l8fbqpo7jyoijce9cv2', '20071109NM000000000000000000000520071109NM0000000000000000000001');
 INSERT INTO md_attribute_indicies (set_id, item_id)  VALUES  ('035p3g0ctnouo0zbgfzsqaru3yxzp2vq', '0000000000000000000000000000040000000000000000000000000000000403');
INSERT INTO metadata_display_label ( default_locale, id, site_master, key_name) VALUES ('A reference to the user who own this object', 'xd40o4efydukgjnftn02efy2a0jb4kikNM200904120000000000000000000030', 'runwaysdk.com', 'xd40o4efydukgjnftn02efy2a0jb4kikNM200904120000000000000000000030');
INSERT INTO md_attribute_reference ( default_value, md_business, id) VALUES (NULL, '0000000000000000000000000000051600000000000000000000000000000001', 'qqqz7b0ylbrilgpczmmya2xfns96wxme00000000000000000000000000000186');
INSERT INTO md_attribute_ref ( id) VALUES ('qqqz7b0ylbrilgpczmmya2xfns96wxme00000000000000000000000000000186');
INSERT INTO md_attribute_concrete ( column_name, defining_md_class, setter_visibility, setter_visibility_c, immutable, index_name, generate_accessor, system, required, display_label, getter_visibility, getter_visibility_c, index_type, index_type_c, attribute_name, id) VALUES ('owner', 'stivqje42w2j4veo4fnev6n218cn2azh00000000000000000000000000000061', 'r67fye3ckf15gwjzlk0y7wfr8is6f1fn', '20071109NM000000000000000000000520071109NM0000000000000000000001', 0, 'acbocipwtxzluzh9gx8k1u969n65ge', 1, 0, 1, 'z7bn5apip73rvun8i2fxz3nepg6y9c9sNM200904120000000000000000000030', 'z7b0iedhl3k94l8fbqpo7jyoijce9cv2', '20071109NM000000000000000000000520071109NM0000000000000000000001', '035p3g0ctnouo0zbgfzsqaru3yxzp2vq', '0000000000000000000000000000040000000000000000000000000000000403', 'owner', 'qqqz7b0ylbrilgpczmmya2xfns96wxme00000000000000000000000000000186');
INSERT INTO md_attribute ( id) VALUES ('qqqz7b0ylbrilgpczmmya2xfns96wxme00000000000000000000000000000186');
INSERT INTO metadata ( description, created_by, owner, id, create_date, seq, type, remove, site_master, locked_by, entity_domain, last_updated_by, last_update_date, key_name) VALUES ('xd40o4efydukgjnftn02efy2a0jb4kikNM200904120000000000000000000030', '0000000000000000000000000000001000000000000000000000000000000003', '0000000000000000000000000000001000000000000000000000000000000003', 'qqqz7b0ylbrilgpczmmya2xfns96wxme00000000000000000000000000000186', '2011-10-03 16:03:31', 3081, 'com.runwaysdk.system.metadata.MdAttributeReference', 0, 'runwaysdk.com', NULL, NULL, '0000000000000000000000000000001000000000000000000000000000000003', '2011-10-03 16:03:31', 'com.runwaysdk.system.metadata.MobileGridField.owner');
ALTER TABLE mobile_grid_field ADD COLUMN owner  char(64);
INSERT INTO class_attribute_concrete ( id, parent_id, child_id) VALUES ('xnhe8uhjus9pg9qqj187ostau3a9hdw900000000000000000000000000000073', 'stivqje42w2j4veo4fnev6n218cn2azh00000000000000000000000000000061', 'qqqz7b0ylbrilgpczmmya2xfns96wxme00000000000000000000000000000186');
INSERT INTO class_attribute ( id, parent_id, child_id) VALUES ('xnhe8uhjus9pg9qqj187ostau3a9hdw900000000000000000000000000000073', 'stivqje42w2j4veo4fnev6n218cn2azh00000000000000000000000000000061', 'qqqz7b0ylbrilgpczmmya2xfns96wxme00000000000000000000000000000186');
INSERT INTO metadata_relationship ( entity_domain, site_master, last_updated_by, id, owner, locked_by, create_date, type, created_by, seq, key_name, last_update_date, parent_id, child_id) VALUES (NULL, 'runwaysdk.com', '0000000000000000000000000000001000000000000000000000000000000003', 'xnhe8uhjus9pg9qqj187ostau3a9hdw900000000000000000000000000000073', '0000000000000000000000000000001000000000000000000000000000000003', NULL, '2011-10-03 16:03:31', 'com.runwaysdk.system.metadata.ClassAttributeConcrete', '0000000000000000000000000000001000000000000000000000000000000003', 3082, 'com.runwaysdk.system.metadata.MobileGridField.owner', '2011-10-03 16:03:31', 'stivqje42w2j4veo4fnev6n218cn2azh00000000000000000000000000000061', 'qqqz7b0ylbrilgpczmmya2xfns96wxme00000000000000000000000000000186');
 INSERT INTO visibilitymodifier (set_id, item_id)  VALUES  ('r78htr2zi1sboku6pmyvntonezopyalp', '20071109NM000000000000000000000520071109NM0000000000000000000001');
INSERT INTO metadata_display_label ( default_locale, id, site_master, key_name) VALUES ('Type', 'snhun2sin5ur0ntk5ufx8g5qwsxg0rz9NM200904120000000000000000000030', 'runwaysdk.com', 'snhun2sin5ur0ntk5ufx8g5qwsxg0rz9NM200904120000000000000000000030');
 INSERT INTO visibilitymodifier (set_id, item_id)  VALUES  ('z2ts8lieekky4thr72gq6aabicrmh47v', '20071109NM000000000000000000000520071109NM0000000000000000000001');
 INSERT INTO md_attribute_indicies (set_id, item_id)  VALUES  ('8sek1s381g8ncgrj9g0tzm0spghs4gwo', '0000000000000000000000000000040100000000000000000000000000000403');
INSERT INTO metadata_display_label ( default_locale, id, site_master, key_name) VALUES ('Fully qualified type of this object', 'r0nnu9u8qjcgxktnszerxxqthff9inixNM200904120000000000000000000030', 'runwaysdk.com', 'r0nnu9u8qjcgxktnszerxxqthff9inixNM200904120000000000000000000030');
INSERT INTO md_attribute_character ( default_value, database_size, id) VALUES (NULL, 255, '70peogaqdp09rs73x20azo6k9rizytw300000000000000000000000000000138');
INSERT INTO md_attribute_char ( id) VALUES ('70peogaqdp09rs73x20azo6k9rizytw300000000000000000000000000000138');
INSERT INTO md_attribute_primitive ( id) VALUES ('70peogaqdp09rs73x20azo6k9rizytw300000000000000000000000000000138');
INSERT INTO md_attribute_concrete ( column_name, defining_md_class, setter_visibility, setter_visibility_c, immutable, index_name, generate_accessor, system, required, display_label, getter_visibility, getter_visibility_c, index_type, index_type_c, attribute_name, id) VALUES ('type', 'stivqje42w2j4veo4fnev6n218cn2azh00000000000000000000000000000061', 'r78htr2zi1sboku6pmyvntonezopyalp', '20071109NM000000000000000000000520071109NM0000000000000000000001', 1, 'amtav5tv0hgao8z21ptzj6dgr0y2h5', 1, 1, 1, 'snhun2sin5ur0ntk5ufx8g5qwsxg0rz9NM200904120000000000000000000030', 'z2ts8lieekky4thr72gq6aabicrmh47v', '20071109NM000000000000000000000520071109NM0000000000000000000001', '8sek1s381g8ncgrj9g0tzm0spghs4gwo', '0000000000000000000000000000040100000000000000000000000000000403', 'type', '70peogaqdp09rs73x20azo6k9rizytw300000000000000000000000000000138');
INSERT INTO md_attribute ( id) VALUES ('70peogaqdp09rs73x20azo6k9rizytw300000000000000000000000000000138');
INSERT INTO metadata ( description, created_by, owner, id, create_date, seq, type, remove, site_master, locked_by, entity_domain, last_updated_by, last_update_date, key_name) VALUES ('r0nnu9u8qjcgxktnszerxxqthff9inixNM200904120000000000000000000030', '0000000000000000000000000000001000000000000000000000000000000003', '0000000000000000000000000000001000000000000000000000000000000003', '70peogaqdp09rs73x20azo6k9rizytw300000000000000000000000000000138', '2011-10-03 16:03:31', 3083, 'com.runwaysdk.system.metadata.MdAttributeCharacter', 0, 'runwaysdk.com', NULL, NULL, '0000000000000000000000000000001000000000000000000000000000000003', '2011-10-03 16:03:31', 'com.runwaysdk.system.metadata.MobileGridField.type');
ALTER TABLE mobile_grid_field ADD COLUMN type  varchar(255);
INSERT INTO class_attribute_concrete ( id, parent_id, child_id) VALUES ('zm2d0g59zdr8u2733z3dgs8eur2vzqcr00000000000000000000000000000073', 'stivqje42w2j4veo4fnev6n218cn2azh00000000000000000000000000000061', '70peogaqdp09rs73x20azo6k9rizytw300000000000000000000000000000138');
INSERT INTO class_attribute ( id, parent_id, child_id) VALUES ('zm2d0g59zdr8u2733z3dgs8eur2vzqcr00000000000000000000000000000073', 'stivqje42w2j4veo4fnev6n218cn2azh00000000000000000000000000000061', '70peogaqdp09rs73x20azo6k9rizytw300000000000000000000000000000138');
INSERT INTO metadata_relationship ( entity_domain, site_master, last_updated_by, id, owner, locked_by, create_date, type, created_by, seq, key_name, last_update_date, parent_id, child_id) VALUES (NULL, 'runwaysdk.com', '0000000000000000000000000000001000000000000000000000000000000003', 'zm2d0g59zdr8u2733z3dgs8eur2vzqcr00000000000000000000000000000073', '0000000000000000000000000000001000000000000000000000000000000003', NULL, '2011-10-03 16:03:31', 'com.runwaysdk.system.metadata.ClassAttributeConcrete', '0000000000000000000000000000001000000000000000000000000000000003', 3084, 'com.runwaysdk.system.metadata.MobileGridField.type', '2011-10-03 16:03:31', 'stivqje42w2j4veo4fnev6n218cn2azh00000000000000000000000000000061', '70peogaqdp09rs73x20azo6k9rizytw300000000000000000000000000000138');
 INSERT INTO visibilitymodifier (set_id, item_id)  VALUES  ('remybr611tep6t9z4du2kke65hy0ov0p', '20071109NM000000000000000000000520071109NM0000000000000000000001');
INSERT INTO metadata_display_label ( default_locale, id, site_master, key_name) VALUES ('Entity Domain', '6rx56lv76awtbefjr664tl47j43mnb3dNM200904120000000000000000000030', 'runwaysdk.com', '6rx56lv76awtbefjr664tl47j43mnb3dNM200904120000000000000000000030');
 INSERT INTO visibilitymodifier (set_id, item_id)  VALUES  ('t1d8s1hqca040e7scrw073zww73349xf', '20071109NM000000000000000000000520071109NM0000000000000000000001');
 INSERT INTO md_attribute_indicies (set_id, item_id)  VALUES  ('0q5iqtsv5pxfa25849gbt4kxajoav4mo', '0000000000000000000000000000040100000000000000000000000000000403');
INSERT INTO metadata_display_label ( default_locale, id, site_master, key_name) VALUES ('The Domain of this entity', 'xicceem7d57deb96wo6rxell77tfkeddNM200904120000000000000000000030', 'runwaysdk.com', 'xicceem7d57deb96wo6rxell77tfkeddNM200904120000000000000000000030');
INSERT INTO md_attribute_reference ( default_value, md_business, id) VALUES (NULL, 'NM20081011000000000000000000011100000000000000000000000000000001', 'scfgkkhtbrkk7vyq1d6ydreu6oujqw3c00000000000000000000000000000186');
INSERT INTO md_attribute_ref ( id) VALUES ('scfgkkhtbrkk7vyq1d6ydreu6oujqw3c00000000000000000000000000000186');
INSERT INTO md_attribute_concrete ( column_name, defining_md_class, setter_visibility, setter_visibility_c, immutable, index_name, generate_accessor, system, required, display_label, getter_visibility, getter_visibility_c, index_type, index_type_c, attribute_name, id) VALUES ('entity_domain', 'stivqje42w2j4veo4fnev6n218cn2azh00000000000000000000000000000061', 'remybr611tep6t9z4du2kke65hy0ov0p', '20071109NM000000000000000000000520071109NM0000000000000000000001', 0, 'ahh4dr3cjd5msaimz70tntsdikmvbg', 1, 0, 0, '6rx56lv76awtbefjr664tl47j43mnb3dNM200904120000000000000000000030', 't1d8s1hqca040e7scrw073zww73349xf', '20071109NM000000000000000000000520071109NM0000000000000000000001', '0q5iqtsv5pxfa25849gbt4kxajoav4mo', '0000000000000000000000000000040100000000000000000000000000000403', 'entityDomain', 'scfgkkhtbrkk7vyq1d6ydreu6oujqw3c00000000000000000000000000000186');
INSERT INTO md_attribute ( id) VALUES ('scfgkkhtbrkk7vyq1d6ydreu6oujqw3c00000000000000000000000000000186');
INSERT INTO metadata ( description, created_by, owner, id, create_date, seq, type, remove, site_master, locked_by, entity_domain, last_updated_by, last_update_date, key_name) VALUES ('xicceem7d57deb96wo6rxell77tfkeddNM200904120000000000000000000030', '0000000000000000000000000000001000000000000000000000000000000003', '0000000000000000000000000000001000000000000000000000000000000003', 'scfgkkhtbrkk7vyq1d6ydreu6oujqw3c00000000000000000000000000000186', '2011-10-03 16:03:31', 3085, 'com.runwaysdk.system.metadata.MdAttributeReference', 1, 'runwaysdk.com', NULL, NULL, '0000000000000000000000000000001000000000000000000000000000000003', '2011-10-03 16:03:31', 'com.runwaysdk.system.metadata.MobileGridField.entityDomain');
ALTER TABLE mobile_grid_field ADD COLUMN entity_domain  char(64);
INSERT INTO class_attribute_concrete ( id, parent_id, child_id) VALUES ('re7yj7phqikax8s20rtmgcdi7zyws87s00000000000000000000000000000073', 'stivqje42w2j4veo4fnev6n218cn2azh00000000000000000000000000000061', 'scfgkkhtbrkk7vyq1d6ydreu6oujqw3c00000000000000000000000000000186');
INSERT INTO class_attribute ( id, parent_id, child_id) VALUES ('re7yj7phqikax8s20rtmgcdi7zyws87s00000000000000000000000000000073', 'stivqje42w2j4veo4fnev6n218cn2azh00000000000000000000000000000061', 'scfgkkhtbrkk7vyq1d6ydreu6oujqw3c00000000000000000000000000000186');
INSERT INTO metadata_relationship ( entity_domain, site_master, last_updated_by, id, owner, locked_by, create_date, type, created_by, seq, key_name, last_update_date, parent_id, child_id) VALUES (NULL, 'runwaysdk.com', '0000000000000000000000000000001000000000000000000000000000000003', 're7yj7phqikax8s20rtmgcdi7zyws87s00000000000000000000000000000073', '0000000000000000000000000000001000000000000000000000000000000003', NULL, '2011-10-03 16:03:31', 'com.runwaysdk.system.metadata.ClassAttributeConcrete', '0000000000000000000000000000001000000000000000000000000000000003', 3086, 'com.runwaysdk.system.metadata.MobileGridField.entityDomain', '2011-10-03 16:03:31', 'stivqje42w2j4veo4fnev6n218cn2azh00000000000000000000000000000061', 'scfgkkhtbrkk7vyq1d6ydreu6oujqw3c00000000000000000000000000000186');
 INSERT INTO visibilitymodifier (set_id, item_id)  VALUES  ('09n7s1ijgrjdd3srpqhcil7rdr7e3p99', '20071109NM000000000000000000000520071109NM0000000000000000000001');
INSERT INTO metadata_display_label ( default_locale, id, site_master, key_name) VALUES ('Sequence', 'qlfa1830c0t6cd5rzef1yr3labghi7l8NM200904120000000000000000000030', 'runwaysdk.com', 'qlfa1830c0t6cd5rzef1yr3labghi7l8NM200904120000000000000000000030');
 INSERT INTO visibilitymodifier (set_id, item_id)  VALUES  ('6qzkttxe5kaf908ztzwhdnlh0vwnmm2r', '20071109NM000000000000000000000520071109NM0000000000000000000001');
 INSERT INTO md_attribute_indicies (set_id, item_id)  VALUES  ('8bclkgwyhobpko4vc13x86az4rxp3n9i', '0000000000000000000000000000040100000000000000000000000000000403');
INSERT INTO metadata_display_label ( default_locale, id, site_master, key_name) VALUES ('Sequence number is incremented every time this object is updated', '1vf1s8nvjccnyvzate6v2hie99idkn1jNM200904120000000000000000000030', 'runwaysdk.com', '1vf1s8nvjccnyvzate6v2hie99idkn1jNM200904120000000000000000000030');
INSERT INTO md_attribute_long ( default_value, id) VALUES (NULL, 'z5zxssrfrd2gcbqfybnbxjtbvxu78kop00000000000000000000000000000338');
INSERT INTO md_attribute_int ( id) VALUES ('z5zxssrfrd2gcbqfybnbxjtbvxu78kop00000000000000000000000000000338');
INSERT INTO md_attribute_number ( reject_negative, reject_zero, reject_positive, id) VALUES (1, 0, 0, 'z5zxssrfrd2gcbqfybnbxjtbvxu78kop00000000000000000000000000000338');
INSERT INTO md_attribute_primitive ( id) VALUES ('z5zxssrfrd2gcbqfybnbxjtbvxu78kop00000000000000000000000000000338');
INSERT INTO md_attribute_concrete ( column_name, defining_md_class, setter_visibility, setter_visibility_c, immutable, index_name, generate_accessor, system, required, display_label, getter_visibility, getter_visibility_c, index_type, index_type_c, attribute_name, id) VALUES ('seq', 'stivqje42w2j4veo4fnev6n218cn2azh00000000000000000000000000000061', '09n7s1ijgrjdd3srpqhcil7rdr7e3p99', '20071109NM000000000000000000000520071109NM0000000000000000000001', 0, 'a0sdvhzc9hv8ujsp6wc37w3jtwhidj', 1, 1, 1, 'qlfa1830c0t6cd5rzef1yr3labghi7l8NM200904120000000000000000000030', '6qzkttxe5kaf908ztzwhdnlh0vwnmm2r', '20071109NM000000000000000000000520071109NM0000000000000000000001', '8bclkgwyhobpko4vc13x86az4rxp3n9i', '0000000000000000000000000000040100000000000000000000000000000403', 'seq', 'z5zxssrfrd2gcbqfybnbxjtbvxu78kop00000000000000000000000000000338');
INSERT INTO md_attribute ( id) VALUES ('z5zxssrfrd2gcbqfybnbxjtbvxu78kop00000000000000000000000000000338');
INSERT INTO metadata ( description, created_by, owner, id, create_date, seq, type, remove, site_master, locked_by, entity_domain, last_updated_by, last_update_date, key_name) VALUES ('1vf1s8nvjccnyvzate6v2hie99idkn1jNM200904120000000000000000000030', '0000000000000000000000000000001000000000000000000000000000000003', '0000000000000000000000000000001000000000000000000000000000000003', 'z5zxssrfrd2gcbqfybnbxjtbvxu78kop00000000000000000000000000000338', '2011-10-03 16:03:31', 3087, 'com.runwaysdk.system.metadata.MdAttributeLong', 0, 'runwaysdk.com', NULL, NULL, '0000000000000000000000000000001000000000000000000000000000000003', '2011-10-03 16:03:31', 'com.runwaysdk.system.metadata.MobileGridField.seq');
ALTER TABLE mobile_grid_field ADD COLUMN seq  bigint;
INSERT INTO class_attribute_concrete ( id, parent_id, child_id) VALUES ('z8kqercjih4zfje491wm5gu37ds28l1r00000000000000000000000000000073', 'stivqje42w2j4veo4fnev6n218cn2azh00000000000000000000000000000061', 'z5zxssrfrd2gcbqfybnbxjtbvxu78kop00000000000000000000000000000338');
INSERT INTO class_attribute ( id, parent_id, child_id) VALUES ('z8kqercjih4zfje491wm5gu37ds28l1r00000000000000000000000000000073', 'stivqje42w2j4veo4fnev6n218cn2azh00000000000000000000000000000061', 'z5zxssrfrd2gcbqfybnbxjtbvxu78kop00000000000000000000000000000338');
INSERT INTO metadata_relationship ( entity_domain, site_master, last_updated_by, id, owner, locked_by, create_date, type, created_by, seq, key_name, last_update_date, parent_id, child_id) VALUES (NULL, 'runwaysdk.com', '0000000000000000000000000000001000000000000000000000000000000003', 'z8kqercjih4zfje491wm5gu37ds28l1r00000000000000000000000000000073', '0000000000000000000000000000001000000000000000000000000000000003', NULL, '2011-10-03 16:03:31', 'com.runwaysdk.system.metadata.ClassAttributeConcrete', '0000000000000000000000000000001000000000000000000000000000000003', 3088, 'com.runwaysdk.system.metadata.MobileGridField.seq', '2011-10-03 16:03:31', 'stivqje42w2j4veo4fnev6n218cn2azh00000000000000000000000000000061', 'z5zxssrfrd2gcbqfybnbxjtbvxu78kop00000000000000000000000000000338');
 INSERT INTO class_cache (set_id, item_id)  VALUES  ('sypkohpaml87xr7vhlfydtapgt0t634b', '0000000000000000000000000000023100000000000000000000000000000222');
INSERT INTO metadata_display_label ( default_locale, id, site_master, key_name) VALUES ('Mobile Geo Field', 'zoodrrmwhzyhk52sk4urkx33zkmt4o7fNM200904120000000000000000000030', 'runwaysdk.com', 'zoodrrmwhzyhk52sk4urkx33zkmt4o7fNM200904120000000000000000000030');
INSERT INTO metadata_display_label ( default_locale, id, site_master, key_name) VALUES ('Metadata Mobile MdMobileGeo Field', '02h1uv3301ar4wt6ml40btquw15azyzoNM200904120000000000000000000030', 'runwaysdk.com', '02h1uv3301ar4wt6ml40btquw15azyzoNM200904120000000000000000000030');
INSERT INTO md_business ( cache_algorithm, cache_algorithm_c, super_md_business, id) VALUES ('sypkohpaml87xr7vhlfydtapgt0t634b', '0000000000000000000000000000023100000000000000000000000000000222', 'spaidsakim4xgjcf4psuxg6pa3qu120f00000000000000000000000000000001', '0o1f5l4k04l4eebr1d4457aib5tilkt300000000000000000000000000000001');
INSERT INTO md_element ( extendable, is_abstract, id) VALUES (1, 0, '0o1f5l4k04l4eebr1d4457aib5tilkt300000000000000000000000000000001');
INSERT INTO md_entity ( query_dto_source, query_source, cache_size, enforce_site_master, table_name, id) VALUES (NULL, NULL, 0, 1, 'md_mobile_geo', '0o1f5l4k04l4eebr1d4457aib5tilkt300000000000000000000000000000001');
INSERT INTO md_class ( publish, stub_dto_source, stub_source, id) VALUES (1, NULL, NULL, '0o1f5l4k04l4eebr1d4457aib5tilkt300000000000000000000000000000001');
INSERT INTO md_type ( display_label, root_id, package_name, type_name, base_source, js_base, js_stub, exported, dto_source, id) VALUES ('zoodrrmwhzyhk52sk4urkx33zkmt4o7fNM200904120000000000000000000030', '0o1f5l4k04l4eebr1d4457aib5tilkt3', 'com.runwaysdk.system.metadata', 'MdMobileGeo', NULL, NULL, NULL, 1, NULL, '0o1f5l4k04l4eebr1d4457aib5tilkt300000000000000000000000000000001');
INSERT INTO metadata ( description, created_by, owner, id, create_date, seq, type, remove, site_master, locked_by, entity_domain, last_updated_by, last_update_date, key_name) VALUES ('02h1uv3301ar4wt6ml40btquw15azyzoNM200904120000000000000000000030', '0000000000000000000000000000001000000000000000000000000000000003', '0000000000000000000000000000001000000000000000000000000000000003', '0o1f5l4k04l4eebr1d4457aib5tilkt300000000000000000000000000000001', '2011-10-03 16:03:31', 3089, 'com.runwaysdk.system.metadata.MdBusiness', 1, 'runwaysdk.com', NULL, NULL, '0000000000000000000000000000001000000000000000000000000000000003', '2011-10-03 16:03:31', 'com.runwaysdk.system.metadata.MdMobileGeo');
CREATE TABLE md_mobile_geo ( id CHAR(64) NOT NULL PRIMARY KEY );
INSERT INTO business_inheritance ( id, parent_id, child_id) VALUES ('xi34iots3qqlzf4ak4ptcw20paj61dht20070926NM0000000000000000000004', 'spaidsakim4xgjcf4psuxg6pa3qu120f00000000000000000000000000000001', '0o1f5l4k04l4eebr1d4457aib5tilkt300000000000000000000000000000001');
INSERT INTO class_inheritance ( id, parent_id, child_id) VALUES ('xi34iots3qqlzf4ak4ptcw20paj61dht20070926NM0000000000000000000004', 'spaidsakim4xgjcf4psuxg6pa3qu120f00000000000000000000000000000001', '0o1f5l4k04l4eebr1d4457aib5tilkt300000000000000000000000000000001');
INSERT INTO metadata_relationship ( entity_domain, site_master, last_updated_by, id, owner, locked_by, create_date, type, created_by, seq, key_name, last_update_date, parent_id, child_id) VALUES (NULL, 'runwaysdk.com', '0000000000000000000000000000001000000000000000000000000000000003', 'xi34iots3qqlzf4ak4ptcw20paj61dht20070926NM0000000000000000000004', '0000000000000000000000000000001000000000000000000000000000000003', NULL, '2011-10-03 16:03:31', 'com.runwaysdk.system.metadata.BusinessInheritance', '0000000000000000000000000000001000000000000000000000000000000003', 3090, 'xi34iots3qqlzf4ak4ptcw20paj61dht20070926NM0000000000000000000004', '2011-10-03 16:03:31', 'spaidsakim4xgjcf4psuxg6pa3qu120f00000000000000000000000000000001', '0o1f5l4k04l4eebr1d4457aib5tilkt300000000000000000000000000000001');
DELETE FROM class_cache WHERE set_id='r0tcrkvyjhqp6d5g1l9yk5i0dm5xusv5';
 INSERT INTO class_cache (set_id, item_id)  VALUES  ('r0tcrkvyjhqp6d5g1l9yk5i0dm5xusv5', '0000000000000000000000000000023100000000000000000000000000000222');
UPDATE metadata_display_label SET default_locale= 'Mobile Primitive Field' , id= 'rckoroq1vo9un4jkllhv5ama2jzju4apNM200904120000000000000000000030' , site_master= 'runwaysdk.com' , key_name= 'rckoroq1vo9un4jkllhv5ama2jzju4apNM200904120000000000000000000030'  WHERE id='rckoroq1vo9un4jkllhv5ama2jzju4apNM200904120000000000000000000030';
UPDATE metadata_display_label SET default_locale= 'Metadata Mobile Primitive Field' , id= 'r0e5rqp0din8dyuwvbb3rt6lo92z2mctNM200904120000000000000000000030' , site_master= 'runwaysdk.com' , key_name= 'r0e5rqp0din8dyuwvbb3rt6lo92z2mctNM200904120000000000000000000030'  WHERE id='r0e5rqp0din8dyuwvbb3rt6lo92z2mctNM200904120000000000000000000030';
UPDATE md_business SET cache_algorithm= 'r0tcrkvyjhqp6d5g1l9yk5i0dm5xusv5' , cache_algorithm_c= '0000000000000000000000000000023100000000000000000000000000000222' , super_md_business= 'spaidsakim4xgjcf4psuxg6pa3qu120f00000000000000000000000000000001'  WHERE id='zgld5upl3f35kcjr1au0d16u9btqwjvx00000000000000000000000000000001';
UPDATE md_element SET is_abstract= 1  WHERE id='zgld5upl3f35kcjr1au0d16u9btqwjvx00000000000000000000000000000001';
UPDATE md_entity SET table_name= 'md_mobile_primitive'  WHERE id='zgld5upl3f35kcjr1au0d16u9btqwjvx00000000000000000000000000000001';
UPDATE md_type SET display_label= 'rckoroq1vo9un4jkllhv5ama2jzju4apNM200904120000000000000000000030' , root_id= 'zgld5upl3f35kcjr1au0d16u9btqwjvx' , package_name= 'com.runwaysdk.system.metadata' , type_name= 'MdMobilePrimitive'  WHERE id='zgld5upl3f35kcjr1au0d16u9btqwjvx00000000000000000000000000000001';
UPDATE metadata SET description= 'r0e5rqp0din8dyuwvbb3rt6lo92z2mctNM200904120000000000000000000030' , created_by= '0000000000000000000000000000001000000000000000000000000000000003' , owner= '0000000000000000000000000000001000000000000000000000000000000003' , id= 'zgld5upl3f35kcjr1au0d16u9btqwjvx00000000000000000000000000000001' , create_date= '2011-10-03 16:03:31' , seq= 3091 , type= 'com.runwaysdk.system.metadata.MdBusiness' , site_master= 'runwaysdk.com' , last_updated_by= '0000000000000000000000000000001000000000000000000000000000000003' , last_update_date= '2011-10-03 16:03:31' , key_name= 'com.runwaysdk.system.metadata.MdMobilePrimitive'  WHERE id='zgld5upl3f35kcjr1au0d16u9btqwjvx00000000000000000000000000000001';
 INSERT INTO class_cache (set_id, item_id)  VALUES  ('r1hd6kpf4h1j63i27sqw2svzct68v9wj', '0000000000000000000000000000023100000000000000000000000000000222');
INSERT INTO metadata_display_label ( default_locale, id, site_master, key_name) VALUES ('Mobile Header', 'squnolvk9somwv73kioayr6bjcdyg5y4NM200904120000000000000000000030', 'runwaysdk.com', 'squnolvk9somwv73kioayr6bjcdyg5y4NM200904120000000000000000000030');
INSERT INTO metadata_display_label ( default_locale, id, site_master, key_name) VALUES ('Metadata Mobile Header Field', '7gc6v4ebnpg86pfmul9va1o3nlkf9k73NM200904120000000000000000000030', 'runwaysdk.com', '7gc6v4ebnpg86pfmul9va1o3nlkf9k73NM200904120000000000000000000030');
INSERT INTO md_business ( cache_algorithm, cache_algorithm_c, super_md_business, id) VALUES ('r1hd6kpf4h1j63i27sqw2svzct68v9wj', '0000000000000000000000000000023100000000000000000000000000000222', 'zlh9ev85l10442ji8z9ync4di5f53zz100000000000000000000000000000001', '942tps9sc9ais5t9qa3fhr2q0nksf4pl00000000000000000000000000000001');
INSERT INTO md_element ( extendable, is_abstract, id) VALUES (1, 0, '942tps9sc9ais5t9qa3fhr2q0nksf4pl00000000000000000000000000000001');
INSERT INTO md_entity ( query_dto_source, query_source, cache_size, enforce_site_master, table_name, id) VALUES (NULL, NULL, 0, 1, 'md_mobile_header', '942tps9sc9ais5t9qa3fhr2q0nksf4pl00000000000000000000000000000001');
INSERT INTO md_class ( publish, stub_dto_source, stub_source, id) VALUES (1, NULL, NULL, '942tps9sc9ais5t9qa3fhr2q0nksf4pl00000000000000000000000000000001');
INSERT INTO md_type ( display_label, root_id, package_name, type_name, base_source, js_base, js_stub, exported, dto_source, id) VALUES ('squnolvk9somwv73kioayr6bjcdyg5y4NM200904120000000000000000000030', '942tps9sc9ais5t9qa3fhr2q0nksf4pl', 'com.runwaysdk.system.metadata', 'MdMobileHeader', NULL, NULL, NULL, 1, NULL, '942tps9sc9ais5t9qa3fhr2q0nksf4pl00000000000000000000000000000001');
INSERT INTO metadata ( description, created_by, owner, id, create_date, seq, type, remove, site_master, locked_by, entity_domain, last_updated_by, last_update_date, key_name) VALUES ('7gc6v4ebnpg86pfmul9va1o3nlkf9k73NM200904120000000000000000000030', '0000000000000000000000000000001000000000000000000000000000000003', '0000000000000000000000000000001000000000000000000000000000000003', '942tps9sc9ais5t9qa3fhr2q0nksf4pl00000000000000000000000000000001', '2011-10-03 16:03:31', 3092, 'com.runwaysdk.system.metadata.MdBusiness', 1, 'runwaysdk.com', NULL, NULL, '0000000000000000000000000000001000000000000000000000000000000003', '2011-10-03 16:03:31', 'com.runwaysdk.system.metadata.MdMobileHeader');
CREATE TABLE md_mobile_header ( id CHAR(64) NOT NULL PRIMARY KEY );
INSERT INTO business_inheritance ( id, parent_id, child_id) VALUES ('06a0qrii1w224f246wq3gzbjaiihone520070926NM0000000000000000000004', 'zlh9ev85l10442ji8z9ync4di5f53zz100000000000000000000000000000001', '942tps9sc9ais5t9qa3fhr2q0nksf4pl00000000000000000000000000000001');
INSERT INTO class_inheritance ( id, parent_id, child_id) VALUES ('06a0qrii1w224f246wq3gzbjaiihone520070926NM0000000000000000000004', 'zlh9ev85l10442ji8z9ync4di5f53zz100000000000000000000000000000001', '942tps9sc9ais5t9qa3fhr2q0nksf4pl00000000000000000000000000000001');
INSERT INTO metadata_relationship ( entity_domain, site_master, last_updated_by, id, owner, locked_by, create_date, type, created_by, seq, key_name, last_update_date, parent_id, child_id) VALUES (NULL, 'runwaysdk.com', '0000000000000000000000000000001000000000000000000000000000000003', '06a0qrii1w224f246wq3gzbjaiihone520070926NM0000000000000000000004', '0000000000000000000000000000001000000000000000000000000000000003', NULL, '2011-10-03 16:03:31', 'com.runwaysdk.system.metadata.BusinessInheritance', '0000000000000000000000000000001000000000000000000000000000000003', 3093, '06a0qrii1w224f246wq3gzbjaiihone520070926NM0000000000000000000004', '2011-10-03 16:03:31', 'zlh9ev85l10442ji8z9ync4di5f53zz100000000000000000000000000000001', '942tps9sc9ais5t9qa3fhr2q0nksf4pl00000000000000000000000000000001');
 INSERT INTO struct_cache (set_id, item_id)  VALUES  ('742fn84ldp68ae9tj79285n2xox3o7cj', '0000000000000000000000000000023100000000000000000000000000000222');
INSERT INTO metadata_display_label ( default_locale, id, site_master, key_name) VALUES ('Header Text', 'zjdhqbs4ya5olx1ccms2jjs4geunqnd0NM200904120000000000000000000030', 'runwaysdk.com', 'zjdhqbs4ya5olx1ccms2jjs4geunqnd0NM200904120000000000000000000030');
INSERT INTO metadata_display_label ( default_locale, id, site_master, key_name) VALUES ('The text data for the header.', '25rlq9zw2je4bs2arwduec8q3zzm0kqoNM200904120000000000000000000030', 'runwaysdk.com', '25rlq9zw2je4bs2arwduec8q3zzm0kqoNM200904120000000000000000000030');
INSERT INTO md_local_struct ( id) VALUES ('shr1qm2wz147w6o1gxsgcg4drg1dh93l0000000000000000000MdLocalStruct');
INSERT INTO md_struct ( cache_algorithm, cache_algorithm_c, id) VALUES ('742fn84ldp68ae9tj79285n2xox3o7cj', '0000000000000000000000000000023100000000000000000000000000000222', 'shr1qm2wz147w6o1gxsgcg4drg1dh93l0000000000000000000MdLocalStruct');
INSERT INTO md_entity ( query_dto_source, query_source, cache_size, enforce_site_master, table_name, id) VALUES (NULL, NULL, 0, 1, 'md_mobile_header_header_text', 'shr1qm2wz147w6o1gxsgcg4drg1dh93l0000000000000000000MdLocalStruct');
INSERT INTO md_class ( publish, stub_dto_source, stub_source, id) VALUES (1, NULL, NULL, 'shr1qm2wz147w6o1gxsgcg4drg1dh93l0000000000000000000MdLocalStruct');
INSERT INTO md_type ( display_label, root_id, package_name, type_name, base_source, js_base, js_stub, exported, dto_source, id) VALUES ('zjdhqbs4ya5olx1ccms2jjs4geunqnd0NM200904120000000000000000000030', 'shr1qm2wz147w6o1gxsgcg4drg1dh93l', 'com.runwaysdk.system.metadata', 'MdMobileHeaderHeaderText', NULL, NULL, NULL, 1, NULL, 'shr1qm2wz147w6o1gxsgcg4drg1dh93l0000000000000000000MdLocalStruct');
INSERT INTO metadata ( description, created_by, owner, id, create_date, seq, type, remove, site_master, locked_by, entity_domain, last_updated_by, last_update_date, key_name) VALUES ('25rlq9zw2je4bs2arwduec8q3zzm0kqoNM200904120000000000000000000030', '0000000000000000000000000000001000000000000000000000000000000003', '0000000000000000000000000000001000000000000000000000000000000003', 'shr1qm2wz147w6o1gxsgcg4drg1dh93l0000000000000000000MdLocalStruct', '2011-10-03 16:03:31', 3094, 'com.runwaysdk.system.metadata.MdLocalStruct', 1, 'runwaysdk.com', NULL, NULL, '0000000000000000000000000000001000000000000000000000000000000003', '2011-10-03 16:03:31', 'com.runwaysdk.system.metadata.MdMobileHeaderHeaderText');
CREATE TABLE md_mobile_header_header_text ( id CHAR(64) NOT NULL PRIMARY KEY );
 INSERT INTO visibilitymodifier (set_id, item_id)  VALUES  ('xgm54pkg2y9bo9x1mvbquhezhxil10lu', '20071109NM000000000000000000000520071109NM0000000000000000000001');
INSERT INTO metadata_display_label ( default_locale, id, site_master, key_name) VALUES ('ID', 'xg1ro3l9p0y4ixw5zjhv1q14zmf1z235NM200904120000000000000000000030', 'runwaysdk.com', 'xg1ro3l9p0y4ixw5zjhv1q14zmf1z235NM200904120000000000000000000030');
 INSERT INTO visibilitymodifier (set_id, item_id)  VALUES  ('7egqr6r3asrq39qzdtl1b3ijdqsoknrd', '20071109NM000000000000000000000520071109NM0000000000000000000001');
 INSERT INTO md_attribute_indicies (set_id, item_id)  VALUES  ('74bjpflntzbq510nleamaz4kafk5ktxm', '0000000000000000000000000000040900000000000000000000000000000403');
INSERT INTO metadata_display_label ( default_locale, id, site_master, key_name) VALUES ('ID of this object', '1olv4cxyuaod4lz6udyvmlj53eus3gpuNM200904120000000000000000000030', 'runwaysdk.com', '1olv4cxyuaod4lz6udyvmlj53eus3gpuNM200904120000000000000000000030');
INSERT INTO md_attribute_character ( default_value, database_size, id) VALUES (NULL, 64, 'yyeg6r4u4vmcn4s3amo7di5904ngf0hm00000000000000000000000000000138');
INSERT INTO md_attribute_char ( id) VALUES ('yyeg6r4u4vmcn4s3amo7di5904ngf0hm00000000000000000000000000000138');
INSERT INTO md_attribute_primitive ( id) VALUES ('yyeg6r4u4vmcn4s3amo7di5904ngf0hm00000000000000000000000000000138');
INSERT INTO md_attribute_concrete ( column_name, defining_md_class, setter_visibility, setter_visibility_c, immutable, index_name, generate_accessor, system, required, display_label, getter_visibility, getter_visibility_c, index_type, index_type_c, attribute_name, id) VALUES ('id', 'shr1qm2wz147w6o1gxsgcg4drg1dh93l0000000000000000000MdLocalStruct', 'xgm54pkg2y9bo9x1mvbquhezhxil10lu', '20071109NM000000000000000000000520071109NM0000000000000000000001', 0, 'aragg26jwmye3safrsxxmf679gbuk8', 1, 1, 1, 'xg1ro3l9p0y4ixw5zjhv1q14zmf1z235NM200904120000000000000000000030', '7egqr6r3asrq39qzdtl1b3ijdqsoknrd', '20071109NM000000000000000000000520071109NM0000000000000000000001', '74bjpflntzbq510nleamaz4kafk5ktxm', '0000000000000000000000000000040900000000000000000000000000000403', 'id', 'yyeg6r4u4vmcn4s3amo7di5904ngf0hm00000000000000000000000000000138');
INSERT INTO md_attribute ( id) VALUES ('yyeg6r4u4vmcn4s3amo7di5904ngf0hm00000000000000000000000000000138');
INSERT INTO metadata ( description, created_by, owner, id, create_date, seq, type, remove, site_master, locked_by, entity_domain, last_updated_by, last_update_date, key_name) VALUES ('1olv4cxyuaod4lz6udyvmlj53eus3gpuNM200904120000000000000000000030', '0000000000000000000000000000001000000000000000000000000000000003', '0000000000000000000000000000001000000000000000000000000000000003', 'yyeg6r4u4vmcn4s3amo7di5904ngf0hm00000000000000000000000000000138', '2011-10-03 16:03:31', 3095, 'com.runwaysdk.system.metadata.MdAttributeCharacter', 0, 'runwaysdk.com', NULL, NULL, '0000000000000000000000000000001000000000000000000000000000000003', '2011-10-03 16:03:31', 'com.runwaysdk.system.metadata.MdMobileHeaderHeaderText.id');
INSERT INTO class_attribute_concrete ( id, parent_id, child_id) VALUES ('1p170ggqrvi57fwmak3lk0wb5t8p682s00000000000000000000000000000073', 'shr1qm2wz147w6o1gxsgcg4drg1dh93l0000000000000000000MdLocalStruct', 'yyeg6r4u4vmcn4s3amo7di5904ngf0hm00000000000000000000000000000138');
INSERT INTO class_attribute ( id, parent_id, child_id) VALUES ('1p170ggqrvi57fwmak3lk0wb5t8p682s00000000000000000000000000000073', 'shr1qm2wz147w6o1gxsgcg4drg1dh93l0000000000000000000MdLocalStruct', 'yyeg6r4u4vmcn4s3amo7di5904ngf0hm00000000000000000000000000000138');
INSERT INTO metadata_relationship ( entity_domain, site_master, last_updated_by, id, owner, locked_by, create_date, type, created_by, seq, key_name, last_update_date, parent_id, child_id) VALUES (NULL, 'runwaysdk.com', '0000000000000000000000000000001000000000000000000000000000000003', '1p170ggqrvi57fwmak3lk0wb5t8p682s00000000000000000000000000000073', '0000000000000000000000000000001000000000000000000000000000000003', NULL, '2011-10-03 16:03:31', 'com.runwaysdk.system.metadata.ClassAttributeConcrete', '0000000000000000000000000000001000000000000000000000000000000003', 3096, 'com.runwaysdk.system.metadata.MdMobileHeaderHeaderText.id', '2011-10-03 16:03:31', 'shr1qm2wz147w6o1gxsgcg4drg1dh93l0000000000000000000MdLocalStruct', 'yyeg6r4u4vmcn4s3amo7di5904ngf0hm00000000000000000000000000000138');
 INSERT INTO visibilitymodifier (set_id, item_id)  VALUES  ('8cawuqgjhkut7mjrsyep2n7yq0ie7jiz', '20071109NM000000000000000000000520071109NM0000000000000000000001');
INSERT INTO metadata_display_label ( default_locale, id, site_master, key_name) VALUES ('Site Master', '0eoyw5ffb93928obgz91rqmwr3fn8mjnNM200904120000000000000000000030', 'runwaysdk.com', '0eoyw5ffb93928obgz91rqmwr3fn8mjnNM200904120000000000000000000030');
 INSERT INTO visibilitymodifier (set_id, item_id)  VALUES  ('0qpywcb8gedjyk36pc97scbq3zosaqtx', '20071109NM000000000000000000000520071109NM0000000000000000000001');
 INSERT INTO md_attribute_indicies (set_id, item_id)  VALUES  ('7ezum7pfarwmxmoeofdg324psijinf5l', '0000000000000000000000000000040100000000000000000000000000000403');
INSERT INTO metadata_display_label ( default_locale, id, site_master, key_name) VALUES ('The name of the site responsible for this object', 'sc3gu3dqavvn1llso4cxwk6cz5a8oqkoNM200904120000000000000000000030', 'runwaysdk.com', 'sc3gu3dqavvn1llso4cxwk6cz5a8oqkoNM200904120000000000000000000030');
INSERT INTO md_attribute_character ( default_value, database_size, id) VALUES (NULL, 255, '78bqzdj0qx3m3sxvpvy7ahvrntwr3w7s00000000000000000000000000000138');
INSERT INTO md_attribute_char ( id) VALUES ('78bqzdj0qx3m3sxvpvy7ahvrntwr3w7s00000000000000000000000000000138');
INSERT INTO md_attribute_primitive ( id) VALUES ('78bqzdj0qx3m3sxvpvy7ahvrntwr3w7s00000000000000000000000000000138');
INSERT INTO md_attribute_concrete ( column_name, defining_md_class, setter_visibility, setter_visibility_c, immutable, index_name, generate_accessor, system, required, display_label, getter_visibility, getter_visibility_c, index_type, index_type_c, attribute_name, id) VALUES ('site_master', 'shr1qm2wz147w6o1gxsgcg4drg1dh93l0000000000000000000MdLocalStruct', '8cawuqgjhkut7mjrsyep2n7yq0ie7jiz', '20071109NM000000000000000000000520071109NM0000000000000000000001', 1, 'aidfq0ig97xqtu0hy3h6zrockpu4jt', 1, 1, 1, '0eoyw5ffb93928obgz91rqmwr3fn8mjnNM200904120000000000000000000030', '0qpywcb8gedjyk36pc97scbq3zosaqtx', '20071109NM000000000000000000000520071109NM0000000000000000000001', '7ezum7pfarwmxmoeofdg324psijinf5l', '0000000000000000000000000000040100000000000000000000000000000403', 'siteMaster', '78bqzdj0qx3m3sxvpvy7ahvrntwr3w7s00000000000000000000000000000138');
INSERT INTO md_attribute ( id) VALUES ('78bqzdj0qx3m3sxvpvy7ahvrntwr3w7s00000000000000000000000000000138');
INSERT INTO metadata ( description, created_by, owner, id, create_date, seq, type, remove, site_master, locked_by, entity_domain, last_updated_by, last_update_date, key_name) VALUES ('sc3gu3dqavvn1llso4cxwk6cz5a8oqkoNM200904120000000000000000000030', '0000000000000000000000000000001000000000000000000000000000000003', '0000000000000000000000000000001000000000000000000000000000000003', '78bqzdj0qx3m3sxvpvy7ahvrntwr3w7s00000000000000000000000000000138', '2011-10-03 16:03:31', 3097, 'com.runwaysdk.system.metadata.MdAttributeCharacter', 0, 'runwaysdk.com', NULL, NULL, '0000000000000000000000000000001000000000000000000000000000000003', '2011-10-03 16:03:31', 'com.runwaysdk.system.metadata.MdMobileHeaderHeaderText.siteMaster');
ALTER TABLE md_mobile_header_header_text ADD COLUMN site_master  varchar(255);
INSERT INTO class_attribute_concrete ( id, parent_id, child_id) VALUES ('0ge82pshrfpy4fqu36cezh5ep4t7m8i300000000000000000000000000000073', 'shr1qm2wz147w6o1gxsgcg4drg1dh93l0000000000000000000MdLocalStruct', '78bqzdj0qx3m3sxvpvy7ahvrntwr3w7s00000000000000000000000000000138');
INSERT INTO class_attribute ( id, parent_id, child_id) VALUES ('0ge82pshrfpy4fqu36cezh5ep4t7m8i300000000000000000000000000000073', 'shr1qm2wz147w6o1gxsgcg4drg1dh93l0000000000000000000MdLocalStruct', '78bqzdj0qx3m3sxvpvy7ahvrntwr3w7s00000000000000000000000000000138');
INSERT INTO metadata_relationship ( entity_domain, site_master, last_updated_by, id, owner, locked_by, create_date, type, created_by, seq, key_name, last_update_date, parent_id, child_id) VALUES (NULL, 'runwaysdk.com', '0000000000000000000000000000001000000000000000000000000000000003', '0ge82pshrfpy4fqu36cezh5ep4t7m8i300000000000000000000000000000073', '0000000000000000000000000000001000000000000000000000000000000003', NULL, '2011-10-03 16:03:31', 'com.runwaysdk.system.metadata.ClassAttributeConcrete', '0000000000000000000000000000001000000000000000000000000000000003', 3098, 'com.runwaysdk.system.metadata.MdMobileHeaderHeaderText.siteMaster', '2011-10-03 16:03:31', 'shr1qm2wz147w6o1gxsgcg4drg1dh93l0000000000000000000MdLocalStruct', '78bqzdj0qx3m3sxvpvy7ahvrntwr3w7s00000000000000000000000000000138');
 INSERT INTO visibilitymodifier (set_id, item_id)  VALUES  ('xopftkiabgln230p2umnabho29g75ope', '20071109NM000000000000000000000520071109NM0000000000000000000001');
INSERT INTO metadata_display_label ( default_locale, id, site_master, key_name) VALUES ('Key Name', 'sfpbajy431pk9o6gob8bwaexhbyj7ngcNM200904120000000000000000000030', 'runwaysdk.com', 'sfpbajy431pk9o6gob8bwaexhbyj7ngcNM200904120000000000000000000030');
 INSERT INTO visibilitymodifier (set_id, item_id)  VALUES  ('77kzz0spu8m38xfb8vj9qkffikuu1e77', '20071109NM000000000000000000000520071109NM0000000000000000000001');
 INSERT INTO md_attribute_indicies (set_id, item_id)  VALUES  ('1w4tckm89ljq6q2mlewanznfxwrzbmvv', '0000000000000000000000000000040900000000000000000000000000000403');
INSERT INTO metadata_display_label ( default_locale, id, site_master, key_name) VALUES ('Key which uniquely identifies each instance of this type heirarchy.', 't1597d9be8xjxb8mbg2gubw3vfsw1k5oNM200904120000000000000000000030', 'runwaysdk.com', 't1597d9be8xjxb8mbg2gubw3vfsw1k5oNM200904120000000000000000000030');
INSERT INTO md_attribute_character ( default_value, database_size, id) VALUES (NULL, 255, 'z9aj3gfop254vdhjnuu723t86r4vp1hw00000000000000000000000000000138');
INSERT INTO md_attribute_char ( id) VALUES ('z9aj3gfop254vdhjnuu723t86r4vp1hw00000000000000000000000000000138');
INSERT INTO md_attribute_primitive ( id) VALUES ('z9aj3gfop254vdhjnuu723t86r4vp1hw00000000000000000000000000000138');
INSERT INTO md_attribute_concrete ( column_name, defining_md_class, setter_visibility, setter_visibility_c, immutable, index_name, generate_accessor, system, required, display_label, getter_visibility, getter_visibility_c, index_type, index_type_c, attribute_name, id) VALUES ('key_name', 'shr1qm2wz147w6o1gxsgcg4drg1dh93l0000000000000000000MdLocalStruct', 'xopftkiabgln230p2umnabho29g75ope', '20071109NM000000000000000000000520071109NM0000000000000000000001', 0, 'aqeksbloaergujvltwvk68o8xafa5v', 1, 0, 1, 'sfpbajy431pk9o6gob8bwaexhbyj7ngcNM200904120000000000000000000030', '77kzz0spu8m38xfb8vj9qkffikuu1e77', '20071109NM000000000000000000000520071109NM0000000000000000000001', '1w4tckm89ljq6q2mlewanznfxwrzbmvv', '0000000000000000000000000000040900000000000000000000000000000403', 'keyName', 'z9aj3gfop254vdhjnuu723t86r4vp1hw00000000000000000000000000000138');
INSERT INTO md_attribute ( id) VALUES ('z9aj3gfop254vdhjnuu723t86r4vp1hw00000000000000000000000000000138');
INSERT INTO metadata ( description, created_by, owner, id, create_date, seq, type, remove, site_master, locked_by, entity_domain, last_updated_by, last_update_date, key_name) VALUES ('t1597d9be8xjxb8mbg2gubw3vfsw1k5oNM200904120000000000000000000030', '0000000000000000000000000000001000000000000000000000000000000003', '0000000000000000000000000000001000000000000000000000000000000003', 'z9aj3gfop254vdhjnuu723t86r4vp1hw00000000000000000000000000000138', '2011-10-03 16:03:31', 3099, 'com.runwaysdk.system.metadata.MdAttributeCharacter', 1, 'runwaysdk.com', NULL, NULL, '0000000000000000000000000000001000000000000000000000000000000003', '2011-10-03 16:03:31', 'com.runwaysdk.system.metadata.MdMobileHeaderHeaderText.keyName');
ALTER TABLE md_mobile_header_header_text ADD COLUMN key_name  varchar(255);
INSERT INTO class_attribute_concrete ( id, parent_id, child_id) VALUES ('x9hs23x1p5xf90quu2dwevqthdff9d0c00000000000000000000000000000073', 'shr1qm2wz147w6o1gxsgcg4drg1dh93l0000000000000000000MdLocalStruct', 'z9aj3gfop254vdhjnuu723t86r4vp1hw00000000000000000000000000000138');
INSERT INTO class_attribute ( id, parent_id, child_id) VALUES ('x9hs23x1p5xf90quu2dwevqthdff9d0c00000000000000000000000000000073', 'shr1qm2wz147w6o1gxsgcg4drg1dh93l0000000000000000000MdLocalStruct', 'z9aj3gfop254vdhjnuu723t86r4vp1hw00000000000000000000000000000138');
INSERT INTO metadata_relationship ( entity_domain, site_master, last_updated_by, id, owner, locked_by, create_date, type, created_by, seq, key_name, last_update_date, parent_id, child_id) VALUES (NULL, 'runwaysdk.com', '0000000000000000000000000000001000000000000000000000000000000003', 'x9hs23x1p5xf90quu2dwevqthdff9d0c00000000000000000000000000000073', '0000000000000000000000000000001000000000000000000000000000000003', NULL, '2011-10-03 16:03:31', 'com.runwaysdk.system.metadata.ClassAttributeConcrete', '0000000000000000000000000000001000000000000000000000000000000003', 3100, 'com.runwaysdk.system.metadata.MdMobileHeaderHeaderText.keyName', '2011-10-03 16:03:31', 'shr1qm2wz147w6o1gxsgcg4drg1dh93l0000000000000000000MdLocalStruct', 'z9aj3gfop254vdhjnuu723t86r4vp1hw00000000000000000000000000000138');
CREATE UNIQUE INDEX aqeksbloaergujvltwvk68o8xafa5v ON md_mobile_header_header_text (key_name);
INSERT INTO metadata_display_label ( default_locale, id, site_master, key_name) VALUES (NULL, '8etr4vnlldrfvybuyc3am0m1n8oz9m16NM200904120000000000000000000030', 'runwaysdk.com', '8etr4vnlldrfvybuyc3am0m1n8oz9m16NM200904120000000000000000000030');
INSERT INTO metadata_display_label ( default_locale, id, site_master, key_name) VALUES (NULL, 'xe36sy7fksvpvlcvitgikm6u3049g8byNM200904120000000000000000000030', 'runwaysdk.com', 'xe36sy7fksvpvlcvitgikm6u3049g8byNM200904120000000000000000000030');
INSERT INTO md_controller ( stub_source, id) VALUES (NULL, 'sxoo7kxz50stomzhdns03569nejll5vxNM200810110000000000000000000112');
INSERT INTO md_type ( display_label, root_id, package_name, type_name, base_source, js_base, js_stub, exported, dto_source, id) VALUES ('8etr4vnlldrfvybuyc3am0m1n8oz9m16NM200904120000000000000000000030', 'sxoo7kxz50stomzhdns03569nejll5vx', 'com.runwaysdk.system.metadata', 'MdMobileHeaderHeaderTextController', NULL, NULL, NULL, 1, NULL, 'sxoo7kxz50stomzhdns03569nejll5vxNM200810110000000000000000000112');
INSERT INTO metadata ( description, created_by, owner, id, create_date, seq, type, remove, site_master, locked_by, entity_domain, last_updated_by, last_update_date, key_name) VALUES ('xe36sy7fksvpvlcvitgikm6u3049g8byNM200904120000000000000000000030', '0000000000000000000000000000001000000000000000000000000000000003', '0000000000000000000000000000001000000000000000000000000000000003', 'sxoo7kxz50stomzhdns03569nejll5vxNM200810110000000000000000000112', '2011-10-03 16:03:31', 3101, 'com.runwaysdk.system.metadata.MdController', 1, 'runwaysdk.com', NULL, NULL, '0000000000000000000000000000001000000000000000000000000000000003', '2011-10-03 16:03:31', 'com.runwaysdk.system.metadata.MdMobileHeaderHeaderTextController');
INSERT INTO metadata_display_label ( default_locale, id, site_master, key_name) VALUES ('View Page', 'stwe1istuwp4m0j8sm53of83dkp4v993NM200904120000000000000000000030', 'runwaysdk.com', 'stwe1istuwp4m0j8sm53of83dkp4v993NM200904120000000000000000000030');
INSERT INTO metadata_display_label ( default_locale, id, site_master, key_name) VALUES ('Loads a ViewAll query for a specific page into the request object', '70lbjwu248yl0zfam1f767if6kgva0quNM200904120000000000000000000030', 'runwaysdk.com', '70lbjwu248yl0zfam1f767if6kgva0quNM200904120000000000000000000030');
INSERT INTO md_action ( is_query, enclosing_md_controller, is_post, action_name, display_label, id) VALUES (1, 'sxoo7kxz50stomzhdns03569nejll5vxNM200810110000000000000000000112', 0, 'viewPage', 'stwe1istuwp4m0j8sm53of83dkp4v993NM200904120000000000000000000030', '0lqywom2qz244wnfsoii17unp4b2njdpNM200810110000000000000000000113');
INSERT INTO metadata ( description, created_by, owner, id, create_date, seq, type, remove, site_master, locked_by, entity_domain, last_updated_by, last_update_date, key_name) VALUES ('70lbjwu248yl0zfam1f767if6kgva0quNM200904120000000000000000000030', '0000000000000000000000000000001000000000000000000000000000000003', '0000000000000000000000000000001000000000000000000000000000000003', '0lqywom2qz244wnfsoii17unp4b2njdpNM200810110000000000000000000113', '2011-10-03 16:03:31', 3102, 'com.runwaysdk.system.metadata.MdAction', 1, 'runwaysdk.com', NULL, NULL, '0000000000000000000000000000001000000000000000000000000000000003', '2011-10-03 16:03:31', 'com.runwaysdk.system.metadata.MdMobileHeaderHeaderTextController.viewPage');
INSERT INTO controller_action ( key_name, locked_by, id, owner, entity_domain, created_by, type, last_update_date, create_date, seq, last_updated_by, site_master, parent_id, child_id) VALUES ('com.runwaysdk.system.metadata.MdMobileHeaderHeaderTextController.viewPage', NULL, 'yzwz2wlh3bs3h9h3llvm330q00i1ecblJS200807230000000000000000111111', '0000000000000000000000000000001000000000000000000000000000000003', NULL, '0000000000000000000000000000001000000000000000000000000000000003', 'com.runwaysdk.system.ControllerAction', '2011-10-03 16:03:31', '2011-10-03 16:03:31', 3103, '0000000000000000000000000000001000000000000000000000000000000003', 'runwaysdk.com', 'sxoo7kxz50stomzhdns03569nejll5vxNM200810110000000000000000000112', '0lqywom2qz244wnfsoii17unp4b2njdpNM200810110000000000000000000113');
INSERT INTO metadata_display_label ( default_locale, id, site_master, key_name) VALUES ('Sort Attribute', 'xyg97qrf793gb6qqg6d8wbh70vpmv8d4NM200904120000000000000000000030', 'runwaysdk.com', 'xyg97qrf793gb6qqg6d8wbh70vpmv8d4NM200904120000000000000000000030');
INSERT INTO metadata_display_label ( default_locale, id, site_master, key_name) VALUES (NULL, 'x8s32kf5b4ylfj7u50zpmxa0pswe6dxvNM200904120000000000000000000030', 'runwaysdk.com', 'x8s32kf5b4ylfj7u50zpmxa0pswe6dxvNM200904120000000000000000000030');
INSERT INTO md_parameter ( metadata, parameter_order, parameter_name, parameter_type, display_label, id) VALUES ('0lqywom2qz244wnfsoii17unp4b2njdpNM200810110000000000000000000113', -4, 'sortAttribute', 'java.lang.String', 'xyg97qrf793gb6qqg6d8wbh70vpmv8d4NM200904120000000000000000000030', '0325sley5o3kk2lgd4u8cqv1hqevgo1q20070427JS0000000000000000001517');
INSERT INTO metadata ( description, created_by, owner, id, create_date, seq, type, remove, site_master, locked_by, entity_domain, last_updated_by, last_update_date, key_name) VALUES ('x8s32kf5b4ylfj7u50zpmxa0pswe6dxvNM200904120000000000000000000030', '0000000000000000000000000000001000000000000000000000000000000003', '0000000000000000000000000000001000000000000000000000000000000003', '0325sley5o3kk2lgd4u8cqv1hqevgo1q20070427JS0000000000000000001517', '2011-10-03 16:03:31', 3104, 'com.runwaysdk.system.metadata.MdParameter', 1, 'runwaysdk.com', NULL, NULL, '0000000000000000000000000000001000000000000000000000000000000003', '2011-10-03 16:03:31', 'com.runwaysdk.system.metadata.MdMobileHeaderHeaderTextController.viewPage.sortAttribute');
INSERT INTO metadata_parameter ( site_master, last_updated_by, create_date, seq, locked_by, entity_domain, created_by, type, last_update_date, key_name, owner, id, parent_id, child_id) VALUES ('runwaysdk.com', '0000000000000000000000000000001000000000000000000000000000000003', '2011-10-03 16:03:31', 3105, NULL, NULL, '0000000000000000000000000000001000000000000000000000000000000003', 'com.runwaysdk.system.MetadataParameter', '2011-10-03 16:03:31', 'com.runwaysdk.system.metadata.MdMobileHeaderHeaderTextController.viewPage.sortAttribute', '0000000000000000000000000000001000000000000000000000000000000003', 'yxu0bc6j21f70ckmfymoh4i2ttokytey20070427JS0000000000000000001524', '0lqywom2qz244wnfsoii17unp4b2njdpNM200810110000000000000000000113', '0325sley5o3kk2lgd4u8cqv1hqevgo1q20070427JS0000000000000000001517');
INSERT INTO metadata_display_label ( default_locale, id, site_master, key_name) VALUES ('Is Ascending', '74uhhkqtpk562e30kbttaupjmc97o1lbNM200904120000000000000000000030', 'runwaysdk.com', '74uhhkqtpk562e30kbttaupjmc97o1lbNM200904120000000000000000000030');
INSERT INTO metadata_display_label ( default_locale, id, site_master, key_name) VALUES (NULL, 'xs9o9xk2hwxhchgpugfu1ifbjknjp2kwNM200904120000000000000000000030', 'runwaysdk.com', 'xs9o9xk2hwxhchgpugfu1ifbjknjp2kwNM200904120000000000000000000030');
INSERT INTO md_parameter ( metadata, parameter_order, parameter_name, parameter_type, display_label, id) VALUES ('0lqywom2qz244wnfsoii17unp4b2njdpNM200810110000000000000000000113', -3, 'isAscending', 'java.lang.Boolean', '74uhhkqtpk562e30kbttaupjmc97o1lbNM200904120000000000000000000030', '8mapaarwae24xjw9xa3zfmpqnxgtkxww20070427JS0000000000000000001517');
INSERT INTO metadata ( description, created_by, owner, id, create_date, seq, type, remove, site_master, locked_by, entity_domain, last_updated_by, last_update_date, key_name) VALUES ('xs9o9xk2hwxhchgpugfu1ifbjknjp2kwNM200904120000000000000000000030', '0000000000000000000000000000001000000000000000000000000000000003', '0000000000000000000000000000001000000000000000000000000000000003', '8mapaarwae24xjw9xa3zfmpqnxgtkxww20070427JS0000000000000000001517', '2011-10-03 16:03:31', 3106, 'com.runwaysdk.system.metadata.MdParameter', 1, 'runwaysdk.com', NULL, NULL, '0000000000000000000000000000001000000000000000000000000000000003', '2011-10-03 16:03:31', 'com.runwaysdk.system.metadata.MdMobileHeaderHeaderTextController.viewPage.isAscending');
INSERT INTO metadata_parameter ( site_master, last_updated_by, create_date, seq, locked_by, entity_domain, created_by, type, last_update_date, key_name, owner, id, parent_id, child_id) VALUES ('runwaysdk.com', '0000000000000000000000000000001000000000000000000000000000000003', '2011-10-03 16:03:31', 3107, NULL, NULL, '0000000000000000000000000000001000000000000000000000000000000003', 'com.runwaysdk.system.MetadataParameter', '2011-10-03 16:03:31', 'com.runwaysdk.system.metadata.MdMobileHeaderHeaderTextController.viewPage.isAscending', '0000000000000000000000000000001000000000000000000000000000000003', 'renlzwk3y3aamxgcsa5xz6v3vmfgwpym20070427JS0000000000000000001524', '0lqywom2qz244wnfsoii17unp4b2njdpNM200810110000000000000000000113', '8mapaarwae24xjw9xa3zfmpqnxgtkxww20070427JS0000000000000000001517');
INSERT INTO metadata_display_label ( default_locale, id, site_master, key_name) VALUES ('Page Size', 'qmpykamw5x1e3xw0gojgp1cc7xv7ulfvNM200904120000000000000000000030', 'runwaysdk.com', 'qmpykamw5x1e3xw0gojgp1cc7xv7ulfvNM200904120000000000000000000030');
INSERT INTO metadata_display_label ( default_locale, id, site_master, key_name) VALUES (NULL, '8o25o75ytpc2rc3pwvzmf0cus1wxr5x0NM200904120000000000000000000030', 'runwaysdk.com', '8o25o75ytpc2rc3pwvzmf0cus1wxr5x0NM200904120000000000000000000030');
INSERT INTO md_parameter ( metadata, parameter_order, parameter_name, parameter_type, display_label, id) VALUES ('0lqywom2qz244wnfsoii17unp4b2njdpNM200810110000000000000000000113', -2, 'pageSize', 'java.lang.Integer', 'qmpykamw5x1e3xw0gojgp1cc7xv7ulfvNM200904120000000000000000000030', '0spohygjjj0ddm6981evcbo669unhjzp20070427JS0000000000000000001517');
INSERT INTO metadata ( description, created_by, owner, id, create_date, seq, type, remove, site_master, locked_by, entity_domain, last_updated_by, last_update_date, key_name) VALUES ('8o25o75ytpc2rc3pwvzmf0cus1wxr5x0NM200904120000000000000000000030', '0000000000000000000000000000001000000000000000000000000000000003', '0000000000000000000000000000001000000000000000000000000000000003', '0spohygjjj0ddm6981evcbo669unhjzp20070427JS0000000000000000001517', '2011-10-03 16:03:31', 3108, 'com.runwaysdk.system.metadata.MdParameter', 1, 'runwaysdk.com', NULL, NULL, '0000000000000000000000000000001000000000000000000000000000000003', '2011-10-03 16:03:31', 'com.runwaysdk.system.metadata.MdMobileHeaderHeaderTextController.viewPage.pageSize');
INSERT INTO metadata_parameter ( site_master, last_updated_by, create_date, seq, locked_by, entity_domain, created_by, type, last_update_date, key_name, owner, id, parent_id, child_id) VALUES ('runwaysdk.com', '0000000000000000000000000000001000000000000000000000000000000003', '2011-10-03 16:03:31', 3109, NULL, NULL, '0000000000000000000000000000001000000000000000000000000000000003', 'com.runwaysdk.system.MetadataParameter', '2011-10-03 16:03:31', 'com.runwaysdk.system.metadata.MdMobileHeaderHeaderTextController.viewPage.pageSize', '0000000000000000000000000000001000000000000000000000000000000003', 'xqx0olab1ulkz4reop53k1fe0uolmomd20070427JS0000000000000000001524', '0lqywom2qz244wnfsoii17unp4b2njdpNM200810110000000000000000000113', '0spohygjjj0ddm6981evcbo669unhjzp20070427JS0000000000000000001517');
INSERT INTO metadata_display_label ( default_locale, id, site_master, key_name) VALUES ('Page Number', '0j2ye597gl95fn4jzxs9hlb9jtu2o064NM200904120000000000000000000030', 'runwaysdk.com', '0j2ye597gl95fn4jzxs9hlb9jtu2o064NM200904120000000000000000000030');
INSERT INTO metadata_display_label ( default_locale, id, site_master, key_name) VALUES (NULL, 'r72oidp2ffhnzgczgc22bmmbd2976vbuNM200904120000000000000000000030', 'runwaysdk.com', 'r72oidp2ffhnzgczgc22bmmbd2976vbuNM200904120000000000000000000030');
INSERT INTO md_parameter ( metadata, parameter_order, parameter_name, parameter_type, display_label, id) VALUES ('0lqywom2qz244wnfsoii17unp4b2njdpNM200810110000000000000000000113', -1, 'pageNumber', 'java.lang.Integer', '0j2ye597gl95fn4jzxs9hlb9jtu2o064NM200904120000000000000000000030', 'sxajq98tj1ianipj4qtfsw0wgimjnqcy20070427JS0000000000000000001517');
INSERT INTO metadata ( description, created_by, owner, id, create_date, seq, type, remove, site_master, locked_by, entity_domain, last_updated_by, last_update_date, key_name) VALUES ('r72oidp2ffhnzgczgc22bmmbd2976vbuNM200904120000000000000000000030', '0000000000000000000000000000001000000000000000000000000000000003', '0000000000000000000000000000001000000000000000000000000000000003', 'sxajq98tj1ianipj4qtfsw0wgimjnqcy20070427JS0000000000000000001517', '2011-10-03 16:03:31', 3110, 'com.runwaysdk.system.metadata.MdParameter', 1, 'runwaysdk.com', NULL, NULL, '0000000000000000000000000000001000000000000000000000000000000003', '2011-10-03 16:03:31', 'com.runwaysdk.system.metadata.MdMobileHeaderHeaderTextController.viewPage.pageNumber');
INSERT INTO metadata_parameter ( site_master, last_updated_by, create_date, seq, locked_by, entity_domain, created_by, type, last_update_date, key_name, owner, id, parent_id, child_id) VALUES ('runwaysdk.com', '0000000000000000000000000000001000000000000000000000000000000003', '2011-10-03 16:03:31', 3111, NULL, NULL, '0000000000000000000000000000001000000000000000000000000000000003', 'com.runwaysdk.system.MetadataParameter', '2011-10-03 16:03:31', 'com.runwaysdk.system.metadata.MdMobileHeaderHeaderTextController.viewPage.pageNumber', '0000000000000000000000000000001000000000000000000000000000000003', 't0uhybm8d674t8rhnfq39pjzgd6ito5a20070427JS0000000000000000001524', '0lqywom2qz244wnfsoii17unp4b2njdpNM200810110000000000000000000113', 'sxajq98tj1ianipj4qtfsw0wgimjnqcy20070427JS0000000000000000001517');
INSERT INTO metadata_display_label ( default_locale, id, site_master, key_name) VALUES ('View All', 'siitoqcw6wggffyh0te73e89jc24tvzfNM200904120000000000000000000030', 'runwaysdk.com', 'siitoqcw6wggffyh0te73e89jc24tvzfNM200904120000000000000000000030');
INSERT INTO metadata_display_label ( default_locale, id, site_master, key_name) VALUES ('Loads a ViewAll query with the default settings', 'xbloquh8g6sjau139fyrc0i1jdgyh17uNM200904120000000000000000000030', 'runwaysdk.com', 'xbloquh8g6sjau139fyrc0i1jdgyh17uNM200904120000000000000000000030');
INSERT INTO md_action ( is_query, enclosing_md_controller, is_post, action_name, display_label, id) VALUES (0, 'sxoo7kxz50stomzhdns03569nejll5vxNM200810110000000000000000000112', 0, 'viewAll', 'siitoqcw6wggffyh0te73e89jc24tvzfNM200904120000000000000000000030', '8w9hwdkhmnkuqmq4xl3w7spv0jpgoejaNM200810110000000000000000000113');
INSERT INTO metadata ( description, created_by, owner, id, create_date, seq, type, remove, site_master, locked_by, entity_domain, last_updated_by, last_update_date, key_name) VALUES ('xbloquh8g6sjau139fyrc0i1jdgyh17uNM200904120000000000000000000030', '0000000000000000000000000000001000000000000000000000000000000003', '0000000000000000000000000000001000000000000000000000000000000003', '8w9hwdkhmnkuqmq4xl3w7spv0jpgoejaNM200810110000000000000000000113', '2011-10-03 16:03:31', 3112, 'com.runwaysdk.system.metadata.MdAction', 1, 'runwaysdk.com', NULL, NULL, '0000000000000000000000000000001000000000000000000000000000000003', '2011-10-03 16:03:31', 'com.runwaysdk.system.metadata.MdMobileHeaderHeaderTextController.viewAll');
INSERT INTO controller_action ( key_name, locked_by, id, owner, entity_domain, created_by, type, last_update_date, create_date, seq, last_updated_by, site_master, parent_id, child_id) VALUES ('com.runwaysdk.system.metadata.MdMobileHeaderHeaderTextController.viewAll', NULL, 'syogs3bmdwoj9ffw8za6veqjrzomn69cJS200807230000000000000000111111', '0000000000000000000000000000001000000000000000000000000000000003', NULL, '0000000000000000000000000000001000000000000000000000000000000003', 'com.runwaysdk.system.ControllerAction', '2011-10-03 16:03:31', '2011-10-03 16:03:31', 3113, '0000000000000000000000000000001000000000000000000000000000000003', 'runwaysdk.com', 'sxoo7kxz50stomzhdns03569nejll5vxNM200810110000000000000000000112', '8w9hwdkhmnkuqmq4xl3w7spv0jpgoejaNM200810110000000000000000000113');
INSERT INTO metadata_display_label ( default_locale, id, site_master, key_name) VALUES ('View', 's8qox1fn08z5yvllz6ff3rd050pfm5rmNM200904120000000000000000000030', 'runwaysdk.com', 's8qox1fn08z5yvllz6ff3rd050pfm5rmNM200904120000000000000000000030');
INSERT INTO metadata_display_label ( default_locale, id, site_master, key_name) VALUES ('View an existing instance of com.runwaysdk.system.metadata.MdMobileHeaderHeaderText', 'qsoacoefl0m4e2ua3e0hqqqaldpxkxszNM200904120000000000000000000030', 'runwaysdk.com', 'qsoacoefl0m4e2ua3e0hqqqaldpxkxszNM200904120000000000000000000030');
INSERT INTO md_action ( is_query, enclosing_md_controller, is_post, action_name, display_label, id) VALUES (0, 'sxoo7kxz50stomzhdns03569nejll5vxNM200810110000000000000000000112', 0, 'view', 's8qox1fn08z5yvllz6ff3rd050pfm5rmNM200904120000000000000000000030', '6ypbwid3sv1zqm3a2vcf9pswherprc2xNM200810110000000000000000000113');
INSERT INTO metadata ( description, created_by, owner, id, create_date, seq, type, remove, site_master, locked_by, entity_domain, last_updated_by, last_update_date, key_name) VALUES ('qsoacoefl0m4e2ua3e0hqqqaldpxkxszNM200904120000000000000000000030', '0000000000000000000000000000001000000000000000000000000000000003', '0000000000000000000000000000001000000000000000000000000000000003', '6ypbwid3sv1zqm3a2vcf9pswherprc2xNM200810110000000000000000000113', '2011-10-03 16:03:31', 3114, 'com.runwaysdk.system.metadata.MdAction', 1, 'runwaysdk.com', NULL, NULL, '0000000000000000000000000000001000000000000000000000000000000003', '2011-10-03 16:03:31', 'com.runwaysdk.system.metadata.MdMobileHeaderHeaderTextController.view');
INSERT INTO controller_action ( key_name, locked_by, id, owner, entity_domain, created_by, type, last_update_date, create_date, seq, last_updated_by, site_master, parent_id, child_id) VALUES ('com.runwaysdk.system.metadata.MdMobileHeaderHeaderTextController.view', NULL, 'zaqeh0zl6kvirpia4azulhqtllz0ydqeJS200807230000000000000000111111', '0000000000000000000000000000001000000000000000000000000000000003', NULL, '0000000000000000000000000000001000000000000000000000000000000003', 'com.runwaysdk.system.ControllerAction', '2011-10-03 16:03:31', '2011-10-03 16:03:31', 3115, '0000000000000000000000000000001000000000000000000000000000000003', 'runwaysdk.com', 'sxoo7kxz50stomzhdns03569nejll5vxNM200810110000000000000000000112', '6ypbwid3sv1zqm3a2vcf9pswherprc2xNM200810110000000000000000000113');
INSERT INTO metadata_display_label ( default_locale, id, site_master, key_name) VALUES ('Parameter: com.runwaysdk.system.metadata.MdMobileHeaderHeaderText - id', '2aobejxxfnilcudly5ufpy35ygot2hagNM200904120000000000000000000030', 'runwaysdk.com', '2aobejxxfnilcudly5ufpy35ygot2hagNM200904120000000000000000000030');
INSERT INTO metadata_display_label ( default_locale, id, site_master, key_name) VALUES ('Id of com.runwaysdk.system.metadata.MdMobileHeaderHeaderText to view.', '7bdaqv9heqqztnted8m8mse6xbaangg3NM200904120000000000000000000030', 'runwaysdk.com', '7bdaqv9heqqztnted8m8mse6xbaangg3NM200904120000000000000000000030');
INSERT INTO md_parameter ( metadata, parameter_order, parameter_name, parameter_type, display_label, id) VALUES ('6ypbwid3sv1zqm3a2vcf9pswherprc2xNM200810110000000000000000000113', 0, 'id', 'java.lang.String', '2aobejxxfnilcudly5ufpy35ygot2hagNM200904120000000000000000000030', 'xj3ncwn9nimkzvdvz96agosmcua5frz920070427JS0000000000000000001517');
INSERT INTO metadata ( description, created_by, owner, id, create_date, seq, type, remove, site_master, locked_by, entity_domain, last_updated_by, last_update_date, key_name) VALUES ('7bdaqv9heqqztnted8m8mse6xbaangg3NM200904120000000000000000000030', '0000000000000000000000000000001000000000000000000000000000000003', '0000000000000000000000000000001000000000000000000000000000000003', 'xj3ncwn9nimkzvdvz96agosmcua5frz920070427JS0000000000000000001517', '2011-10-03 16:03:31', 3116, 'com.runwaysdk.system.metadata.MdParameter', 1, 'runwaysdk.com', NULL, NULL, '0000000000000000000000000000001000000000000000000000000000000003', '2011-10-03 16:03:31', 'com.runwaysdk.system.metadata.MdMobileHeaderHeaderTextController.view.id');
INSERT INTO metadata_parameter ( site_master, last_updated_by, create_date, seq, locked_by, entity_domain, created_by, type, last_update_date, key_name, owner, id, parent_id, child_id) VALUES ('runwaysdk.com', '0000000000000000000000000000001000000000000000000000000000000003', '2011-10-03 16:03:31', 3117, NULL, NULL, '0000000000000000000000000000001000000000000000000000000000000003', 'com.runwaysdk.system.MetadataParameter', '2011-10-03 16:03:31', 'com.runwaysdk.system.metadata.MdMobileHeaderHeaderTextController.view.id', '0000000000000000000000000000001000000000000000000000000000000003', '2eoatfdh20ecb10fgmrevp15qqa8yyfg20070427JS0000000000000000001524', '6ypbwid3sv1zqm3a2vcf9pswherprc2xNM200810110000000000000000000113', 'xj3ncwn9nimkzvdvz96agosmcua5frz920070427JS0000000000000000001517');
INSERT INTO metadata_display_label ( default_locale, id, site_master, key_name) VALUES ('New Instance', '8w2197bif70wpfoe5uxa24r71l3fe5tdNM200904120000000000000000000030', 'runwaysdk.com', '8w2197bif70wpfoe5uxa24r71l3fe5tdNM200904120000000000000000000030');
INSERT INTO metadata_display_label ( default_locale, id, site_master, key_name) VALUES ('Loads a new instance of com.runwaysdk.system.metadata.MdMobileHeaderHeaderText into the request object', '2f2hx9a6cleyyw6re7tvlqgs71bse7b3NM200904120000000000000000000030', 'runwaysdk.com', '2f2hx9a6cleyyw6re7tvlqgs71bse7b3NM200904120000000000000000000030');
INSERT INTO md_action ( is_query, enclosing_md_controller, is_post, action_name, display_label, id) VALUES (0, 'sxoo7kxz50stomzhdns03569nejll5vxNM200810110000000000000000000112', 0, 'newInstance', '8w2197bif70wpfoe5uxa24r71l3fe5tdNM200904120000000000000000000030', 'sfd0j7cm0rulig0fvkkevwp09ftkgbe4NM200810110000000000000000000113');
INSERT INTO metadata ( description, created_by, owner, id, create_date, seq, type, remove, site_master, locked_by, entity_domain, last_updated_by, last_update_date, key_name) VALUES ('2f2hx9a6cleyyw6re7tvlqgs71bse7b3NM200904120000000000000000000030', '0000000000000000000000000000001000000000000000000000000000000003', '0000000000000000000000000000001000000000000000000000000000000003', 'sfd0j7cm0rulig0fvkkevwp09ftkgbe4NM200810110000000000000000000113', '2011-10-03 16:03:31', 3118, 'com.runwaysdk.system.metadata.MdAction', 1, 'runwaysdk.com', NULL, NULL, '0000000000000000000000000000001000000000000000000000000000000003', '2011-10-03 16:03:31', 'com.runwaysdk.system.metadata.MdMobileHeaderHeaderTextController.newInstance');
INSERT INTO controller_action ( key_name, locked_by, id, owner, entity_domain, created_by, type, last_update_date, create_date, seq, last_updated_by, site_master, parent_id, child_id) VALUES ('com.runwaysdk.system.metadata.MdMobileHeaderHeaderTextController.newInstance', NULL, 'shamaoj3eokclzygulgee5jbnb25vhz6JS200807230000000000000000111111', '0000000000000000000000000000001000000000000000000000000000000003', NULL, '0000000000000000000000000000001000000000000000000000000000000003', 'com.runwaysdk.system.ControllerAction', '2011-10-03 16:03:31', '2011-10-03 16:03:31', 3119, '0000000000000000000000000000001000000000000000000000000000000003', 'runwaysdk.com', 'sxoo7kxz50stomzhdns03569nejll5vxNM200810110000000000000000000112', 'sfd0j7cm0rulig0fvkkevwp09ftkgbe4NM200810110000000000000000000113');
INSERT INTO metadata_display_label ( default_locale, id, site_master, key_name) VALUES ('Create', 'sndlxy8uatrbf6smfx64q871jnyena8bNM200904120000000000000000000030', 'runwaysdk.com', 'sndlxy8uatrbf6smfx64q871jnyena8bNM200904120000000000000000000030');
INSERT INTO metadata_display_label ( default_locale, id, site_master, key_name) VALUES ('Applys a new instance of com.runwaysdk.system.metadata.MdMobileHeaderHeaderText', '777xko6lnksiwhka84bbtc43ec6hmwb1NM200904120000000000000000000030', 'runwaysdk.com', '777xko6lnksiwhka84bbtc43ec6hmwb1NM200904120000000000000000000030');
INSERT INTO md_action ( is_query, enclosing_md_controller, is_post, action_name, display_label, id) VALUES (0, 'sxoo7kxz50stomzhdns03569nejll5vxNM200810110000000000000000000112', 1, 'create', 'sndlxy8uatrbf6smfx64q871jnyena8bNM200904120000000000000000000030', '93hz5ppww6n4pp0hnfdnyufhnku9o6prNM200810110000000000000000000113');
INSERT INTO metadata ( description, created_by, owner, id, create_date, seq, type, remove, site_master, locked_by, entity_domain, last_updated_by, last_update_date, key_name) VALUES ('777xko6lnksiwhka84bbtc43ec6hmwb1NM200904120000000000000000000030', '0000000000000000000000000000001000000000000000000000000000000003', '0000000000000000000000000000001000000000000000000000000000000003', '93hz5ppww6n4pp0hnfdnyufhnku9o6prNM200810110000000000000000000113', '2011-10-03 16:03:31', 3120, 'com.runwaysdk.system.metadata.MdAction', 1, 'runwaysdk.com', NULL, NULL, '0000000000000000000000000000001000000000000000000000000000000003', '2011-10-03 16:03:31', 'com.runwaysdk.system.metadata.MdMobileHeaderHeaderTextController.create');
INSERT INTO controller_action ( key_name, locked_by, id, owner, entity_domain, created_by, type, last_update_date, create_date, seq, last_updated_by, site_master, parent_id, child_id) VALUES ('com.runwaysdk.system.metadata.MdMobileHeaderHeaderTextController.create', NULL, 'sybfhi5z833s0iy3zv72o7ob97vo34hfJS200807230000000000000000111111', '0000000000000000000000000000001000000000000000000000000000000003', NULL, '0000000000000000000000000000001000000000000000000000000000000003', 'com.runwaysdk.system.ControllerAction', '2011-10-03 16:03:31', '2011-10-03 16:03:31', 3121, '0000000000000000000000000000001000000000000000000000000000000003', 'runwaysdk.com', 'sxoo7kxz50stomzhdns03569nejll5vxNM200810110000000000000000000112', '93hz5ppww6n4pp0hnfdnyufhnku9o6prNM200810110000000000000000000113');
INSERT INTO metadata_display_label ( default_locale, id, site_master, key_name) VALUES ('Parameter: com.runwaysdk.system.metadata.MdMobileHeaderHeaderText', 'zo7v281j4d8z1pgutbdm6oaja3go18woNM200904120000000000000000000030', 'runwaysdk.com', 'zo7v281j4d8z1pgutbdm6oaja3go18woNM200904120000000000000000000030');
INSERT INTO metadata_display_label ( default_locale, id, site_master, key_name) VALUES ('com.runwaysdk.system.metadata.MdMobileHeaderHeaderText to apply to the database', 'xx7ji20ouhd4j68e5dq7wte0qrd3h50lNM200904120000000000000000000030', 'runwaysdk.com', 'xx7ji20ouhd4j68e5dq7wte0qrd3h50lNM200904120000000000000000000030');
INSERT INTO md_parameter ( metadata, parameter_order, parameter_name, parameter_type, display_label, id) VALUES ('93hz5ppww6n4pp0hnfdnyufhnku9o6prNM200810110000000000000000000113', 0, 'dto', 'com.runwaysdk.system.metadata.MdMobileHeaderHeaderText', 'zo7v281j4d8z1pgutbdm6oaja3go18woNM200904120000000000000000000030', 'xt2hghzx7fcqplo9kkonn1j3es9dwpo820070427JS0000000000000000001517');
INSERT INTO metadata ( description, created_by, owner, id, create_date, seq, type, remove, site_master, locked_by, entity_domain, last_updated_by, last_update_date, key_name) VALUES ('xx7ji20ouhd4j68e5dq7wte0qrd3h50lNM200904120000000000000000000030', '0000000000000000000000000000001000000000000000000000000000000003', '0000000000000000000000000000001000000000000000000000000000000003', 'xt2hghzx7fcqplo9kkonn1j3es9dwpo820070427JS0000000000000000001517', '2011-10-03 16:03:31', 3122, 'com.runwaysdk.system.metadata.MdParameter', 1, 'runwaysdk.com', NULL, NULL, '0000000000000000000000000000001000000000000000000000000000000003', '2011-10-03 16:03:31', 'com.runwaysdk.system.metadata.MdMobileHeaderHeaderTextController.create.dto');
INSERT INTO metadata_parameter ( site_master, last_updated_by, create_date, seq, locked_by, entity_domain, created_by, type, last_update_date, key_name, owner, id, parent_id, child_id) VALUES ('runwaysdk.com', '0000000000000000000000000000001000000000000000000000000000000003', '2011-10-03 16:03:31', 3123, NULL, NULL, '0000000000000000000000000000001000000000000000000000000000000003', 'com.runwaysdk.system.MetadataParameter', '2011-10-03 16:03:31', 'com.runwaysdk.system.metadata.MdMobileHeaderHeaderTextController.create.dto', '0000000000000000000000000000001000000000000000000000000000000003', 't2dw64jfl3kjto109053bp5qmnn7ff9y20070427JS0000000000000000001524', '93hz5ppww6n4pp0hnfdnyufhnku9o6prNM200810110000000000000000000113', 'xt2hghzx7fcqplo9kkonn1j3es9dwpo820070427JS0000000000000000001517');
INSERT INTO metadata_display_label ( default_locale, id, site_master, key_name) VALUES ('edit', 'yy4krt6xbnsx9nvi6up2m6pipgxa3i54NM200904120000000000000000000030', 'runwaysdk.com', 'yy4krt6xbnsx9nvi6up2m6pipgxa3i54NM200904120000000000000000000030');
INSERT INTO metadata_display_label ( default_locale, id, site_master, key_name) VALUES ('Applys an existing instance of com.runwaysdk.system.metadata.MdMobileHeaderHeaderText', '0bdgvx7o0w8byzrziwkic5tbtv2fpzzsNM200904120000000000000000000030', 'runwaysdk.com', '0bdgvx7o0w8byzrziwkic5tbtv2fpzzsNM200904120000000000000000000030');
INSERT INTO md_action ( is_query, enclosing_md_controller, is_post, action_name, display_label, id) VALUES (0, 'sxoo7kxz50stomzhdns03569nejll5vxNM200810110000000000000000000112', 0, 'edit', 'yy4krt6xbnsx9nvi6up2m6pipgxa3i54NM200904120000000000000000000030', '7d60wqhdp818glnbrqiaq1jnhsh65u63NM200810110000000000000000000113');
INSERT INTO metadata ( description, created_by, owner, id, create_date, seq, type, remove, site_master, locked_by, entity_domain, last_updated_by, last_update_date, key_name) VALUES ('0bdgvx7o0w8byzrziwkic5tbtv2fpzzsNM200904120000000000000000000030', '0000000000000000000000000000001000000000000000000000000000000003', '0000000000000000000000000000001000000000000000000000000000000003', '7d60wqhdp818glnbrqiaq1jnhsh65u63NM200810110000000000000000000113', '2011-10-03 16:03:31', 3124, 'com.runwaysdk.system.metadata.MdAction', 1, 'runwaysdk.com', NULL, NULL, '0000000000000000000000000000001000000000000000000000000000000003', '2011-10-03 16:03:31', 'com.runwaysdk.system.metadata.MdMobileHeaderHeaderTextController.edit');
INSERT INTO controller_action ( key_name, locked_by, id, owner, entity_domain, created_by, type, last_update_date, create_date, seq, last_updated_by, site_master, parent_id, child_id) VALUES ('com.runwaysdk.system.metadata.MdMobileHeaderHeaderTextController.edit', NULL, 'xjn4b0im7rez6ll8y4oe895ite61uzbhJS200807230000000000000000111111', '0000000000000000000000000000001000000000000000000000000000000003', NULL, '0000000000000000000000000000001000000000000000000000000000000003', 'com.runwaysdk.system.ControllerAction', '2011-10-03 16:03:31', '2011-10-03 16:03:31', 3125, '0000000000000000000000000000001000000000000000000000000000000003', 'runwaysdk.com', 'sxoo7kxz50stomzhdns03569nejll5vxNM200810110000000000000000000112', '7d60wqhdp818glnbrqiaq1jnhsh65u63NM200810110000000000000000000113');
INSERT INTO metadata_display_label ( default_locale, id, site_master, key_name) VALUES ('Parameter: com.runwaysdk.system.metadata.MdMobileHeaderHeaderText', 's9abv8e7wcgq1g1c1s2i5z6woel5w1ujNM200904120000000000000000000030', 'runwaysdk.com', 's9abv8e7wcgq1g1c1s2i5z6woel5w1ujNM200904120000000000000000000030');
INSERT INTO metadata_display_label ( default_locale, id, site_master, key_name) VALUES ('com.runwaysdk.system.metadata.MdMobileHeaderHeaderText to apply to the database', 'sr2h37paar4foe01ojgr0v9oi8ouusfxNM200904120000000000000000000030', 'runwaysdk.com', 'sr2h37paar4foe01ojgr0v9oi8ouusfxNM200904120000000000000000000030');
INSERT INTO md_parameter ( metadata, parameter_order, parameter_name, parameter_type, display_label, id) VALUES ('7d60wqhdp818glnbrqiaq1jnhsh65u63NM200810110000000000000000000113', 0, 'id', 'java.lang.String', 's9abv8e7wcgq1g1c1s2i5z6woel5w1ujNM200904120000000000000000000030', 'xqfrs1xrsetudrt6hw0exklxiugqupta20070427JS0000000000000000001517');
INSERT INTO metadata ( description, created_by, owner, id, create_date, seq, type, remove, site_master, locked_by, entity_domain, last_updated_by, last_update_date, key_name) VALUES ('sr2h37paar4foe01ojgr0v9oi8ouusfxNM200904120000000000000000000030', '0000000000000000000000000000001000000000000000000000000000000003', '0000000000000000000000000000001000000000000000000000000000000003', 'xqfrs1xrsetudrt6hw0exklxiugqupta20070427JS0000000000000000001517', '2011-10-03 16:03:31', 3126, 'com.runwaysdk.system.metadata.MdParameter', 1, 'runwaysdk.com', NULL, NULL, '0000000000000000000000000000001000000000000000000000000000000003', '2011-10-03 16:03:31', 'com.runwaysdk.system.metadata.MdMobileHeaderHeaderTextController.edit.id');
INSERT INTO metadata_parameter ( site_master, last_updated_by, create_date, seq, locked_by, entity_domain, created_by, type, last_update_date, key_name, owner, id, parent_id, child_id) VALUES ('runwaysdk.com', '0000000000000000000000000000001000000000000000000000000000000003', '2011-10-03 16:03:31', 3127, NULL, NULL, '0000000000000000000000000000001000000000000000000000000000000003', 'com.runwaysdk.system.MetadataParameter', '2011-10-03 16:03:31', 'com.runwaysdk.system.metadata.MdMobileHeaderHeaderTextController.edit.id', '0000000000000000000000000000001000000000000000000000000000000003', '2g91gk5bs4tlsizjr6lnl54gxmlyr6mg20070427JS0000000000000000001524', '7d60wqhdp818glnbrqiaq1jnhsh65u63NM200810110000000000000000000113', 'xqfrs1xrsetudrt6hw0exklxiugqupta20070427JS0000000000000000001517');
INSERT INTO metadata_display_label ( default_locale, id, site_master, key_name) VALUES ('update', '737jcgpczjhnmz43pzbqxyrj4sufn546NM200904120000000000000000000030', 'runwaysdk.com', '737jcgpczjhnmz43pzbqxyrj4sufn546NM200904120000000000000000000030');
INSERT INTO metadata_display_label ( default_locale, id, site_master, key_name) VALUES ('Applys an existing instance of com.runwaysdk.system.metadata.MdMobileHeaderHeaderText', '7eqgvezum7ceix69pozod7079ejtspxgNM200904120000000000000000000030', 'runwaysdk.com', '7eqgvezum7ceix69pozod7079ejtspxgNM200904120000000000000000000030');
INSERT INTO md_action ( is_query, enclosing_md_controller, is_post, action_name, display_label, id) VALUES (0, 'sxoo7kxz50stomzhdns03569nejll5vxNM200810110000000000000000000112', 1, 'update', '737jcgpczjhnmz43pzbqxyrj4sufn546NM200904120000000000000000000030', '8l50s2ewnmqcbj490nyrlz5y2s9x15p3NM200810110000000000000000000113');
INSERT INTO metadata ( description, created_by, owner, id, create_date, seq, type, remove, site_master, locked_by, entity_domain, last_updated_by, last_update_date, key_name) VALUES ('7eqgvezum7ceix69pozod7079ejtspxgNM200904120000000000000000000030', '0000000000000000000000000000001000000000000000000000000000000003', '0000000000000000000000000000001000000000000000000000000000000003', '8l50s2ewnmqcbj490nyrlz5y2s9x15p3NM200810110000000000000000000113', '2011-10-03 16:03:31', 3128, 'com.runwaysdk.system.metadata.MdAction', 1, 'runwaysdk.com', NULL, NULL, '0000000000000000000000000000001000000000000000000000000000000003', '2011-10-03 16:03:31', 'com.runwaysdk.system.metadata.MdMobileHeaderHeaderTextController.update');
INSERT INTO controller_action ( key_name, locked_by, id, owner, entity_domain, created_by, type, last_update_date, create_date, seq, last_updated_by, site_master, parent_id, child_id) VALUES ('com.runwaysdk.system.metadata.MdMobileHeaderHeaderTextController.update', NULL, 'zd14qxlk5cr7y86ooiz5uylbqhe95egaJS200807230000000000000000111111', '0000000000000000000000000000001000000000000000000000000000000003', NULL, '0000000000000000000000000000001000000000000000000000000000000003', 'com.runwaysdk.system.ControllerAction', '2011-10-03 16:03:31', '2011-10-03 16:03:31', 3129, '0000000000000000000000000000001000000000000000000000000000000003', 'runwaysdk.com', 'sxoo7kxz50stomzhdns03569nejll5vxNM200810110000000000000000000112', '8l50s2ewnmqcbj490nyrlz5y2s9x15p3NM200810110000000000000000000113');
INSERT INTO metadata_display_label ( default_locale, id, site_master, key_name) VALUES ('Parameter: com.runwaysdk.system.metadata.MdMobileHeaderHeaderText - dto', 'sg5tkanmdjpspc621i2jhpp1fdq122ivNM200904120000000000000000000030', 'runwaysdk.com', 'sg5tkanmdjpspc621i2jhpp1fdq122ivNM200904120000000000000000000030');
INSERT INTO metadata_display_label ( default_locale, id, site_master, key_name) VALUES ('com.runwaysdk.system.metadata.MdMobileHeaderHeaderText to apply to the database', '2h3dja2eyfhnxzwmxm0wtrmknsbwadewNM200904120000000000000000000030', 'runwaysdk.com', '2h3dja2eyfhnxzwmxm0wtrmknsbwadewNM200904120000000000000000000030');
INSERT INTO md_parameter ( metadata, parameter_order, parameter_name, parameter_type, display_label, id) VALUES ('8l50s2ewnmqcbj490nyrlz5y2s9x15p3NM200810110000000000000000000113', 0, 'dto', 'com.runwaysdk.system.metadata.MdMobileHeaderHeaderText', 'sg5tkanmdjpspc621i2jhpp1fdq122ivNM200904120000000000000000000030', '6oc6p1o7thcdwfu0z81c19ilbnlxttzk20070427JS0000000000000000001517');
INSERT INTO metadata ( description, created_by, owner, id, create_date, seq, type, remove, site_master, locked_by, entity_domain, last_updated_by, last_update_date, key_name) VALUES ('2h3dja2eyfhnxzwmxm0wtrmknsbwadewNM200904120000000000000000000030', '0000000000000000000000000000001000000000000000000000000000000003', '0000000000000000000000000000001000000000000000000000000000000003', '6oc6p1o7thcdwfu0z81c19ilbnlxttzk20070427JS0000000000000000001517', '2011-10-03 16:03:31', 3130, 'com.runwaysdk.system.metadata.MdParameter', 1, 'runwaysdk.com', NULL, NULL, '0000000000000000000000000000001000000000000000000000000000000003', '2011-10-03 16:03:31', 'com.runwaysdk.system.metadata.MdMobileHeaderHeaderTextController.update.dto');
INSERT INTO metadata_parameter ( site_master, last_updated_by, create_date, seq, locked_by, entity_domain, created_by, type, last_update_date, key_name, owner, id, parent_id, child_id) VALUES ('runwaysdk.com', '0000000000000000000000000000001000000000000000000000000000000003', '2011-10-03 16:03:31', 3131, NULL, NULL, '0000000000000000000000000000001000000000000000000000000000000003', 'com.runwaysdk.system.MetadataParameter', '2011-10-03 16:03:31', 'com.runwaysdk.system.metadata.MdMobileHeaderHeaderTextController.update.dto', '0000000000000000000000000000001000000000000000000000000000000003', '0b2nv8l3v064doc8hien79fablhlx5f120070427JS0000000000000000001524', '8l50s2ewnmqcbj490nyrlz5y2s9x15p3NM200810110000000000000000000113', '6oc6p1o7thcdwfu0z81c19ilbnlxttzk20070427JS0000000000000000001517');
INSERT INTO metadata_display_label ( default_locale, id, site_master, key_name) VALUES ('cancel', '0lo5ifubjxi7vga2muir9za1yxru7mjwNM200904120000000000000000000030', 'runwaysdk.com', '0lo5ifubjxi7vga2muir9za1yxru7mjwNM200904120000000000000000000030');
INSERT INTO metadata_display_label ( default_locale, id, site_master, key_name) VALUES ('Unlocks an instance com.runwaysdk.system.metadata.MdMobileHeaderHeaderText', 'swuv7zag3iag7kzt9tjg6m3dgdyo0ovvNM200904120000000000000000000030', 'runwaysdk.com', 'swuv7zag3iag7kzt9tjg6m3dgdyo0ovvNM200904120000000000000000000030');
INSERT INTO md_action ( is_query, enclosing_md_controller, is_post, action_name, display_label, id) VALUES (0, 'sxoo7kxz50stomzhdns03569nejll5vxNM200810110000000000000000000112', 1, 'cancel', '0lo5ifubjxi7vga2muir9za1yxru7mjwNM200904120000000000000000000030', 'zkagkndwy9nhqpi0osx4gmlm8sxf5yiyNM200810110000000000000000000113');
INSERT INTO metadata ( description, created_by, owner, id, create_date, seq, type, remove, site_master, locked_by, entity_domain, last_updated_by, last_update_date, key_name) VALUES ('swuv7zag3iag7kzt9tjg6m3dgdyo0ovvNM200904120000000000000000000030', '0000000000000000000000000000001000000000000000000000000000000003', '0000000000000000000000000000001000000000000000000000000000000003', 'zkagkndwy9nhqpi0osx4gmlm8sxf5yiyNM200810110000000000000000000113', '2011-10-03 16:03:31', 3132, 'com.runwaysdk.system.metadata.MdAction', 1, 'runwaysdk.com', NULL, NULL, '0000000000000000000000000000001000000000000000000000000000000003', '2011-10-03 16:03:31', 'com.runwaysdk.system.metadata.MdMobileHeaderHeaderTextController.cancel');
INSERT INTO controller_action ( key_name, locked_by, id, owner, entity_domain, created_by, type, last_update_date, create_date, seq, last_updated_by, site_master, parent_id, child_id) VALUES ('com.runwaysdk.system.metadata.MdMobileHeaderHeaderTextController.cancel', NULL, '6wg1vhobj9kz3p1rrg2vg21it9hvpdwwJS200807230000000000000000111111', '0000000000000000000000000000001000000000000000000000000000000003', NULL, '0000000000000000000000000000001000000000000000000000000000000003', 'com.runwaysdk.system.ControllerAction', '2011-10-03 16:03:31', '2011-10-03 16:03:31', 3133, '0000000000000000000000000000001000000000000000000000000000000003', 'runwaysdk.com', 'sxoo7kxz50stomzhdns03569nejll5vxNM200810110000000000000000000112', 'zkagkndwy9nhqpi0osx4gmlm8sxf5yiyNM200810110000000000000000000113');
INSERT INTO metadata_display_label ( default_locale, id, site_master, key_name) VALUES ('Parameter: com.runwaysdk.system.metadata.MdMobileHeaderHeaderText - dto', '1w89mnf89aufrhev0dkhtdx1iqxrolq7NM200904120000000000000000000030', 'runwaysdk.com', '1w89mnf89aufrhev0dkhtdx1iqxrolq7NM200904120000000000000000000030');
INSERT INTO metadata_display_label ( default_locale, id, site_master, key_name) VALUES ('com.runwaysdk.system.metadata.MdMobileHeaderHeaderText to unlock', '6zp4cver7xfqatv6h734lf34udtduemvNM200904120000000000000000000030', 'runwaysdk.com', '6zp4cver7xfqatv6h734lf34udtduemvNM200904120000000000000000000030');
INSERT INTO md_parameter ( metadata, parameter_order, parameter_name, parameter_type, display_label, id) VALUES ('zkagkndwy9nhqpi0osx4gmlm8sxf5yiyNM200810110000000000000000000113', 0, 'dto', 'com.runwaysdk.system.metadata.MdMobileHeaderHeaderText', '1w89mnf89aufrhev0dkhtdx1iqxrolq7NM200904120000000000000000000030', 'zobaw53d6pkbbdufwkreojh5nxw4ogwi20070427JS0000000000000000001517');
INSERT INTO metadata ( description, created_by, owner, id, create_date, seq, type, remove, site_master, locked_by, entity_domain, last_updated_by, last_update_date, key_name) VALUES ('6zp4cver7xfqatv6h734lf34udtduemvNM200904120000000000000000000030', '0000000000000000000000000000001000000000000000000000000000000003', '0000000000000000000000000000001000000000000000000000000000000003', 'zobaw53d6pkbbdufwkreojh5nxw4ogwi20070427JS0000000000000000001517', '2011-10-03 16:03:31', 3134, 'com.runwaysdk.system.metadata.MdParameter', 1, 'runwaysdk.com', NULL, NULL, '0000000000000000000000000000001000000000000000000000000000000003', '2011-10-03 16:03:31', 'com.runwaysdk.system.metadata.MdMobileHeaderHeaderTextController.cancel.dto');
INSERT INTO metadata_parameter ( site_master, last_updated_by, create_date, seq, locked_by, entity_domain, created_by, type, last_update_date, key_name, owner, id, parent_id, child_id) VALUES ('runwaysdk.com', '0000000000000000000000000000001000000000000000000000000000000003', '2011-10-03 16:03:31', 3135, NULL, NULL, '0000000000000000000000000000001000000000000000000000000000000003', 'com.runwaysdk.system.MetadataParameter', '2011-10-03 16:03:31', 'com.runwaysdk.system.metadata.MdMobileHeaderHeaderTextController.cancel.dto', '0000000000000000000000000000001000000000000000000000000000000003', '6wb4cwzfp4kts8z9gfbc2x0hbz6f4nol20070427JS0000000000000000001524', 'zkagkndwy9nhqpi0osx4gmlm8sxf5yiyNM200810110000000000000000000113', 'zobaw53d6pkbbdufwkreojh5nxw4ogwi20070427JS0000000000000000001517');
INSERT INTO metadata_display_label ( default_locale, id, site_master, key_name) VALUES ('delete', '2ehrttytnrksfrzu0hw3h885zo7w9tssNM200904120000000000000000000030', 'runwaysdk.com', '2ehrttytnrksfrzu0hw3h885zo7w9tssNM200904120000000000000000000030');
INSERT INTO metadata_display_label ( default_locale, id, site_master, key_name) VALUES ('Delete an instance of com.runwaysdk.system.metadata.MdMobileHeaderHeaderText', '6raetst0x5og5t2quw3bbcebhh00ds6rNM200904120000000000000000000030', 'runwaysdk.com', '6raetst0x5og5t2quw3bbcebhh00ds6rNM200904120000000000000000000030');
INSERT INTO md_action ( is_query, enclosing_md_controller, is_post, action_name, display_label, id) VALUES (0, 'sxoo7kxz50stomzhdns03569nejll5vxNM200810110000000000000000000112', 1, 'delete', '2ehrttytnrksfrzu0hw3h885zo7w9tssNM200904120000000000000000000030', '8d2kpc40jb8430ozfhtd90d8xxwolxbgNM200810110000000000000000000113');
INSERT INTO metadata ( description, created_by, owner, id, create_date, seq, type, remove, site_master, locked_by, entity_domain, last_updated_by, last_update_date, key_name) VALUES ('6raetst0x5og5t2quw3bbcebhh00ds6rNM200904120000000000000000000030', '0000000000000000000000000000001000000000000000000000000000000003', '0000000000000000000000000000001000000000000000000000000000000003', '8d2kpc40jb8430ozfhtd90d8xxwolxbgNM200810110000000000000000000113', '2011-10-03 16:03:31', 3136, 'com.runwaysdk.system.metadata.MdAction', 1, 'runwaysdk.com', NULL, NULL, '0000000000000000000000000000001000000000000000000000000000000003', '2011-10-03 16:03:31', 'com.runwaysdk.system.metadata.MdMobileHeaderHeaderTextController.delete');
INSERT INTO controller_action ( key_name, locked_by, id, owner, entity_domain, created_by, type, last_update_date, create_date, seq, last_updated_by, site_master, parent_id, child_id) VALUES ('com.runwaysdk.system.metadata.MdMobileHeaderHeaderTextController.delete', NULL, '04tkznlhd5ne3nymmmuwj3so3hfy4rk2JS200807230000000000000000111111', '0000000000000000000000000000001000000000000000000000000000000003', NULL, '0000000000000000000000000000001000000000000000000000000000000003', 'com.runwaysdk.system.ControllerAction', '2011-10-03 16:03:31', '2011-10-03 16:03:31', 3137, '0000000000000000000000000000001000000000000000000000000000000003', 'runwaysdk.com', 'sxoo7kxz50stomzhdns03569nejll5vxNM200810110000000000000000000112', '8d2kpc40jb8430ozfhtd90d8xxwolxbgNM200810110000000000000000000113');
INSERT INTO metadata_display_label ( default_locale, id, site_master, key_name) VALUES ('Parameter: com.runwaysdk.system.metadata.MdMobileHeaderHeaderText - dto', 'rc3w5rfk85pdu3j0thguk90y2q6s93khNM200904120000000000000000000030', 'runwaysdk.com', 'rc3w5rfk85pdu3j0thguk90y2q6s93khNM200904120000000000000000000030');
INSERT INTO metadata_display_label ( default_locale, id, site_master, key_name) VALUES ('com.runwaysdk.system.metadata.MdMobileHeaderHeaderText to delete', '7gvlm62slxrcldm2i1qaxu5vod7r7g5zNM200904120000000000000000000030', 'runwaysdk.com', '7gvlm62slxrcldm2i1qaxu5vod7r7g5zNM200904120000000000000000000030');
INSERT INTO md_parameter ( metadata, parameter_order, parameter_name, parameter_type, display_label, id) VALUES ('8d2kpc40jb8430ozfhtd90d8xxwolxbgNM200810110000000000000000000113', 0, 'dto', 'com.runwaysdk.system.metadata.MdMobileHeaderHeaderText', 'rc3w5rfk85pdu3j0thguk90y2q6s93khNM200904120000000000000000000030', 's9m3ta290okffhw9ib69v1bpci2rpett20070427JS0000000000000000001517');
INSERT INTO metadata ( description, created_by, owner, id, create_date, seq, type, remove, site_master, locked_by, entity_domain, last_updated_by, last_update_date, key_name) VALUES ('7gvlm62slxrcldm2i1qaxu5vod7r7g5zNM200904120000000000000000000030', '0000000000000000000000000000001000000000000000000000000000000003', '0000000000000000000000000000001000000000000000000000000000000003', 's9m3ta290okffhw9ib69v1bpci2rpett20070427JS0000000000000000001517', '2011-10-03 16:03:31', 3138, 'com.runwaysdk.system.metadata.MdParameter', 1, 'runwaysdk.com', NULL, NULL, '0000000000000000000000000000001000000000000000000000000000000003', '2011-10-03 16:03:31', 'com.runwaysdk.system.metadata.MdMobileHeaderHeaderTextController.delete.dto');
INSERT INTO metadata_parameter ( site_master, last_updated_by, create_date, seq, locked_by, entity_domain, created_by, type, last_update_date, key_name, owner, id, parent_id, child_id) VALUES ('runwaysdk.com', '0000000000000000000000000000001000000000000000000000000000000003', '2011-10-03 16:03:31', 3139, NULL, NULL, '0000000000000000000000000000001000000000000000000000000000000003', 'com.runwaysdk.system.MetadataParameter', '2011-10-03 16:03:31', 'com.runwaysdk.system.metadata.MdMobileHeaderHeaderTextController.delete.dto', '0000000000000000000000000000001000000000000000000000000000000003', 'z587dz9s5kv3xkm0lfk54myysw78es6b20070427JS0000000000000000001524', '8d2kpc40jb8430ozfhtd90d8xxwolxbgNM200810110000000000000000000113', 's9m3ta290okffhw9ib69v1bpci2rpett20070427JS0000000000000000001517');
 INSERT INTO visibilitymodifier (set_id, item_id)  VALUES  ('6wnv3pl00f9eobvuvibgg2174ltm4rir', '20071109NM000000000000000000000520071109NM0000000000000000000001');
INSERT INTO metadata_display_label ( default_locale, id, site_master, key_name) VALUES ('Header Text', '0h5p0gmg4lgph8acgv2pesrolsnz1hm6NM200904120000000000000000000030', 'runwaysdk.com', '0h5p0gmg4lgph8acgv2pesrolsnz1hm6NM200904120000000000000000000030');
 INSERT INTO visibilitymodifier (set_id, item_id)  VALUES  ('0oxzur4g78ikzidsyi8fngdjqnvsbxk2', '20071109NM000000000000000000000520071109NM0000000000000000000001');
 INSERT INTO md_attribute_indicies (set_id, item_id)  VALUES  ('20whqhwrof836soudou5h79dmyf270k8', '0000000000000000000000000000040100000000000000000000000000000403');
INSERT INTO metadata_display_label ( default_locale, id, site_master, key_name) VALUES ('The text data for the header.', '7588c91nr7cw0yh7bjvw5akymajnhby7NM200904120000000000000000000030', 'runwaysdk.com', '7588c91nr7cw0yh7bjvw5akymajnhby7NM200904120000000000000000000030');
INSERT INTO md_attribute_local_character ( id) VALUES ('xmfsj8d6d1ejwbh30ma4ekhtsczn0o190000000MdAttributeLocalCharacter');
INSERT INTO md_attribute_local ( id) VALUES ('xmfsj8d6d1ejwbh30ma4ekhtsczn0o190000000MdAttributeLocalCharacter');
INSERT INTO md_attribute_struct ( md_struct, id) VALUES ('shr1qm2wz147w6o1gxsgcg4drg1dh93l0000000000000000000MdLocalStruct', 'xmfsj8d6d1ejwbh30ma4ekhtsczn0o190000000MdAttributeLocalCharacter');
INSERT INTO md_attribute_concrete ( column_name, defining_md_class, setter_visibility, setter_visibility_c, immutable, index_name, generate_accessor, system, required, display_label, getter_visibility, getter_visibility_c, index_type, index_type_c, attribute_name, id) VALUES ('header_text', '942tps9sc9ais5t9qa3fhr2q0nksf4pl00000000000000000000000000000001', '6wnv3pl00f9eobvuvibgg2174ltm4rir', '20071109NM000000000000000000000520071109NM0000000000000000000001', 0, 'aphpsoeu7pzkhj9x8kjlh3nfleiyjx', 1, 0, 0, '0h5p0gmg4lgph8acgv2pesrolsnz1hm6NM200904120000000000000000000030', '0oxzur4g78ikzidsyi8fngdjqnvsbxk2', '20071109NM000000000000000000000520071109NM0000000000000000000001', '20whqhwrof836soudou5h79dmyf270k8', '0000000000000000000000000000040100000000000000000000000000000403', 'headerText', 'xmfsj8d6d1ejwbh30ma4ekhtsczn0o190000000MdAttributeLocalCharacter');
INSERT INTO md_attribute ( id) VALUES ('xmfsj8d6d1ejwbh30ma4ekhtsczn0o190000000MdAttributeLocalCharacter');
INSERT INTO metadata ( description, created_by, owner, id, create_date, seq, type, remove, site_master, locked_by, entity_domain, last_updated_by, last_update_date, key_name) VALUES ('7588c91nr7cw0yh7bjvw5akymajnhby7NM200904120000000000000000000030', '0000000000000000000000000000001000000000000000000000000000000003', '0000000000000000000000000000001000000000000000000000000000000003', 'xmfsj8d6d1ejwbh30ma4ekhtsczn0o190000000MdAttributeLocalCharacter', '2011-10-03 16:03:31', 3140, 'com.runwaysdk.system.metadata.MdAttributeLocalCharacter', 1, 'runwaysdk.com', NULL, NULL, '0000000000000000000000000000001000000000000000000000000000000003', '2011-10-03 16:03:31', 'com.runwaysdk.system.metadata.MdMobileHeader.headerText');
ALTER TABLE md_mobile_header ADD COLUMN header_text  char(64);
INSERT INTO class_attribute_concrete ( id, parent_id, child_id) VALUES ('76dbubapa93m8vtkmm78f92fgpi24d3a00000000000000000000000000000073', '942tps9sc9ais5t9qa3fhr2q0nksf4pl00000000000000000000000000000001', 'xmfsj8d6d1ejwbh30ma4ekhtsczn0o190000000MdAttributeLocalCharacter');
INSERT INTO class_attribute ( id, parent_id, child_id) VALUES ('76dbubapa93m8vtkmm78f92fgpi24d3a00000000000000000000000000000073', '942tps9sc9ais5t9qa3fhr2q0nksf4pl00000000000000000000000000000001', 'xmfsj8d6d1ejwbh30ma4ekhtsczn0o190000000MdAttributeLocalCharacter');
INSERT INTO metadata_relationship ( entity_domain, site_master, last_updated_by, id, owner, locked_by, create_date, type, created_by, seq, key_name, last_update_date, parent_id, child_id) VALUES (NULL, 'runwaysdk.com', '0000000000000000000000000000001000000000000000000000000000000003', '76dbubapa93m8vtkmm78f92fgpi24d3a00000000000000000000000000000073', '0000000000000000000000000000001000000000000000000000000000000003', NULL, '2011-10-03 16:03:31', 'com.runwaysdk.system.metadata.ClassAttributeConcrete', '0000000000000000000000000000001000000000000000000000000000000003', 3141, 'com.runwaysdk.system.metadata.MdMobileHeader.headerText', '2011-10-03 16:03:31', '942tps9sc9ais5t9qa3fhr2q0nksf4pl00000000000000000000000000000001', 'xmfsj8d6d1ejwbh30ma4ekhtsczn0o190000000MdAttributeLocalCharacter');
 INSERT INTO visibilitymodifier (set_id, item_id)  VALUES  ('0dt5hs5eilcsqzqi9xnf976raj44cz09', '20071109NM000000000000000000000520071109NM0000000000000000000001');
INSERT INTO metadata_display_label ( default_locale, id, site_master, key_name) VALUES ('Default Locale', '22p3ropu7zwfz1veg8ovo692qnrx8oy3NM200904120000000000000000000030', 'runwaysdk.com', '22p3ropu7zwfz1veg8ovo692qnrx8oy3NM200904120000000000000000000030');
 INSERT INTO visibilitymodifier (set_id, item_id)  VALUES  ('1qiykhnqpqu7bdlbksvuwjld8lqd9b5g', '20071109NM000000000000000000000520071109NM0000000000000000000001');
 INSERT INTO md_attribute_indicies (set_id, item_id)  VALUES  ('0rbg7nlga97w868m71l60m9h0aym5xo8', '0000000000000000000000000000040100000000000000000000000000000403');
INSERT INTO metadata_display_label ( default_locale, id, site_master, key_name) VALUES ('Default locale', '24v5aw086yt28le98t0hjpttuymz760hNM200904120000000000000000000030', 'runwaysdk.com', '24v5aw086yt28le98t0hjpttuymz760hNM200904120000000000000000000030');
INSERT INTO md_attribute_character ( default_value, database_size, id) VALUES (NULL, 4000, '0b1k6trxh766ti8zfox73wfr79uya35300000000000000000000000000000138');
INSERT INTO md_attribute_char ( id) VALUES ('0b1k6trxh766ti8zfox73wfr79uya35300000000000000000000000000000138');
INSERT INTO md_attribute_primitive ( id) VALUES ('0b1k6trxh766ti8zfox73wfr79uya35300000000000000000000000000000138');
INSERT INTO md_attribute_concrete ( column_name, defining_md_class, setter_visibility, setter_visibility_c, immutable, index_name, generate_accessor, system, required, display_label, getter_visibility, getter_visibility_c, index_type, index_type_c, attribute_name, id) VALUES ('default_locale', 'shr1qm2wz147w6o1gxsgcg4drg1dh93l0000000000000000000MdLocalStruct', '0dt5hs5eilcsqzqi9xnf976raj44cz09', '20071109NM000000000000000000000520071109NM0000000000000000000001', 0, 'ak4dv731gtuj4ual9cnnp5w4xixgvy', 0, 0, 0, '22p3ropu7zwfz1veg8ovo692qnrx8oy3NM200904120000000000000000000030', '1qiykhnqpqu7bdlbksvuwjld8lqd9b5g', '20071109NM000000000000000000000520071109NM0000000000000000000001', '0rbg7nlga97w868m71l60m9h0aym5xo8', '0000000000000000000000000000040100000000000000000000000000000403', 'defaultLocale', '0b1k6trxh766ti8zfox73wfr79uya35300000000000000000000000000000138');
INSERT INTO md_attribute ( id) VALUES ('0b1k6trxh766ti8zfox73wfr79uya35300000000000000000000000000000138');
INSERT INTO metadata ( description, created_by, owner, id, create_date, seq, type, remove, site_master, locked_by, entity_domain, last_updated_by, last_update_date, key_name) VALUES ('24v5aw086yt28le98t0hjpttuymz760hNM200904120000000000000000000030', '0000000000000000000000000000001000000000000000000000000000000003', '0000000000000000000000000000001000000000000000000000000000000003', '0b1k6trxh766ti8zfox73wfr79uya35300000000000000000000000000000138', '2011-10-03 16:03:31', 3142, 'com.runwaysdk.system.metadata.MdAttributeCharacter', 1, 'runwaysdk.com', NULL, NULL, '0000000000000000000000000000001000000000000000000000000000000003', '2011-10-03 16:03:31', 'com.runwaysdk.system.metadata.MdMobileHeaderHeaderText.defaultLocale');
ALTER TABLE md_mobile_header_header_text ADD COLUMN default_locale  varchar(4000);
INSERT INTO class_attribute_concrete ( id, parent_id, child_id) VALUES ('snc3hsn99qmd8ia2ez3mavv5eb2hv8yt00000000000000000000000000000073', 'shr1qm2wz147w6o1gxsgcg4drg1dh93l0000000000000000000MdLocalStruct', '0b1k6trxh766ti8zfox73wfr79uya35300000000000000000000000000000138');
INSERT INTO class_attribute ( id, parent_id, child_id) VALUES ('snc3hsn99qmd8ia2ez3mavv5eb2hv8yt00000000000000000000000000000073', 'shr1qm2wz147w6o1gxsgcg4drg1dh93l0000000000000000000MdLocalStruct', '0b1k6trxh766ti8zfox73wfr79uya35300000000000000000000000000000138');
INSERT INTO metadata_relationship ( entity_domain, site_master, last_updated_by, id, owner, locked_by, create_date, type, created_by, seq, key_name, last_update_date, parent_id, child_id) VALUES (NULL, 'runwaysdk.com', '0000000000000000000000000000001000000000000000000000000000000003', 'snc3hsn99qmd8ia2ez3mavv5eb2hv8yt00000000000000000000000000000073', '0000000000000000000000000000001000000000000000000000000000000003', NULL, '2011-10-03 16:03:31', 'com.runwaysdk.system.metadata.ClassAttributeConcrete', '0000000000000000000000000000001000000000000000000000000000000003', 3143, 'com.runwaysdk.system.metadata.MdMobileHeaderHeaderText.defaultLocale', '2011-10-03 16:03:31', 'shr1qm2wz147w6o1gxsgcg4drg1dh93l0000000000000000000MdLocalStruct', '0b1k6trxh766ti8zfox73wfr79uya35300000000000000000000000000000138');
 INSERT INTO class_cache (set_id, item_id)  VALUES  ('xgkk9xwnb0lx1mlx13f98df5ohy4w4bu', '0000000000000000000000000000023100000000000000000000000000000222');
INSERT INTO metadata_display_label ( default_locale, id, site_master, key_name) VALUES ('Mobile Break', 'xsojvfn4s74z4x3f2myylycn8syptap9NM200904120000000000000000000030', 'runwaysdk.com', 'xsojvfn4s74z4x3f2myylycn8syptap9NM200904120000000000000000000030');
INSERT INTO metadata_display_label ( default_locale, id, site_master, key_name) VALUES ('Metadata Mobile Break Field', 'r64u20i325ptmgmni98afve0ts5qvfyaNM200904120000000000000000000030', 'runwaysdk.com', 'r64u20i325ptmgmni98afve0ts5qvfyaNM200904120000000000000000000030');
INSERT INTO md_business ( cache_algorithm, cache_algorithm_c, super_md_business, id) VALUES ('xgkk9xwnb0lx1mlx13f98df5ohy4w4bu', '0000000000000000000000000000023100000000000000000000000000000222', 'zlh9ev85l10442ji8z9ync4di5f53zz100000000000000000000000000000001', 'x8xruq2rk9h1vaih9ltna2onrzn5oivc00000000000000000000000000000001');
INSERT INTO md_element ( extendable, is_abstract, id) VALUES (1, 0, 'x8xruq2rk9h1vaih9ltna2onrzn5oivc00000000000000000000000000000001');
INSERT INTO md_entity ( query_dto_source, query_source, cache_size, enforce_site_master, table_name, id) VALUES (NULL, NULL, 0, 1, 'md_mobile_break', 'x8xruq2rk9h1vaih9ltna2onrzn5oivc00000000000000000000000000000001');
INSERT INTO md_class ( publish, stub_dto_source, stub_source, id) VALUES (1, NULL, NULL, 'x8xruq2rk9h1vaih9ltna2onrzn5oivc00000000000000000000000000000001');
INSERT INTO md_type ( display_label, root_id, package_name, type_name, base_source, js_base, js_stub, exported, dto_source, id) VALUES ('xsojvfn4s74z4x3f2myylycn8syptap9NM200904120000000000000000000030', 'x8xruq2rk9h1vaih9ltna2onrzn5oivc', 'com.runwaysdk.system.metadata', 'MdMobileBreak', NULL, NULL, NULL, 1, NULL, 'x8xruq2rk9h1vaih9ltna2onrzn5oivc00000000000000000000000000000001');
INSERT INTO metadata ( description, created_by, owner, id, create_date, seq, type, remove, site_master, locked_by, entity_domain, last_updated_by, last_update_date, key_name) VALUES ('r64u20i325ptmgmni98afve0ts5qvfyaNM200904120000000000000000000030', '0000000000000000000000000000001000000000000000000000000000000003', '0000000000000000000000000000001000000000000000000000000000000003', 'x8xruq2rk9h1vaih9ltna2onrzn5oivc00000000000000000000000000000001', '2011-10-03 16:03:31', 3144, 'com.runwaysdk.system.metadata.MdBusiness', 1, 'runwaysdk.com', NULL, NULL, '0000000000000000000000000000001000000000000000000000000000000003', '2011-10-03 16:03:31', 'com.runwaysdk.system.metadata.MdMobileBreak');
CREATE TABLE md_mobile_break ( id CHAR(64) NOT NULL PRIMARY KEY );
INSERT INTO business_inheritance ( id, parent_id, child_id) VALUES ('02kfqyzzkd1dtv1t0jgguk5wk0slbkj520070926NM0000000000000000000004', 'zlh9ev85l10442ji8z9ync4di5f53zz100000000000000000000000000000001', 'x8xruq2rk9h1vaih9ltna2onrzn5oivc00000000000000000000000000000001');
INSERT INTO class_inheritance ( id, parent_id, child_id) VALUES ('02kfqyzzkd1dtv1t0jgguk5wk0slbkj520070926NM0000000000000000000004', 'zlh9ev85l10442ji8z9ync4di5f53zz100000000000000000000000000000001', 'x8xruq2rk9h1vaih9ltna2onrzn5oivc00000000000000000000000000000001');
INSERT INTO metadata_relationship ( entity_domain, site_master, last_updated_by, id, owner, locked_by, create_date, type, created_by, seq, key_name, last_update_date, parent_id, child_id) VALUES (NULL, 'runwaysdk.com', '0000000000000000000000000000001000000000000000000000000000000003', '02kfqyzzkd1dtv1t0jgguk5wk0slbkj520070926NM0000000000000000000004', '0000000000000000000000000000001000000000000000000000000000000003', NULL, '2011-10-03 16:03:31', 'com.runwaysdk.system.metadata.BusinessInheritance', '0000000000000000000000000000001000000000000000000000000000000003', 3145, '02kfqyzzkd1dtv1t0jgguk5wk0slbkj520070926NM0000000000000000000004', '2011-10-03 16:03:31', 'zlh9ev85l10442ji8z9ync4di5f53zz100000000000000000000000000000001', 'x8xruq2rk9h1vaih9ltna2onrzn5oivc00000000000000000000000000000001');
 INSERT INTO class_cache (set_id, item_id)  VALUES  ('skd39ck9mne40a346rd4lfn2mqh1za01', '0000000000000000000000000000023100000000000000000000000000000222');
INSERT INTO metadata_display_label ( default_locale, id, site_master, key_name) VALUES ('Mobile Comment', 'xup1lwv211imy6kewxhklte8en451likNM200904120000000000000000000030', 'runwaysdk.com', 'xup1lwv211imy6kewxhklte8en451likNM200904120000000000000000000030');
INSERT INTO metadata_display_label ( default_locale, id, site_master, key_name) VALUES ('Metadata Mobile Comment Field', '0fhk23msv738taebdln6qc9rrg42i9mmNM200904120000000000000000000030', 'runwaysdk.com', '0fhk23msv738taebdln6qc9rrg42i9mmNM200904120000000000000000000030');
INSERT INTO md_business ( cache_algorithm, cache_algorithm_c, super_md_business, id) VALUES ('skd39ck9mne40a346rd4lfn2mqh1za01', '0000000000000000000000000000023100000000000000000000000000000222', 'zlh9ev85l10442ji8z9ync4di5f53zz100000000000000000000000000000001', 't04fi26tc7dqo6ljuoh53je4svkuysah00000000000000000000000000000001');
INSERT INTO md_element ( extendable, is_abstract, id) VALUES (1, 0, 't04fi26tc7dqo6ljuoh53je4svkuysah00000000000000000000000000000001');
INSERT INTO md_entity ( query_dto_source, query_source, cache_size, enforce_site_master, table_name, id) VALUES (NULL, NULL, 0, 1, 'md_mobile_comment', 't04fi26tc7dqo6ljuoh53je4svkuysah00000000000000000000000000000001');
INSERT INTO md_class ( publish, stub_dto_source, stub_source, id) VALUES (1, NULL, NULL, 't04fi26tc7dqo6ljuoh53je4svkuysah00000000000000000000000000000001');
INSERT INTO md_type ( display_label, root_id, package_name, type_name, base_source, js_base, js_stub, exported, dto_source, id) VALUES ('xup1lwv211imy6kewxhklte8en451likNM200904120000000000000000000030', 't04fi26tc7dqo6ljuoh53je4svkuysah', 'com.runwaysdk.system.metadata', 'MdMobileComment', NULL, NULL, NULL, 1, NULL, 't04fi26tc7dqo6ljuoh53je4svkuysah00000000000000000000000000000001');
INSERT INTO metadata ( description, created_by, owner, id, create_date, seq, type, remove, site_master, locked_by, entity_domain, last_updated_by, last_update_date, key_name) VALUES ('0fhk23msv738taebdln6qc9rrg42i9mmNM200904120000000000000000000030', '0000000000000000000000000000001000000000000000000000000000000003', '0000000000000000000000000000001000000000000000000000000000000003', 't04fi26tc7dqo6ljuoh53je4svkuysah00000000000000000000000000000001', '2011-10-03 16:03:31', 3146, 'com.runwaysdk.system.metadata.MdBusiness', 1, 'runwaysdk.com', NULL, NULL, '0000000000000000000000000000001000000000000000000000000000000003', '2011-10-03 16:03:31', 'com.runwaysdk.system.metadata.MdMobileComment');
CREATE TABLE md_mobile_comment ( id CHAR(64) NOT NULL PRIMARY KEY );
INSERT INTO business_inheritance ( id, parent_id, child_id) VALUES ('09ymn8svqfnti1a1utrjp25dsfo8ue4b20070926NM0000000000000000000004', 'zlh9ev85l10442ji8z9ync4di5f53zz100000000000000000000000000000001', 't04fi26tc7dqo6ljuoh53je4svkuysah00000000000000000000000000000001');
INSERT INTO class_inheritance ( id, parent_id, child_id) VALUES ('09ymn8svqfnti1a1utrjp25dsfo8ue4b20070926NM0000000000000000000004', 'zlh9ev85l10442ji8z9ync4di5f53zz100000000000000000000000000000001', 't04fi26tc7dqo6ljuoh53je4svkuysah00000000000000000000000000000001');
INSERT INTO metadata_relationship ( entity_domain, site_master, last_updated_by, id, owner, locked_by, create_date, type, created_by, seq, key_name, last_update_date, parent_id, child_id) VALUES (NULL, 'runwaysdk.com', '0000000000000000000000000000001000000000000000000000000000000003', '09ymn8svqfnti1a1utrjp25dsfo8ue4b20070926NM0000000000000000000004', '0000000000000000000000000000001000000000000000000000000000000003', NULL, '2011-10-03 16:03:31', 'com.runwaysdk.system.metadata.BusinessInheritance', '0000000000000000000000000000001000000000000000000000000000000003', 3147, '09ymn8svqfnti1a1utrjp25dsfo8ue4b20070926NM0000000000000000000004', '2011-10-03 16:03:31', 'zlh9ev85l10442ji8z9ync4di5f53zz100000000000000000000000000000001', 't04fi26tc7dqo6ljuoh53je4svkuysah00000000000000000000000000000001');
 INSERT INTO struct_cache (set_id, item_id)  VALUES  ('xvcum6fa0yy45t4su4ysp2z2opdtbk1c', '0000000000000000000000000000023100000000000000000000000000000222');
INSERT INTO metadata_display_label ( default_locale, id, site_master, key_name) VALUES ('Comment Text', '078luja2ebdex3kaus8efezpoc1ia0bwNM200904120000000000000000000030', 'runwaysdk.com', '078luja2ebdex3kaus8efezpoc1ia0bwNM200904120000000000000000000030');
INSERT INTO metadata_display_label ( default_locale, id, site_master, key_name) VALUES ('The text data for the comment.', '8qvhle46rerpdnv4novf3s4xqsezhpw1NM200904120000000000000000000030', 'runwaysdk.com', '8qvhle46rerpdnv4novf3s4xqsezhpw1NM200904120000000000000000000030');
INSERT INTO md_local_struct ( id) VALUES ('rdm83br7s5513apx7vtg6xu7mr0odjwy0000000000000000000MdLocalStruct');
INSERT INTO md_struct ( cache_algorithm, cache_algorithm_c, id) VALUES ('xvcum6fa0yy45t4su4ysp2z2opdtbk1c', '0000000000000000000000000000023100000000000000000000000000000222', 'rdm83br7s5513apx7vtg6xu7mr0odjwy0000000000000000000MdLocalStruct');
INSERT INTO md_entity ( query_dto_source, query_source, cache_size, enforce_site_master, table_name, id) VALUES (NULL, NULL, 0, 1, 'md_mobile_comment_comment_text', 'rdm83br7s5513apx7vtg6xu7mr0odjwy0000000000000000000MdLocalStruct');
INSERT INTO md_class ( publish, stub_dto_source, stub_source, id) VALUES (1, NULL, NULL, 'rdm83br7s5513apx7vtg6xu7mr0odjwy0000000000000000000MdLocalStruct');
INSERT INTO md_type ( display_label, root_id, package_name, type_name, base_source, js_base, js_stub, exported, dto_source, id) VALUES ('078luja2ebdex3kaus8efezpoc1ia0bwNM200904120000000000000000000030', 'rdm83br7s5513apx7vtg6xu7mr0odjwy', 'com.runwaysdk.system.metadata', 'MdMobileCommentCommentText', NULL, NULL, NULL, 1, NULL, 'rdm83br7s5513apx7vtg6xu7mr0odjwy0000000000000000000MdLocalStruct');
INSERT INTO metadata ( description, created_by, owner, id, create_date, seq, type, remove, site_master, locked_by, entity_domain, last_updated_by, last_update_date, key_name) VALUES ('8qvhle46rerpdnv4novf3s4xqsezhpw1NM200904120000000000000000000030', '0000000000000000000000000000001000000000000000000000000000000003', '0000000000000000000000000000001000000000000000000000000000000003', 'rdm83br7s5513apx7vtg6xu7mr0odjwy0000000000000000000MdLocalStruct', '2011-10-03 16:03:31', 3148, 'com.runwaysdk.system.metadata.MdLocalStruct', 1, 'runwaysdk.com', NULL, NULL, '0000000000000000000000000000001000000000000000000000000000000003', '2011-10-03 16:03:31', 'com.runwaysdk.system.metadata.MdMobileCommentCommentText');
CREATE TABLE md_mobile_comment_comment_text ( id CHAR(64) NOT NULL PRIMARY KEY );
 INSERT INTO visibilitymodifier (set_id, item_id)  VALUES  ('7ci3h04cjn6ls7bcqqo3a2m8lrrljaea', '20071109NM000000000000000000000520071109NM0000000000000000000001');
INSERT INTO metadata_display_label ( default_locale, id, site_master, key_name) VALUES ('ID', 'qxn0m8dmmwlrto36h09qosxaicsm6z2lNM200904120000000000000000000030', 'runwaysdk.com', 'qxn0m8dmmwlrto36h09qosxaicsm6z2lNM200904120000000000000000000030');
 INSERT INTO visibilitymodifier (set_id, item_id)  VALUES  ('8s7eu7u5445z2vuvaedq18raxv8r1xww', '20071109NM000000000000000000000520071109NM0000000000000000000001');
 INSERT INTO md_attribute_indicies (set_id, item_id)  VALUES  ('23ro8b6ceon7kpsmoukp15uoaj0fjte7', '0000000000000000000000000000040900000000000000000000000000000403');
INSERT INTO metadata_display_label ( default_locale, id, site_master, key_name) VALUES ('ID of this object', 't0i67sus0owc8h27itk2cdja11fh96n5NM200904120000000000000000000030', 'runwaysdk.com', 't0i67sus0owc8h27itk2cdja11fh96n5NM200904120000000000000000000030');
INSERT INTO md_attribute_character ( default_value, database_size, id) VALUES (NULL, 64, 'zeoamhw2qsn7odfuioospgw1h9fwfeal00000000000000000000000000000138');
INSERT INTO md_attribute_char ( id) VALUES ('zeoamhw2qsn7odfuioospgw1h9fwfeal00000000000000000000000000000138');
INSERT INTO md_attribute_primitive ( id) VALUES ('zeoamhw2qsn7odfuioospgw1h9fwfeal00000000000000000000000000000138');
INSERT INTO md_attribute_concrete ( column_name, defining_md_class, setter_visibility, setter_visibility_c, immutable, index_name, generate_accessor, system, required, display_label, getter_visibility, getter_visibility_c, index_type, index_type_c, attribute_name, id) VALUES ('id', 'rdm83br7s5513apx7vtg6xu7mr0odjwy0000000000000000000MdLocalStruct', '7ci3h04cjn6ls7bcqqo3a2m8lrrljaea', '20071109NM000000000000000000000520071109NM0000000000000000000001', 0, 'ag9p60ua6nzjpjzqlvgkovymma7q2t', 1, 1, 1, 'qxn0m8dmmwlrto36h09qosxaicsm6z2lNM200904120000000000000000000030', '8s7eu7u5445z2vuvaedq18raxv8r1xww', '20071109NM000000000000000000000520071109NM0000000000000000000001', '23ro8b6ceon7kpsmoukp15uoaj0fjte7', '0000000000000000000000000000040900000000000000000000000000000403', 'id', 'zeoamhw2qsn7odfuioospgw1h9fwfeal00000000000000000000000000000138');
INSERT INTO md_attribute ( id) VALUES ('zeoamhw2qsn7odfuioospgw1h9fwfeal00000000000000000000000000000138');
INSERT INTO metadata ( description, created_by, owner, id, create_date, seq, type, remove, site_master, locked_by, entity_domain, last_updated_by, last_update_date, key_name) VALUES ('t0i67sus0owc8h27itk2cdja11fh96n5NM200904120000000000000000000030', '0000000000000000000000000000001000000000000000000000000000000003', '0000000000000000000000000000001000000000000000000000000000000003', 'zeoamhw2qsn7odfuioospgw1h9fwfeal00000000000000000000000000000138', '2011-10-03 16:03:31', 3149, 'com.runwaysdk.system.metadata.MdAttributeCharacter', 0, 'runwaysdk.com', NULL, NULL, '0000000000000000000000000000001000000000000000000000000000000003', '2011-10-03 16:03:31', 'com.runwaysdk.system.metadata.MdMobileCommentCommentText.id');
INSERT INTO class_attribute_concrete ( id, parent_id, child_id) VALUES ('6ynd8d2ve1thdrp7l8386mp05o38gdhr00000000000000000000000000000073', 'rdm83br7s5513apx7vtg6xu7mr0odjwy0000000000000000000MdLocalStruct', 'zeoamhw2qsn7odfuioospgw1h9fwfeal00000000000000000000000000000138');
INSERT INTO class_attribute ( id, parent_id, child_id) VALUES ('6ynd8d2ve1thdrp7l8386mp05o38gdhr00000000000000000000000000000073', 'rdm83br7s5513apx7vtg6xu7mr0odjwy0000000000000000000MdLocalStruct', 'zeoamhw2qsn7odfuioospgw1h9fwfeal00000000000000000000000000000138');
INSERT INTO metadata_relationship ( entity_domain, site_master, last_updated_by, id, owner, locked_by, create_date, type, created_by, seq, key_name, last_update_date, parent_id, child_id) VALUES (NULL, 'runwaysdk.com', '0000000000000000000000000000001000000000000000000000000000000003', '6ynd8d2ve1thdrp7l8386mp05o38gdhr00000000000000000000000000000073', '0000000000000000000000000000001000000000000000000000000000000003', NULL, '2011-10-03 16:03:31', 'com.runwaysdk.system.metadata.ClassAttributeConcrete', '0000000000000000000000000000001000000000000000000000000000000003', 3150, 'com.runwaysdk.system.metadata.MdMobileCommentCommentText.id', '2011-10-03 16:03:31', 'rdm83br7s5513apx7vtg6xu7mr0odjwy0000000000000000000MdLocalStruct', 'zeoamhw2qsn7odfuioospgw1h9fwfeal00000000000000000000000000000138');
 INSERT INTO visibilitymodifier (set_id, item_id)  VALUES  ('23bu0vb4jqn8ayywafwkr9b1kd7jhdpt', '20071109NM000000000000000000000520071109NM0000000000000000000001');
INSERT INTO metadata_display_label ( default_locale, id, site_master, key_name) VALUES ('Site Master', 'sv3e6zsnmdr704nnoob6hiji73bza43xNM200904120000000000000000000030', 'runwaysdk.com', 'sv3e6zsnmdr704nnoob6hiji73bza43xNM200904120000000000000000000030');
 INSERT INTO visibilitymodifier (set_id, item_id)  VALUES  ('qo07n8dwohyl31hqi5x0phw2qub7dy9k', '20071109NM000000000000000000000520071109NM0000000000000000000001');
 INSERT INTO md_attribute_indicies (set_id, item_id)  VALUES  ('6wcd1v0myzujwavts2l2i6o371tjhajl', '0000000000000000000000000000040100000000000000000000000000000403');
INSERT INTO metadata_display_label ( default_locale, id, site_master, key_name) VALUES ('The name of the site responsible for this object', '2dk10y84l8ho8sne1ra2642ltqtvncr0NM200904120000000000000000000030', 'runwaysdk.com', '2dk10y84l8ho8sne1ra2642ltqtvncr0NM200904120000000000000000000030');
INSERT INTO md_attribute_character ( default_value, database_size, id) VALUES (NULL, 255, 'zfl7l8sbczl4okuiwb6y8zlrq0iz1js200000000000000000000000000000138');
INSERT INTO md_attribute_char ( id) VALUES ('zfl7l8sbczl4okuiwb6y8zlrq0iz1js200000000000000000000000000000138');
INSERT INTO md_attribute_primitive ( id) VALUES ('zfl7l8sbczl4okuiwb6y8zlrq0iz1js200000000000000000000000000000138');
INSERT INTO md_attribute_concrete ( column_name, defining_md_class, setter_visibility, setter_visibility_c, immutable, index_name, generate_accessor, system, required, display_label, getter_visibility, getter_visibility_c, index_type, index_type_c, attribute_name, id) VALUES ('site_master', 'rdm83br7s5513apx7vtg6xu7mr0odjwy0000000000000000000MdLocalStruct', '23bu0vb4jqn8ayywafwkr9b1kd7jhdpt', '20071109NM000000000000000000000520071109NM0000000000000000000001', 1, 'ajj0hjfj2rj5n8ltbfo99lt6aojqrk', 1, 1, 1, 'sv3e6zsnmdr704nnoob6hiji73bza43xNM200904120000000000000000000030', 'qo07n8dwohyl31hqi5x0phw2qub7dy9k', '20071109NM000000000000000000000520071109NM0000000000000000000001', '6wcd1v0myzujwavts2l2i6o371tjhajl', '0000000000000000000000000000040100000000000000000000000000000403', 'siteMaster', 'zfl7l8sbczl4okuiwb6y8zlrq0iz1js200000000000000000000000000000138');
INSERT INTO md_attribute ( id) VALUES ('zfl7l8sbczl4okuiwb6y8zlrq0iz1js200000000000000000000000000000138');
INSERT INTO metadata ( description, created_by, owner, id, create_date, seq, type, remove, site_master, locked_by, entity_domain, last_updated_by, last_update_date, key_name) VALUES ('2dk10y84l8ho8sne1ra2642ltqtvncr0NM200904120000000000000000000030', '0000000000000000000000000000001000000000000000000000000000000003', '0000000000000000000000000000001000000000000000000000000000000003', 'zfl7l8sbczl4okuiwb6y8zlrq0iz1js200000000000000000000000000000138', '2011-10-03 16:03:31', 3151, 'com.runwaysdk.system.metadata.MdAttributeCharacter', 0, 'runwaysdk.com', NULL, NULL, '0000000000000000000000000000001000000000000000000000000000000003', '2011-10-03 16:03:31', 'com.runwaysdk.system.metadata.MdMobileCommentCommentText.siteMaster');
ALTER TABLE md_mobile_comment_comment_text ADD COLUMN site_master  varchar(255);
INSERT INTO class_attribute_concrete ( id, parent_id, child_id) VALUES ('8m0y7ztvq8mzferngmt8f1977wythzjc00000000000000000000000000000073', 'rdm83br7s5513apx7vtg6xu7mr0odjwy0000000000000000000MdLocalStruct', 'zfl7l8sbczl4okuiwb6y8zlrq0iz1js200000000000000000000000000000138');
INSERT INTO class_attribute ( id, parent_id, child_id) VALUES ('8m0y7ztvq8mzferngmt8f1977wythzjc00000000000000000000000000000073', 'rdm83br7s5513apx7vtg6xu7mr0odjwy0000000000000000000MdLocalStruct', 'zfl7l8sbczl4okuiwb6y8zlrq0iz1js200000000000000000000000000000138');
INSERT INTO metadata_relationship ( entity_domain, site_master, last_updated_by, id, owner, locked_by, create_date, type, created_by, seq, key_name, last_update_date, parent_id, child_id) VALUES (NULL, 'runwaysdk.com', '0000000000000000000000000000001000000000000000000000000000000003', '8m0y7ztvq8mzferngmt8f1977wythzjc00000000000000000000000000000073', '0000000000000000000000000000001000000000000000000000000000000003', NULL, '2011-10-03 16:03:31', 'com.runwaysdk.system.metadata.ClassAttributeConcrete', '0000000000000000000000000000001000000000000000000000000000000003', 3152, 'com.runwaysdk.system.metadata.MdMobileCommentCommentText.siteMaster', '2011-10-03 16:03:31', 'rdm83br7s5513apx7vtg6xu7mr0odjwy0000000000000000000MdLocalStruct', 'zfl7l8sbczl4okuiwb6y8zlrq0iz1js200000000000000000000000000000138');
 INSERT INTO visibilitymodifier (set_id, item_id)  VALUES  ('qt6lflwyhgj37n71qub3pro5gwk6dxd6', '20071109NM000000000000000000000520071109NM0000000000000000000001');
INSERT INTO metadata_display_label ( default_locale, id, site_master, key_name) VALUES ('Key Name', 'ssb9gs2fbg612nc99bp1dnetje5jn4q3NM200904120000000000000000000030', 'runwaysdk.com', 'ssb9gs2fbg612nc99bp1dnetje5jn4q3NM200904120000000000000000000030');
 INSERT INTO visibilitymodifier (set_id, item_id)  VALUES  ('re7h5t2cjjyhp6snbs2381m85pvi1gqp', '20071109NM000000000000000000000520071109NM0000000000000000000001');
 INSERT INTO md_attribute_indicies (set_id, item_id)  VALUES  ('29lgi59a836ewmyyg0pms31e7z0h51z1', '0000000000000000000000000000040900000000000000000000000000000403');
INSERT INTO metadata_display_label ( default_locale, id, site_master, key_name) VALUES ('Key which uniquely identifies each instance of this type heirarchy.', 'sseioppfecl00e6homh58kmxj7rwm4ycNM200904120000000000000000000030', 'runwaysdk.com', 'sseioppfecl00e6homh58kmxj7rwm4ycNM200904120000000000000000000030');
INSERT INTO md_attribute_character ( default_value, database_size, id) VALUES (NULL, 255, '0crlymrxmfgc2vg9mc2wlvq4rgi6nhms00000000000000000000000000000138');
INSERT INTO md_attribute_char ( id) VALUES ('0crlymrxmfgc2vg9mc2wlvq4rgi6nhms00000000000000000000000000000138');
INSERT INTO md_attribute_primitive ( id) VALUES ('0crlymrxmfgc2vg9mc2wlvq4rgi6nhms00000000000000000000000000000138');
INSERT INTO md_attribute_concrete ( column_name, defining_md_class, setter_visibility, setter_visibility_c, immutable, index_name, generate_accessor, system, required, display_label, getter_visibility, getter_visibility_c, index_type, index_type_c, attribute_name, id) VALUES ('key_name', 'rdm83br7s5513apx7vtg6xu7mr0odjwy0000000000000000000MdLocalStruct', 'qt6lflwyhgj37n71qub3pro5gwk6dxd6', '20071109NM000000000000000000000520071109NM0000000000000000000001', 0, 'a7dpx4ixsyv55b3qlrcohai8jaj3hd', 1, 0, 1, 'ssb9gs2fbg612nc99bp1dnetje5jn4q3NM200904120000000000000000000030', 're7h5t2cjjyhp6snbs2381m85pvi1gqp', '20071109NM000000000000000000000520071109NM0000000000000000000001', '29lgi59a836ewmyyg0pms31e7z0h51z1', '0000000000000000000000000000040900000000000000000000000000000403', 'keyName', '0crlymrxmfgc2vg9mc2wlvq4rgi6nhms00000000000000000000000000000138');
INSERT INTO md_attribute ( id) VALUES ('0crlymrxmfgc2vg9mc2wlvq4rgi6nhms00000000000000000000000000000138');
INSERT INTO metadata ( description, created_by, owner, id, create_date, seq, type, remove, site_master, locked_by, entity_domain, last_updated_by, last_update_date, key_name) VALUES ('sseioppfecl00e6homh58kmxj7rwm4ycNM200904120000000000000000000030', '0000000000000000000000000000001000000000000000000000000000000003', '0000000000000000000000000000001000000000000000000000000000000003', '0crlymrxmfgc2vg9mc2wlvq4rgi6nhms00000000000000000000000000000138', '2011-10-03 16:03:31', 3153, 'com.runwaysdk.system.metadata.MdAttributeCharacter', 1, 'runwaysdk.com', NULL, NULL, '0000000000000000000000000000001000000000000000000000000000000003', '2011-10-03 16:03:31', 'com.runwaysdk.system.metadata.MdMobileCommentCommentText.keyName');
ALTER TABLE md_mobile_comment_comment_text ADD COLUMN key_name  varchar(255);
INSERT INTO class_attribute_concrete ( id, parent_id, child_id) VALUES ('shlui9rxnux5lqn1qoyx67tnzmdagfoi00000000000000000000000000000073', 'rdm83br7s5513apx7vtg6xu7mr0odjwy0000000000000000000MdLocalStruct', '0crlymrxmfgc2vg9mc2wlvq4rgi6nhms00000000000000000000000000000138');
INSERT INTO class_attribute ( id, parent_id, child_id) VALUES ('shlui9rxnux5lqn1qoyx67tnzmdagfoi00000000000000000000000000000073', 'rdm83br7s5513apx7vtg6xu7mr0odjwy0000000000000000000MdLocalStruct', '0crlymrxmfgc2vg9mc2wlvq4rgi6nhms00000000000000000000000000000138');
INSERT INTO metadata_relationship ( entity_domain, site_master, last_updated_by, id, owner, locked_by, create_date, type, created_by, seq, key_name, last_update_date, parent_id, child_id) VALUES (NULL, 'runwaysdk.com', '0000000000000000000000000000001000000000000000000000000000000003', 'shlui9rxnux5lqn1qoyx67tnzmdagfoi00000000000000000000000000000073', '0000000000000000000000000000001000000000000000000000000000000003', NULL, '2011-10-03 16:03:31', 'com.runwaysdk.system.metadata.ClassAttributeConcrete', '0000000000000000000000000000001000000000000000000000000000000003', 3154, 'com.runwaysdk.system.metadata.MdMobileCommentCommentText.keyName', '2011-10-03 16:03:31', 'rdm83br7s5513apx7vtg6xu7mr0odjwy0000000000000000000MdLocalStruct', '0crlymrxmfgc2vg9mc2wlvq4rgi6nhms00000000000000000000000000000138');
CREATE UNIQUE INDEX a7dpx4ixsyv55b3qlrcohai8jaj3hd ON md_mobile_comment_comment_text (key_name);
INSERT INTO metadata_display_label ( default_locale, id, site_master, key_name) VALUES (NULL, '2cq2okrj7gkwi4l4pohz1b3y8q505oi3NM200904120000000000000000000030', 'runwaysdk.com', '2cq2okrj7gkwi4l4pohz1b3y8q505oi3NM200904120000000000000000000030');
INSERT INTO metadata_display_label ( default_locale, id, site_master, key_name) VALUES (NULL, 'seutw6wdalasl8ykmv8l91dc2t2fa667NM200904120000000000000000000030', 'runwaysdk.com', 'seutw6wdalasl8ykmv8l91dc2t2fa667NM200904120000000000000000000030');
INSERT INTO md_controller ( stub_source, id) VALUES (NULL, '2efklp808mx4uyf6g4ktxjriu4ep3zjpNM200810110000000000000000000112');
INSERT INTO md_type ( display_label, root_id, package_name, type_name, base_source, js_base, js_stub, exported, dto_source, id) VALUES ('2cq2okrj7gkwi4l4pohz1b3y8q505oi3NM200904120000000000000000000030', '2efklp808mx4uyf6g4ktxjriu4ep3zjp', 'com.runwaysdk.system.metadata', 'MdMobileCommentCommentTextController', NULL, NULL, NULL, 1, NULL, '2efklp808mx4uyf6g4ktxjriu4ep3zjpNM200810110000000000000000000112');
INSERT INTO metadata ( description, created_by, owner, id, create_date, seq, type, remove, site_master, locked_by, entity_domain, last_updated_by, last_update_date, key_name) VALUES ('seutw6wdalasl8ykmv8l91dc2t2fa667NM200904120000000000000000000030', '0000000000000000000000000000001000000000000000000000000000000003', '0000000000000000000000000000001000000000000000000000000000000003', '2efklp808mx4uyf6g4ktxjriu4ep3zjpNM200810110000000000000000000112', '2011-10-03 16:03:31', 3155, 'com.runwaysdk.system.metadata.MdController', 1, 'runwaysdk.com', NULL, NULL, '0000000000000000000000000000001000000000000000000000000000000003', '2011-10-03 16:03:31', 'com.runwaysdk.system.metadata.MdMobileCommentCommentTextController');
INSERT INTO metadata_display_label ( default_locale, id, site_master, key_name) VALUES ('View Page', 'r09epd7s06pni27tifx7i62c5g76q62rNM200904120000000000000000000030', 'runwaysdk.com', 'r09epd7s06pni27tifx7i62c5g76q62rNM200904120000000000000000000030');
INSERT INTO metadata_display_label ( default_locale, id, site_master, key_name) VALUES ('Loads a ViewAll query for a specific page into the request object', '0qa1vxo1zbhd5l3989erzy1o0tyuufn4NM200904120000000000000000000030', 'runwaysdk.com', '0qa1vxo1zbhd5l3989erzy1o0tyuufn4NM200904120000000000000000000030');
INSERT INTO md_action ( is_query, enclosing_md_controller, is_post, action_name, display_label, id) VALUES (1, '2efklp808mx4uyf6g4ktxjriu4ep3zjpNM200810110000000000000000000112', 0, 'viewPage', 'r09epd7s06pni27tifx7i62c5g76q62rNM200904120000000000000000000030', '8brg2dnmoccjny2eloo91xnfipp8dvoyNM200810110000000000000000000113');
INSERT INTO metadata ( description, created_by, owner, id, create_date, seq, type, remove, site_master, locked_by, entity_domain, last_updated_by, last_update_date, key_name) VALUES ('0qa1vxo1zbhd5l3989erzy1o0tyuufn4NM200904120000000000000000000030', '0000000000000000000000000000001000000000000000000000000000000003', '0000000000000000000000000000001000000000000000000000000000000003', '8brg2dnmoccjny2eloo91xnfipp8dvoyNM200810110000000000000000000113', '2011-10-03 16:03:31', 3156, 'com.runwaysdk.system.metadata.MdAction', 1, 'runwaysdk.com', NULL, NULL, '0000000000000000000000000000001000000000000000000000000000000003', '2011-10-03 16:03:31', 'com.runwaysdk.system.metadata.MdMobileCommentCommentTextController.viewPage');
INSERT INTO controller_action ( key_name, locked_by, id, owner, entity_domain, created_by, type, last_update_date, create_date, seq, last_updated_by, site_master, parent_id, child_id) VALUES ('com.runwaysdk.system.metadata.MdMobileCommentCommentTextController.viewPage', NULL, '03ue0s6acnd4k764qh0583404wwl7cwwJS200807230000000000000000111111', '0000000000000000000000000000001000000000000000000000000000000003', NULL, '0000000000000000000000000000001000000000000000000000000000000003', 'com.runwaysdk.system.ControllerAction', '2011-10-03 16:03:31', '2011-10-03 16:03:31', 3157, '0000000000000000000000000000001000000000000000000000000000000003', 'runwaysdk.com', '2efklp808mx4uyf6g4ktxjriu4ep3zjpNM200810110000000000000000000112', '8brg2dnmoccjny2eloo91xnfipp8dvoyNM200810110000000000000000000113');
INSERT INTO metadata_display_label ( default_locale, id, site_master, key_name) VALUES ('Sort Attribute', 'x9krd4e75g5hhx0lijdm0xo6r89k0v2hNM200904120000000000000000000030', 'runwaysdk.com', 'x9krd4e75g5hhx0lijdm0xo6r89k0v2hNM200904120000000000000000000030');
INSERT INTO metadata_display_label ( default_locale, id, site_master, key_name) VALUES (NULL, 'xo14tjyzm48sv9w1smaux87z5wwvjzqlNM200904120000000000000000000030', 'runwaysdk.com', 'xo14tjyzm48sv9w1smaux87z5wwvjzqlNM200904120000000000000000000030');
INSERT INTO md_parameter ( metadata, parameter_order, parameter_name, parameter_type, display_label, id) VALUES ('8brg2dnmoccjny2eloo91xnfipp8dvoyNM200810110000000000000000000113', -4, 'sortAttribute', 'java.lang.String', 'x9krd4e75g5hhx0lijdm0xo6r89k0v2hNM200904120000000000000000000030', '71gs5qdliwmkmupszwmby2qly84mbjv120070427JS0000000000000000001517');
INSERT INTO metadata ( description, created_by, owner, id, create_date, seq, type, remove, site_master, locked_by, entity_domain, last_updated_by, last_update_date, key_name) VALUES ('xo14tjyzm48sv9w1smaux87z5wwvjzqlNM200904120000000000000000000030', '0000000000000000000000000000001000000000000000000000000000000003', '0000000000000000000000000000001000000000000000000000000000000003', '71gs5qdliwmkmupszwmby2qly84mbjv120070427JS0000000000000000001517', '2011-10-03 16:03:31', 3158, 'com.runwaysdk.system.metadata.MdParameter', 1, 'runwaysdk.com', NULL, NULL, '0000000000000000000000000000001000000000000000000000000000000003', '2011-10-03 16:03:31', 'com.runwaysdk.system.metadata.MdMobileCommentCommentTextController.viewPage.sortAttribute');
INSERT INTO metadata_parameter ( site_master, last_updated_by, create_date, seq, locked_by, entity_domain, created_by, type, last_update_date, key_name, owner, id, parent_id, child_id) VALUES ('runwaysdk.com', '0000000000000000000000000000001000000000000000000000000000000003', '2011-10-03 16:03:31', 3159, NULL, NULL, '0000000000000000000000000000001000000000000000000000000000000003', 'com.runwaysdk.system.MetadataParameter', '2011-10-03 16:03:31', 'com.runwaysdk.system.metadata.MdMobileCommentCommentTextController.viewPage.sortAttribute', '0000000000000000000000000000001000000000000000000000000000000003', 'r5vgzcftmjnwggr7br6v11ou50tijl3c20070427JS0000000000000000001524', '8brg2dnmoccjny2eloo91xnfipp8dvoyNM200810110000000000000000000113', '71gs5qdliwmkmupszwmby2qly84mbjv120070427JS0000000000000000001517');
INSERT INTO metadata_display_label ( default_locale, id, site_master, key_name) VALUES ('Is Ascending', 'sgcp919m7olifcp08yaacbym0f2kulplNM200904120000000000000000000030', 'runwaysdk.com', 'sgcp919m7olifcp08yaacbym0f2kulplNM200904120000000000000000000030');
INSERT INTO metadata_display_label ( default_locale, id, site_master, key_name) VALUES (NULL, '8eibyfudx52jgis9hfby7xn00uw32s20NM200904120000000000000000000030', 'runwaysdk.com', '8eibyfudx52jgis9hfby7xn00uw32s20NM200904120000000000000000000030');
INSERT INTO md_parameter ( metadata, parameter_order, parameter_name, parameter_type, display_label, id) VALUES ('8brg2dnmoccjny2eloo91xnfipp8dvoyNM200810110000000000000000000113', -3, 'isAscending', 'java.lang.Boolean', 'sgcp919m7olifcp08yaacbym0f2kulplNM200904120000000000000000000030', 'zefxazr7zpme8mrw3jbfj4wn8fw7ii8r20070427JS0000000000000000001517');
INSERT INTO metadata ( description, created_by, owner, id, create_date, seq, type, remove, site_master, locked_by, entity_domain, last_updated_by, last_update_date, key_name) VALUES ('8eibyfudx52jgis9hfby7xn00uw32s20NM200904120000000000000000000030', '0000000000000000000000000000001000000000000000000000000000000003', '0000000000000000000000000000001000000000000000000000000000000003', 'zefxazr7zpme8mrw3jbfj4wn8fw7ii8r20070427JS0000000000000000001517', '2011-10-03 16:03:31', 3160, 'com.runwaysdk.system.metadata.MdParameter', 1, 'runwaysdk.com', NULL, NULL, '0000000000000000000000000000001000000000000000000000000000000003', '2011-10-03 16:03:31', 'com.runwaysdk.system.metadata.MdMobileCommentCommentTextController.viewPage.isAscending');
INSERT INTO metadata_parameter ( site_master, last_updated_by, create_date, seq, locked_by, entity_domain, created_by, type, last_update_date, key_name, owner, id, parent_id, child_id) VALUES ('runwaysdk.com', '0000000000000000000000000000001000000000000000000000000000000003', '2011-10-03 16:03:31', 3161, NULL, NULL, '0000000000000000000000000000001000000000000000000000000000000003', 'com.runwaysdk.system.MetadataParameter', '2011-10-03 16:03:31', 'com.runwaysdk.system.metadata.MdMobileCommentCommentTextController.viewPage.isAscending', '0000000000000000000000000000001000000000000000000000000000000003', 'surv7461rqiudi19p58jheyx69zletnr20070427JS0000000000000000001524', '8brg2dnmoccjny2eloo91xnfipp8dvoyNM200810110000000000000000000113', 'zefxazr7zpme8mrw3jbfj4wn8fw7ii8r20070427JS0000000000000000001517');
INSERT INTO metadata_display_label ( default_locale, id, site_master, key_name) VALUES ('Page Size', 'suumf2mck6jk17srwgvamr4y49nu0971NM200904120000000000000000000030', 'runwaysdk.com', 'suumf2mck6jk17srwgvamr4y49nu0971NM200904120000000000000000000030');
INSERT INTO metadata_display_label ( default_locale, id, site_master, key_name) VALUES (NULL, '6xj1lc8y5185drqmvi2ho5ylk9j3m04sNM200904120000000000000000000030', 'runwaysdk.com', '6xj1lc8y5185drqmvi2ho5ylk9j3m04sNM200904120000000000000000000030');
INSERT INTO md_parameter ( metadata, parameter_order, parameter_name, parameter_type, display_label, id) VALUES ('8brg2dnmoccjny2eloo91xnfipp8dvoyNM200810110000000000000000000113', -2, 'pageSize', 'java.lang.Integer', 'suumf2mck6jk17srwgvamr4y49nu0971NM200904120000000000000000000030', 'saglxhrsb2ivgc7dj2rumnz6mofjq5g420070427JS0000000000000000001517');
INSERT INTO metadata ( description, created_by, owner, id, create_date, seq, type, remove, site_master, locked_by, entity_domain, last_updated_by, last_update_date, key_name) VALUES ('6xj1lc8y5185drqmvi2ho5ylk9j3m04sNM200904120000000000000000000030', '0000000000000000000000000000001000000000000000000000000000000003', '0000000000000000000000000000001000000000000000000000000000000003', 'saglxhrsb2ivgc7dj2rumnz6mofjq5g420070427JS0000000000000000001517', '2011-10-03 16:03:31', 3162, 'com.runwaysdk.system.metadata.MdParameter', 1, 'runwaysdk.com', NULL, NULL, '0000000000000000000000000000001000000000000000000000000000000003', '2011-10-03 16:03:31', 'com.runwaysdk.system.metadata.MdMobileCommentCommentTextController.viewPage.pageSize');
INSERT INTO metadata_parameter ( site_master, last_updated_by, create_date, seq, locked_by, entity_domain, created_by, type, last_update_date, key_name, owner, id, parent_id, child_id) VALUES ('runwaysdk.com', '0000000000000000000000000000001000000000000000000000000000000003', '2011-10-03 16:03:31', 3163, NULL, NULL, '0000000000000000000000000000001000000000000000000000000000000003', 'com.runwaysdk.system.MetadataParameter', '2011-10-03 16:03:31', 'com.runwaysdk.system.metadata.MdMobileCommentCommentTextController.viewPage.pageSize', '0000000000000000000000000000001000000000000000000000000000000003', '0axhmk9icyy1zkkh33snnv09qdjrutfj20070427JS0000000000000000001524', '8brg2dnmoccjny2eloo91xnfipp8dvoyNM200810110000000000000000000113', 'saglxhrsb2ivgc7dj2rumnz6mofjq5g420070427JS0000000000000000001517');
INSERT INTO metadata_display_label ( default_locale, id, site_master, key_name) VALUES ('Page Number', 'qq8aqraceoz2jlx4mlohw8v35wg1222aNM200904120000000000000000000030', 'runwaysdk.com', 'qq8aqraceoz2jlx4mlohw8v35wg1222aNM200904120000000000000000000030');
INSERT INTO metadata_display_label ( default_locale, id, site_master, key_name) VALUES (NULL, 'zc17hk1cswmdw30aryeb96vcq25ixgcgNM200904120000000000000000000030', 'runwaysdk.com', 'zc17hk1cswmdw30aryeb96vcq25ixgcgNM200904120000000000000000000030');
INSERT INTO md_parameter ( metadata, parameter_order, parameter_name, parameter_type, display_label, id) VALUES ('8brg2dnmoccjny2eloo91xnfipp8dvoyNM200810110000000000000000000113', -1, 'pageNumber', 'java.lang.Integer', 'qq8aqraceoz2jlx4mlohw8v35wg1222aNM200904120000000000000000000030', 'sv2s7mz33wjeyaohxw3avdg1y40u8tv720070427JS0000000000000000001517');
INSERT INTO metadata ( description, created_by, owner, id, create_date, seq, type, remove, site_master, locked_by, entity_domain, last_updated_by, last_update_date, key_name) VALUES ('zc17hk1cswmdw30aryeb96vcq25ixgcgNM200904120000000000000000000030', '0000000000000000000000000000001000000000000000000000000000000003', '0000000000000000000000000000001000000000000000000000000000000003', 'sv2s7mz33wjeyaohxw3avdg1y40u8tv720070427JS0000000000000000001517', '2011-10-03 16:03:31', 3164, 'com.runwaysdk.system.metadata.MdParameter', 1, 'runwaysdk.com', NULL, NULL, '0000000000000000000000000000001000000000000000000000000000000003', '2011-10-03 16:03:31', 'com.runwaysdk.system.metadata.MdMobileCommentCommentTextController.viewPage.pageNumber');
INSERT INTO metadata_parameter ( site_master, last_updated_by, create_date, seq, locked_by, entity_domain, created_by, type, last_update_date, key_name, owner, id, parent_id, child_id) VALUES ('runwaysdk.com', '0000000000000000000000000000001000000000000000000000000000000003', '2011-10-03 16:03:31', 3165, NULL, NULL, '0000000000000000000000000000001000000000000000000000000000000003', 'com.runwaysdk.system.MetadataParameter', '2011-10-03 16:03:31', 'com.runwaysdk.system.metadata.MdMobileCommentCommentTextController.viewPage.pageNumber', '0000000000000000000000000000001000000000000000000000000000000003', '7bslzxl05tau76j6kca9dvz12yghjefk20070427JS0000000000000000001524', '8brg2dnmoccjny2eloo91xnfipp8dvoyNM200810110000000000000000000113', 'sv2s7mz33wjeyaohxw3avdg1y40u8tv720070427JS0000000000000000001517');
INSERT INTO metadata_display_label ( default_locale, id, site_master, key_name) VALUES ('View All', 'spsadd5psrf3cnjsg58komqfd1cbq5lyNM200904120000000000000000000030', 'runwaysdk.com', 'spsadd5psrf3cnjsg58komqfd1cbq5lyNM200904120000000000000000000030');
INSERT INTO metadata_display_label ( default_locale, id, site_master, key_name) VALUES ('Loads a ViewAll query with the default settings', '8cxa0spm2zh0zj8zskhsu8jtqswjbfxrNM200904120000000000000000000030', 'runwaysdk.com', '8cxa0spm2zh0zj8zskhsu8jtqswjbfxrNM200904120000000000000000000030');
INSERT INTO md_action ( is_query, enclosing_md_controller, is_post, action_name, display_label, id) VALUES (0, '2efklp808mx4uyf6g4ktxjriu4ep3zjpNM200810110000000000000000000112', 0, 'viewAll', 'spsadd5psrf3cnjsg58komqfd1cbq5lyNM200904120000000000000000000030', 'qpum6qjh0a1bsys9pxnodmznbtp5ckwxNM200810110000000000000000000113');
INSERT INTO metadata ( description, created_by, owner, id, create_date, seq, type, remove, site_master, locked_by, entity_domain, last_updated_by, last_update_date, key_name) VALUES ('8cxa0spm2zh0zj8zskhsu8jtqswjbfxrNM200904120000000000000000000030', '0000000000000000000000000000001000000000000000000000000000000003', '0000000000000000000000000000001000000000000000000000000000000003', 'qpum6qjh0a1bsys9pxnodmznbtp5ckwxNM200810110000000000000000000113', '2011-10-03 16:03:31', 3166, 'com.runwaysdk.system.metadata.MdAction', 1, 'runwaysdk.com', NULL, NULL, '0000000000000000000000000000001000000000000000000000000000000003', '2011-10-03 16:03:31', 'com.runwaysdk.system.metadata.MdMobileCommentCommentTextController.viewAll');
INSERT INTO controller_action ( key_name, locked_by, id, owner, entity_domain, created_by, type, last_update_date, create_date, seq, last_updated_by, site_master, parent_id, child_id) VALUES ('com.runwaysdk.system.metadata.MdMobileCommentCommentTextController.viewAll', NULL, '93bshq9c1c350qalzcuwo3nrxiwi0iw0JS200807230000000000000000111111', '0000000000000000000000000000001000000000000000000000000000000003', NULL, '0000000000000000000000000000001000000000000000000000000000000003', 'com.runwaysdk.system.ControllerAction', '2011-10-03 16:03:31', '2011-10-03 16:03:31', 3167, '0000000000000000000000000000001000000000000000000000000000000003', 'runwaysdk.com', '2efklp808mx4uyf6g4ktxjriu4ep3zjpNM200810110000000000000000000112', 'qpum6qjh0a1bsys9pxnodmznbtp5ckwxNM200810110000000000000000000113');
INSERT INTO metadata_display_label ( default_locale, id, site_master, key_name) VALUES ('View', '24ehi625qyp867yhxtr03x3sdnevlaybNM200904120000000000000000000030', 'runwaysdk.com', '24ehi625qyp867yhxtr03x3sdnevlaybNM200904120000000000000000000030');
INSERT INTO metadata_display_label ( default_locale, id, site_master, key_name) VALUES ('View an existing instance of com.runwaysdk.system.metadata.MdMobileCommentCommentText', '1y4c3ipmo5n2ve9kmxshb7u43cmr5bwlNM200904120000000000000000000030', 'runwaysdk.com', '1y4c3ipmo5n2ve9kmxshb7u43cmr5bwlNM200904120000000000000000000030');
INSERT INTO md_action ( is_query, enclosing_md_controller, is_post, action_name, display_label, id) VALUES (0, '2efklp808mx4uyf6g4ktxjriu4ep3zjpNM200810110000000000000000000112', 0, 'view', '24ehi625qyp867yhxtr03x3sdnevlaybNM200904120000000000000000000030', 'sh8i4jwgqgniverlttux0qg5db62g2stNM200810110000000000000000000113');
INSERT INTO metadata ( description, created_by, owner, id, create_date, seq, type, remove, site_master, locked_by, entity_domain, last_updated_by, last_update_date, key_name) VALUES ('1y4c3ipmo5n2ve9kmxshb7u43cmr5bwlNM200904120000000000000000000030', '0000000000000000000000000000001000000000000000000000000000000003', '0000000000000000000000000000001000000000000000000000000000000003', 'sh8i4jwgqgniverlttux0qg5db62g2stNM200810110000000000000000000113', '2011-10-03 16:03:31', 3168, 'com.runwaysdk.system.metadata.MdAction', 1, 'runwaysdk.com', NULL, NULL, '0000000000000000000000000000001000000000000000000000000000000003', '2011-10-03 16:03:31', 'com.runwaysdk.system.metadata.MdMobileCommentCommentTextController.view');
INSERT INTO controller_action ( key_name, locked_by, id, owner, entity_domain, created_by, type, last_update_date, create_date, seq, last_updated_by, site_master, parent_id, child_id) VALUES ('com.runwaysdk.system.metadata.MdMobileCommentCommentTextController.view', NULL, 'z7ope3lwbx3pr7qk9mxvmwayivtwmdcwJS200807230000000000000000111111', '0000000000000000000000000000001000000000000000000000000000000003', NULL, '0000000000000000000000000000001000000000000000000000000000000003', 'com.runwaysdk.system.ControllerAction', '2011-10-03 16:03:31', '2011-10-03 16:03:31', 3169, '0000000000000000000000000000001000000000000000000000000000000003', 'runwaysdk.com', '2efklp808mx4uyf6g4ktxjriu4ep3zjpNM200810110000000000000000000112', 'sh8i4jwgqgniverlttux0qg5db62g2stNM200810110000000000000000000113');
INSERT INTO metadata_display_label ( default_locale, id, site_master, key_name) VALUES ('Parameter: com.runwaysdk.system.metadata.MdMobileCommentCommentText - id', '0erikej4trkeoxqu2we4amk2yqf05qr1NM200904120000000000000000000030', 'runwaysdk.com', '0erikej4trkeoxqu2we4amk2yqf05qr1NM200904120000000000000000000030');
INSERT INTO metadata_display_label ( default_locale, id, site_master, key_name) VALUES ('Id of com.runwaysdk.system.metadata.MdMobileCommentCommentText to view.', '6odjkiiddy6u6kl4v201pnred8jm3pbtNM200904120000000000000000000030', 'runwaysdk.com', '6odjkiiddy6u6kl4v201pnred8jm3pbtNM200904120000000000000000000030');
INSERT INTO md_parameter ( metadata, parameter_order, parameter_name, parameter_type, display_label, id) VALUES ('sh8i4jwgqgniverlttux0qg5db62g2stNM200810110000000000000000000113', 0, 'id', 'java.lang.String', '0erikej4trkeoxqu2we4amk2yqf05qr1NM200904120000000000000000000030', '74ot43xekh0aqblfontpf8iu92hcgpha20070427JS0000000000000000001517');
INSERT INTO metadata ( description, created_by, owner, id, create_date, seq, type, remove, site_master, locked_by, entity_domain, last_updated_by, last_update_date, key_name) VALUES ('6odjkiiddy6u6kl4v201pnred8jm3pbtNM200904120000000000000000000030', '0000000000000000000000000000001000000000000000000000000000000003', '0000000000000000000000000000001000000000000000000000000000000003', '74ot43xekh0aqblfontpf8iu92hcgpha20070427JS0000000000000000001517', '2011-10-03 16:03:31', 3170, 'com.runwaysdk.system.metadata.MdParameter', 1, 'runwaysdk.com', NULL, NULL, '0000000000000000000000000000001000000000000000000000000000000003', '2011-10-03 16:03:31', 'com.runwaysdk.system.metadata.MdMobileCommentCommentTextController.view.id');
INSERT INTO metadata_parameter ( site_master, last_updated_by, create_date, seq, locked_by, entity_domain, created_by, type, last_update_date, key_name, owner, id, parent_id, child_id) VALUES ('runwaysdk.com', '0000000000000000000000000000001000000000000000000000000000000003', '2011-10-03 16:03:31', 3171, NULL, NULL, '0000000000000000000000000000001000000000000000000000000000000003', 'com.runwaysdk.system.MetadataParameter', '2011-10-03 16:03:31', 'com.runwaysdk.system.metadata.MdMobileCommentCommentTextController.view.id', '0000000000000000000000000000001000000000000000000000000000000003', 'zps4x8snebfufdjd0xuset8hwfmmh81720070427JS0000000000000000001524', 'sh8i4jwgqgniverlttux0qg5db62g2stNM200810110000000000000000000113', '74ot43xekh0aqblfontpf8iu92hcgpha20070427JS0000000000000000001517');
INSERT INTO metadata_display_label ( default_locale, id, site_master, key_name) VALUES ('New Instance', 'z95quakde469i77wigfwigh7m0jkvu0cNM200904120000000000000000000030', 'runwaysdk.com', 'z95quakde469i77wigfwigh7m0jkvu0cNM200904120000000000000000000030');
INSERT INTO metadata_display_label ( default_locale, id, site_master, key_name) VALUES ('Loads a new instance of com.runwaysdk.system.metadata.MdMobileCommentCommentText into the request object', 'z36nzalh1kt49h6qdpultljpzylb2p0jNM200904120000000000000000000030', 'runwaysdk.com', 'z36nzalh1kt49h6qdpultljpzylb2p0jNM200904120000000000000000000030');
INSERT INTO md_action ( is_query, enclosing_md_controller, is_post, action_name, display_label, id) VALUES (0, '2efklp808mx4uyf6g4ktxjriu4ep3zjpNM200810110000000000000000000112', 0, 'newInstance', 'z95quakde469i77wigfwigh7m0jkvu0cNM200904120000000000000000000030', 'xmdv5uttyc75zu4p6mcqei28t9gx5uosNM200810110000000000000000000113');
INSERT INTO metadata ( description, created_by, owner, id, create_date, seq, type, remove, site_master, locked_by, entity_domain, last_updated_by, last_update_date, key_name) VALUES ('z36nzalh1kt49h6qdpultljpzylb2p0jNM200904120000000000000000000030', '0000000000000000000000000000001000000000000000000000000000000003', '0000000000000000000000000000001000000000000000000000000000000003', 'xmdv5uttyc75zu4p6mcqei28t9gx5uosNM200810110000000000000000000113', '2011-10-03 16:03:31', 3172, 'com.runwaysdk.system.metadata.MdAction', 1, 'runwaysdk.com', NULL, NULL, '0000000000000000000000000000001000000000000000000000000000000003', '2011-10-03 16:03:31', 'com.runwaysdk.system.metadata.MdMobileCommentCommentTextController.newInstance');
INSERT INTO controller_action ( key_name, locked_by, id, owner, entity_domain, created_by, type, last_update_date, create_date, seq, last_updated_by, site_master, parent_id, child_id) VALUES ('com.runwaysdk.system.metadata.MdMobileCommentCommentTextController.newInstance', NULL, 'xambh1ejo77pdufs9prn15iev6028mr3JS200807230000000000000000111111', '0000000000000000000000000000001000000000000000000000000000000003', NULL, '0000000000000000000000000000001000000000000000000000000000000003', 'com.runwaysdk.system.ControllerAction', '2011-10-03 16:03:31', '2011-10-03 16:03:31', 3173, '0000000000000000000000000000001000000000000000000000000000000003', 'runwaysdk.com', '2efklp808mx4uyf6g4ktxjriu4ep3zjpNM200810110000000000000000000112', 'xmdv5uttyc75zu4p6mcqei28t9gx5uosNM200810110000000000000000000113');
INSERT INTO metadata_display_label ( default_locale, id, site_master, key_name) VALUES ('Create', '0ie1myhkn3qkk6s1atnn5phj3oyo3pciNM200904120000000000000000000030', 'runwaysdk.com', '0ie1myhkn3qkk6s1atnn5phj3oyo3pciNM200904120000000000000000000030');
INSERT INTO metadata_display_label ( default_locale, id, site_master, key_name) VALUES ('Applys a new instance of com.runwaysdk.system.metadata.MdMobileCommentCommentText', '1r39xcf56wifmmspvqj9g5phic6falx6NM200904120000000000000000000030', 'runwaysdk.com', '1r39xcf56wifmmspvqj9g5phic6falx6NM200904120000000000000000000030');
INSERT INTO md_action ( is_query, enclosing_md_controller, is_post, action_name, display_label, id) VALUES (0, '2efklp808mx4uyf6g4ktxjriu4ep3zjpNM200810110000000000000000000112', 1, 'create', '0ie1myhkn3qkk6s1atnn5phj3oyo3pciNM200904120000000000000000000030', '8sew3i4q37qh7cqebzfuen8qyd3z3715NM200810110000000000000000000113');
INSERT INTO metadata ( description, created_by, owner, id, create_date, seq, type, remove, site_master, locked_by, entity_domain, last_updated_by, last_update_date, key_name) VALUES ('1r39xcf56wifmmspvqj9g5phic6falx6NM200904120000000000000000000030', '0000000000000000000000000000001000000000000000000000000000000003', '0000000000000000000000000000001000000000000000000000000000000003', '8sew3i4q37qh7cqebzfuen8qyd3z3715NM200810110000000000000000000113', '2011-10-03 16:03:31', 3174, 'com.runwaysdk.system.metadata.MdAction', 1, 'runwaysdk.com', NULL, NULL, '0000000000000000000000000000001000000000000000000000000000000003', '2011-10-03 16:03:31', 'com.runwaysdk.system.metadata.MdMobileCommentCommentTextController.create');
INSERT INTO controller_action ( key_name, locked_by, id, owner, entity_domain, created_by, type, last_update_date, create_date, seq, last_updated_by, site_master, parent_id, child_id) VALUES ('com.runwaysdk.system.metadata.MdMobileCommentCommentTextController.create', NULL, 'qqtrgf0ew5s9bk14iv0z9opgyi3rv01tJS200807230000000000000000111111', '0000000000000000000000000000001000000000000000000000000000000003', NULL, '0000000000000000000000000000001000000000000000000000000000000003', 'com.runwaysdk.system.ControllerAction', '2011-10-03 16:03:31', '2011-10-03 16:03:31', 3175, '0000000000000000000000000000001000000000000000000000000000000003', 'runwaysdk.com', '2efklp808mx4uyf6g4ktxjriu4ep3zjpNM200810110000000000000000000112', '8sew3i4q37qh7cqebzfuen8qyd3z3715NM200810110000000000000000000113');
INSERT INTO metadata_display_label ( default_locale, id, site_master, key_name) VALUES ('Parameter: com.runwaysdk.system.metadata.MdMobileCommentCommentText', '034s2wkk3viwcuuesv7qw5xgxfwv400vNM200904120000000000000000000030', 'runwaysdk.com', '034s2wkk3viwcuuesv7qw5xgxfwv400vNM200904120000000000000000000030');
INSERT INTO metadata_display_label ( default_locale, id, site_master, key_name) VALUES ('com.runwaysdk.system.metadata.MdMobileCommentCommentText to apply to the database', '0bflnh8zk1a00xifrahyynh6iwklycaiNM200904120000000000000000000030', 'runwaysdk.com', '0bflnh8zk1a00xifrahyynh6iwklycaiNM200904120000000000000000000030');
INSERT INTO md_parameter ( metadata, parameter_order, parameter_name, parameter_type, display_label, id) VALUES ('8sew3i4q37qh7cqebzfuen8qyd3z3715NM200810110000000000000000000113', 0, 'dto', 'com.runwaysdk.system.metadata.MdMobileCommentCommentText', '034s2wkk3viwcuuesv7qw5xgxfwv400vNM200904120000000000000000000030', '8dbmliu61g10q4fijvmuyp7la549gxks20070427JS0000000000000000001517');
INSERT INTO metadata ( description, created_by, owner, id, create_date, seq, type, remove, site_master, locked_by, entity_domain, last_updated_by, last_update_date, key_name) VALUES ('0bflnh8zk1a00xifrahyynh6iwklycaiNM200904120000000000000000000030', '0000000000000000000000000000001000000000000000000000000000000003', '0000000000000000000000000000001000000000000000000000000000000003', '8dbmliu61g10q4fijvmuyp7la549gxks20070427JS0000000000000000001517', '2011-10-03 16:03:31', 3176, 'com.runwaysdk.system.metadata.MdParameter', 1, 'runwaysdk.com', NULL, NULL, '0000000000000000000000000000001000000000000000000000000000000003', '2011-10-03 16:03:31', 'com.runwaysdk.system.metadata.MdMobileCommentCommentTextController.create.dto');
INSERT INTO metadata_parameter ( site_master, last_updated_by, create_date, seq, locked_by, entity_domain, created_by, type, last_update_date, key_name, owner, id, parent_id, child_id) VALUES ('runwaysdk.com', '0000000000000000000000000000001000000000000000000000000000000003', '2011-10-03 16:03:31', 3177, NULL, NULL, '0000000000000000000000000000001000000000000000000000000000000003', 'com.runwaysdk.system.MetadataParameter', '2011-10-03 16:03:31', 'com.runwaysdk.system.metadata.MdMobileCommentCommentTextController.create.dto', '0000000000000000000000000000001000000000000000000000000000000003', 'zkbmr8qzioysf9ou1duynb8425r7ojgm20070427JS0000000000000000001524', '8sew3i4q37qh7cqebzfuen8qyd3z3715NM200810110000000000000000000113', '8dbmliu61g10q4fijvmuyp7la549gxks20070427JS0000000000000000001517');
INSERT INTO metadata_display_label ( default_locale, id, site_master, key_name) VALUES ('edit', 'z8n5q6ekuusgdti8fewzgrt3lxztcyz1NM200904120000000000000000000030', 'runwaysdk.com', 'z8n5q6ekuusgdti8fewzgrt3lxztcyz1NM200904120000000000000000000030');
INSERT INTO metadata_display_label ( default_locale, id, site_master, key_name) VALUES ('Applys an existing instance of com.runwaysdk.system.metadata.MdMobileCommentCommentText', 't2jxqz7uqvfdka5pga2itvv3rbovsv3fNM200904120000000000000000000030', 'runwaysdk.com', 't2jxqz7uqvfdka5pga2itvv3rbovsv3fNM200904120000000000000000000030');
INSERT INTO md_action ( is_query, enclosing_md_controller, is_post, action_name, display_label, id) VALUES (0, '2efklp808mx4uyf6g4ktxjriu4ep3zjpNM200810110000000000000000000112', 0, 'edit', 'z8n5q6ekuusgdti8fewzgrt3lxztcyz1NM200904120000000000000000000030', 'xficx5pq74u760epihs7kv15in74v7qfNM200810110000000000000000000113');
INSERT INTO metadata ( description, created_by, owner, id, create_date, seq, type, remove, site_master, locked_by, entity_domain, last_updated_by, last_update_date, key_name) VALUES ('t2jxqz7uqvfdka5pga2itvv3rbovsv3fNM200904120000000000000000000030', '0000000000000000000000000000001000000000000000000000000000000003', '0000000000000000000000000000001000000000000000000000000000000003', 'xficx5pq74u760epihs7kv15in74v7qfNM200810110000000000000000000113', '2011-10-03 16:03:31', 3178, 'com.runwaysdk.system.metadata.MdAction', 1, 'runwaysdk.com', NULL, NULL, '0000000000000000000000000000001000000000000000000000000000000003', '2011-10-03 16:03:31', 'com.runwaysdk.system.metadata.MdMobileCommentCommentTextController.edit');
INSERT INTO controller_action ( key_name, locked_by, id, owner, entity_domain, created_by, type, last_update_date, create_date, seq, last_updated_by, site_master, parent_id, child_id) VALUES ('com.runwaysdk.system.metadata.MdMobileCommentCommentTextController.edit', NULL, 'qpcapctg5nysjhphfyrkbfwstak7a8h1JS200807230000000000000000111111', '0000000000000000000000000000001000000000000000000000000000000003', NULL, '0000000000000000000000000000001000000000000000000000000000000003', 'com.runwaysdk.system.ControllerAction', '2011-10-03 16:03:31', '2011-10-03 16:03:31', 3179, '0000000000000000000000000000001000000000000000000000000000000003', 'runwaysdk.com', '2efklp808mx4uyf6g4ktxjriu4ep3zjpNM200810110000000000000000000112', 'xficx5pq74u760epihs7kv15in74v7qfNM200810110000000000000000000113');
INSERT INTO metadata_display_label ( default_locale, id, site_master, key_name) VALUES ('Parameter: com.runwaysdk.system.metadata.MdMobileCommentCommentText', '75q8zjxwkly9kg38neop5p1554m0lxjsNM200904120000000000000000000030', 'runwaysdk.com', '75q8zjxwkly9kg38neop5p1554m0lxjsNM200904120000000000000000000030');
INSERT INTO metadata_display_label ( default_locale, id, site_master, key_name) VALUES ('com.runwaysdk.system.metadata.MdMobileCommentCommentText to apply to the database', 'stb1mqgpvhvgf9eclvo9949bh2pdc91hNM200904120000000000000000000030', 'runwaysdk.com', 'stb1mqgpvhvgf9eclvo9949bh2pdc91hNM200904120000000000000000000030');
INSERT INTO md_parameter ( metadata, parameter_order, parameter_name, parameter_type, display_label, id) VALUES ('xficx5pq74u760epihs7kv15in74v7qfNM200810110000000000000000000113', 0, 'id', 'java.lang.String', '75q8zjxwkly9kg38neop5p1554m0lxjsNM200904120000000000000000000030', 'zd0wz09wvv61z933stcdwrwqf6pfa15020070427JS0000000000000000001517');
INSERT INTO metadata ( description, created_by, owner, id, create_date, seq, type, remove, site_master, locked_by, entity_domain, last_updated_by, last_update_date, key_name) VALUES ('stb1mqgpvhvgf9eclvo9949bh2pdc91hNM200904120000000000000000000030', '0000000000000000000000000000001000000000000000000000000000000003', '0000000000000000000000000000001000000000000000000000000000000003', 'zd0wz09wvv61z933stcdwrwqf6pfa15020070427JS0000000000000000001517', '2011-10-03 16:03:31', 3180, 'com.runwaysdk.system.metadata.MdParameter', 1, 'runwaysdk.com', NULL, NULL, '0000000000000000000000000000001000000000000000000000000000000003', '2011-10-03 16:03:31', 'com.runwaysdk.system.metadata.MdMobileCommentCommentTextController.edit.id');
INSERT INTO metadata_parameter ( site_master, last_updated_by, create_date, seq, locked_by, entity_domain, created_by, type, last_update_date, key_name, owner, id, parent_id, child_id) VALUES ('runwaysdk.com', '0000000000000000000000000000001000000000000000000000000000000003', '2011-10-03 16:03:31', 3181, NULL, NULL, '0000000000000000000000000000001000000000000000000000000000000003', 'com.runwaysdk.system.MetadataParameter', '2011-10-03 16:03:31', 'com.runwaysdk.system.metadata.MdMobileCommentCommentTextController.edit.id', '0000000000000000000000000000001000000000000000000000000000000003', '2ctez4rwh0vuqrmgb2lset66nu04rnrh20070427JS0000000000000000001524', 'xficx5pq74u760epihs7kv15in74v7qfNM200810110000000000000000000113', 'zd0wz09wvv61z933stcdwrwqf6pfa15020070427JS0000000000000000001517');
INSERT INTO metadata_display_label ( default_locale, id, site_master, key_name) VALUES ('update', '22numjxz4a1kjd3is92iiizcck2p0y6rNM200904120000000000000000000030', 'runwaysdk.com', '22numjxz4a1kjd3is92iiizcck2p0y6rNM200904120000000000000000000030');
INSERT INTO metadata_display_label ( default_locale, id, site_master, key_name) VALUES ('Applys an existing instance of com.runwaysdk.system.metadata.MdMobileCommentCommentText', '7baba2ttoeexhhay57bycu2jezr2gc64NM200904120000000000000000000030', 'runwaysdk.com', '7baba2ttoeexhhay57bycu2jezr2gc64NM200904120000000000000000000030');
INSERT INTO md_action ( is_query, enclosing_md_controller, is_post, action_name, display_label, id) VALUES (0, '2efklp808mx4uyf6g4ktxjriu4ep3zjpNM200810110000000000000000000112', 1, 'update', '22numjxz4a1kjd3is92iiizcck2p0y6rNM200904120000000000000000000030', '1u069f8s0lnfmxo7hjfjrmh6nzsklrweNM200810110000000000000000000113');
INSERT INTO metadata ( description, created_by, owner, id, create_date, seq, type, remove, site_master, locked_by, entity_domain, last_updated_by, last_update_date, key_name) VALUES ('7baba2ttoeexhhay57bycu2jezr2gc64NM200904120000000000000000000030', '0000000000000000000000000000001000000000000000000000000000000003', '0000000000000000000000000000001000000000000000000000000000000003', '1u069f8s0lnfmxo7hjfjrmh6nzsklrweNM200810110000000000000000000113', '2011-10-03 16:03:31', 3182, 'com.runwaysdk.system.metadata.MdAction', 1, 'runwaysdk.com', NULL, NULL, '0000000000000000000000000000001000000000000000000000000000000003', '2011-10-03 16:03:31', 'com.runwaysdk.system.metadata.MdMobileCommentCommentTextController.update');
INSERT INTO controller_action ( key_name, locked_by, id, owner, entity_domain, created_by, type, last_update_date, create_date, seq, last_updated_by, site_master, parent_id, child_id) VALUES ('com.runwaysdk.system.metadata.MdMobileCommentCommentTextController.update', NULL, '73o51e19bditnd59j3z7etk8t7lz05ajJS200807230000000000000000111111', '0000000000000000000000000000001000000000000000000000000000000003', NULL, '0000000000000000000000000000001000000000000000000000000000000003', 'com.runwaysdk.system.ControllerAction', '2011-10-03 16:03:31', '2011-10-03 16:03:31', 3183, '0000000000000000000000000000001000000000000000000000000000000003', 'runwaysdk.com', '2efklp808mx4uyf6g4ktxjriu4ep3zjpNM200810110000000000000000000112', '1u069f8s0lnfmxo7hjfjrmh6nzsklrweNM200810110000000000000000000113');
INSERT INTO metadata_display_label ( default_locale, id, site_master, key_name) VALUES ('Parameter: com.runwaysdk.system.metadata.MdMobileCommentCommentText - dto', '8jn0sffnvtqptbj97ylirbzhsku3q7c2NM200904120000000000000000000030', 'runwaysdk.com', '8jn0sffnvtqptbj97ylirbzhsku3q7c2NM200904120000000000000000000030');
INSERT INTO metadata_display_label ( default_locale, id, site_master, key_name) VALUES ('com.runwaysdk.system.metadata.MdMobileCommentCommentText to apply to the database', 'zhi5gco47izy6ivkw8gng4jcf8mh8gnnNM200904120000000000000000000030', 'runwaysdk.com', 'zhi5gco47izy6ivkw8gng4jcf8mh8gnnNM200904120000000000000000000030');
INSERT INTO md_parameter ( metadata, parameter_order, parameter_name, parameter_type, display_label, id) VALUES ('1u069f8s0lnfmxo7hjfjrmh6nzsklrweNM200810110000000000000000000113', 0, 'dto', 'com.runwaysdk.system.metadata.MdMobileCommentCommentText', '8jn0sffnvtqptbj97ylirbzhsku3q7c2NM200904120000000000000000000030', '6vp0pzxs375889peb66ppfd49n3gxihj20070427JS0000000000000000001517');
INSERT INTO metadata ( description, created_by, owner, id, create_date, seq, type, remove, site_master, locked_by, entity_domain, last_updated_by, last_update_date, key_name) VALUES ('zhi5gco47izy6ivkw8gng4jcf8mh8gnnNM200904120000000000000000000030', '0000000000000000000000000000001000000000000000000000000000000003', '0000000000000000000000000000001000000000000000000000000000000003', '6vp0pzxs375889peb66ppfd49n3gxihj20070427JS0000000000000000001517', '2011-10-03 16:03:31', 3184, 'com.runwaysdk.system.metadata.MdParameter', 1, 'runwaysdk.com', NULL, NULL, '0000000000000000000000000000001000000000000000000000000000000003', '2011-10-03 16:03:31', 'com.runwaysdk.system.metadata.MdMobileCommentCommentTextController.update.dto');
INSERT INTO metadata_parameter ( site_master, last_updated_by, create_date, seq, locked_by, entity_domain, created_by, type, last_update_date, key_name, owner, id, parent_id, child_id) VALUES ('runwaysdk.com', '0000000000000000000000000000001000000000000000000000000000000003', '2011-10-03 16:03:31', 3185, NULL, NULL, '0000000000000000000000000000001000000000000000000000000000000003', 'com.runwaysdk.system.MetadataParameter', '2011-10-03 16:03:31', 'com.runwaysdk.system.metadata.MdMobileCommentCommentTextController.update.dto', '0000000000000000000000000000001000000000000000000000000000000003', '74u7u4xxcbfi33wtiqjdiodz2e130xvu20070427JS0000000000000000001524', '1u069f8s0lnfmxo7hjfjrmh6nzsklrweNM200810110000000000000000000113', '6vp0pzxs375889peb66ppfd49n3gxihj20070427JS0000000000000000001517');
INSERT INTO metadata_display_label ( default_locale, id, site_master, key_name) VALUES ('cancel', '6p2lzpecslomwuosbf22uiz7sz0zrah7NM200904120000000000000000000030', 'runwaysdk.com', '6p2lzpecslomwuosbf22uiz7sz0zrah7NM200904120000000000000000000030');
INSERT INTO metadata_display_label ( default_locale, id, site_master, key_name) VALUES ('Unlocks an instance com.runwaysdk.system.metadata.MdMobileCommentCommentText', '0ebgqxw6zxlmi8kb54qtn44lrdsilzudNM200904120000000000000000000030', 'runwaysdk.com', '0ebgqxw6zxlmi8kb54qtn44lrdsilzudNM200904120000000000000000000030');
INSERT INTO md_action ( is_query, enclosing_md_controller, is_post, action_name, display_label, id) VALUES (0, '2efklp808mx4uyf6g4ktxjriu4ep3zjpNM200810110000000000000000000112', 1, 'cancel', '6p2lzpecslomwuosbf22uiz7sz0zrah7NM200904120000000000000000000030', 'r7yye2pbjdmoj9cf1e38fl0kkkth5toxNM200810110000000000000000000113');
INSERT INTO metadata ( description, created_by, owner, id, create_date, seq, type, remove, site_master, locked_by, entity_domain, last_updated_by, last_update_date, key_name) VALUES ('0ebgqxw6zxlmi8kb54qtn44lrdsilzudNM200904120000000000000000000030', '0000000000000000000000000000001000000000000000000000000000000003', '0000000000000000000000000000001000000000000000000000000000000003', 'r7yye2pbjdmoj9cf1e38fl0kkkth5toxNM200810110000000000000000000113', '2011-10-03 16:03:31', 3186, 'com.runwaysdk.system.metadata.MdAction', 1, 'runwaysdk.com', NULL, NULL, '0000000000000000000000000000001000000000000000000000000000000003', '2011-10-03 16:03:31', 'com.runwaysdk.system.metadata.MdMobileCommentCommentTextController.cancel');
INSERT INTO controller_action ( key_name, locked_by, id, owner, entity_domain, created_by, type, last_update_date, create_date, seq, last_updated_by, site_master, parent_id, child_id) VALUES ('com.runwaysdk.system.metadata.MdMobileCommentCommentTextController.cancel', NULL, '0n2r4st5lzz2ettja6fm1qsxuihr9rohJS200807230000000000000000111111', '0000000000000000000000000000001000000000000000000000000000000003', NULL, '0000000000000000000000000000001000000000000000000000000000000003', 'com.runwaysdk.system.ControllerAction', '2011-10-03 16:03:31', '2011-10-03 16:03:31', 3187, '0000000000000000000000000000001000000000000000000000000000000003', 'runwaysdk.com', '2efklp808mx4uyf6g4ktxjriu4ep3zjpNM200810110000000000000000000112', 'r7yye2pbjdmoj9cf1e38fl0kkkth5toxNM200810110000000000000000000113');
INSERT INTO metadata_display_label ( default_locale, id, site_master, key_name) VALUES ('Parameter: com.runwaysdk.system.metadata.MdMobileCommentCommentText - dto', 'z2hnm5d9gpzv27bja8jxuqt1cu3zldqgNM200904120000000000000000000030', 'runwaysdk.com', 'z2hnm5d9gpzv27bja8jxuqt1cu3zldqgNM200904120000000000000000000030');
INSERT INTO metadata_display_label ( default_locale, id, site_master, key_name) VALUES ('com.runwaysdk.system.metadata.MdMobileCommentCommentText to unlock', '71uqyikrkxj64lk425a1vcku3pp1psrwNM200904120000000000000000000030', 'runwaysdk.com', '71uqyikrkxj64lk425a1vcku3pp1psrwNM200904120000000000000000000030');
INSERT INTO md_parameter ( metadata, parameter_order, parameter_name, parameter_type, display_label, id) VALUES ('r7yye2pbjdmoj9cf1e38fl0kkkth5toxNM200810110000000000000000000113', 0, 'dto', 'com.runwaysdk.system.metadata.MdMobileCommentCommentText', 'z2hnm5d9gpzv27bja8jxuqt1cu3zldqgNM200904120000000000000000000030', '8rzitormd67sc0u4ca6fi0qi59xdwelg20070427JS0000000000000000001517');
INSERT INTO metadata ( description, created_by, owner, id, create_date, seq, type, remove, site_master, locked_by, entity_domain, last_updated_by, last_update_date, key_name) VALUES ('71uqyikrkxj64lk425a1vcku3pp1psrwNM200904120000000000000000000030', '0000000000000000000000000000001000000000000000000000000000000003', '0000000000000000000000000000001000000000000000000000000000000003', '8rzitormd67sc0u4ca6fi0qi59xdwelg20070427JS0000000000000000001517', '2011-10-03 16:03:31', 3188, 'com.runwaysdk.system.metadata.MdParameter', 1, 'runwaysdk.com', NULL, NULL, '0000000000000000000000000000001000000000000000000000000000000003', '2011-10-03 16:03:31', 'com.runwaysdk.system.metadata.MdMobileCommentCommentTextController.cancel.dto');
INSERT INTO metadata_parameter ( site_master, last_updated_by, create_date, seq, locked_by, entity_domain, created_by, type, last_update_date, key_name, owner, id, parent_id, child_id) VALUES ('runwaysdk.com', '0000000000000000000000000000001000000000000000000000000000000003', '2011-10-03 16:03:31', 3189, NULL, NULL, '0000000000000000000000000000001000000000000000000000000000000003', 'com.runwaysdk.system.MetadataParameter', '2011-10-03 16:03:31', 'com.runwaysdk.system.metadata.MdMobileCommentCommentTextController.cancel.dto', '0000000000000000000000000000001000000000000000000000000000000003', 'zfl9d3goekfoqvojneud2k6qer9sa8us20070427JS0000000000000000001524', 'r7yye2pbjdmoj9cf1e38fl0kkkth5toxNM200810110000000000000000000113', '8rzitormd67sc0u4ca6fi0qi59xdwelg20070427JS0000000000000000001517');
INSERT INTO metadata_display_label ( default_locale, id, site_master, key_name) VALUES ('delete', '0hudx95y3ab4siphczoj41bsrot82ir3NM200904120000000000000000000030', 'runwaysdk.com', '0hudx95y3ab4siphczoj41bsrot82ir3NM200904120000000000000000000030');
INSERT INTO metadata_display_label ( default_locale, id, site_master, key_name) VALUES ('Delete an instance of com.runwaysdk.system.metadata.MdMobileCommentCommentText', '02hy6p4xy2cxjuqx9jo2geur9pkztxbwNM200904120000000000000000000030', 'runwaysdk.com', '02hy6p4xy2cxjuqx9jo2geur9pkztxbwNM200904120000000000000000000030');
INSERT INTO md_action ( is_query, enclosing_md_controller, is_post, action_name, display_label, id) VALUES (0, '2efklp808mx4uyf6g4ktxjriu4ep3zjpNM200810110000000000000000000112', 1, 'delete', '0hudx95y3ab4siphczoj41bsrot82ir3NM200904120000000000000000000030', 'sv49dxbhld6f92thj5nlk79t96hmwe14NM200810110000000000000000000113');
INSERT INTO metadata ( description, created_by, owner, id, create_date, seq, type, remove, site_master, locked_by, entity_domain, last_updated_by, last_update_date, key_name) VALUES ('02hy6p4xy2cxjuqx9jo2geur9pkztxbwNM200904120000000000000000000030', '0000000000000000000000000000001000000000000000000000000000000003', '0000000000000000000000000000001000000000000000000000000000000003', 'sv49dxbhld6f92thj5nlk79t96hmwe14NM200810110000000000000000000113', '2011-10-03 16:03:31', 3190, 'com.runwaysdk.system.metadata.MdAction', 1, 'runwaysdk.com', NULL, NULL, '0000000000000000000000000000001000000000000000000000000000000003', '2011-10-03 16:03:31', 'com.runwaysdk.system.metadata.MdMobileCommentCommentTextController.delete');
INSERT INTO controller_action ( key_name, locked_by, id, owner, entity_domain, created_by, type, last_update_date, create_date, seq, last_updated_by, site_master, parent_id, child_id) VALUES ('com.runwaysdk.system.metadata.MdMobileCommentCommentTextController.delete', NULL, '73clu2ixefl6az2rjd01tb3zyjztlnfmJS200807230000000000000000111111', '0000000000000000000000000000001000000000000000000000000000000003', NULL, '0000000000000000000000000000001000000000000000000000000000000003', 'com.runwaysdk.system.ControllerAction', '2011-10-03 16:03:31', '2011-10-03 16:03:31', 3191, '0000000000000000000000000000001000000000000000000000000000000003', 'runwaysdk.com', '2efklp808mx4uyf6g4ktxjriu4ep3zjpNM200810110000000000000000000112', 'sv49dxbhld6f92thj5nlk79t96hmwe14NM200810110000000000000000000113');
INSERT INTO metadata_display_label ( default_locale, id, site_master, key_name) VALUES ('Parameter: com.runwaysdk.system.metadata.MdMobileCommentCommentText - dto', 'zh96416bp9wp2sa4al0zcpsz27a3o34jNM200904120000000000000000000030', 'runwaysdk.com', 'zh96416bp9wp2sa4al0zcpsz27a3o34jNM200904120000000000000000000030');
INSERT INTO metadata_display_label ( default_locale, id, site_master, key_name) VALUES ('com.runwaysdk.system.metadata.MdMobileCommentCommentText to delete', '6u0iku5kg34oj2dm4k2gzdfrbipnsczvNM200904120000000000000000000030', 'runwaysdk.com', '6u0iku5kg34oj2dm4k2gzdfrbipnsczvNM200904120000000000000000000030');
INSERT INTO md_parameter ( metadata, parameter_order, parameter_name, parameter_type, display_label, id) VALUES ('sv49dxbhld6f92thj5nlk79t96hmwe14NM200810110000000000000000000113', 0, 'dto', 'com.runwaysdk.system.metadata.MdMobileCommentCommentText', 'zh96416bp9wp2sa4al0zcpsz27a3o34jNM200904120000000000000000000030', '94otthzke650nil28ki7u3p7eochdld520070427JS0000000000000000001517');
INSERT INTO metadata ( description, created_by, owner, id, create_date, seq, type, remove, site_master, locked_by, entity_domain, last_updated_by, last_update_date, key_name) VALUES ('6u0iku5kg34oj2dm4k2gzdfrbipnsczvNM200904120000000000000000000030', '0000000000000000000000000000001000000000000000000000000000000003', '0000000000000000000000000000001000000000000000000000000000000003', '94otthzke650nil28ki7u3p7eochdld520070427JS0000000000000000001517', '2011-10-03 16:03:31', 3192, 'com.runwaysdk.system.metadata.MdParameter', 1, 'runwaysdk.com', NULL, NULL, '0000000000000000000000000000001000000000000000000000000000000003', '2011-10-03 16:03:31', 'com.runwaysdk.system.metadata.MdMobileCommentCommentTextController.delete.dto');
INSERT INTO metadata_parameter ( site_master, last_updated_by, create_date, seq, locked_by, entity_domain, created_by, type, last_update_date, key_name, owner, id, parent_id, child_id) VALUES ('runwaysdk.com', '0000000000000000000000000000001000000000000000000000000000000003', '2011-10-03 16:03:31', 3193, NULL, NULL, '0000000000000000000000000000001000000000000000000000000000000003', 'com.runwaysdk.system.MetadataParameter', '2011-10-03 16:03:31', 'com.runwaysdk.system.metadata.MdMobileCommentCommentTextController.delete.dto', '0000000000000000000000000000001000000000000000000000000000000003', '6pp1x0xy1xzpc22r6ayl3s8rtf3r7lju20070427JS0000000000000000001524', 'sv49dxbhld6f92thj5nlk79t96hmwe14NM200810110000000000000000000113', '94otthzke650nil28ki7u3p7eochdld520070427JS0000000000000000001517');
 INSERT INTO visibilitymodifier (set_id, item_id)  VALUES  ('0sgfvd60cwa8j1o2304uczwvsekqpuaq', '20071109NM000000000000000000000520071109NM0000000000000000000001');
INSERT INTO metadata_display_label ( default_locale, id, site_master, key_name) VALUES ('Comment Text', '7cigoieu14zsssivf4k9s00rzndyhfwdNM200904120000000000000000000030', 'runwaysdk.com', '7cigoieu14zsssivf4k9s00rzndyhfwdNM200904120000000000000000000030');
 INSERT INTO visibilitymodifier (set_id, item_id)  VALUES  ('z5hhc3uofbvcqvpsdxqyrn4pch37oqde', '20071109NM000000000000000000000520071109NM0000000000000000000001');
 INSERT INTO md_attribute_indicies (set_id, item_id)  VALUES  ('20eyjwpe9b6gknoc042si5rivjguzj4h', '0000000000000000000000000000040100000000000000000000000000000403');
INSERT INTO metadata_display_label ( default_locale, id, site_master, key_name) VALUES ('The text data for the comment.', 'xo9an1d68l0bu4pgzebxbc0ml6f1ggrtNM200904120000000000000000000030', 'runwaysdk.com', 'xo9an1d68l0bu4pgzebxbc0ml6f1ggrtNM200904120000000000000000000030');
INSERT INTO md_attribute_local_text ( id) VALUES ('1uqe6hgth9hu3wty4pnp10xsfr0bwhhw000000000000MdAttributeLocalText');
INSERT INTO md_attribute_local ( id) VALUES ('1uqe6hgth9hu3wty4pnp10xsfr0bwhhw000000000000MdAttributeLocalText');
INSERT INTO md_attribute_struct ( md_struct, id) VALUES ('rdm83br7s5513apx7vtg6xu7mr0odjwy0000000000000000000MdLocalStruct', '1uqe6hgth9hu3wty4pnp10xsfr0bwhhw000000000000MdAttributeLocalText');
INSERT INTO md_attribute_concrete ( column_name, defining_md_class, setter_visibility, setter_visibility_c, immutable, index_name, generate_accessor, system, required, display_label, getter_visibility, getter_visibility_c, index_type, index_type_c, attribute_name, id) VALUES ('comment_text', 't04fi26tc7dqo6ljuoh53je4svkuysah00000000000000000000000000000001', '0sgfvd60cwa8j1o2304uczwvsekqpuaq', '20071109NM000000000000000000000520071109NM0000000000000000000001', 0, 'aa6tucikovz6751er16kt54orc4t60', 1, 0, 0, '7cigoieu14zsssivf4k9s00rzndyhfwdNM200904120000000000000000000030', 'z5hhc3uofbvcqvpsdxqyrn4pch37oqde', '20071109NM000000000000000000000520071109NM0000000000000000000001', '20eyjwpe9b6gknoc042si5rivjguzj4h', '0000000000000000000000000000040100000000000000000000000000000403', 'commentText', '1uqe6hgth9hu3wty4pnp10xsfr0bwhhw000000000000MdAttributeLocalText');
INSERT INTO md_attribute ( id) VALUES ('1uqe6hgth9hu3wty4pnp10xsfr0bwhhw000000000000MdAttributeLocalText');
INSERT INTO metadata ( description, created_by, owner, id, create_date, seq, type, remove, site_master, locked_by, entity_domain, last_updated_by, last_update_date, key_name) VALUES ('xo9an1d68l0bu4pgzebxbc0ml6f1ggrtNM200904120000000000000000000030', '0000000000000000000000000000001000000000000000000000000000000003', '0000000000000000000000000000001000000000000000000000000000000003', '1uqe6hgth9hu3wty4pnp10xsfr0bwhhw000000000000MdAttributeLocalText', '2011-10-03 16:03:31', 3194, 'com.runwaysdk.system.metadata.MdAttributeLocalText', 1, 'runwaysdk.com', NULL, NULL, '0000000000000000000000000000001000000000000000000000000000000003', '2011-10-03 16:03:31', 'com.runwaysdk.system.metadata.MdMobileComment.commentText');
ALTER TABLE md_mobile_comment ADD COLUMN comment_text  char(64);
INSERT INTO class_attribute_concrete ( id, parent_id, child_id) VALUES ('qxg0mm143zqrl67o5mj5h13b61zmh04m00000000000000000000000000000073', 't04fi26tc7dqo6ljuoh53je4svkuysah00000000000000000000000000000001', '1uqe6hgth9hu3wty4pnp10xsfr0bwhhw000000000000MdAttributeLocalText');
INSERT INTO class_attribute ( id, parent_id, child_id) VALUES ('qxg0mm143zqrl67o5mj5h13b61zmh04m00000000000000000000000000000073', 't04fi26tc7dqo6ljuoh53je4svkuysah00000000000000000000000000000001', '1uqe6hgth9hu3wty4pnp10xsfr0bwhhw000000000000MdAttributeLocalText');
INSERT INTO metadata_relationship ( entity_domain, site_master, last_updated_by, id, owner, locked_by, create_date, type, created_by, seq, key_name, last_update_date, parent_id, child_id) VALUES (NULL, 'runwaysdk.com', '0000000000000000000000000000001000000000000000000000000000000003', 'qxg0mm143zqrl67o5mj5h13b61zmh04m00000000000000000000000000000073', '0000000000000000000000000000001000000000000000000000000000000003', NULL, '2011-10-03 16:03:31', 'com.runwaysdk.system.metadata.ClassAttributeConcrete', '0000000000000000000000000000001000000000000000000000000000000003', 3195, 'com.runwaysdk.system.metadata.MdMobileComment.commentText', '2011-10-03 16:03:31', 't04fi26tc7dqo6ljuoh53je4svkuysah00000000000000000000000000000001', '1uqe6hgth9hu3wty4pnp10xsfr0bwhhw000000000000MdAttributeLocalText');
 INSERT INTO visibilitymodifier (set_id, item_id)  VALUES  ('x8iwklyuvhvtom4deau50m9yssbksm9c', '20071109NM000000000000000000000520071109NM0000000000000000000001');
INSERT INTO metadata_display_label ( default_locale, id, site_master, key_name) VALUES ('Default Locale', '8x7w28gnrdq4mzuqysv9e1gy2ubpxzjaNM200904120000000000000000000030', 'runwaysdk.com', '8x7w28gnrdq4mzuqysv9e1gy2ubpxzjaNM200904120000000000000000000030');
 INSERT INTO visibilitymodifier (set_id, item_id)  VALUES  ('2647ppo5jcdw7yp2gmn00law36rfcs9v', '20071109NM000000000000000000000520071109NM0000000000000000000001');
 INSERT INTO md_attribute_indicies (set_id, item_id)  VALUES  ('6vaezmkxbi3ejmlykuwv2bapdeboq69z', '0000000000000000000000000000040100000000000000000000000000000403');
INSERT INTO metadata_display_label ( default_locale, id, site_master, key_name) VALUES ('Default locale', 'xmq4227jxz4e5hnabwfg00s99374gjxhNM200904120000000000000000000030', 'runwaysdk.com', 'xmq4227jxz4e5hnabwfg00s99374gjxhNM200904120000000000000000000030');
INSERT INTO md_attribute_text ( default_value, id) VALUES (NULL, '8htijmh7t0ve0m0defc8ef7k3mgqhv6a00000000000000000000000000000139');
INSERT INTO md_attribute_char ( id) VALUES ('8htijmh7t0ve0m0defc8ef7k3mgqhv6a00000000000000000000000000000139');
INSERT INTO md_attribute_primitive ( id) VALUES ('8htijmh7t0ve0m0defc8ef7k3mgqhv6a00000000000000000000000000000139');
INSERT INTO md_attribute_concrete ( column_name, defining_md_class, setter_visibility, setter_visibility_c, immutable, index_name, generate_accessor, system, required, display_label, getter_visibility, getter_visibility_c, index_type, index_type_c, attribute_name, id) VALUES ('default_locale', 'rdm83br7s5513apx7vtg6xu7mr0odjwy0000000000000000000MdLocalStruct', 'x8iwklyuvhvtom4deau50m9yssbksm9c', '20071109NM000000000000000000000520071109NM0000000000000000000001', 0, 'aaigt60cd5ormhlwjlcguvr60mq3ve', 0, 0, 0, '8x7w28gnrdq4mzuqysv9e1gy2ubpxzjaNM200904120000000000000000000030', '2647ppo5jcdw7yp2gmn00law36rfcs9v', '20071109NM000000000000000000000520071109NM0000000000000000000001', '6vaezmkxbi3ejmlykuwv2bapdeboq69z', '0000000000000000000000000000040100000000000000000000000000000403', 'defaultLocale', '8htijmh7t0ve0m0defc8ef7k3mgqhv6a00000000000000000000000000000139');
INSERT INTO md_attribute ( id) VALUES ('8htijmh7t0ve0m0defc8ef7k3mgqhv6a00000000000000000000000000000139');
INSERT INTO metadata ( description, created_by, owner, id, create_date, seq, type, remove, site_master, locked_by, entity_domain, last_updated_by, last_update_date, key_name) VALUES ('xmq4227jxz4e5hnabwfg00s99374gjxhNM200904120000000000000000000030', '0000000000000000000000000000001000000000000000000000000000000003', '0000000000000000000000000000001000000000000000000000000000000003', '8htijmh7t0ve0m0defc8ef7k3mgqhv6a00000000000000000000000000000139', '2011-10-03 16:03:31', 3196, 'com.runwaysdk.system.metadata.MdAttributeText', 1, 'runwaysdk.com', NULL, NULL, '0000000000000000000000000000001000000000000000000000000000000003', '2011-10-03 16:03:31', 'com.runwaysdk.system.metadata.MdMobileCommentCommentText.defaultLocale');
ALTER TABLE md_mobile_comment_comment_text ADD COLUMN default_locale  text;
INSERT INTO class_attribute_concrete ( id, parent_id, child_id) VALUES ('8dci80ara4efuglezb69cae5m0jeq0hs00000000000000000000000000000073', 'rdm83br7s5513apx7vtg6xu7mr0odjwy0000000000000000000MdLocalStruct', '8htijmh7t0ve0m0defc8ef7k3mgqhv6a00000000000000000000000000000139');
INSERT INTO class_attribute ( id, parent_id, child_id) VALUES ('8dci80ara4efuglezb69cae5m0jeq0hs00000000000000000000000000000073', 'rdm83br7s5513apx7vtg6xu7mr0odjwy0000000000000000000MdLocalStruct', '8htijmh7t0ve0m0defc8ef7k3mgqhv6a00000000000000000000000000000139');
INSERT INTO metadata_relationship ( entity_domain, site_master, last_updated_by, id, owner, locked_by, create_date, type, created_by, seq, key_name, last_update_date, parent_id, child_id) VALUES (NULL, 'runwaysdk.com', '0000000000000000000000000000001000000000000000000000000000000003', '8dci80ara4efuglezb69cae5m0jeq0hs00000000000000000000000000000073', '0000000000000000000000000000001000000000000000000000000000000003', NULL, '2011-10-03 16:03:31', 'com.runwaysdk.system.metadata.ClassAttributeConcrete', '0000000000000000000000000000001000000000000000000000000000000003', 3197, 'com.runwaysdk.system.metadata.MdMobileCommentCommentText.defaultLocale', '2011-10-03 16:03:31', 'rdm83br7s5513apx7vtg6xu7mr0odjwy0000000000000000000MdLocalStruct', '8htijmh7t0ve0m0defc8ef7k3mgqhv6a00000000000000000000000000000139');
 INSERT INTO relationship_cache (set_id, item_id)  VALUES  ('719169c60i5gjwuwm6w7xv5369z5gjg3', '0000000000000000000000000000023100000000000000000000000000000222');
 INSERT INTO visibilitymodifier (set_id, item_id)  VALUES  ('6xbgrbi9g23aggexya37vx5axm9d29is', '20071109NM000000000000000000000520071109NM0000000000000000000001');
INSERT INTO metadata_display_label ( default_locale, id, site_master, key_name) VALUES (NULL, 'z11dsbcu84irlyg01tlg5mi5wifd2yv9NM200904120000000000000000000030', 'runwaysdk.com', 'z11dsbcu84irlyg01tlg5mi5wifd2yv9NM200904120000000000000000000030');
 INSERT INTO visibilitymodifier (set_id, item_id)  VALUES  ('1pise3x7nojwbgt02lvi3px4au36yzoz', '20071109NM000000000000000000000520071109NM0000000000000000000001');
INSERT INTO metadata_display_label ( default_locale, id, site_master, key_name) VALUES (NULL, '8t9qkmciolqa8tia0ukr49jcwhbaufalNM200904120000000000000000000030', 'runwaysdk.com', '8t9qkmciolqa8tia0ukr49jcwhbaufalNM200904120000000000000000000030');
INSERT INTO metadata_display_label ( default_locale, id, site_master, key_name) VALUES ('FormField', 'z9z52ec0sl8l0m70mnmpnu0l59gajo0jNM200904120000000000000000000030', 'runwaysdk.com', 'z9z52ec0sl8l0m70mnmpnu0l59gajo0jNM200904120000000000000000000030');
INSERT INTO metadata_display_label ( default_locale, id, site_master, key_name) VALUES ('Form Field', 'rapul1zz3ea6gppbccy4ga3vntdmgchjNM200904120000000000000000000030', 'runwaysdk.com', 'rapul1zz3ea6gppbccy4ga3vntdmgchjNM200904120000000000000000000030');
INSERT INTO md_relationship ( cache_algorithm, cache_algorithm_c, index2_name, parent_visibility, parent_visibility_c, parent_md_business, parent_cardinality, composition, parent_display_label, sort_md_attribute, child_visibility, child_visibility_c, child_method, super_md_relationship, parent_method, index1_name, child_md_business, child_display_label, child_cardinality, id) VALUES ('719169c60i5gjwuwm6w7xv5369z5gjg3', '0000000000000000000000000000023100000000000000000000000000000222', 'rel_6y6kzo6u5oy5i89tr7baqydnes', '6xbgrbi9g23aggexya37vx5axm9d29is', '20071109NM000000000000000000000520071109NM0000000000000000000001', '1yd2fgkyvjxstizcgyfqsu97qbpvpiru00000000000000000000000000000001', '1', 0, 'z11dsbcu84irlyg01tlg5mi5wifd2yv9NM200904120000000000000000000030', NULL, '1pise3x7nojwbgt02lvi3px4au36yzoz', '20071109NM000000000000000000000520071109NM0000000000000000000001', 'MdFields', NULL, 'MdForm', 'rel_8cyw9bwbyypy9y5fltaaf2vw4u', '1p8imi9p4g6xmfg82cskzb95veiiu78r00000000000000000000000000000001', '8t9qkmciolqa8tia0ukr49jcwhbaufalNM200904120000000000000000000030', '*', '6rg3o5apigouyhhq5j4wt6d72z1zf0y200000000000000000000000000000061');
INSERT INTO md_element ( extendable, is_abstract, id) VALUES (1, 1, '6rg3o5apigouyhhq5j4wt6d72z1zf0y200000000000000000000000000000061');
INSERT INTO md_entity ( query_dto_source, query_source, cache_size, enforce_site_master, table_name, id) VALUES (NULL, NULL, 0, 1, 'form_field', '6rg3o5apigouyhhq5j4wt6d72z1zf0y200000000000000000000000000000061');
INSERT INTO md_class ( publish, stub_dto_source, stub_source, id) VALUES (1, NULL, NULL, '6rg3o5apigouyhhq5j4wt6d72z1zf0y200000000000000000000000000000061');
INSERT INTO md_type ( display_label, root_id, package_name, type_name, base_source, js_base, js_stub, exported, dto_source, id) VALUES ('z9z52ec0sl8l0m70mnmpnu0l59gajo0jNM200904120000000000000000000030', '6rg3o5apigouyhhq5j4wt6d72z1zf0y2', 'com.runwaysdk.system.metadata', 'FormField', NULL, NULL, NULL, 1, NULL, '6rg3o5apigouyhhq5j4wt6d72z1zf0y200000000000000000000000000000061');
INSERT INTO metadata ( description, created_by, owner, id, create_date, seq, type, remove, site_master, locked_by, entity_domain, last_updated_by, last_update_date, key_name) VALUES ('rapul1zz3ea6gppbccy4ga3vntdmgchjNM200904120000000000000000000030', '0000000000000000000000000000001000000000000000000000000000000003', '0000000000000000000000000000001000000000000000000000000000000003', '6rg3o5apigouyhhq5j4wt6d72z1zf0y200000000000000000000000000000061', '2011-10-03 16:03:31', 3198, 'com.runwaysdk.system.metadata.MdRelationship', 1, 'runwaysdk.com', NULL, NULL, '0000000000000000000000000000001000000000000000000000000000000003', '2011-10-03 16:03:31', 'com.runwaysdk.system.metadata.FormField');
CREATE TABLE form_field ( id CHAR(64) NOT NULL PRIMARY KEY, 
parent_id CHAR(64) NOT NULL, 
child_id CHAR(64) NOT NULL );
CREATE  INDEX rel_8cyw9bwbyypy9y5fltaaf2vw4u ON form_field (parent_id, child_id);
CREATE INDEX rel_6y6kzo6u5oy5i89tr7baqydnes ON form_field (child_id);
 INSERT INTO visibilitymodifier (set_id, item_id)  VALUES  ('zlufmoue6cj5akqoxp6r1arw9wjno8iu', '20071109NM000000000000000000000520071109NM0000000000000000000001');
INSERT INTO metadata_display_label ( default_locale, id, site_master, key_name) VALUES ('ID', 'xo7hqif12oba88icivpsil85lln485ftNM200904120000000000000000000030', 'runwaysdk.com', 'xo7hqif12oba88icivpsil85lln485ftNM200904120000000000000000000030');
 INSERT INTO visibilitymodifier (set_id, item_id)  VALUES  ('08mzj2e7ojoo7h5w2dc7ete6ekk7eyxr', '20071109NM000000000000000000000520071109NM0000000000000000000001');
 INSERT INTO md_attribute_indicies (set_id, item_id)  VALUES  ('qs4p06ewg0h0rnmqc5s8698hglj6k3gz', '0000000000000000000000000000040900000000000000000000000000000403');
INSERT INTO metadata_display_label ( default_locale, id, site_master, key_name) VALUES ('ID of this object', 'zo9rp50z7nmfwaa30r52figzu1hi82fzNM200904120000000000000000000030', 'runwaysdk.com', 'zo9rp50z7nmfwaa30r52figzu1hi82fzNM200904120000000000000000000030');
INSERT INTO md_attribute_character ( default_value, database_size, id) VALUES (NULL, 64, '8xkxljjiwvltfus9ybj2d3h9mmfa6kwm00000000000000000000000000000138');
INSERT INTO md_attribute_char ( id) VALUES ('8xkxljjiwvltfus9ybj2d3h9mmfa6kwm00000000000000000000000000000138');
INSERT INTO md_attribute_primitive ( id) VALUES ('8xkxljjiwvltfus9ybj2d3h9mmfa6kwm00000000000000000000000000000138');
INSERT INTO md_attribute_concrete ( column_name, defining_md_class, setter_visibility, setter_visibility_c, immutable, index_name, generate_accessor, system, required, display_label, getter_visibility, getter_visibility_c, index_type, index_type_c, attribute_name, id) VALUES ('id', '6rg3o5apigouyhhq5j4wt6d72z1zf0y200000000000000000000000000000061', 'zlufmoue6cj5akqoxp6r1arw9wjno8iu', '20071109NM000000000000000000000520071109NM0000000000000000000001', 0, 'a29czzsspxbsuuar19c6i6xw9t5fcx', 1, 1, 1, 'xo7hqif12oba88icivpsil85lln485ftNM200904120000000000000000000030', '08mzj2e7ojoo7h5w2dc7ete6ekk7eyxr', '20071109NM000000000000000000000520071109NM0000000000000000000001', 'qs4p06ewg0h0rnmqc5s8698hglj6k3gz', '0000000000000000000000000000040900000000000000000000000000000403', 'id', '8xkxljjiwvltfus9ybj2d3h9mmfa6kwm00000000000000000000000000000138');
INSERT INTO md_attribute ( id) VALUES ('8xkxljjiwvltfus9ybj2d3h9mmfa6kwm00000000000000000000000000000138');
INSERT INTO metadata ( description, created_by, owner, id, create_date, seq, type, remove, site_master, locked_by, entity_domain, last_updated_by, last_update_date, key_name) VALUES ('zo9rp50z7nmfwaa30r52figzu1hi82fzNM200904120000000000000000000030', '0000000000000000000000000000001000000000000000000000000000000003', '0000000000000000000000000000001000000000000000000000000000000003', '8xkxljjiwvltfus9ybj2d3h9mmfa6kwm00000000000000000000000000000138', '2011-10-03 16:03:31', 3199, 'com.runwaysdk.system.metadata.MdAttributeCharacter', 0, 'runwaysdk.com', NULL, NULL, '0000000000000000000000000000001000000000000000000000000000000003', '2011-10-03 16:03:31', 'com.runwaysdk.system.metadata.FormField.id');
INSERT INTO class_attribute_concrete ( id, parent_id, child_id) VALUES ('8gt0ssrhd2wd2e2thds2a6rzazblsd9d00000000000000000000000000000073', '6rg3o5apigouyhhq5j4wt6d72z1zf0y200000000000000000000000000000061', '8xkxljjiwvltfus9ybj2d3h9mmfa6kwm00000000000000000000000000000138');
INSERT INTO class_attribute ( id, parent_id, child_id) VALUES ('8gt0ssrhd2wd2e2thds2a6rzazblsd9d00000000000000000000000000000073', '6rg3o5apigouyhhq5j4wt6d72z1zf0y200000000000000000000000000000061', '8xkxljjiwvltfus9ybj2d3h9mmfa6kwm00000000000000000000000000000138');
INSERT INTO metadata_relationship ( entity_domain, site_master, last_updated_by, id, owner, locked_by, create_date, type, created_by, seq, key_name, last_update_date, parent_id, child_id) VALUES (NULL, 'runwaysdk.com', '0000000000000000000000000000001000000000000000000000000000000003', '8gt0ssrhd2wd2e2thds2a6rzazblsd9d00000000000000000000000000000073', '0000000000000000000000000000001000000000000000000000000000000003', NULL, '2011-10-03 16:03:31', 'com.runwaysdk.system.metadata.ClassAttributeConcrete', '0000000000000000000000000000001000000000000000000000000000000003', 3200, 'com.runwaysdk.system.metadata.FormField.id', '2011-10-03 16:03:31', '6rg3o5apigouyhhq5j4wt6d72z1zf0y200000000000000000000000000000061', '8xkxljjiwvltfus9ybj2d3h9mmfa6kwm00000000000000000000000000000138');
 INSERT INTO visibilitymodifier (set_id, item_id)  VALUES  ('znvu468sjtm6dc4edbm4a399cvvivlnm', '20071109NM000000000000000000000520071109NM0000000000000000000001');
INSERT INTO metadata_display_label ( default_locale, id, site_master, key_name) VALUES ('Site Master', 'szr0nfxd48w5x2lbn2a6yolddc2i38iyNM200904120000000000000000000030', 'runwaysdk.com', 'szr0nfxd48w5x2lbn2a6yolddc2i38iyNM200904120000000000000000000030');
 INSERT INTO visibilitymodifier (set_id, item_id)  VALUES  ('ss29jz7jscrhz6qai7bgpwdg6mq9imje', '20071109NM000000000000000000000520071109NM0000000000000000000001');
 INSERT INTO md_attribute_indicies (set_id, item_id)  VALUES  ('qlookm7uwkld56php28gyhgnuukai5b4', '0000000000000000000000000000040100000000000000000000000000000403');
INSERT INTO metadata_display_label ( default_locale, id, site_master, key_name) VALUES ('The name of the site responsible for this object', '251n3uhig80yjirxktjfxvyyseye89rvNM200904120000000000000000000030', 'runwaysdk.com', '251n3uhig80yjirxktjfxvyyseye89rvNM200904120000000000000000000030');
INSERT INTO md_attribute_character ( default_value, database_size, id) VALUES (NULL, 255, 'spes2qdqkl7bzl7lkmrxhramlq581n8v00000000000000000000000000000138');
INSERT INTO md_attribute_char ( id) VALUES ('spes2qdqkl7bzl7lkmrxhramlq581n8v00000000000000000000000000000138');
INSERT INTO md_attribute_primitive ( id) VALUES ('spes2qdqkl7bzl7lkmrxhramlq581n8v00000000000000000000000000000138');
INSERT INTO md_attribute_concrete ( column_name, defining_md_class, setter_visibility, setter_visibility_c, immutable, index_name, generate_accessor, system, required, display_label, getter_visibility, getter_visibility_c, index_type, index_type_c, attribute_name, id) VALUES ('site_master', '6rg3o5apigouyhhq5j4wt6d72z1zf0y200000000000000000000000000000061', 'znvu468sjtm6dc4edbm4a399cvvivlnm', '20071109NM000000000000000000000520071109NM0000000000000000000001', 1, 'agec9lj1qpwxhxa8dhv4oedsv6o9rx', 1, 1, 1, 'szr0nfxd48w5x2lbn2a6yolddc2i38iyNM200904120000000000000000000030', 'ss29jz7jscrhz6qai7bgpwdg6mq9imje', '20071109NM000000000000000000000520071109NM0000000000000000000001', 'qlookm7uwkld56php28gyhgnuukai5b4', '0000000000000000000000000000040100000000000000000000000000000403', 'siteMaster', 'spes2qdqkl7bzl7lkmrxhramlq581n8v00000000000000000000000000000138');
INSERT INTO md_attribute ( id) VALUES ('spes2qdqkl7bzl7lkmrxhramlq581n8v00000000000000000000000000000138');
INSERT INTO metadata ( description, created_by, owner, id, create_date, seq, type, remove, site_master, locked_by, entity_domain, last_updated_by, last_update_date, key_name) VALUES ('251n3uhig80yjirxktjfxvyyseye89rvNM200904120000000000000000000030', '0000000000000000000000000000001000000000000000000000000000000003', '0000000000000000000000000000001000000000000000000000000000000003', 'spes2qdqkl7bzl7lkmrxhramlq581n8v00000000000000000000000000000138', '2011-10-03 16:03:31', 3201, 'com.runwaysdk.system.metadata.MdAttributeCharacter', 0, 'runwaysdk.com', NULL, NULL, '0000000000000000000000000000001000000000000000000000000000000003', '2011-10-03 16:03:31', 'com.runwaysdk.system.metadata.FormField.siteMaster');
ALTER TABLE form_field ADD COLUMN site_master  varchar(255);
INSERT INTO class_attribute_concrete ( id, parent_id, child_id) VALUES ('8qnb2p0vjuuraseqsbld27p1rkavo1n500000000000000000000000000000073', '6rg3o5apigouyhhq5j4wt6d72z1zf0y200000000000000000000000000000061', 'spes2qdqkl7bzl7lkmrxhramlq581n8v00000000000000000000000000000138');
INSERT INTO class_attribute ( id, parent_id, child_id) VALUES ('8qnb2p0vjuuraseqsbld27p1rkavo1n500000000000000000000000000000073', '6rg3o5apigouyhhq5j4wt6d72z1zf0y200000000000000000000000000000061', 'spes2qdqkl7bzl7lkmrxhramlq581n8v00000000000000000000000000000138');
INSERT INTO metadata_relationship ( entity_domain, site_master, last_updated_by, id, owner, locked_by, create_date, type, created_by, seq, key_name, last_update_date, parent_id, child_id) VALUES (NULL, 'runwaysdk.com', '0000000000000000000000000000001000000000000000000000000000000003', '8qnb2p0vjuuraseqsbld27p1rkavo1n500000000000000000000000000000073', '0000000000000000000000000000001000000000000000000000000000000003', NULL, '2011-10-03 16:03:31', 'com.runwaysdk.system.metadata.ClassAttributeConcrete', '0000000000000000000000000000001000000000000000000000000000000003', 3202, 'com.runwaysdk.system.metadata.FormField.siteMaster', '2011-10-03 16:03:31', '6rg3o5apigouyhhq5j4wt6d72z1zf0y200000000000000000000000000000061', 'spes2qdqkl7bzl7lkmrxhramlq581n8v00000000000000000000000000000138');
 INSERT INTO visibilitymodifier (set_id, item_id)  VALUES  ('xczjiv96fd5ddujkt5dfu47hhm5rj3y1', '20071109NM000000000000000000000520071109NM0000000000000000000001');
INSERT INTO metadata_display_label ( default_locale, id, site_master, key_name) VALUES ('Key Name', 'zdy6bl6q8urmnh15nboehnaj0lmd57hdNM200904120000000000000000000030', 'runwaysdk.com', 'zdy6bl6q8urmnh15nboehnaj0lmd57hdNM200904120000000000000000000030');
 INSERT INTO visibilitymodifier (set_id, item_id)  VALUES  ('t260lja1d258p3gfm7w9mxziwpptx4wm', '20071109NM000000000000000000000520071109NM0000000000000000000001');
 INSERT INTO md_attribute_indicies (set_id, item_id)  VALUES  ('0azfm6jfhk16mu3hfdmjrnnd0n2vnhc5', '0000000000000000000000000000040900000000000000000000000000000403');
INSERT INTO metadata_display_label ( default_locale, id, site_master, key_name) VALUES ('Key which uniquely identifies each instance of this type heirarchy.', 'qwswaotxnbmw8buhgliwvtrt2o5n36p8NM200904120000000000000000000030', 'runwaysdk.com', 'qwswaotxnbmw8buhgliwvtrt2o5n36p8NM200904120000000000000000000030');
INSERT INTO md_attribute_character ( default_value, database_size, id) VALUES (NULL, 255, '09k433fbwg1kft8gaeq8tzmrwy4pxts800000000000000000000000000000138');
INSERT INTO md_attribute_char ( id) VALUES ('09k433fbwg1kft8gaeq8tzmrwy4pxts800000000000000000000000000000138');
INSERT INTO md_attribute_primitive ( id) VALUES ('09k433fbwg1kft8gaeq8tzmrwy4pxts800000000000000000000000000000138');
INSERT INTO md_attribute_concrete ( column_name, defining_md_class, setter_visibility, setter_visibility_c, immutable, index_name, generate_accessor, system, required, display_label, getter_visibility, getter_visibility_c, index_type, index_type_c, attribute_name, id) VALUES ('key_name', '6rg3o5apigouyhhq5j4wt6d72z1zf0y200000000000000000000000000000061', 'xczjiv96fd5ddujkt5dfu47hhm5rj3y1', '20071109NM000000000000000000000520071109NM0000000000000000000001', 0, 'aps4nw2wux7igocsqneqvz48k0v5n9', 1, 0, 1, 'zdy6bl6q8urmnh15nboehnaj0lmd57hdNM200904120000000000000000000030', 't260lja1d258p3gfm7w9mxziwpptx4wm', '20071109NM000000000000000000000520071109NM0000000000000000000001', '0azfm6jfhk16mu3hfdmjrnnd0n2vnhc5', '0000000000000000000000000000040900000000000000000000000000000403', 'keyName', '09k433fbwg1kft8gaeq8tzmrwy4pxts800000000000000000000000000000138');
INSERT INTO md_attribute ( id) VALUES ('09k433fbwg1kft8gaeq8tzmrwy4pxts800000000000000000000000000000138');
INSERT INTO metadata ( description, created_by, owner, id, create_date, seq, type, remove, site_master, locked_by, entity_domain, last_updated_by, last_update_date, key_name) VALUES ('qwswaotxnbmw8buhgliwvtrt2o5n36p8NM200904120000000000000000000030', '0000000000000000000000000000001000000000000000000000000000000003', '0000000000000000000000000000001000000000000000000000000000000003', '09k433fbwg1kft8gaeq8tzmrwy4pxts800000000000000000000000000000138', '2011-10-03 16:03:31', 3203, 'com.runwaysdk.system.metadata.MdAttributeCharacter', 1, 'runwaysdk.com', NULL, NULL, '0000000000000000000000000000001000000000000000000000000000000003', '2011-10-03 16:03:31', 'com.runwaysdk.system.metadata.FormField.keyName');
ALTER TABLE form_field ADD COLUMN key_name  varchar(255);
INSERT INTO class_attribute_concrete ( id, parent_id, child_id) VALUES ('6u86vyw2mi8z9i853150yp65xmsb222f00000000000000000000000000000073', '6rg3o5apigouyhhq5j4wt6d72z1zf0y200000000000000000000000000000061', '09k433fbwg1kft8gaeq8tzmrwy4pxts800000000000000000000000000000138');
INSERT INTO class_attribute ( id, parent_id, child_id) VALUES ('6u86vyw2mi8z9i853150yp65xmsb222f00000000000000000000000000000073', '6rg3o5apigouyhhq5j4wt6d72z1zf0y200000000000000000000000000000061', '09k433fbwg1kft8gaeq8tzmrwy4pxts800000000000000000000000000000138');
INSERT INTO metadata_relationship ( entity_domain, site_master, last_updated_by, id, owner, locked_by, create_date, type, created_by, seq, key_name, last_update_date, parent_id, child_id) VALUES (NULL, 'runwaysdk.com', '0000000000000000000000000000001000000000000000000000000000000003', '6u86vyw2mi8z9i853150yp65xmsb222f00000000000000000000000000000073', '0000000000000000000000000000001000000000000000000000000000000003', NULL, '2011-10-03 16:03:31', 'com.runwaysdk.system.metadata.ClassAttributeConcrete', '0000000000000000000000000000001000000000000000000000000000000003', 3204, 'com.runwaysdk.system.metadata.FormField.keyName', '2011-10-03 16:03:31', '6rg3o5apigouyhhq5j4wt6d72z1zf0y200000000000000000000000000000061', '09k433fbwg1kft8gaeq8tzmrwy4pxts800000000000000000000000000000138');
CREATE UNIQUE INDEX aps4nw2wux7igocsqneqvz48k0v5n9 ON form_field (key_name);
 INSERT INTO visibilitymodifier (set_id, item_id)  VALUES  ('x86dq7pkx5kb9wa1brplt3s4ltuz02d2', '20071109NM000000000000000000000520071109NM0000000000000000000001');
INSERT INTO metadata_display_label ( default_locale, id, site_master, key_name) VALUES ('Last Update Date', '2ac1h3l7mb8a4rwri1vsur8upw0fibf3NM200904120000000000000000000030', 'runwaysdk.com', '2ac1h3l7mb8a4rwri1vsur8upw0fibf3NM200904120000000000000000000030');
 INSERT INTO visibilitymodifier (set_id, item_id)  VALUES  ('xpfwgi7xac2z535r8hw1o63mxib8tfez', '20071109NM000000000000000000000520071109NM0000000000000000000001');
 INSERT INTO md_attribute_indicies (set_id, item_id)  VALUES  ('77uxeg58ezho78ysw9s6jkuui13o6kct', '0000000000000000000000000000040100000000000000000000000000000403');
INSERT INTO metadata_display_label ( default_locale, id, site_master, key_name) VALUES ('Date and time this record was last updated', 'qu4p8wh2ijb58x653mdu92i08torwd4jNM200904120000000000000000000030', 'runwaysdk.com', 'qu4p8wh2ijb58x653mdu92i08torwd4jNM200904120000000000000000000030');
INSERT INTO md_attribute_datetime ( default_value, id) VALUES (NULL, '2galpaaw7bht0apsi0kt8rgjhrs1dym100000000000000000000000000000341');
INSERT INTO md_attribute_moment ( id) VALUES ('2galpaaw7bht0apsi0kt8rgjhrs1dym100000000000000000000000000000341');
INSERT INTO md_attribute_primitive ( id) VALUES ('2galpaaw7bht0apsi0kt8rgjhrs1dym100000000000000000000000000000341');
INSERT INTO md_attribute_concrete ( column_name, defining_md_class, setter_visibility, setter_visibility_c, immutable, index_name, generate_accessor, system, required, display_label, getter_visibility, getter_visibility_c, index_type, index_type_c, attribute_name, id) VALUES ('last_update_date', '6rg3o5apigouyhhq5j4wt6d72z1zf0y200000000000000000000000000000061', 'x86dq7pkx5kb9wa1brplt3s4ltuz02d2', '20071109NM000000000000000000000520071109NM0000000000000000000001', 0, 'a7ttqasnfum8nmydnqe5vrn10s8aq3', 1, 1, 1, '2ac1h3l7mb8a4rwri1vsur8upw0fibf3NM200904120000000000000000000030', 'xpfwgi7xac2z535r8hw1o63mxib8tfez', '20071109NM000000000000000000000520071109NM0000000000000000000001', '77uxeg58ezho78ysw9s6jkuui13o6kct', '0000000000000000000000000000040100000000000000000000000000000403', 'lastUpdateDate', '2galpaaw7bht0apsi0kt8rgjhrs1dym100000000000000000000000000000341');
INSERT INTO md_attribute ( id) VALUES ('2galpaaw7bht0apsi0kt8rgjhrs1dym100000000000000000000000000000341');
INSERT INTO metadata ( description, created_by, owner, id, create_date, seq, type, remove, site_master, locked_by, entity_domain, last_updated_by, last_update_date, key_name) VALUES ('qu4p8wh2ijb58x653mdu92i08torwd4jNM200904120000000000000000000030', '0000000000000000000000000000001000000000000000000000000000000003', '0000000000000000000000000000001000000000000000000000000000000003', '2galpaaw7bht0apsi0kt8rgjhrs1dym100000000000000000000000000000341', '2011-10-03 16:03:31', 3205, 'com.runwaysdk.system.metadata.MdAttributeDateTime', 0, 'runwaysdk.com', NULL, NULL, '0000000000000000000000000000001000000000000000000000000000000003', '2011-10-03 16:03:31', 'com.runwaysdk.system.metadata.FormField.lastUpdateDate');
ALTER TABLE form_field ADD COLUMN last_update_date  timestamp;
INSERT INTO class_attribute_concrete ( id, parent_id, child_id) VALUES ('1yn3belid8mzeo5xh611k5ilfjf81rgl00000000000000000000000000000073', '6rg3o5apigouyhhq5j4wt6d72z1zf0y200000000000000000000000000000061', '2galpaaw7bht0apsi0kt8rgjhrs1dym100000000000000000000000000000341');
INSERT INTO class_attribute ( id, parent_id, child_id) VALUES ('1yn3belid8mzeo5xh611k5ilfjf81rgl00000000000000000000000000000073', '6rg3o5apigouyhhq5j4wt6d72z1zf0y200000000000000000000000000000061', '2galpaaw7bht0apsi0kt8rgjhrs1dym100000000000000000000000000000341');
INSERT INTO metadata_relationship ( entity_domain, site_master, last_updated_by, id, owner, locked_by, create_date, type, created_by, seq, key_name, last_update_date, parent_id, child_id) VALUES (NULL, 'runwaysdk.com', '0000000000000000000000000000001000000000000000000000000000000003', '1yn3belid8mzeo5xh611k5ilfjf81rgl00000000000000000000000000000073', '0000000000000000000000000000001000000000000000000000000000000003', NULL, '2011-10-03 16:03:31', 'com.runwaysdk.system.metadata.ClassAttributeConcrete', '0000000000000000000000000000001000000000000000000000000000000003', 3206, 'com.runwaysdk.system.metadata.FormField.lastUpdateDate', '2011-10-03 16:03:31', '6rg3o5apigouyhhq5j4wt6d72z1zf0y200000000000000000000000000000061', '2galpaaw7bht0apsi0kt8rgjhrs1dym100000000000000000000000000000341');
 INSERT INTO visibilitymodifier (set_id, item_id)  VALUES  ('xjm9ldzvcooyyip9x32y5dpbfab3oz3s', '20071109NM000000000000000000000520071109NM0000000000000000000001');
INSERT INTO metadata_display_label ( default_locale, id, site_master, key_name) VALUES ('Last Updated By', 'qlcuynv3gm9rvnqs6plwnag4qeprmyecNM200904120000000000000000000030', 'runwaysdk.com', 'qlcuynv3gm9rvnqs6plwnag4qeprmyecNM200904120000000000000000000030');
 INSERT INTO visibilitymodifier (set_id, item_id)  VALUES  ('xsffymc2dxu0sdwfihy3dc2tw7fntjde', '20071109NM000000000000000000000520071109NM0000000000000000000001');
 INSERT INTO md_attribute_indicies (set_id, item_id)  VALUES  ('z6z254ljtgjzxhpwodwxz94l50035auq', '0000000000000000000000000000040000000000000000000000000000000403');
INSERT INTO metadata_display_label ( default_locale, id, site_master, key_name) VALUES ('User who last updated this object', 'xd1e4go981a7x71cb1pla8g8a54b0yxiNM200904120000000000000000000030', 'runwaysdk.com', 'xd1e4go981a7x71cb1pla8g8a54b0yxiNM200904120000000000000000000030');
INSERT INTO md_attribute_reference ( default_value, md_business, id) VALUES (NULL, 'JS20070723000000000000000000156000000000000000000000000000000001', '1uobr9y7qte02xcr0fmn2vhb2c87ylug00000000000000000000000000000186');
INSERT INTO md_attribute_ref ( id) VALUES ('1uobr9y7qte02xcr0fmn2vhb2c87ylug00000000000000000000000000000186');
INSERT INTO md_attribute_concrete ( column_name, defining_md_class, setter_visibility, setter_visibility_c, immutable, index_name, generate_accessor, system, required, display_label, getter_visibility, getter_visibility_c, index_type, index_type_c, attribute_name, id) VALUES ('last_updated_by', '6rg3o5apigouyhhq5j4wt6d72z1zf0y200000000000000000000000000000061', 'xjm9ldzvcooyyip9x32y5dpbfab3oz3s', '20071109NM000000000000000000000520071109NM0000000000000000000001', 0, 'apv388a7zj2jklyc13kafsdb6xxe6m', 1, 1, 1, 'qlcuynv3gm9rvnqs6plwnag4qeprmyecNM200904120000000000000000000030', 'xsffymc2dxu0sdwfihy3dc2tw7fntjde', '20071109NM000000000000000000000520071109NM0000000000000000000001', 'z6z254ljtgjzxhpwodwxz94l50035auq', '0000000000000000000000000000040000000000000000000000000000000403', 'lastUpdatedBy', '1uobr9y7qte02xcr0fmn2vhb2c87ylug00000000000000000000000000000186');
INSERT INTO md_attribute ( id) VALUES ('1uobr9y7qte02xcr0fmn2vhb2c87ylug00000000000000000000000000000186');
INSERT INTO metadata ( description, created_by, owner, id, create_date, seq, type, remove, site_master, locked_by, entity_domain, last_updated_by, last_update_date, key_name) VALUES ('xd1e4go981a7x71cb1pla8g8a54b0yxiNM200904120000000000000000000030', '0000000000000000000000000000001000000000000000000000000000000003', '0000000000000000000000000000001000000000000000000000000000000003', '1uobr9y7qte02xcr0fmn2vhb2c87ylug00000000000000000000000000000186', '2011-10-03 16:03:31', 3207, 'com.runwaysdk.system.metadata.MdAttributeReference', 0, 'runwaysdk.com', NULL, NULL, '0000000000000000000000000000001000000000000000000000000000000003', '2011-10-03 16:03:31', 'com.runwaysdk.system.metadata.FormField.lastUpdatedBy');
ALTER TABLE form_field ADD COLUMN last_updated_by  char(64);
INSERT INTO class_attribute_concrete ( id, parent_id, child_id) VALUES ('xjjo8s3pid453dqvb77ngze7dwoe8nd600000000000000000000000000000073', '6rg3o5apigouyhhq5j4wt6d72z1zf0y200000000000000000000000000000061', '1uobr9y7qte02xcr0fmn2vhb2c87ylug00000000000000000000000000000186');
INSERT INTO class_attribute ( id, parent_id, child_id) VALUES ('xjjo8s3pid453dqvb77ngze7dwoe8nd600000000000000000000000000000073', '6rg3o5apigouyhhq5j4wt6d72z1zf0y200000000000000000000000000000061', '1uobr9y7qte02xcr0fmn2vhb2c87ylug00000000000000000000000000000186');
INSERT INTO metadata_relationship ( entity_domain, site_master, last_updated_by, id, owner, locked_by, create_date, type, created_by, seq, key_name, last_update_date, parent_id, child_id) VALUES (NULL, 'runwaysdk.com', '0000000000000000000000000000001000000000000000000000000000000003', 'xjjo8s3pid453dqvb77ngze7dwoe8nd600000000000000000000000000000073', '0000000000000000000000000000001000000000000000000000000000000003', NULL, '2011-10-03 16:03:31', 'com.runwaysdk.system.metadata.ClassAttributeConcrete', '0000000000000000000000000000001000000000000000000000000000000003', 3208, 'com.runwaysdk.system.metadata.FormField.lastUpdatedBy', '2011-10-03 16:03:31', '6rg3o5apigouyhhq5j4wt6d72z1zf0y200000000000000000000000000000061', '1uobr9y7qte02xcr0fmn2vhb2c87ylug00000000000000000000000000000186');
 INSERT INTO visibilitymodifier (set_id, item_id)  VALUES  ('xewwz8srg5tdrj7rjekgr17ngqzidpy2', '20071109NM000000000000000000000520071109NM0000000000000000000001');
INSERT INTO metadata_display_label ( default_locale, id, site_master, key_name) VALUES ('Created By', '1z9ohahjijyiuynw4tbr38n60vbluf3mNM200904120000000000000000000030', 'runwaysdk.com', '1z9ohahjijyiuynw4tbr38n60vbluf3mNM200904120000000000000000000030');
 INSERT INTO visibilitymodifier (set_id, item_id)  VALUES  ('2hk4du3140iwqojkruznjosg4d0t2re9', '20071109NM000000000000000000000520071109NM0000000000000000000001');
 INSERT INTO md_attribute_indicies (set_id, item_id)  VALUES  ('qwpvamzhi9qfvcuchrxxfe7sywnojf5w', '0000000000000000000000000000040000000000000000000000000000000403');
INSERT INTO metadata_display_label ( default_locale, id, site_master, key_name) VALUES ('User that created this object', '2dzi34sjkpy5quu4c0sod4k4qy6dji6bNM200904120000000000000000000030', 'runwaysdk.com', '2dzi34sjkpy5quu4c0sod4k4qy6dji6bNM200904120000000000000000000030');
INSERT INTO md_attribute_reference ( default_value, md_business, id) VALUES (NULL, 'JS20070723000000000000000000156000000000000000000000000000000001', '8nuqpuku40uw0wz706uygwailigwzwet00000000000000000000000000000186');
INSERT INTO md_attribute_ref ( id) VALUES ('8nuqpuku40uw0wz706uygwailigwzwet00000000000000000000000000000186');
INSERT INTO md_attribute_concrete ( column_name, defining_md_class, setter_visibility, setter_visibility_c, immutable, index_name, generate_accessor, system, required, display_label, getter_visibility, getter_visibility_c, index_type, index_type_c, attribute_name, id) VALUES ('created_by', '6rg3o5apigouyhhq5j4wt6d72z1zf0y200000000000000000000000000000061', 'xewwz8srg5tdrj7rjekgr17ngqzidpy2', '20071109NM000000000000000000000520071109NM0000000000000000000001', 1, 'asvrjblzp0mcdpmlbr1nojc360ra0j', 1, 1, 1, '1z9ohahjijyiuynw4tbr38n60vbluf3mNM200904120000000000000000000030', '2hk4du3140iwqojkruznjosg4d0t2re9', '20071109NM000000000000000000000520071109NM0000000000000000000001', 'qwpvamzhi9qfvcuchrxxfe7sywnojf5w', '0000000000000000000000000000040000000000000000000000000000000403', 'createdBy', '8nuqpuku40uw0wz706uygwailigwzwet00000000000000000000000000000186');
INSERT INTO md_attribute ( id) VALUES ('8nuqpuku40uw0wz706uygwailigwzwet00000000000000000000000000000186');
INSERT INTO metadata ( description, created_by, owner, id, create_date, seq, type, remove, site_master, locked_by, entity_domain, last_updated_by, last_update_date, key_name) VALUES ('2dzi34sjkpy5quu4c0sod4k4qy6dji6bNM200904120000000000000000000030', '0000000000000000000000000000001000000000000000000000000000000003', '0000000000000000000000000000001000000000000000000000000000000003', '8nuqpuku40uw0wz706uygwailigwzwet00000000000000000000000000000186', '2011-10-03 16:03:31', 3209, 'com.runwaysdk.system.metadata.MdAttributeReference', 0, 'runwaysdk.com', NULL, NULL, '0000000000000000000000000000001000000000000000000000000000000003', '2011-10-03 16:03:31', 'com.runwaysdk.system.metadata.FormField.createdBy');
ALTER TABLE form_field ADD COLUMN created_by  char(64);
INSERT INTO class_attribute_concrete ( id, parent_id, child_id) VALUES ('xfuc5hy4eghfyp59tk7h9u6fqwcz020v00000000000000000000000000000073', '6rg3o5apigouyhhq5j4wt6d72z1zf0y200000000000000000000000000000061', '8nuqpuku40uw0wz706uygwailigwzwet00000000000000000000000000000186');
INSERT INTO class_attribute ( id, parent_id, child_id) VALUES ('xfuc5hy4eghfyp59tk7h9u6fqwcz020v00000000000000000000000000000073', '6rg3o5apigouyhhq5j4wt6d72z1zf0y200000000000000000000000000000061', '8nuqpuku40uw0wz706uygwailigwzwet00000000000000000000000000000186');
INSERT INTO metadata_relationship ( entity_domain, site_master, last_updated_by, id, owner, locked_by, create_date, type, created_by, seq, key_name, last_update_date, parent_id, child_id) VALUES (NULL, 'runwaysdk.com', '0000000000000000000000000000001000000000000000000000000000000003', 'xfuc5hy4eghfyp59tk7h9u6fqwcz020v00000000000000000000000000000073', '0000000000000000000000000000001000000000000000000000000000000003', NULL, '2011-10-03 16:03:31', 'com.runwaysdk.system.metadata.ClassAttributeConcrete', '0000000000000000000000000000001000000000000000000000000000000003', 3210, 'com.runwaysdk.system.metadata.FormField.createdBy', '2011-10-03 16:03:31', '6rg3o5apigouyhhq5j4wt6d72z1zf0y200000000000000000000000000000061', '8nuqpuku40uw0wz706uygwailigwzwet00000000000000000000000000000186');
 INSERT INTO visibilitymodifier (set_id, item_id)  VALUES  ('zbk91nzbjtnhu4jw7eoywjfskpbha69l', '20071109NM000000000000000000000520071109NM0000000000000000000001');
INSERT INTO metadata_display_label ( default_locale, id, site_master, key_name) VALUES ('Locked By', 'shun7vjz8ompw19eytanbhi1u3gbh0lyNM200904120000000000000000000030', 'runwaysdk.com', 'shun7vjz8ompw19eytanbhi1u3gbh0lyNM200904120000000000000000000030');
 INSERT INTO visibilitymodifier (set_id, item_id)  VALUES  ('sxi5nvm22qv6s5g1e2crcwbwojclb89x', '20071109NM000000000000000000000520071109NM0000000000000000000001');
 INSERT INTO md_attribute_indicies (set_id, item_id)  VALUES  ('20isx3jg5z8knoxsjupu5cu9qokof81v', '0000000000000000000000000000040000000000000000000000000000000403');
INSERT INTO metadata_display_label ( default_locale, id, site_master, key_name) VALUES ('User who has a write lock on this object', 'qnfd5lcndk8ags97k0krpvisvmgz144gNM200904120000000000000000000030', 'runwaysdk.com', 'qnfd5lcndk8ags97k0krpvisvmgz144gNM200904120000000000000000000030');
INSERT INTO md_attribute_reference ( default_value, md_business, id) VALUES (NULL, '0000000000000000000000000000000300000000000000000000000000000001', '0f8akq2qqkbwxn9lrt0apcnb4v7s546q00000000000000000000000000000186');
INSERT INTO md_attribute_ref ( id) VALUES ('0f8akq2qqkbwxn9lrt0apcnb4v7s546q00000000000000000000000000000186');
INSERT INTO md_attribute_concrete ( column_name, defining_md_class, setter_visibility, setter_visibility_c, immutable, index_name, generate_accessor, system, required, display_label, getter_visibility, getter_visibility_c, index_type, index_type_c, attribute_name, id) VALUES ('locked_by', '6rg3o5apigouyhhq5j4wt6d72z1zf0y200000000000000000000000000000061', 'zbk91nzbjtnhu4jw7eoywjfskpbha69l', '20071109NM000000000000000000000520071109NM0000000000000000000001', 0, 'aghnh4srnfswjbg9bn11duk939klah', 1, 1, 0, 'shun7vjz8ompw19eytanbhi1u3gbh0lyNM200904120000000000000000000030', 'sxi5nvm22qv6s5g1e2crcwbwojclb89x', '20071109NM000000000000000000000520071109NM0000000000000000000001', '20isx3jg5z8knoxsjupu5cu9qokof81v', '0000000000000000000000000000040000000000000000000000000000000403', 'lockedBy', '0f8akq2qqkbwxn9lrt0apcnb4v7s546q00000000000000000000000000000186');
INSERT INTO md_attribute ( id) VALUES ('0f8akq2qqkbwxn9lrt0apcnb4v7s546q00000000000000000000000000000186');
INSERT INTO metadata ( description, created_by, owner, id, create_date, seq, type, remove, site_master, locked_by, entity_domain, last_updated_by, last_update_date, key_name) VALUES ('qnfd5lcndk8ags97k0krpvisvmgz144gNM200904120000000000000000000030', '0000000000000000000000000000001000000000000000000000000000000003', '0000000000000000000000000000001000000000000000000000000000000003', '0f8akq2qqkbwxn9lrt0apcnb4v7s546q00000000000000000000000000000186', '2011-10-03 16:03:31', 3211, 'com.runwaysdk.system.metadata.MdAttributeReference', 0, 'runwaysdk.com', NULL, NULL, '0000000000000000000000000000001000000000000000000000000000000003', '2011-10-03 16:03:31', 'com.runwaysdk.system.metadata.FormField.lockedBy');
ALTER TABLE form_field ADD COLUMN locked_by  char(64);
INSERT INTO class_attribute_concrete ( id, parent_id, child_id) VALUES ('0p59mexq5hr146d6f3wocykvyodq7bh200000000000000000000000000000073', '6rg3o5apigouyhhq5j4wt6d72z1zf0y200000000000000000000000000000061', '0f8akq2qqkbwxn9lrt0apcnb4v7s546q00000000000000000000000000000186');
INSERT INTO class_attribute ( id, parent_id, child_id) VALUES ('0p59mexq5hr146d6f3wocykvyodq7bh200000000000000000000000000000073', '6rg3o5apigouyhhq5j4wt6d72z1zf0y200000000000000000000000000000061', '0f8akq2qqkbwxn9lrt0apcnb4v7s546q00000000000000000000000000000186');
INSERT INTO metadata_relationship ( entity_domain, site_master, last_updated_by, id, owner, locked_by, create_date, type, created_by, seq, key_name, last_update_date, parent_id, child_id) VALUES (NULL, 'runwaysdk.com', '0000000000000000000000000000001000000000000000000000000000000003', '0p59mexq5hr146d6f3wocykvyodq7bh200000000000000000000000000000073', '0000000000000000000000000000001000000000000000000000000000000003', NULL, '2011-10-03 16:03:31', 'com.runwaysdk.system.metadata.ClassAttributeConcrete', '0000000000000000000000000000001000000000000000000000000000000003', 3212, 'com.runwaysdk.system.metadata.FormField.lockedBy', '2011-10-03 16:03:31', '6rg3o5apigouyhhq5j4wt6d72z1zf0y200000000000000000000000000000061', '0f8akq2qqkbwxn9lrt0apcnb4v7s546q00000000000000000000000000000186');
 INSERT INTO visibilitymodifier (set_id, item_id)  VALUES  ('rbznylf4p6thtfjw5r876io4ye90elbi', '20071109NM000000000000000000000520071109NM0000000000000000000001');
INSERT INTO metadata_display_label ( default_locale, id, site_master, key_name) VALUES ('Create Date', '2b9i2vaesjzwhtr4b7erzmhig84h29nzNM200904120000000000000000000030', 'runwaysdk.com', '2b9i2vaesjzwhtr4b7erzmhig84h29nzNM200904120000000000000000000030');
 INSERT INTO visibilitymodifier (set_id, item_id)  VALUES  ('xw2zvx2p8npv6iqm1tbed721gr8dl742', '20071109NM000000000000000000000520071109NM0000000000000000000001');
 INSERT INTO md_attribute_indicies (set_id, item_id)  VALUES  ('8i2jobb3rfwwarkt4nyj9i9tgq4q5ul9', '0000000000000000000000000000040100000000000000000000000000000403');
INSERT INTO metadata_display_label ( default_locale, id, site_master, key_name) VALUES ('Date and time this record was created', '8gglzdbsvkurbggp607om1u6stpd1kvqNM200904120000000000000000000030', 'runwaysdk.com', '8gglzdbsvkurbggp607om1u6stpd1kvqNM200904120000000000000000000030');
INSERT INTO md_attribute_datetime ( default_value, id) VALUES (NULL, '0ocox0ybrbbfutgjh3hc9ju8oolfrh0500000000000000000000000000000341');
INSERT INTO md_attribute_moment ( id) VALUES ('0ocox0ybrbbfutgjh3hc9ju8oolfrh0500000000000000000000000000000341');
INSERT INTO md_attribute_primitive ( id) VALUES ('0ocox0ybrbbfutgjh3hc9ju8oolfrh0500000000000000000000000000000341');
INSERT INTO md_attribute_concrete ( column_name, defining_md_class, setter_visibility, setter_visibility_c, immutable, index_name, generate_accessor, system, required, display_label, getter_visibility, getter_visibility_c, index_type, index_type_c, attribute_name, id) VALUES ('create_date', '6rg3o5apigouyhhq5j4wt6d72z1zf0y200000000000000000000000000000061', 'rbznylf4p6thtfjw5r876io4ye90elbi', '20071109NM000000000000000000000520071109NM0000000000000000000001', 0, 'a691k813qci4upzcnus81rkn6ndjrc', 1, 1, 1, '2b9i2vaesjzwhtr4b7erzmhig84h29nzNM200904120000000000000000000030', 'xw2zvx2p8npv6iqm1tbed721gr8dl742', '20071109NM000000000000000000000520071109NM0000000000000000000001', '8i2jobb3rfwwarkt4nyj9i9tgq4q5ul9', '0000000000000000000000000000040100000000000000000000000000000403', 'createDate', '0ocox0ybrbbfutgjh3hc9ju8oolfrh0500000000000000000000000000000341');
INSERT INTO md_attribute ( id) VALUES ('0ocox0ybrbbfutgjh3hc9ju8oolfrh0500000000000000000000000000000341');
INSERT INTO metadata ( description, created_by, owner, id, create_date, seq, type, remove, site_master, locked_by, entity_domain, last_updated_by, last_update_date, key_name) VALUES ('8gglzdbsvkurbggp607om1u6stpd1kvqNM200904120000000000000000000030', '0000000000000000000000000000001000000000000000000000000000000003', '0000000000000000000000000000001000000000000000000000000000000003', '0ocox0ybrbbfutgjh3hc9ju8oolfrh0500000000000000000000000000000341', '2011-10-03 16:03:31', 3213, 'com.runwaysdk.system.metadata.MdAttributeDateTime', 0, 'runwaysdk.com', NULL, NULL, '0000000000000000000000000000001000000000000000000000000000000003', '2011-10-03 16:03:31', 'com.runwaysdk.system.metadata.FormField.createDate');
ALTER TABLE form_field ADD COLUMN create_date  timestamp;
INSERT INTO class_attribute_concrete ( id, parent_id, child_id) VALUES ('23jzlmigbe9gtp017ey0cvf8hp8qdi4g00000000000000000000000000000073', '6rg3o5apigouyhhq5j4wt6d72z1zf0y200000000000000000000000000000061', '0ocox0ybrbbfutgjh3hc9ju8oolfrh0500000000000000000000000000000341');
INSERT INTO class_attribute ( id, parent_id, child_id) VALUES ('23jzlmigbe9gtp017ey0cvf8hp8qdi4g00000000000000000000000000000073', '6rg3o5apigouyhhq5j4wt6d72z1zf0y200000000000000000000000000000061', '0ocox0ybrbbfutgjh3hc9ju8oolfrh0500000000000000000000000000000341');
INSERT INTO metadata_relationship ( entity_domain, site_master, last_updated_by, id, owner, locked_by, create_date, type, created_by, seq, key_name, last_update_date, parent_id, child_id) VALUES (NULL, 'runwaysdk.com', '0000000000000000000000000000001000000000000000000000000000000003', '23jzlmigbe9gtp017ey0cvf8hp8qdi4g00000000000000000000000000000073', '0000000000000000000000000000001000000000000000000000000000000003', NULL, '2011-10-03 16:03:31', 'com.runwaysdk.system.metadata.ClassAttributeConcrete', '0000000000000000000000000000001000000000000000000000000000000003', 3214, 'com.runwaysdk.system.metadata.FormField.createDate', '2011-10-03 16:03:31', '6rg3o5apigouyhhq5j4wt6d72z1zf0y200000000000000000000000000000061', '0ocox0ybrbbfutgjh3hc9ju8oolfrh0500000000000000000000000000000341');
 INSERT INTO visibilitymodifier (set_id, item_id)  VALUES  ('ze3gtbn2wzp5b5036xoi89i22mhm9djm', '20071109NM000000000000000000000520071109NM0000000000000000000001');
INSERT INTO metadata_display_label ( default_locale, id, site_master, key_name) VALUES ('Owner', '8p8knj6vho5n49188ur0b2aqlbbsos26NM200904120000000000000000000030', 'runwaysdk.com', '8p8knj6vho5n49188ur0b2aqlbbsos26NM200904120000000000000000000030');
 INSERT INTO visibilitymodifier (set_id, item_id)  VALUES  ('xyn857mbhwwzatgaj8u4q0tzki9qeepn', '20071109NM000000000000000000000520071109NM0000000000000000000001');
 INSERT INTO md_attribute_indicies (set_id, item_id)  VALUES  ('72q75qbhq7y75yktkgkfgru6h6vwq0zr', '0000000000000000000000000000040000000000000000000000000000000403');
INSERT INTO metadata_display_label ( default_locale, id, site_master, key_name) VALUES ('A reference to the user who own this object', 'x97g5y6e325hbp75qcra8381z3t9473iNM200904120000000000000000000030', 'runwaysdk.com', 'x97g5y6e325hbp75qcra8381z3t9473iNM200904120000000000000000000030');
INSERT INTO md_attribute_reference ( default_value, md_business, id) VALUES (NULL, '0000000000000000000000000000051600000000000000000000000000000001', '28xnanag0mao9boaxxdd45qcc4f4ctop00000000000000000000000000000186');
INSERT INTO md_attribute_ref ( id) VALUES ('28xnanag0mao9boaxxdd45qcc4f4ctop00000000000000000000000000000186');
INSERT INTO md_attribute_concrete ( column_name, defining_md_class, setter_visibility, setter_visibility_c, immutable, index_name, generate_accessor, system, required, display_label, getter_visibility, getter_visibility_c, index_type, index_type_c, attribute_name, id) VALUES ('owner', '6rg3o5apigouyhhq5j4wt6d72z1zf0y200000000000000000000000000000061', 'ze3gtbn2wzp5b5036xoi89i22mhm9djm', '20071109NM000000000000000000000520071109NM0000000000000000000001', 0, 'a11flt13tsd0uelil90z48bgmg0khd', 1, 0, 1, '8p8knj6vho5n49188ur0b2aqlbbsos26NM200904120000000000000000000030', 'xyn857mbhwwzatgaj8u4q0tzki9qeepn', '20071109NM000000000000000000000520071109NM0000000000000000000001', '72q75qbhq7y75yktkgkfgru6h6vwq0zr', '0000000000000000000000000000040000000000000000000000000000000403', 'owner', '28xnanag0mao9boaxxdd45qcc4f4ctop00000000000000000000000000000186');
INSERT INTO md_attribute ( id) VALUES ('28xnanag0mao9boaxxdd45qcc4f4ctop00000000000000000000000000000186');
INSERT INTO metadata ( description, created_by, owner, id, create_date, seq, type, remove, site_master, locked_by, entity_domain, last_updated_by, last_update_date, key_name) VALUES ('x97g5y6e325hbp75qcra8381z3t9473iNM200904120000000000000000000030', '0000000000000000000000000000001000000000000000000000000000000003', '0000000000000000000000000000001000000000000000000000000000000003', '28xnanag0mao9boaxxdd45qcc4f4ctop00000000000000000000000000000186', '2011-10-03 16:03:31', 3215, 'com.runwaysdk.system.metadata.MdAttributeReference', 0, 'runwaysdk.com', NULL, NULL, '0000000000000000000000000000001000000000000000000000000000000003', '2011-10-03 16:03:31', 'com.runwaysdk.system.metadata.FormField.owner');
ALTER TABLE form_field ADD COLUMN owner  char(64);
INSERT INTO class_attribute_concrete ( id, parent_id, child_id) VALUES ('swlis3ilc90phow2u8kizkxeb7ckezmz00000000000000000000000000000073', '6rg3o5apigouyhhq5j4wt6d72z1zf0y200000000000000000000000000000061', '28xnanag0mao9boaxxdd45qcc4f4ctop00000000000000000000000000000186');
INSERT INTO class_attribute ( id, parent_id, child_id) VALUES ('swlis3ilc90phow2u8kizkxeb7ckezmz00000000000000000000000000000073', '6rg3o5apigouyhhq5j4wt6d72z1zf0y200000000000000000000000000000061', '28xnanag0mao9boaxxdd45qcc4f4ctop00000000000000000000000000000186');
INSERT INTO metadata_relationship ( entity_domain, site_master, last_updated_by, id, owner, locked_by, create_date, type, created_by, seq, key_name, last_update_date, parent_id, child_id) VALUES (NULL, 'runwaysdk.com', '0000000000000000000000000000001000000000000000000000000000000003', 'swlis3ilc90phow2u8kizkxeb7ckezmz00000000000000000000000000000073', '0000000000000000000000000000001000000000000000000000000000000003', NULL, '2011-10-03 16:03:31', 'com.runwaysdk.system.metadata.ClassAttributeConcrete', '0000000000000000000000000000001000000000000000000000000000000003', 3216, 'com.runwaysdk.system.metadata.FormField.owner', '2011-10-03 16:03:31', '6rg3o5apigouyhhq5j4wt6d72z1zf0y200000000000000000000000000000061', '28xnanag0mao9boaxxdd45qcc4f4ctop00000000000000000000000000000186');
 INSERT INTO visibilitymodifier (set_id, item_id)  VALUES  ('0fmx1hf8e6ehzmbfm08vsadhmdhpstuo', '20071109NM000000000000000000000520071109NM0000000000000000000001');
INSERT INTO metadata_display_label ( default_locale, id, site_master, key_name) VALUES ('Type', 'snv2a4hltvzikgivb41vkoz3lp3ij4shNM200904120000000000000000000030', 'runwaysdk.com', 'snv2a4hltvzikgivb41vkoz3lp3ij4shNM200904120000000000000000000030');
 INSERT INTO visibilitymodifier (set_id, item_id)  VALUES  ('qpa8umvoxhrhoce318p8xvkehbqv6fb4', '20071109NM000000000000000000000520071109NM0000000000000000000001');
 INSERT INTO md_attribute_indicies (set_id, item_id)  VALUES  ('zg1kez8mafx6bfecvd21gtyh6fz8xhrk', '0000000000000000000000000000040100000000000000000000000000000403');
INSERT INTO metadata_display_label ( default_locale, id, site_master, key_name) VALUES ('Fully qualified type of this object', 'srdxb1bgmk249m0d5ddtwtmgvpp62v1qNM200904120000000000000000000030', 'runwaysdk.com', 'srdxb1bgmk249m0d5ddtwtmgvpp62v1qNM200904120000000000000000000030');
INSERT INTO md_attribute_character ( default_value, database_size, id) VALUES (NULL, 255, '6y2c37n00bu3ot8ev3266fwhp31jbxv500000000000000000000000000000138');
INSERT INTO md_attribute_char ( id) VALUES ('6y2c37n00bu3ot8ev3266fwhp31jbxv500000000000000000000000000000138');
INSERT INTO md_attribute_primitive ( id) VALUES ('6y2c37n00bu3ot8ev3266fwhp31jbxv500000000000000000000000000000138');
INSERT INTO md_attribute_concrete ( column_name, defining_md_class, setter_visibility, setter_visibility_c, immutable, index_name, generate_accessor, system, required, display_label, getter_visibility, getter_visibility_c, index_type, index_type_c, attribute_name, id) VALUES ('type', '6rg3o5apigouyhhq5j4wt6d72z1zf0y200000000000000000000000000000061', '0fmx1hf8e6ehzmbfm08vsadhmdhpstuo', '20071109NM000000000000000000000520071109NM0000000000000000000001', 1, 'aeyfnr3qil6d3zrui6w4n0oc4fczcw', 1, 1, 1, 'snv2a4hltvzikgivb41vkoz3lp3ij4shNM200904120000000000000000000030', 'qpa8umvoxhrhoce318p8xvkehbqv6fb4', '20071109NM000000000000000000000520071109NM0000000000000000000001', 'zg1kez8mafx6bfecvd21gtyh6fz8xhrk', '0000000000000000000000000000040100000000000000000000000000000403', 'type', '6y2c37n00bu3ot8ev3266fwhp31jbxv500000000000000000000000000000138');
INSERT INTO md_attribute ( id) VALUES ('6y2c37n00bu3ot8ev3266fwhp31jbxv500000000000000000000000000000138');
INSERT INTO metadata ( description, created_by, owner, id, create_date, seq, type, remove, site_master, locked_by, entity_domain, last_updated_by, last_update_date, key_name) VALUES ('srdxb1bgmk249m0d5ddtwtmgvpp62v1qNM200904120000000000000000000030', '0000000000000000000000000000001000000000000000000000000000000003', '0000000000000000000000000000001000000000000000000000000000000003', '6y2c37n00bu3ot8ev3266fwhp31jbxv500000000000000000000000000000138', '2011-10-03 16:03:31', 3217, 'com.runwaysdk.system.metadata.MdAttributeCharacter', 0, 'runwaysdk.com', NULL, NULL, '0000000000000000000000000000001000000000000000000000000000000003', '2011-10-03 16:03:31', 'com.runwaysdk.system.metadata.FormField.type');
ALTER TABLE form_field ADD COLUMN type  varchar(255);
INSERT INTO class_attribute_concrete ( id, parent_id, child_id) VALUES ('0d0h0anechdbvzjm40p6wbkvva0rkij200000000000000000000000000000073', '6rg3o5apigouyhhq5j4wt6d72z1zf0y200000000000000000000000000000061', '6y2c37n00bu3ot8ev3266fwhp31jbxv500000000000000000000000000000138');
INSERT INTO class_attribute ( id, parent_id, child_id) VALUES ('0d0h0anechdbvzjm40p6wbkvva0rkij200000000000000000000000000000073', '6rg3o5apigouyhhq5j4wt6d72z1zf0y200000000000000000000000000000061', '6y2c37n00bu3ot8ev3266fwhp31jbxv500000000000000000000000000000138');
INSERT INTO metadata_relationship ( entity_domain, site_master, last_updated_by, id, owner, locked_by, create_date, type, created_by, seq, key_name, last_update_date, parent_id, child_id) VALUES (NULL, 'runwaysdk.com', '0000000000000000000000000000001000000000000000000000000000000003', '0d0h0anechdbvzjm40p6wbkvva0rkij200000000000000000000000000000073', '0000000000000000000000000000001000000000000000000000000000000003', NULL, '2011-10-03 16:03:31', 'com.runwaysdk.system.metadata.ClassAttributeConcrete', '0000000000000000000000000000001000000000000000000000000000000003', 3218, 'com.runwaysdk.system.metadata.FormField.type', '2011-10-03 16:03:31', '6rg3o5apigouyhhq5j4wt6d72z1zf0y200000000000000000000000000000061', '6y2c37n00bu3ot8ev3266fwhp31jbxv500000000000000000000000000000138');
 INSERT INTO visibilitymodifier (set_id, item_id)  VALUES  ('xu1iua05lnjlgnfseguuihnd6piqb37a', '20071109NM000000000000000000000520071109NM0000000000000000000001');
INSERT INTO metadata_display_label ( default_locale, id, site_master, key_name) VALUES ('Entity Domain', '2gx6c0dvgubc2t0kcmp6l1mqbrp7dfv7NM200904120000000000000000000030', 'runwaysdk.com', '2gx6c0dvgubc2t0kcmp6l1mqbrp7dfv7NM200904120000000000000000000030');
 INSERT INTO visibilitymodifier (set_id, item_id)  VALUES  ('so0c2wr154kubw9zjfk4907j0809967f', '20071109NM000000000000000000000520071109NM0000000000000000000001');
 INSERT INTO md_attribute_indicies (set_id, item_id)  VALUES  ('xffioj2wf37dvn8h3xf9azt34h1muuqi', '0000000000000000000000000000040100000000000000000000000000000403');
INSERT INTO metadata_display_label ( default_locale, id, site_master, key_name) VALUES ('The Domain of this entity', '6uwaa8ethcfmsp3w01utcjah3tspxozsNM200904120000000000000000000030', 'runwaysdk.com', '6uwaa8ethcfmsp3w01utcjah3tspxozsNM200904120000000000000000000030');
INSERT INTO md_attribute_reference ( default_value, md_business, id) VALUES (NULL, 'NM20081011000000000000000000011100000000000000000000000000000001', 'zdwoqggh9w07xrw1m0ntx56phkd33mk900000000000000000000000000000186');
INSERT INTO md_attribute_ref ( id) VALUES ('zdwoqggh9w07xrw1m0ntx56phkd33mk900000000000000000000000000000186');
INSERT INTO md_attribute_concrete ( column_name, defining_md_class, setter_visibility, setter_visibility_c, immutable, index_name, generate_accessor, system, required, display_label, getter_visibility, getter_visibility_c, index_type, index_type_c, attribute_name, id) VALUES ('entity_domain', '6rg3o5apigouyhhq5j4wt6d72z1zf0y200000000000000000000000000000061', 'xu1iua05lnjlgnfseguuihnd6piqb37a', '20071109NM000000000000000000000520071109NM0000000000000000000001', 0, 'alao0ybtwddtovwp68e83r0cs0ev2f', 1, 0, 0, '2gx6c0dvgubc2t0kcmp6l1mqbrp7dfv7NM200904120000000000000000000030', 'so0c2wr154kubw9zjfk4907j0809967f', '20071109NM000000000000000000000520071109NM0000000000000000000001', 'xffioj2wf37dvn8h3xf9azt34h1muuqi', '0000000000000000000000000000040100000000000000000000000000000403', 'entityDomain', 'zdwoqggh9w07xrw1m0ntx56phkd33mk900000000000000000000000000000186');
INSERT INTO md_attribute ( id) VALUES ('zdwoqggh9w07xrw1m0ntx56phkd33mk900000000000000000000000000000186');
INSERT INTO metadata ( description, created_by, owner, id, create_date, seq, type, remove, site_master, locked_by, entity_domain, last_updated_by, last_update_date, key_name) VALUES ('6uwaa8ethcfmsp3w01utcjah3tspxozsNM200904120000000000000000000030', '0000000000000000000000000000001000000000000000000000000000000003', '0000000000000000000000000000001000000000000000000000000000000003', 'zdwoqggh9w07xrw1m0ntx56phkd33mk900000000000000000000000000000186', '2011-10-03 16:03:31', 3219, 'com.runwaysdk.system.metadata.MdAttributeReference', 1, 'runwaysdk.com', NULL, NULL, '0000000000000000000000000000001000000000000000000000000000000003', '2011-10-03 16:03:31', 'com.runwaysdk.system.metadata.FormField.entityDomain');
ALTER TABLE form_field ADD COLUMN entity_domain  char(64);
INSERT INTO class_attribute_concrete ( id, parent_id, child_id) VALUES ('xyu7p26j2f1kpu9kknx3rwhzy0bu0ph100000000000000000000000000000073', '6rg3o5apigouyhhq5j4wt6d72z1zf0y200000000000000000000000000000061', 'zdwoqggh9w07xrw1m0ntx56phkd33mk900000000000000000000000000000186');
INSERT INTO class_attribute ( id, parent_id, child_id) VALUES ('xyu7p26j2f1kpu9kknx3rwhzy0bu0ph100000000000000000000000000000073', '6rg3o5apigouyhhq5j4wt6d72z1zf0y200000000000000000000000000000061', 'zdwoqggh9w07xrw1m0ntx56phkd33mk900000000000000000000000000000186');
INSERT INTO metadata_relationship ( entity_domain, site_master, last_updated_by, id, owner, locked_by, create_date, type, created_by, seq, key_name, last_update_date, parent_id, child_id) VALUES (NULL, 'runwaysdk.com', '0000000000000000000000000000001000000000000000000000000000000003', 'xyu7p26j2f1kpu9kknx3rwhzy0bu0ph100000000000000000000000000000073', '0000000000000000000000000000001000000000000000000000000000000003', NULL, '2011-10-03 16:03:31', 'com.runwaysdk.system.metadata.ClassAttributeConcrete', '0000000000000000000000000000001000000000000000000000000000000003', 3220, 'com.runwaysdk.system.metadata.FormField.entityDomain', '2011-10-03 16:03:31', '6rg3o5apigouyhhq5j4wt6d72z1zf0y200000000000000000000000000000061', 'zdwoqggh9w07xrw1m0ntx56phkd33mk900000000000000000000000000000186');
 INSERT INTO visibilitymodifier (set_id, item_id)  VALUES  ('72jke2ff5y9eqywicyaa5xhtt3sp3vyt', '20071109NM000000000000000000000520071109NM0000000000000000000001');
INSERT INTO metadata_display_label ( default_locale, id, site_master, key_name) VALUES ('Sequence', 'r13s7byey1ivwin7nl99t3hgscms4wguNM200904120000000000000000000030', 'runwaysdk.com', 'r13s7byey1ivwin7nl99t3hgscms4wguNM200904120000000000000000000030');
 INSERT INTO visibilitymodifier (set_id, item_id)  VALUES  ('1r8uzrbe9jsgq5vigz4ik48hz9oqyhn8', '20071109NM000000000000000000000520071109NM0000000000000000000001');
 INSERT INTO md_attribute_indicies (set_id, item_id)  VALUES  ('8fossa6j7v3le0xihj37hjitonc5ddio', '0000000000000000000000000000040100000000000000000000000000000403');
INSERT INTO metadata_display_label ( default_locale, id, site_master, key_name) VALUES ('Sequence number is incremented every time this object is updated', 'x8h1ca25ur503w2z0xe434es65ovau6cNM200904120000000000000000000030', 'runwaysdk.com', 'x8h1ca25ur503w2z0xe434es65ovau6cNM200904120000000000000000000030');
INSERT INTO md_attribute_long ( default_value, id) VALUES (NULL, '8yfwvsi4rutj8a0iaiq45msc3x3nit9m00000000000000000000000000000338');
INSERT INTO md_attribute_int ( id) VALUES ('8yfwvsi4rutj8a0iaiq45msc3x3nit9m00000000000000000000000000000338');
INSERT INTO md_attribute_number ( reject_negative, reject_zero, reject_positive, id) VALUES (1, 0, 0, '8yfwvsi4rutj8a0iaiq45msc3x3nit9m00000000000000000000000000000338');
INSERT INTO md_attribute_primitive ( id) VALUES ('8yfwvsi4rutj8a0iaiq45msc3x3nit9m00000000000000000000000000000338');
INSERT INTO md_attribute_concrete ( column_name, defining_md_class, setter_visibility, setter_visibility_c, immutable, index_name, generate_accessor, system, required, display_label, getter_visibility, getter_visibility_c, index_type, index_type_c, attribute_name, id) VALUES ('seq', '6rg3o5apigouyhhq5j4wt6d72z1zf0y200000000000000000000000000000061', '72jke2ff5y9eqywicyaa5xhtt3sp3vyt', '20071109NM000000000000000000000520071109NM0000000000000000000001', 0, 'anouftoa3fhtrj2rzfxrhtpfpjqxuf', 1, 1, 1, 'r13s7byey1ivwin7nl99t3hgscms4wguNM200904120000000000000000000030', '1r8uzrbe9jsgq5vigz4ik48hz9oqyhn8', '20071109NM000000000000000000000520071109NM0000000000000000000001', '8fossa6j7v3le0xihj37hjitonc5ddio', '0000000000000000000000000000040100000000000000000000000000000403', 'seq', '8yfwvsi4rutj8a0iaiq45msc3x3nit9m00000000000000000000000000000338');
INSERT INTO md_attribute ( id) VALUES ('8yfwvsi4rutj8a0iaiq45msc3x3nit9m00000000000000000000000000000338');
INSERT INTO metadata ( description, created_by, owner, id, create_date, seq, type, remove, site_master, locked_by, entity_domain, last_updated_by, last_update_date, key_name) VALUES ('x8h1ca25ur503w2z0xe434es65ovau6cNM200904120000000000000000000030', '0000000000000000000000000000001000000000000000000000000000000003', '0000000000000000000000000000001000000000000000000000000000000003', '8yfwvsi4rutj8a0iaiq45msc3x3nit9m00000000000000000000000000000338', '2011-10-03 16:03:31', 3221, 'com.runwaysdk.system.metadata.MdAttributeLong', 0, 'runwaysdk.com', NULL, NULL, '0000000000000000000000000000001000000000000000000000000000000003', '2011-10-03 16:03:31', 'com.runwaysdk.system.metadata.FormField.seq');
ALTER TABLE form_field ADD COLUMN seq  bigint;
INSERT INTO class_attribute_concrete ( id, parent_id, child_id) VALUES ('xsxfbszkhlfnjlwllxsgtg3kul6sluag00000000000000000000000000000073', '6rg3o5apigouyhhq5j4wt6d72z1zf0y200000000000000000000000000000061', '8yfwvsi4rutj8a0iaiq45msc3x3nit9m00000000000000000000000000000338');
INSERT INTO class_attribute ( id, parent_id, child_id) VALUES ('xsxfbszkhlfnjlwllxsgtg3kul6sluag00000000000000000000000000000073', '6rg3o5apigouyhhq5j4wt6d72z1zf0y200000000000000000000000000000061', '8yfwvsi4rutj8a0iaiq45msc3x3nit9m00000000000000000000000000000338');
INSERT INTO metadata_relationship ( entity_domain, site_master, last_updated_by, id, owner, locked_by, create_date, type, created_by, seq, key_name, last_update_date, parent_id, child_id) VALUES (NULL, 'runwaysdk.com', '0000000000000000000000000000001000000000000000000000000000000003', 'xsxfbszkhlfnjlwllxsgtg3kul6sluag00000000000000000000000000000073', '0000000000000000000000000000001000000000000000000000000000000003', NULL, '2011-10-03 16:03:31', 'com.runwaysdk.system.metadata.ClassAttributeConcrete', '0000000000000000000000000000001000000000000000000000000000000003', 3222, 'com.runwaysdk.system.metadata.FormField.seq', '2011-10-03 16:03:31', '6rg3o5apigouyhhq5j4wt6d72z1zf0y200000000000000000000000000000061', '8yfwvsi4rutj8a0iaiq45msc3x3nit9m00000000000000000000000000000338');
 INSERT INTO relationship_cache (set_id, item_id)  VALUES  ('qskn0bboqxwjefw4m9bknatac4g3mie9', '0000000000000000000000000000023100000000000000000000000000000222');
 INSERT INTO visibilitymodifier (set_id, item_id)  VALUES  ('8yh1nf0qgzp10bqn9qzx4f6y38380d1s', '20071109NM000000000000000000000520071109NM0000000000000000000001');
INSERT INTO metadata_display_label ( default_locale, id, site_master, key_name) VALUES (NULL, '05kpdjrpjagsybj9k1u6ibt7o8lpoe5uNM200904120000000000000000000030', 'runwaysdk.com', '05kpdjrpjagsybj9k1u6ibt7o8lpoe5uNM200904120000000000000000000030');
 INSERT INTO visibilitymodifier (set_id, item_id)  VALUES  ('sm260cblhv9gjzpaosl6mconls3emjgp', '20071109NM000000000000000000000520071109NM0000000000000000000001');
INSERT INTO metadata_display_label ( default_locale, id, site_master, key_name) VALUES (NULL, '6q0xut8qo6qxsofo0dtsersh3yolsnstNM200904120000000000000000000030', 'runwaysdk.com', '6q0xut8qo6qxsofo0dtsersh3yolsnstNM200904120000000000000000000030');
INSERT INTO metadata_display_label ( default_locale, id, site_master, key_name) VALUES ('WebFormField', 'szmy27ujtj6dd52n0hep6cdqt6q5ta92NM200904120000000000000000000030', 'runwaysdk.com', 'szmy27ujtj6dd52n0hep6cdqt6q5ta92NM200904120000000000000000000030');
INSERT INTO metadata_display_label ( default_locale, id, site_master, key_name) VALUES ('Web Form Field', '7760fg783zvb4ijbrdnej5idbru3wcxbNM200904120000000000000000000030', 'runwaysdk.com', '7760fg783zvb4ijbrdnej5idbru3wcxbNM200904120000000000000000000030');
INSERT INTO md_relationship ( cache_algorithm, cache_algorithm_c, index2_name, parent_visibility, parent_visibility_c, parent_md_business, parent_cardinality, composition, parent_display_label, sort_md_attribute, child_visibility, child_visibility_c, child_method, super_md_relationship, parent_method, index1_name, child_md_business, child_display_label, child_cardinality, id) VALUES ('qskn0bboqxwjefw4m9bknatac4g3mie9', '0000000000000000000000000000023100000000000000000000000000000222', 'rel_sfgnogwkhsdy2uzlvhvk8glnto', '8yh1nf0qgzp10bqn9qzx4f6y38380d1s', '20071109NM000000000000000000000520071109NM0000000000000000000001', 'zo86ttx2qfhw4ayiqelfr3igdjhd90eu00000000000000000000000000000001', '1', 0, '05kpdjrpjagsybj9k1u6ibt7o8lpoe5uNM200904120000000000000000000030', NULL, 'sm260cblhv9gjzpaosl6mconls3emjgp', '20071109NM000000000000000000000520071109NM0000000000000000000001', 'MdFields', '6rg3o5apigouyhhq5j4wt6d72z1zf0y200000000000000000000000000000061', 'MdForm', 'rel_qqah5olsj44m4z4oolrdgpwlpw', 'zgkseu7as85l9zfwaawq8k3wid4vd17v00000000000000000000000000000001', '6q0xut8qo6qxsofo0dtsersh3yolsnstNM200904120000000000000000000030', '*', '1pbp028yv9j98flb7vgdivruckrwvpw100000000000000000000000000000061');
INSERT INTO md_element ( extendable, is_abstract, id) VALUES (1, 0, '1pbp028yv9j98flb7vgdivruckrwvpw100000000000000000000000000000061');
INSERT INTO md_entity ( query_dto_source, query_source, cache_size, enforce_site_master, table_name, id) VALUES (NULL, NULL, 0, 1, 'web_form_field', '1pbp028yv9j98flb7vgdivruckrwvpw100000000000000000000000000000061');
INSERT INTO md_class ( publish, stub_dto_source, stub_source, id) VALUES (1, NULL, NULL, '1pbp028yv9j98flb7vgdivruckrwvpw100000000000000000000000000000061');
INSERT INTO md_type ( display_label, root_id, package_name, type_name, base_source, js_base, js_stub, exported, dto_source, id) VALUES ('szmy27ujtj6dd52n0hep6cdqt6q5ta92NM200904120000000000000000000030', '1pbp028yv9j98flb7vgdivruckrwvpw1', 'com.runwaysdk.system.metadata', 'WebFormField', NULL, NULL, NULL, 1, NULL, '1pbp028yv9j98flb7vgdivruckrwvpw100000000000000000000000000000061');
INSERT INTO metadata ( description, created_by, owner, id, create_date, seq, type, remove, site_master, locked_by, entity_domain, last_updated_by, last_update_date, key_name) VALUES ('7760fg783zvb4ijbrdnej5idbru3wcxbNM200904120000000000000000000030', '0000000000000000000000000000001000000000000000000000000000000003', '0000000000000000000000000000001000000000000000000000000000000003', '1pbp028yv9j98flb7vgdivruckrwvpw100000000000000000000000000000061', '2011-10-03 16:03:31', 3223, 'com.runwaysdk.system.metadata.MdRelationship', 1, 'runwaysdk.com', NULL, NULL, '0000000000000000000000000000001000000000000000000000000000000003', '2011-10-03 16:03:31', 'com.runwaysdk.system.metadata.WebFormField');
CREATE TABLE web_form_field ( id CHAR(64) NOT NULL PRIMARY KEY, 
parent_id CHAR(64) NOT NULL, 
child_id CHAR(64) NOT NULL );
CREATE  INDEX rel_qqah5olsj44m4z4oolrdgpwlpw ON web_form_field (parent_id, child_id);
CREATE INDEX rel_sfgnogwkhsdy2uzlvhvk8glnto ON web_form_field (child_id);
INSERT INTO relationship_inheritance ( id, parent_id, child_id) VALUES ('sdblg3pppyogucoxzao5m0gm10wd5yxo20070926NM0000000000000000000010', '6rg3o5apigouyhhq5j4wt6d72z1zf0y200000000000000000000000000000061', '1pbp028yv9j98flb7vgdivruckrwvpw100000000000000000000000000000061');
INSERT INTO class_inheritance ( id, parent_id, child_id) VALUES ('sdblg3pppyogucoxzao5m0gm10wd5yxo20070926NM0000000000000000000010', '6rg3o5apigouyhhq5j4wt6d72z1zf0y200000000000000000000000000000061', '1pbp028yv9j98flb7vgdivruckrwvpw100000000000000000000000000000061');
INSERT INTO metadata_relationship ( entity_domain, site_master, last_updated_by, id, owner, locked_by, create_date, type, created_by, seq, key_name, last_update_date, parent_id, child_id) VALUES (NULL, 'runwaysdk.com', '0000000000000000000000000000001000000000000000000000000000000003', 'sdblg3pppyogucoxzao5m0gm10wd5yxo20070926NM0000000000000000000010', '0000000000000000000000000000001000000000000000000000000000000003', NULL, '2011-10-03 16:03:31', 'com.runwaysdk.system.metadata.RelationshipInheritance', '0000000000000000000000000000001000000000000000000000000000000003', 3224, 'sdblg3pppyogucoxzao5m0gm10wd5yxo20070926NM0000000000000000000010', '2011-10-03 16:03:31', '6rg3o5apigouyhhq5j4wt6d72z1zf0y200000000000000000000000000000061', '1pbp028yv9j98flb7vgdivruckrwvpw100000000000000000000000000000061');
 INSERT INTO relationship_cache (set_id, item_id)  VALUES  ('qo29ie1i96k7svi6vfpylt2c6656rd6e', '0000000000000000000000000000023100000000000000000000000000000222');
 INSERT INTO visibilitymodifier (set_id, item_id)  VALUES  ('204xb9f6qozxji9l42hpzgbcq3mj6kuk', '20071109NM000000000000000000000520071109NM0000000000000000000001');
INSERT INTO metadata_display_label ( default_locale, id, site_master, key_name) VALUES (NULL, '8f61agpz8pgpqjw8t4xau67x32kl6wyhNM200904120000000000000000000030', 'runwaysdk.com', '8f61agpz8pgpqjw8t4xau67x32kl6wyhNM200904120000000000000000000030');
 INSERT INTO visibilitymodifier (set_id, item_id)  VALUES  ('sihgtojnxbsls3euyg078qwc95qhl2is', '20071109NM000000000000000000000520071109NM0000000000000000000001');
INSERT INTO metadata_display_label ( default_locale, id, site_master, key_name) VALUES (NULL, 'sdcm266yenjv4gl5mkmbqh51pj92nqtpNM200904120000000000000000000030', 'runwaysdk.com', 'sdcm266yenjv4gl5mkmbqh51pj92nqtpNM200904120000000000000000000030');
INSERT INTO metadata_display_label ( default_locale, id, site_master, key_name) VALUES ('MobileFormField', 'xp61uns5zxhqntdwvtjey0gc1iogx0htNM200904120000000000000000000030', 'runwaysdk.com', 'xp61uns5zxhqntdwvtjey0gc1iogx0htNM200904120000000000000000000030');
INSERT INTO metadata_display_label ( default_locale, id, site_master, key_name) VALUES ('Mobile Form Field', '764mgzj28s356d8ltdojftfw81jg5gbgNM200904120000000000000000000030', 'runwaysdk.com', '764mgzj28s356d8ltdojftfw81jg5gbgNM200904120000000000000000000030');
INSERT INTO md_relationship ( cache_algorithm, cache_algorithm_c, index2_name, parent_visibility, parent_visibility_c, parent_md_business, parent_cardinality, composition, parent_display_label, sort_md_attribute, child_visibility, child_visibility_c, child_method, super_md_relationship, parent_method, index1_name, child_md_business, child_display_label, child_cardinality, id) VALUES ('qo29ie1i96k7svi6vfpylt2c6656rd6e', '0000000000000000000000000000023100000000000000000000000000000222', 'rel_xduzucp4aw4gftx394e971d1yn', '204xb9f6qozxji9l42hpzgbcq3mj6kuk', '20071109NM000000000000000000000520071109NM0000000000000000000001', '8mo9yxmv916zjsqqlraen62vg2xzm9ia00000000000000000000000000000001', '1', 0, '8f61agpz8pgpqjw8t4xau67x32kl6wyhNM200904120000000000000000000030', NULL, 'sihgtojnxbsls3euyg078qwc95qhl2is', '20071109NM000000000000000000000520071109NM0000000000000000000001', 'MdFields', '6rg3o5apigouyhhq5j4wt6d72z1zf0y200000000000000000000000000000061', 'MdForm', 'rel_0o0rm5f7yv7ou0ny8zzngb8o2l', 'zlh9ev85l10442ji8z9ync4di5f53zz100000000000000000000000000000001', 'sdcm266yenjv4gl5mkmbqh51pj92nqtpNM200904120000000000000000000030', '*', '8s87rztubsktyxaxme85uc0z1lrsnj0u00000000000000000000000000000061');
INSERT INTO md_element ( extendable, is_abstract, id) VALUES (1, 0, '8s87rztubsktyxaxme85uc0z1lrsnj0u00000000000000000000000000000061');
INSERT INTO md_entity ( query_dto_source, query_source, cache_size, enforce_site_master, table_name, id) VALUES (NULL, NULL, 0, 1, 'mobile_form_field', '8s87rztubsktyxaxme85uc0z1lrsnj0u00000000000000000000000000000061');
INSERT INTO md_class ( publish, stub_dto_source, stub_source, id) VALUES (1, NULL, NULL, '8s87rztubsktyxaxme85uc0z1lrsnj0u00000000000000000000000000000061');
INSERT INTO md_type ( display_label, root_id, package_name, type_name, base_source, js_base, js_stub, exported, dto_source, id) VALUES ('xp61uns5zxhqntdwvtjey0gc1iogx0htNM200904120000000000000000000030', '8s87rztubsktyxaxme85uc0z1lrsnj0u', 'com.runwaysdk.system.metadata', 'MobileFormField', NULL, NULL, NULL, 1, NULL, '8s87rztubsktyxaxme85uc0z1lrsnj0u00000000000000000000000000000061');
INSERT INTO metadata ( description, created_by, owner, id, create_date, seq, type, remove, site_master, locked_by, entity_domain, last_updated_by, last_update_date, key_name) VALUES ('764mgzj28s356d8ltdojftfw81jg5gbgNM200904120000000000000000000030', '0000000000000000000000000000001000000000000000000000000000000003', '0000000000000000000000000000001000000000000000000000000000000003', '8s87rztubsktyxaxme85uc0z1lrsnj0u00000000000000000000000000000061', '2011-10-03 16:03:31', 3225, 'com.runwaysdk.system.metadata.MdRelationship', 1, 'runwaysdk.com', NULL, NULL, '0000000000000000000000000000001000000000000000000000000000000003', '2011-10-03 16:03:31', 'com.runwaysdk.system.metadata.MobileFormField');
CREATE TABLE mobile_form_field ( id CHAR(64) NOT NULL PRIMARY KEY, 
parent_id CHAR(64) NOT NULL, 
child_id CHAR(64) NOT NULL );
CREATE  INDEX rel_0o0rm5f7yv7ou0ny8zzngb8o2l ON mobile_form_field (parent_id, child_id);
CREATE INDEX rel_xduzucp4aw4gftx394e971d1yn ON mobile_form_field (child_id);
INSERT INTO relationship_inheritance ( id, parent_id, child_id) VALUES ('srs8mik08qalbsnwmfaexsbo0nby8hu920070926NM0000000000000000000010', '6rg3o5apigouyhhq5j4wt6d72z1zf0y200000000000000000000000000000061', '8s87rztubsktyxaxme85uc0z1lrsnj0u00000000000000000000000000000061');
INSERT INTO class_inheritance ( id, parent_id, child_id) VALUES ('srs8mik08qalbsnwmfaexsbo0nby8hu920070926NM0000000000000000000010', '6rg3o5apigouyhhq5j4wt6d72z1zf0y200000000000000000000000000000061', '8s87rztubsktyxaxme85uc0z1lrsnj0u00000000000000000000000000000061');
INSERT INTO metadata_relationship ( entity_domain, site_master, last_updated_by, id, owner, locked_by, create_date, type, created_by, seq, key_name, last_update_date, parent_id, child_id) VALUES (NULL, 'runwaysdk.com', '0000000000000000000000000000001000000000000000000000000000000003', 'srs8mik08qalbsnwmfaexsbo0nby8hu920070926NM0000000000000000000010', '0000000000000000000000000000001000000000000000000000000000000003', NULL, '2011-10-03 16:03:31', 'com.runwaysdk.system.metadata.RelationshipInheritance', '0000000000000000000000000000001000000000000000000000000000000003', 3226, 'srs8mik08qalbsnwmfaexsbo0nby8hu920070926NM0000000000000000000010', '2011-10-03 16:03:31', '6rg3o5apigouyhhq5j4wt6d72z1zf0y200000000000000000000000000000061', '8s87rztubsktyxaxme85uc0z1lrsnj0u00000000000000000000000000000061');
INSERT INTO metadata_display_label ( default_locale, id, site_master, key_name) VALUES ('GetOrderedMdFields', 'r031ki5eo2di2yck984s1b0rbc3ys1dyNM200904120000000000000000000030', 'runwaysdk.com', 'r031ki5eo2di2yck984s1b0rbc3ys1dyNM200904120000000000000000000030');
INSERT INTO metadata_display_label ( default_locale, id, site_master, key_name) VALUES ('Returns the MdFields in proper field order.', 'zks0xt8jnojgp8zwhk526ojoibt8uywqNM200904120000000000000000000030', 'runwaysdk.com', 'zks0xt8jnojgp8zwhk526ojoibt8uywqNM200904120000000000000000000030');
INSERT INTO md_method ( method_name, md_type, is_static, return_type, display_label, id) VALUES ('getOrderedMdFields', '1yd2fgkyvjxstizcgyfqsu97qbpvpiru00000000000000000000000000000001', 0, 'com.runwaysdk.system.metadata.MdField[]', 'r031ki5eo2di2yck984s1b0rbc3ys1dyNM200904120000000000000000000030', 'sa7a77fecesx4bx0vk6jmv6ccj6uth3f20070427JS0000000000000000001514');
INSERT INTO metadata ( description, created_by, owner, id, create_date, seq, type, remove, site_master, locked_by, entity_domain, last_updated_by, last_update_date, key_name) VALUES ('zks0xt8jnojgp8zwhk526ojoibt8uywqNM200904120000000000000000000030', '0000000000000000000000000000001000000000000000000000000000000003', '0000000000000000000000000000001000000000000000000000000000000003', 'sa7a77fecesx4bx0vk6jmv6ccj6uth3f20070427JS0000000000000000001514', '2011-10-03 16:03:31', 3227, 'com.runwaysdk.system.metadata.MdMethod', 1, 'runwaysdk.com', NULL, NULL, '0000000000000000000000000000001000000000000000000000000000000003', '2011-10-03 16:03:31', 'com.runwaysdk.system.metadata.MdForm.getOrderedMdFields');
INSERT INTO type_method ( id, parent_id, child_id) VALUES ('8q41gdd6kwnw1mdhzlhmb229vq78psie20070427JS0000000000000000001520', '1yd2fgkyvjxstizcgyfqsu97qbpvpiru00000000000000000000000000000001', 'sa7a77fecesx4bx0vk6jmv6ccj6uth3f20070427JS0000000000000000001514');
INSERT INTO metadata_relationship ( entity_domain, site_master, last_updated_by, id, owner, locked_by, create_date, type, created_by, seq, key_name, last_update_date, parent_id, child_id) VALUES (NULL, 'runwaysdk.com', '0000000000000000000000000000001000000000000000000000000000000003', '8q41gdd6kwnw1mdhzlhmb229vq78psie20070427JS0000000000000000001520', '0000000000000000000000000000001000000000000000000000000000000003', NULL, '2011-10-03 16:03:31', 'com.runwaysdk.system.metadata.TypeMethod', '0000000000000000000000000000001000000000000000000000000000000003', 3228, 'com.runwaysdk.system.metadata.MdForm.getOrderedMdFields', '2011-10-03 16:03:31', '1yd2fgkyvjxstizcgyfqsu97qbpvpiru00000000000000000000000000000001', 'sa7a77fecesx4bx0vk6jmv6ccj6uth3f20070427JS0000000000000000001514');
 INSERT INTO visibilitymodifier (set_id, item_id)  VALUES  ('8c4kxxgc8s1uxjbe9owiwt86d2zjlgqs', '20071109NM000000000000000000000520071109NM0000000000000000000001');
INSERT INTO metadata_display_label ( default_locale, id, site_master, key_name) VALUES ('Start Range', 'xktwfanvfrt782hdongh5ijvmuyjpx3cNM200904120000000000000000000030', 'runwaysdk.com', 'xktwfanvfrt782hdongh5ijvmuyjpx3cNM200904120000000000000000000030');
 INSERT INTO visibilitymodifier (set_id, item_id)  VALUES  ('0jkwwpkoe9vythvcvok7niihywp8zpw8', '20071109NM000000000000000000000520071109NM0000000000000000000001');
 INSERT INTO md_attribute_indicies (set_id, item_id)  VALUES  ('syajib6bjww8hy11l1o5iqvty70b9ple', '0000000000000000000000000000040100000000000000000000000000000403');
INSERT INTO metadata_display_label ( default_locale, id, site_master, key_name) VALUES (NULL, 't28h17z3ivsqss8voazvjiip9qgumidzNM200904120000000000000000000030', 'runwaysdk.com', 't28h17z3ivsqss8voazvjiip9qgumidzNM200904120000000000000000000030');
INSERT INTO md_attribute_integer ( default_value, id) VALUES (NULL, '8xcrpz1it6mnkdal7uvi8nqnq0ex6r2j00000000000000000000000000000332');
INSERT INTO md_attribute_int ( id) VALUES ('8xcrpz1it6mnkdal7uvi8nqnq0ex6r2j00000000000000000000000000000332');
INSERT INTO md_attribute_number ( reject_negative, reject_zero, reject_positive, id) VALUES (0, 0, 0, '8xcrpz1it6mnkdal7uvi8nqnq0ex6r2j00000000000000000000000000000332');
INSERT INTO md_attribute_primitive ( id) VALUES ('8xcrpz1it6mnkdal7uvi8nqnq0ex6r2j00000000000000000000000000000332');
INSERT INTO md_attribute_concrete ( column_name, defining_md_class, setter_visibility, setter_visibility_c, immutable, index_name, generate_accessor, system, required, display_label, getter_visibility, getter_visibility_c, index_type, index_type_c, attribute_name, id) VALUES ('start_range', '0000000000000000000000000000033200000000000000000000000000000001', '8c4kxxgc8s1uxjbe9owiwt86d2zjlgqs', '20071109NM000000000000000000000520071109NM0000000000000000000001', 0, 'a8t5wt1hrrwnxiwuw7bdhznv0cjn5s', 1, 0, 0, 'xktwfanvfrt782hdongh5ijvmuyjpx3cNM200904120000000000000000000030', '0jkwwpkoe9vythvcvok7niihywp8zpw8', '20071109NM000000000000000000000520071109NM0000000000000000000001', 'syajib6bjww8hy11l1o5iqvty70b9ple', '0000000000000000000000000000040100000000000000000000000000000403', 'startRange', '8xcrpz1it6mnkdal7uvi8nqnq0ex6r2j00000000000000000000000000000332');
INSERT INTO md_attribute ( id) VALUES ('8xcrpz1it6mnkdal7uvi8nqnq0ex6r2j00000000000000000000000000000332');
INSERT INTO metadata ( description, created_by, owner, id, create_date, seq, type, remove, site_master, locked_by, entity_domain, last_updated_by, last_update_date, key_name) VALUES ('t28h17z3ivsqss8voazvjiip9qgumidzNM200904120000000000000000000030', '0000000000000000000000000000001000000000000000000000000000000003', '0000000000000000000000000000001000000000000000000000000000000003', '8xcrpz1it6mnkdal7uvi8nqnq0ex6r2j00000000000000000000000000000332', '2011-10-03 16:03:31', 3229, 'com.runwaysdk.system.metadata.MdAttributeInteger', 0, 'runwaysdk.com', NULL, NULL, '0000000000000000000000000000001000000000000000000000000000000003', '2011-10-03 16:03:31', 'com.runwaysdk.system.metadata.MdAttributeInteger.startRange');
ALTER TABLE md_attribute_integer ADD COLUMN start_range  int;
INSERT INTO class_attribute_concrete ( id, parent_id, child_id) VALUES ('74ymlyqnw00gy2vlas02z7e63z33bpx300000000000000000000000000000073', '0000000000000000000000000000033200000000000000000000000000000001', '8xcrpz1it6mnkdal7uvi8nqnq0ex6r2j00000000000000000000000000000332');
INSERT INTO class_attribute ( id, parent_id, child_id) VALUES ('74ymlyqnw00gy2vlas02z7e63z33bpx300000000000000000000000000000073', '0000000000000000000000000000033200000000000000000000000000000001', '8xcrpz1it6mnkdal7uvi8nqnq0ex6r2j00000000000000000000000000000332');
INSERT INTO metadata_relationship ( entity_domain, site_master, last_updated_by, id, owner, locked_by, create_date, type, created_by, seq, key_name, last_update_date, parent_id, child_id) VALUES (NULL, 'runwaysdk.com', '0000000000000000000000000000001000000000000000000000000000000003', '74ymlyqnw00gy2vlas02z7e63z33bpx300000000000000000000000000000073', '0000000000000000000000000000001000000000000000000000000000000003', NULL, '2011-10-03 16:03:31', 'com.runwaysdk.system.metadata.ClassAttributeConcrete', '0000000000000000000000000000001000000000000000000000000000000003', 3230, 'com.runwaysdk.system.metadata.MdAttributeInteger.startRange', '2011-10-03 16:03:31', '0000000000000000000000000000033200000000000000000000000000000001', '8xcrpz1it6mnkdal7uvi8nqnq0ex6r2j00000000000000000000000000000332');
 INSERT INTO visibilitymodifier (set_id, item_id)  VALUES  ('sms464l5gkh2v8tcovoq43p8r94hlwm0', '20071109NM000000000000000000000520071109NM0000000000000000000001');
INSERT INTO metadata_display_label ( default_locale, id, site_master, key_name) VALUES ('End Range', '2g8hkz9ivz2dgo77874j4lb3u0r7i77jNM200904120000000000000000000030', 'runwaysdk.com', '2g8hkz9ivz2dgo77874j4lb3u0r7i77jNM200904120000000000000000000030');
 INSERT INTO visibilitymodifier (set_id, item_id)  VALUES  ('z7503sh8e14baclg00ybz50fckjmnccy', '20071109NM000000000000000000000520071109NM0000000000000000000001');
 INSERT INTO md_attribute_indicies (set_id, item_id)  VALUES  ('sody75fc6yxdf7tqnhb0k7j9kouau7mh', '0000000000000000000000000000040100000000000000000000000000000403');
INSERT INTO metadata_display_label ( default_locale, id, site_master, key_name) VALUES (NULL, 'z3xecidvgviiztltl6am5j0a9j25zj3jNM200904120000000000000000000030', 'runwaysdk.com', 'z3xecidvgviiztltl6am5j0a9j25zj3jNM200904120000000000000000000030');
INSERT INTO md_attribute_integer ( default_value, start_range, id) VALUES (NULL, NULL, 'xzlxrtz27cw0arzod8q1yiab2qj69roq00000000000000000000000000000332');
INSERT INTO md_attribute_int ( id) VALUES ('xzlxrtz27cw0arzod8q1yiab2qj69roq00000000000000000000000000000332');
INSERT INTO md_attribute_number ( reject_negative, reject_zero, reject_positive, id) VALUES (0, 0, 0, 'xzlxrtz27cw0arzod8q1yiab2qj69roq00000000000000000000000000000332');
INSERT INTO md_attribute_primitive ( id) VALUES ('xzlxrtz27cw0arzod8q1yiab2qj69roq00000000000000000000000000000332');
INSERT INTO md_attribute_concrete ( column_name, defining_md_class, setter_visibility, setter_visibility_c, immutable, index_name, generate_accessor, system, required, display_label, getter_visibility, getter_visibility_c, index_type, index_type_c, attribute_name, id) VALUES ('end_range', '0000000000000000000000000000033200000000000000000000000000000001', 'sms464l5gkh2v8tcovoq43p8r94hlwm0', '20071109NM000000000000000000000520071109NM0000000000000000000001', 0, 'akq6w4hbna75anvosh3o2yl57awr9j', 1, 0, 0, '2g8hkz9ivz2dgo77874j4lb3u0r7i77jNM200904120000000000000000000030', 'z7503sh8e14baclg00ybz50fckjmnccy', '20071109NM000000000000000000000520071109NM0000000000000000000001', 'sody75fc6yxdf7tqnhb0k7j9kouau7mh', '0000000000000000000000000000040100000000000000000000000000000403', 'endRange', 'xzlxrtz27cw0arzod8q1yiab2qj69roq00000000000000000000000000000332');
INSERT INTO md_attribute ( id) VALUES ('xzlxrtz27cw0arzod8q1yiab2qj69roq00000000000000000000000000000332');
INSERT INTO metadata ( description, created_by, owner, id, create_date, seq, type, remove, site_master, locked_by, entity_domain, last_updated_by, last_update_date, key_name) VALUES ('z3xecidvgviiztltl6am5j0a9j25zj3jNM200904120000000000000000000030', '0000000000000000000000000000001000000000000000000000000000000003', '0000000000000000000000000000001000000000000000000000000000000003', 'xzlxrtz27cw0arzod8q1yiab2qj69roq00000000000000000000000000000332', '2011-10-03 16:03:31', 3231, 'com.runwaysdk.system.metadata.MdAttributeInteger', 0, 'runwaysdk.com', NULL, NULL, '0000000000000000000000000000001000000000000000000000000000000003', '2011-10-03 16:03:31', 'com.runwaysdk.system.metadata.MdAttributeInteger.endRange');
ALTER TABLE md_attribute_integer ADD COLUMN end_range  int;
INSERT INTO class_attribute_concrete ( id, parent_id, child_id) VALUES ('759q3qu76zv8nffcusjduhcuilyxvmb300000000000000000000000000000073', '0000000000000000000000000000033200000000000000000000000000000001', 'xzlxrtz27cw0arzod8q1yiab2qj69roq00000000000000000000000000000332');
INSERT INTO class_attribute ( id, parent_id, child_id) VALUES ('759q3qu76zv8nffcusjduhcuilyxvmb300000000000000000000000000000073', '0000000000000000000000000000033200000000000000000000000000000001', 'xzlxrtz27cw0arzod8q1yiab2qj69roq00000000000000000000000000000332');
INSERT INTO metadata_relationship ( entity_domain, site_master, last_updated_by, id, owner, locked_by, create_date, type, created_by, seq, key_name, last_update_date, parent_id, child_id) VALUES (NULL, 'runwaysdk.com', '0000000000000000000000000000001000000000000000000000000000000003', '759q3qu76zv8nffcusjduhcuilyxvmb300000000000000000000000000000073', '0000000000000000000000000000001000000000000000000000000000000003', NULL, '2011-10-03 16:03:31', 'com.runwaysdk.system.metadata.ClassAttributeConcrete', '0000000000000000000000000000001000000000000000000000000000000003', 3232, 'com.runwaysdk.system.metadata.MdAttributeInteger.endRange', '2011-10-03 16:03:31', '0000000000000000000000000000033200000000000000000000000000000001', 'xzlxrtz27cw0arzod8q1yiab2qj69roq00000000000000000000000000000332');
 INSERT INTO visibilitymodifier (set_id, item_id)  VALUES  ('x8j1ajezxq8wzw14l3aht6wpjwdviid3', '20071109NM000000000000000000000520071109NM0000000000000000000001');
INSERT INTO metadata_display_label ( default_locale, id, site_master, key_name) VALUES ('Start Range', '200jn0h8g1c9r1wdx22c08x4d5c0ra1rNM200904120000000000000000000030', 'runwaysdk.com', '200jn0h8g1c9r1wdx22c08x4d5c0ra1rNM200904120000000000000000000030');
 INSERT INTO visibilitymodifier (set_id, item_id)  VALUES  ('0t4qjtlt11lp1oyf3asdpvprwp9oo36q', '20071109NM000000000000000000000520071109NM0000000000000000000001');
 INSERT INTO md_attribute_indicies (set_id, item_id)  VALUES  ('8ybfv8fgu3i451l89lt61dhgji5h2wwa', '0000000000000000000000000000040100000000000000000000000000000403');
INSERT INTO metadata_display_label ( default_locale, id, site_master, key_name) VALUES (NULL, '8dd46g91b6ao6n3oun9173zaqsmiup54NM200904120000000000000000000030', 'runwaysdk.com', '8dd46g91b6ao6n3oun9173zaqsmiup54NM200904120000000000000000000030');
INSERT INTO md_attribute_long ( default_value, id) VALUES (NULL, '792f8ybmg8h3ioa5o7lssr56dbvg16t100000000000000000000000000000338');
INSERT INTO md_attribute_int ( id) VALUES ('792f8ybmg8h3ioa5o7lssr56dbvg16t100000000000000000000000000000338');
INSERT INTO md_attribute_number ( reject_negative, reject_zero, reject_positive, id) VALUES (0, 0, 0, '792f8ybmg8h3ioa5o7lssr56dbvg16t100000000000000000000000000000338');
INSERT INTO md_attribute_primitive ( id) VALUES ('792f8ybmg8h3ioa5o7lssr56dbvg16t100000000000000000000000000000338');
INSERT INTO md_attribute_concrete ( column_name, defining_md_class, setter_visibility, setter_visibility_c, immutable, index_name, generate_accessor, system, required, display_label, getter_visibility, getter_visibility_c, index_type, index_type_c, attribute_name, id) VALUES ('start_range', '0000000000000000000000000000033800000000000000000000000000000001', 'x8j1ajezxq8wzw14l3aht6wpjwdviid3', '20071109NM000000000000000000000520071109NM0000000000000000000001', 0, 'a1eviw6yzrkbgv3y40pylom3qytkol', 1, 0, 0, '200jn0h8g1c9r1wdx22c08x4d5c0ra1rNM200904120000000000000000000030', '0t4qjtlt11lp1oyf3asdpvprwp9oo36q', '20071109NM000000000000000000000520071109NM0000000000000000000001', '8ybfv8fgu3i451l89lt61dhgji5h2wwa', '0000000000000000000000000000040100000000000000000000000000000403', 'startRange', '792f8ybmg8h3ioa5o7lssr56dbvg16t100000000000000000000000000000338');
INSERT INTO md_attribute ( id) VALUES ('792f8ybmg8h3ioa5o7lssr56dbvg16t100000000000000000000000000000338');
INSERT INTO metadata ( description, created_by, owner, id, create_date, seq, type, remove, site_master, locked_by, entity_domain, last_updated_by, last_update_date, key_name) VALUES ('8dd46g91b6ao6n3oun9173zaqsmiup54NM200904120000000000000000000030', '0000000000000000000000000000001000000000000000000000000000000003', '0000000000000000000000000000001000000000000000000000000000000003', '792f8ybmg8h3ioa5o7lssr56dbvg16t100000000000000000000000000000338', '2011-10-03 16:03:31', 3233, 'com.runwaysdk.system.metadata.MdAttributeLong', 0, 'runwaysdk.com', NULL, NULL, '0000000000000000000000000000001000000000000000000000000000000003', '2011-10-03 16:03:31', 'com.runwaysdk.system.metadata.MdAttributeLong.startRange');
ALTER TABLE md_attribute_long ADD COLUMN start_range  bigint;
INSERT INTO class_attribute_concrete ( id, parent_id, child_id) VALUES ('06niq47lq6w6ao7r5pgcoybrupgprl0x00000000000000000000000000000073', '0000000000000000000000000000033800000000000000000000000000000001', '792f8ybmg8h3ioa5o7lssr56dbvg16t100000000000000000000000000000338');
INSERT INTO class_attribute ( id, parent_id, child_id) VALUES ('06niq47lq6w6ao7r5pgcoybrupgprl0x00000000000000000000000000000073', '0000000000000000000000000000033800000000000000000000000000000001', '792f8ybmg8h3ioa5o7lssr56dbvg16t100000000000000000000000000000338');
INSERT INTO metadata_relationship ( entity_domain, site_master, last_updated_by, id, owner, locked_by, create_date, type, created_by, seq, key_name, last_update_date, parent_id, child_id) VALUES (NULL, 'runwaysdk.com', '0000000000000000000000000000001000000000000000000000000000000003', '06niq47lq6w6ao7r5pgcoybrupgprl0x00000000000000000000000000000073', '0000000000000000000000000000001000000000000000000000000000000003', NULL, '2011-10-03 16:03:31', 'com.runwaysdk.system.metadata.ClassAttributeConcrete', '0000000000000000000000000000001000000000000000000000000000000003', 3234, 'com.runwaysdk.system.metadata.MdAttributeLong.startRange', '2011-10-03 16:03:31', '0000000000000000000000000000033800000000000000000000000000000001', '792f8ybmg8h3ioa5o7lssr56dbvg16t100000000000000000000000000000338');
 INSERT INTO visibilitymodifier (set_id, item_id)  VALUES  ('8g8notef916dmp7kxkq1leqi0q664zu6', '20071109NM000000000000000000000520071109NM0000000000000000000001');
INSERT INTO metadata_display_label ( default_locale, id, site_master, key_name) VALUES ('End Range', 'qmx8k0z63vxo8m4l6o3iuh34ltgyqiolNM200904120000000000000000000030', 'runwaysdk.com', 'qmx8k0z63vxo8m4l6o3iuh34ltgyqiolNM200904120000000000000000000030');
 INSERT INTO visibilitymodifier (set_id, item_id)  VALUES  ('6t4erb9tt0jxd8bz6fpyeskc8fbr53xj', '20071109NM000000000000000000000520071109NM0000000000000000000001');
 INSERT INTO md_attribute_indicies (set_id, item_id)  VALUES  ('z2bk5kuxqsi829mf0310l1tegbv3fumd', '0000000000000000000000000000040100000000000000000000000000000403');
INSERT INTO metadata_display_label ( default_locale, id, site_master, key_name) VALUES (NULL, 'xjt5nphy7xskq4f0tc9bzfuh9p7alwp1NM200904120000000000000000000030', 'runwaysdk.com', 'xjt5nphy7xskq4f0tc9bzfuh9p7alwp1NM200904120000000000000000000030');
INSERT INTO md_attribute_long ( default_value, start_range, id) VALUES (NULL, NULL, '03uhjczcts6x9jyt7cuz0331t6sa4mua00000000000000000000000000000338');
INSERT INTO md_attribute_int ( id) VALUES ('03uhjczcts6x9jyt7cuz0331t6sa4mua00000000000000000000000000000338');
INSERT INTO md_attribute_number ( reject_negative, reject_zero, reject_positive, id) VALUES (0, 0, 0, '03uhjczcts6x9jyt7cuz0331t6sa4mua00000000000000000000000000000338');
INSERT INTO md_attribute_primitive ( id) VALUES ('03uhjczcts6x9jyt7cuz0331t6sa4mua00000000000000000000000000000338');
INSERT INTO md_attribute_concrete ( column_name, defining_md_class, setter_visibility, setter_visibility_c, immutable, index_name, generate_accessor, system, required, display_label, getter_visibility, getter_visibility_c, index_type, index_type_c, attribute_name, id) VALUES ('end_range', '0000000000000000000000000000033800000000000000000000000000000001', '8g8notef916dmp7kxkq1leqi0q664zu6', '20071109NM000000000000000000000520071109NM0000000000000000000001', 0, 'a8dun961lfk1phwfb5ycxhbeumeysc', 1, 0, 0, 'qmx8k0z63vxo8m4l6o3iuh34ltgyqiolNM200904120000000000000000000030', '6t4erb9tt0jxd8bz6fpyeskc8fbr53xj', '20071109NM000000000000000000000520071109NM0000000000000000000001', 'z2bk5kuxqsi829mf0310l1tegbv3fumd', '0000000000000000000000000000040100000000000000000000000000000403', 'endRange', '03uhjczcts6x9jyt7cuz0331t6sa4mua00000000000000000000000000000338');
INSERT INTO md_attribute ( id) VALUES ('03uhjczcts6x9jyt7cuz0331t6sa4mua00000000000000000000000000000338');
INSERT INTO metadata ( description, created_by, owner, id, create_date, seq, type, remove, site_master, locked_by, entity_domain, last_updated_by, last_update_date, key_name) VALUES ('xjt5nphy7xskq4f0tc9bzfuh9p7alwp1NM200904120000000000000000000030', '0000000000000000000000000000001000000000000000000000000000000003', '0000000000000000000000000000001000000000000000000000000000000003', '03uhjczcts6x9jyt7cuz0331t6sa4mua00000000000000000000000000000338', '2011-10-03 16:03:31', 3235, 'com.runwaysdk.system.metadata.MdAttributeLong', 0, 'runwaysdk.com', NULL, NULL, '0000000000000000000000000000001000000000000000000000000000000003', '2011-10-03 16:03:31', 'com.runwaysdk.system.metadata.MdAttributeLong.endRange');
ALTER TABLE md_attribute_long ADD COLUMN end_range  bigint;
INSERT INTO class_attribute_concrete ( id, parent_id, child_id) VALUES ('shvn32nrudq4qxsjrh6jb8a5ixg1oxgp00000000000000000000000000000073', '0000000000000000000000000000033800000000000000000000000000000001', '03uhjczcts6x9jyt7cuz0331t6sa4mua00000000000000000000000000000338');
INSERT INTO class_attribute ( id, parent_id, child_id) VALUES ('shvn32nrudq4qxsjrh6jb8a5ixg1oxgp00000000000000000000000000000073', '0000000000000000000000000000033800000000000000000000000000000001', '03uhjczcts6x9jyt7cuz0331t6sa4mua00000000000000000000000000000338');
INSERT INTO metadata_relationship ( entity_domain, site_master, last_updated_by, id, owner, locked_by, create_date, type, created_by, seq, key_name, last_update_date, parent_id, child_id) VALUES (NULL, 'runwaysdk.com', '0000000000000000000000000000001000000000000000000000000000000003', 'shvn32nrudq4qxsjrh6jb8a5ixg1oxgp00000000000000000000000000000073', '0000000000000000000000000000001000000000000000000000000000000003', NULL, '2011-10-03 16:03:31', 'com.runwaysdk.system.metadata.ClassAttributeConcrete', '0000000000000000000000000000001000000000000000000000000000000003', 3236, 'com.runwaysdk.system.metadata.MdAttributeLong.endRange', '2011-10-03 16:03:31', '0000000000000000000000000000033800000000000000000000000000000001', '03uhjczcts6x9jyt7cuz0331t6sa4mua00000000000000000000000000000338');
 INSERT INTO visibilitymodifier (set_id, item_id)  VALUES  ('skqnd61vr7tm6ilmgw4ha6hjosq7rlx9', '20071109NM000000000000000000000520071109NM0000000000000000000001');
INSERT INTO metadata_display_label ( default_locale, id, site_master, key_name) VALUES ('Start Range', 'r04i5ogu5vafnwp5y0axrbcxvizwf9yoNM200904120000000000000000000030', 'runwaysdk.com', 'r04i5ogu5vafnwp5y0axrbcxvizwf9yoNM200904120000000000000000000030');
 INSERT INTO visibilitymodifier (set_id, item_id)  VALUES  ('r2yzcjnwzn2y4kgjw0c1giz332cpdbb1', '20071109NM000000000000000000000520071109NM0000000000000000000001');
 INSERT INTO md_attribute_indicies (set_id, item_id)  VALUES  ('286hka948pgezs5l6rzt8dd3gftenl3d', '0000000000000000000000000000040100000000000000000000000000000403');
INSERT INTO metadata_display_label ( default_locale, id, site_master, key_name) VALUES (NULL, 'sghoy8xn4jco3fluszwvus3c8pr74lgbNM200904120000000000000000000030', 'runwaysdk.com', 'sghoy8xn4jco3fluszwvus3c8pr74lgbNM200904120000000000000000000030');
INSERT INTO md_attribute_decimal ( default_value, id) VALUES (NULL, 'xq0jgyy978l0uckbj4eqd9s2wpweiq3q00000000000000000000000000000172');
INSERT INTO md_attribute_dec ( database_decimal, database_length, id) VALUES (6, 24, 'xq0jgyy978l0uckbj4eqd9s2wpweiq3q00000000000000000000000000000172');
INSERT INTO md_attribute_number ( reject_negative, reject_zero, reject_positive, id) VALUES (0, 0, 0, 'xq0jgyy978l0uckbj4eqd9s2wpweiq3q00000000000000000000000000000172');
INSERT INTO md_attribute_primitive ( id) VALUES ('xq0jgyy978l0uckbj4eqd9s2wpweiq3q00000000000000000000000000000172');
INSERT INTO md_attribute_concrete ( column_name, defining_md_class, setter_visibility, setter_visibility_c, immutable, index_name, generate_accessor, system, required, display_label, getter_visibility, getter_visibility_c, index_type, index_type_c, attribute_name, id) VALUES ('start_range', '0000000000000000000000000000017200000000000000000000000000000001', 'skqnd61vr7tm6ilmgw4ha6hjosq7rlx9', '20071109NM000000000000000000000520071109NM0000000000000000000001', 0, 'a2x8u5xcag8m1jkqgl0be3cy12f7gw', 1, 0, 0, 'r04i5ogu5vafnwp5y0axrbcxvizwf9yoNM200904120000000000000000000030', 'r2yzcjnwzn2y4kgjw0c1giz332cpdbb1', '20071109NM000000000000000000000520071109NM0000000000000000000001', '286hka948pgezs5l6rzt8dd3gftenl3d', '0000000000000000000000000000040100000000000000000000000000000403', 'startRange', 'xq0jgyy978l0uckbj4eqd9s2wpweiq3q00000000000000000000000000000172');
INSERT INTO md_attribute ( id) VALUES ('xq0jgyy978l0uckbj4eqd9s2wpweiq3q00000000000000000000000000000172');
INSERT INTO metadata ( description, created_by, owner, id, create_date, seq, type, remove, site_master, locked_by, entity_domain, last_updated_by, last_update_date, key_name) VALUES ('sghoy8xn4jco3fluszwvus3c8pr74lgbNM200904120000000000000000000030', '0000000000000000000000000000001000000000000000000000000000000003', '0000000000000000000000000000001000000000000000000000000000000003', 'xq0jgyy978l0uckbj4eqd9s2wpweiq3q00000000000000000000000000000172', '2011-10-03 16:03:31', 3237, 'com.runwaysdk.system.metadata.MdAttributeDecimal', 0, 'runwaysdk.com', NULL, NULL, '0000000000000000000000000000001000000000000000000000000000000003', '2011-10-03 16:03:31', 'com.runwaysdk.system.metadata.MdAttributeDecimal.startRange');
ALTER TABLE md_attribute_decimal ADD COLUMN start_range  numeric(24,6);
INSERT INTO class_attribute_concrete ( id, parent_id, child_id) VALUES ('xvpvxwcg7ylhmunslnn537r4z2oma8jl00000000000000000000000000000073', '0000000000000000000000000000017200000000000000000000000000000001', 'xq0jgyy978l0uckbj4eqd9s2wpweiq3q00000000000000000000000000000172');
INSERT INTO class_attribute ( id, parent_id, child_id) VALUES ('xvpvxwcg7ylhmunslnn537r4z2oma8jl00000000000000000000000000000073', '0000000000000000000000000000017200000000000000000000000000000001', 'xq0jgyy978l0uckbj4eqd9s2wpweiq3q00000000000000000000000000000172');
INSERT INTO metadata_relationship ( entity_domain, site_master, last_updated_by, id, owner, locked_by, create_date, type, created_by, seq, key_name, last_update_date, parent_id, child_id) VALUES (NULL, 'runwaysdk.com', '0000000000000000000000000000001000000000000000000000000000000003', 'xvpvxwcg7ylhmunslnn537r4z2oma8jl00000000000000000000000000000073', '0000000000000000000000000000001000000000000000000000000000000003', NULL, '2011-10-03 16:03:31', 'com.runwaysdk.system.metadata.ClassAttributeConcrete', '0000000000000000000000000000001000000000000000000000000000000003', 3238, 'com.runwaysdk.system.metadata.MdAttributeDecimal.startRange', '2011-10-03 16:03:31', '0000000000000000000000000000017200000000000000000000000000000001', 'xq0jgyy978l0uckbj4eqd9s2wpweiq3q00000000000000000000000000000172');
 INSERT INTO visibilitymodifier (set_id, item_id)  VALUES  ('79nybczo7rs14mh3yhv8fwoli2631892', '20071109NM000000000000000000000520071109NM0000000000000000000001');
INSERT INTO metadata_display_label ( default_locale, id, site_master, key_name) VALUES ('End Range', 'xcxweck9uucoz2kygsxwwdgdktc2iqluNM200904120000000000000000000030', 'runwaysdk.com', 'xcxweck9uucoz2kygsxwwdgdktc2iqluNM200904120000000000000000000030');
 INSERT INTO visibilitymodifier (set_id, item_id)  VALUES  ('26kg3derm0xojzzsso25o0ci5kn4npg8', '20071109NM000000000000000000000520071109NM0000000000000000000001');
 INSERT INTO md_attribute_indicies (set_id, item_id)  VALUES  ('qts91kdknhxubl2iner54x5y9q4rjkd2', '0000000000000000000000000000040100000000000000000000000000000403');
INSERT INTO metadata_display_label ( default_locale, id, site_master, key_name) VALUES (NULL, 'xf1eecso3bk9ylixeyw1ywzk7fm4u2a9NM200904120000000000000000000030', 'runwaysdk.com', 'xf1eecso3bk9ylixeyw1ywzk7fm4u2a9NM200904120000000000000000000030');
INSERT INTO md_attribute_decimal ( default_value, start_range, id) VALUES (NULL, NULL, '1q8o2z44q16686knwhizsyxi1nvd49mx00000000000000000000000000000172');
INSERT INTO md_attribute_dec ( database_decimal, database_length, id) VALUES (6, 24, '1q8o2z44q16686knwhizsyxi1nvd49mx00000000000000000000000000000172');
INSERT INTO md_attribute_number ( reject_negative, reject_zero, reject_positive, id) VALUES (0, 0, 0, '1q8o2z44q16686knwhizsyxi1nvd49mx00000000000000000000000000000172');
INSERT INTO md_attribute_primitive ( id) VALUES ('1q8o2z44q16686knwhizsyxi1nvd49mx00000000000000000000000000000172');
INSERT INTO md_attribute_concrete ( column_name, defining_md_class, setter_visibility, setter_visibility_c, immutable, index_name, generate_accessor, system, required, display_label, getter_visibility, getter_visibility_c, index_type, index_type_c, attribute_name, id) VALUES ('end_range', '0000000000000000000000000000017200000000000000000000000000000001', '79nybczo7rs14mh3yhv8fwoli2631892', '20071109NM000000000000000000000520071109NM0000000000000000000001', 0, 'an462kv3qd1fyh6mnwun5x46rn4s2y', 1, 0, 0, 'xcxweck9uucoz2kygsxwwdgdktc2iqluNM200904120000000000000000000030', '26kg3derm0xojzzsso25o0ci5kn4npg8', '20071109NM000000000000000000000520071109NM0000000000000000000001', 'qts91kdknhxubl2iner54x5y9q4rjkd2', '0000000000000000000000000000040100000000000000000000000000000403', 'endRange', '1q8o2z44q16686knwhizsyxi1nvd49mx00000000000000000000000000000172');
INSERT INTO md_attribute ( id) VALUES ('1q8o2z44q16686knwhizsyxi1nvd49mx00000000000000000000000000000172');
INSERT INTO metadata ( description, created_by, owner, id, create_date, seq, type, remove, site_master, locked_by, entity_domain, last_updated_by, last_update_date, key_name) VALUES ('xf1eecso3bk9ylixeyw1ywzk7fm4u2a9NM200904120000000000000000000030', '0000000000000000000000000000001000000000000000000000000000000003', '0000000000000000000000000000001000000000000000000000000000000003', '1q8o2z44q16686knwhizsyxi1nvd49mx00000000000000000000000000000172', '2011-10-03 16:03:31', 3239, 'com.runwaysdk.system.metadata.MdAttributeDecimal', 0, 'runwaysdk.com', NULL, NULL, '0000000000000000000000000000001000000000000000000000000000000003', '2011-10-03 16:03:31', 'com.runwaysdk.system.metadata.MdAttributeDecimal.endRange');
ALTER TABLE md_attribute_decimal ADD COLUMN end_range  numeric(24,6);
INSERT INTO class_attribute_concrete ( id, parent_id, child_id) VALUES ('z0ms9hf1wydkek6iffi7hro8xn8k9x8800000000000000000000000000000073', '0000000000000000000000000000017200000000000000000000000000000001', '1q8o2z44q16686knwhizsyxi1nvd49mx00000000000000000000000000000172');
INSERT INTO class_attribute ( id, parent_id, child_id) VALUES ('z0ms9hf1wydkek6iffi7hro8xn8k9x8800000000000000000000000000000073', '0000000000000000000000000000017200000000000000000000000000000001', '1q8o2z44q16686knwhizsyxi1nvd49mx00000000000000000000000000000172');
INSERT INTO metadata_relationship ( entity_domain, site_master, last_updated_by, id, owner, locked_by, create_date, type, created_by, seq, key_name, last_update_date, parent_id, child_id) VALUES (NULL, 'runwaysdk.com', '0000000000000000000000000000001000000000000000000000000000000003', 'z0ms9hf1wydkek6iffi7hro8xn8k9x8800000000000000000000000000000073', '0000000000000000000000000000001000000000000000000000000000000003', NULL, '2011-10-03 16:03:31', 'com.runwaysdk.system.metadata.ClassAttributeConcrete', '0000000000000000000000000000001000000000000000000000000000000003', 3240, 'com.runwaysdk.system.metadata.MdAttributeDecimal.endRange', '2011-10-03 16:03:31', '0000000000000000000000000000017200000000000000000000000000000001', '1q8o2z44q16686knwhizsyxi1nvd49mx00000000000000000000000000000172');
 INSERT INTO visibilitymodifier (set_id, item_id)  VALUES  ('8etsh1mu11wrjit3x1tws396sotvslym', '20071109NM000000000000000000000520071109NM0000000000000000000001');
INSERT INTO metadata_display_label ( default_locale, id, site_master, key_name) VALUES ('Start Range', 'sbffqe5ay7kp6q808in5g1whbvyfbs1hNM200904120000000000000000000030', 'runwaysdk.com', 'sbffqe5ay7kp6q808in5g1whbvyfbs1hNM200904120000000000000000000030');
 INSERT INTO visibilitymodifier (set_id, item_id)  VALUES  ('00v5p8pi6c9dem8feyl6mt11vyn8urn5', '20071109NM000000000000000000000520071109NM0000000000000000000001');
 INSERT INTO md_attribute_indicies (set_id, item_id)  VALUES  ('qpyon43mh5h97fh8x5w7tcsa4kyx8qtl', '0000000000000000000000000000040100000000000000000000000000000403');
INSERT INTO metadata_display_label ( default_locale, id, site_master, key_name) VALUES (NULL, '06unalrr3gi15kqra9kpg7gmdgyqycyoNM200904120000000000000000000030', 'runwaysdk.com', '06unalrr3gi15kqra9kpg7gmdgyqycyoNM200904120000000000000000000030');
INSERT INTO md_attribute_double ( default_value, id) VALUES (NULL, '0sx0eb7v0k8bwtyfqvwi7ewbn43obn4z00000000000000000000000000000170');
INSERT INTO md_attribute_dec ( database_decimal, database_length, id) VALUES (6, 24, '0sx0eb7v0k8bwtyfqvwi7ewbn43obn4z00000000000000000000000000000170');
INSERT INTO md_attribute_number ( reject_negative, reject_zero, reject_positive, id) VALUES (0, 0, 0, '0sx0eb7v0k8bwtyfqvwi7ewbn43obn4z00000000000000000000000000000170');
INSERT INTO md_attribute_primitive ( id) VALUES ('0sx0eb7v0k8bwtyfqvwi7ewbn43obn4z00000000000000000000000000000170');
INSERT INTO md_attribute_concrete ( column_name, defining_md_class, setter_visibility, setter_visibility_c, immutable, index_name, generate_accessor, system, required, display_label, getter_visibility, getter_visibility_c, index_type, index_type_c, attribute_name, id) VALUES ('start_range', '0000000000000000000000000000017000000000000000000000000000000001', '8etsh1mu11wrjit3x1tws396sotvslym', '20071109NM000000000000000000000520071109NM0000000000000000000001', 0, 'a4g9pc749fbsrrnaw4z25ondnbf2w0', 1, 0, 0, 'sbffqe5ay7kp6q808in5g1whbvyfbs1hNM200904120000000000000000000030', '00v5p8pi6c9dem8feyl6mt11vyn8urn5', '20071109NM000000000000000000000520071109NM0000000000000000000001', 'qpyon43mh5h97fh8x5w7tcsa4kyx8qtl', '0000000000000000000000000000040100000000000000000000000000000403', 'startRange', '0sx0eb7v0k8bwtyfqvwi7ewbn43obn4z00000000000000000000000000000170');
INSERT INTO md_attribute ( id) VALUES ('0sx0eb7v0k8bwtyfqvwi7ewbn43obn4z00000000000000000000000000000170');
INSERT INTO metadata ( description, created_by, owner, id, create_date, seq, type, remove, site_master, locked_by, entity_domain, last_updated_by, last_update_date, key_name) VALUES ('06unalrr3gi15kqra9kpg7gmdgyqycyoNM200904120000000000000000000030', '0000000000000000000000000000001000000000000000000000000000000003', '0000000000000000000000000000001000000000000000000000000000000003', '0sx0eb7v0k8bwtyfqvwi7ewbn43obn4z00000000000000000000000000000170', '2011-10-03 16:03:31', 3241, 'com.runwaysdk.system.metadata.MdAttributeDouble', 0, 'runwaysdk.com', NULL, NULL, '0000000000000000000000000000001000000000000000000000000000000003', '2011-10-03 16:03:31', 'com.runwaysdk.system.metadata.MdAttributeDouble.startRange');
ALTER TABLE md_attribute_double ADD COLUMN start_range  numeric(24,6);
INSERT INTO class_attribute_concrete ( id, parent_id, child_id) VALUES ('sltoclxjzo5pka0inft90wyvy5dtn8gh00000000000000000000000000000073', '0000000000000000000000000000017000000000000000000000000000000001', '0sx0eb7v0k8bwtyfqvwi7ewbn43obn4z00000000000000000000000000000170');
INSERT INTO class_attribute ( id, parent_id, child_id) VALUES ('sltoclxjzo5pka0inft90wyvy5dtn8gh00000000000000000000000000000073', '0000000000000000000000000000017000000000000000000000000000000001', '0sx0eb7v0k8bwtyfqvwi7ewbn43obn4z00000000000000000000000000000170');
INSERT INTO metadata_relationship ( entity_domain, site_master, last_updated_by, id, owner, locked_by, create_date, type, created_by, seq, key_name, last_update_date, parent_id, child_id) VALUES (NULL, 'runwaysdk.com', '0000000000000000000000000000001000000000000000000000000000000003', 'sltoclxjzo5pka0inft90wyvy5dtn8gh00000000000000000000000000000073', '0000000000000000000000000000001000000000000000000000000000000003', NULL, '2011-10-03 16:03:31', 'com.runwaysdk.system.metadata.ClassAttributeConcrete', '0000000000000000000000000000001000000000000000000000000000000003', 3242, 'com.runwaysdk.system.metadata.MdAttributeDouble.startRange', '2011-10-03 16:03:31', '0000000000000000000000000000017000000000000000000000000000000001', '0sx0eb7v0k8bwtyfqvwi7ewbn43obn4z00000000000000000000000000000170');
 INSERT INTO visibilitymodifier (set_id, item_id)  VALUES  ('zb1yjxxv7p94uylop3lh6lv86647erhv', '20071109NM000000000000000000000520071109NM0000000000000000000001');
INSERT INTO metadata_display_label ( default_locale, id, site_master, key_name) VALUES ('End Range', '92cm069qlx94j9wrridk3vbui8ttfzh5NM200904120000000000000000000030', 'runwaysdk.com', '92cm069qlx94j9wrridk3vbui8ttfzh5NM200904120000000000000000000030');
 INSERT INTO visibilitymodifier (set_id, item_id)  VALUES  ('70m6ymhsad8ez7wdbj8vbwsjxvmgj4u2', '20071109NM000000000000000000000520071109NM0000000000000000000001');
 INSERT INTO md_attribute_indicies (set_id, item_id)  VALUES  ('0kofx41s9rmoenxyzw1te7yhh0wz3a50', '0000000000000000000000000000040100000000000000000000000000000403');
INSERT INTO metadata_display_label ( default_locale, id, site_master, key_name) VALUES (NULL, 'xqj87e1iekeoptw6sohbw37sb1q4w0v3NM200904120000000000000000000030', 'runwaysdk.com', 'xqj87e1iekeoptw6sohbw37sb1q4w0v3NM200904120000000000000000000030');
INSERT INTO md_attribute_double ( default_value, start_range, id) VALUES (NULL, NULL, '8bbj0lbokvl7ytq9ng7ngw6kjevjzqav00000000000000000000000000000170');
INSERT INTO md_attribute_dec ( database_decimal, database_length, id) VALUES (6, 24, '8bbj0lbokvl7ytq9ng7ngw6kjevjzqav00000000000000000000000000000170');
INSERT INTO md_attribute_number ( reject_negative, reject_zero, reject_positive, id) VALUES (0, 0, 0, '8bbj0lbokvl7ytq9ng7ngw6kjevjzqav00000000000000000000000000000170');
INSERT INTO md_attribute_primitive ( id) VALUES ('8bbj0lbokvl7ytq9ng7ngw6kjevjzqav00000000000000000000000000000170');
INSERT INTO md_attribute_concrete ( column_name, defining_md_class, setter_visibility, setter_visibility_c, immutable, index_name, generate_accessor, system, required, display_label, getter_visibility, getter_visibility_c, index_type, index_type_c, attribute_name, id) VALUES ('end_range', '0000000000000000000000000000017000000000000000000000000000000001', 'zb1yjxxv7p94uylop3lh6lv86647erhv', '20071109NM000000000000000000000520071109NM0000000000000000000001', 0, 'ac09ig5rjgx2e178k850srsvngviqt', 1, 0, 0, '92cm069qlx94j9wrridk3vbui8ttfzh5NM200904120000000000000000000030', '70m6ymhsad8ez7wdbj8vbwsjxvmgj4u2', '20071109NM000000000000000000000520071109NM0000000000000000000001', '0kofx41s9rmoenxyzw1te7yhh0wz3a50', '0000000000000000000000000000040100000000000000000000000000000403', 'endRange', '8bbj0lbokvl7ytq9ng7ngw6kjevjzqav00000000000000000000000000000170');
INSERT INTO md_attribute ( id) VALUES ('8bbj0lbokvl7ytq9ng7ngw6kjevjzqav00000000000000000000000000000170');
INSERT INTO metadata ( description, created_by, owner, id, create_date, seq, type, remove, site_master, locked_by, entity_domain, last_updated_by, last_update_date, key_name) VALUES ('xqj87e1iekeoptw6sohbw37sb1q4w0v3NM200904120000000000000000000030', '0000000000000000000000000000001000000000000000000000000000000003', '0000000000000000000000000000001000000000000000000000000000000003', '8bbj0lbokvl7ytq9ng7ngw6kjevjzqav00000000000000000000000000000170', '2011-10-03 16:03:31', 3243, 'com.runwaysdk.system.metadata.MdAttributeDouble', 0, 'runwaysdk.com', NULL, NULL, '0000000000000000000000000000001000000000000000000000000000000003', '2011-10-03 16:03:31', 'com.runwaysdk.system.metadata.MdAttributeDouble.endRange');
ALTER TABLE md_attribute_double ADD COLUMN end_range  numeric(24,6);
INSERT INTO class_attribute_concrete ( id, parent_id, child_id) VALUES ('90z793u3m14d6nlxv0jdb1uzz248gwn300000000000000000000000000000073', '0000000000000000000000000000017000000000000000000000000000000001', '8bbj0lbokvl7ytq9ng7ngw6kjevjzqav00000000000000000000000000000170');
INSERT INTO class_attribute ( id, parent_id, child_id) VALUES ('90z793u3m14d6nlxv0jdb1uzz248gwn300000000000000000000000000000073', '0000000000000000000000000000017000000000000000000000000000000001', '8bbj0lbokvl7ytq9ng7ngw6kjevjzqav00000000000000000000000000000170');
INSERT INTO metadata_relationship ( entity_domain, site_master, last_updated_by, id, owner, locked_by, create_date, type, created_by, seq, key_name, last_update_date, parent_id, child_id) VALUES (NULL, 'runwaysdk.com', '0000000000000000000000000000001000000000000000000000000000000003', '90z793u3m14d6nlxv0jdb1uzz248gwn300000000000000000000000000000073', '0000000000000000000000000000001000000000000000000000000000000003', NULL, '2011-10-03 16:03:31', 'com.runwaysdk.system.metadata.ClassAttributeConcrete', '0000000000000000000000000000001000000000000000000000000000000003', 3244, 'com.runwaysdk.system.metadata.MdAttributeDouble.endRange', '2011-10-03 16:03:31', '0000000000000000000000000000017000000000000000000000000000000001', '8bbj0lbokvl7ytq9ng7ngw6kjevjzqav00000000000000000000000000000170');
 INSERT INTO visibilitymodifier (set_id, item_id)  VALUES  ('y1esdh6db5eni2oo1kgqsdlcmbza64gd', '20071109NM000000000000000000000520071109NM0000000000000000000001');
INSERT INTO metadata_display_label ( default_locale, id, site_master, key_name) VALUES ('Start Range', '6tf8jfpmhy4s6tw0s5ne9f3zn8l96jr7NM200904120000000000000000000030', 'runwaysdk.com', '6tf8jfpmhy4s6tw0s5ne9f3zn8l96jr7NM200904120000000000000000000030');
 INSERT INTO visibilitymodifier (set_id, item_id)  VALUES  ('05hbsr5gw3f0w0ddri4liwgmso7qrpcs', '20071109NM000000000000000000000520071109NM0000000000000000000001');
 INSERT INTO md_attribute_indicies (set_id, item_id)  VALUES  ('qxb7oxgls22hka1u4quutvziq6ud5atd', '0000000000000000000000000000040100000000000000000000000000000403');
INSERT INTO metadata_display_label ( default_locale, id, site_master, key_name) VALUES (NULL, 'qwfx73cblalelwfw9axfcbbgaxnwfnl3NM200904120000000000000000000030', 'runwaysdk.com', 'qwfx73cblalelwfw9axfcbbgaxnwfnl3NM200904120000000000000000000030');
INSERT INTO md_attribute_float ( default_value, id) VALUES (NULL, '6syi07yujtsj71bn5lvmxu1ek339zmte00000000000000000000000000000168');
INSERT INTO md_attribute_dec ( database_decimal, database_length, id) VALUES (6, 24, '6syi07yujtsj71bn5lvmxu1ek339zmte00000000000000000000000000000168');
INSERT INTO md_attribute_number ( reject_negative, reject_zero, reject_positive, id) VALUES (0, 0, 0, '6syi07yujtsj71bn5lvmxu1ek339zmte00000000000000000000000000000168');
INSERT INTO md_attribute_primitive ( id) VALUES ('6syi07yujtsj71bn5lvmxu1ek339zmte00000000000000000000000000000168');
INSERT INTO md_attribute_concrete ( column_name, defining_md_class, setter_visibility, setter_visibility_c, immutable, index_name, generate_accessor, system, required, display_label, getter_visibility, getter_visibility_c, index_type, index_type_c, attribute_name, id) VALUES ('start_range', '0000000000000000000000000000016800000000000000000000000000000001', 'y1esdh6db5eni2oo1kgqsdlcmbza64gd', '20071109NM000000000000000000000520071109NM0000000000000000000001', 0, 'akj6zd45k2cik4asap5sax91syy18k', 1, 0, 0, '6tf8jfpmhy4s6tw0s5ne9f3zn8l96jr7NM200904120000000000000000000030', '05hbsr5gw3f0w0ddri4liwgmso7qrpcs', '20071109NM000000000000000000000520071109NM0000000000000000000001', 'qxb7oxgls22hka1u4quutvziq6ud5atd', '0000000000000000000000000000040100000000000000000000000000000403', 'startRange', '6syi07yujtsj71bn5lvmxu1ek339zmte00000000000000000000000000000168');
INSERT INTO md_attribute ( id) VALUES ('6syi07yujtsj71bn5lvmxu1ek339zmte00000000000000000000000000000168');
INSERT INTO metadata ( description, created_by, owner, id, create_date, seq, type, remove, site_master, locked_by, entity_domain, last_updated_by, last_update_date, key_name) VALUES ('qwfx73cblalelwfw9axfcbbgaxnwfnl3NM200904120000000000000000000030', '0000000000000000000000000000001000000000000000000000000000000003', '0000000000000000000000000000001000000000000000000000000000000003', '6syi07yujtsj71bn5lvmxu1ek339zmte00000000000000000000000000000168', '2011-10-03 16:03:31', 3245, 'com.runwaysdk.system.metadata.MdAttributeFloat', 0, 'runwaysdk.com', NULL, NULL, '0000000000000000000000000000001000000000000000000000000000000003', '2011-10-03 16:03:31', 'com.runwaysdk.system.metadata.MdAttributeFloat.startRange');
ALTER TABLE md_attribute_float ADD COLUMN start_range  numeric(24,6);
INSERT INTO class_attribute_concrete ( id, parent_id, child_id) VALUES ('x8nvn2vcik52uzsarcelzrjtzns1xmg900000000000000000000000000000073', '0000000000000000000000000000016800000000000000000000000000000001', '6syi07yujtsj71bn5lvmxu1ek339zmte00000000000000000000000000000168');
INSERT INTO class_attribute ( id, parent_id, child_id) VALUES ('x8nvn2vcik52uzsarcelzrjtzns1xmg900000000000000000000000000000073', '0000000000000000000000000000016800000000000000000000000000000001', '6syi07yujtsj71bn5lvmxu1ek339zmte00000000000000000000000000000168');
INSERT INTO metadata_relationship ( entity_domain, site_master, last_updated_by, id, owner, locked_by, create_date, type, created_by, seq, key_name, last_update_date, parent_id, child_id) VALUES (NULL, 'runwaysdk.com', '0000000000000000000000000000001000000000000000000000000000000003', 'x8nvn2vcik52uzsarcelzrjtzns1xmg900000000000000000000000000000073', '0000000000000000000000000000001000000000000000000000000000000003', NULL, '2011-10-03 16:03:31', 'com.runwaysdk.system.metadata.ClassAttributeConcrete', '0000000000000000000000000000001000000000000000000000000000000003', 3246, 'com.runwaysdk.system.metadata.MdAttributeFloat.startRange', '2011-10-03 16:03:31', '0000000000000000000000000000016800000000000000000000000000000001', '6syi07yujtsj71bn5lvmxu1ek339zmte00000000000000000000000000000168');
 INSERT INTO visibilitymodifier (set_id, item_id)  VALUES  ('xqa7tqehx0gx9hq6zgis4t26i2prs8qs', '20071109NM000000000000000000000520071109NM0000000000000000000001');
INSERT INTO metadata_display_label ( default_locale, id, site_master, key_name) VALUES ('End Range', '6szs87327trc5hm8r66ux9q84w1h4mhfNM200904120000000000000000000030', 'runwaysdk.com', '6szs87327trc5hm8r66ux9q84w1h4mhfNM200904120000000000000000000030');
 INSERT INTO visibilitymodifier (set_id, item_id)  VALUES  ('z736aymoej1l6lo5mbqvpe12b5wmxg8v', '20071109NM000000000000000000000520071109NM0000000000000000000001');
 INSERT INTO md_attribute_indicies (set_id, item_id)  VALUES  ('xczvaird4jnhhu90m62dmwdbflqgoa0x', '0000000000000000000000000000040100000000000000000000000000000403');
INSERT INTO metadata_display_label ( default_locale, id, site_master, key_name) VALUES (NULL, '21bmwrg91hxb0qexzz15yrulp91mfjz0NM200904120000000000000000000030', 'runwaysdk.com', '21bmwrg91hxb0qexzz15yrulp91mfjz0NM200904120000000000000000000030');
INSERT INTO md_attribute_float ( default_value, start_range, id) VALUES (NULL, NULL, '76n33u3j53gnxvv2e9tz8wn6q4k747cm00000000000000000000000000000168');
INSERT INTO md_attribute_dec ( database_decimal, database_length, id) VALUES (6, 24, '76n33u3j53gnxvv2e9tz8wn6q4k747cm00000000000000000000000000000168');
INSERT INTO md_attribute_number ( reject_negative, reject_zero, reject_positive, id) VALUES (0, 0, 0, '76n33u3j53gnxvv2e9tz8wn6q4k747cm00000000000000000000000000000168');
INSERT INTO md_attribute_primitive ( id) VALUES ('76n33u3j53gnxvv2e9tz8wn6q4k747cm00000000000000000000000000000168');
INSERT INTO md_attribute_concrete ( column_name, defining_md_class, setter_visibility, setter_visibility_c, immutable, index_name, generate_accessor, system, required, display_label, getter_visibility, getter_visibility_c, index_type, index_type_c, attribute_name, id) VALUES ('end_range', '0000000000000000000000000000016800000000000000000000000000000001', 'xqa7tqehx0gx9hq6zgis4t26i2prs8qs', '20071109NM000000000000000000000520071109NM0000000000000000000001', 0, 'at6fbo8mx9u3mxv9ewtq8niek71n8i', 1, 0, 0, '6szs87327trc5hm8r66ux9q84w1h4mhfNM200904120000000000000000000030', 'z736aymoej1l6lo5mbqvpe12b5wmxg8v', '20071109NM000000000000000000000520071109NM0000000000000000000001', 'xczvaird4jnhhu90m62dmwdbflqgoa0x', '0000000000000000000000000000040100000000000000000000000000000403', 'endRange', '76n33u3j53gnxvv2e9tz8wn6q4k747cm00000000000000000000000000000168');
INSERT INTO md_attribute ( id) VALUES ('76n33u3j53gnxvv2e9tz8wn6q4k747cm00000000000000000000000000000168');
INSERT INTO metadata ( description, created_by, owner, id, create_date, seq, type, remove, site_master, locked_by, entity_domain, last_updated_by, last_update_date, key_name) VALUES ('21bmwrg91hxb0qexzz15yrulp91mfjz0NM200904120000000000000000000030', '0000000000000000000000000000001000000000000000000000000000000003', '0000000000000000000000000000001000000000000000000000000000000003', '76n33u3j53gnxvv2e9tz8wn6q4k747cm00000000000000000000000000000168', '2011-10-03 16:03:31', 3247, 'com.runwaysdk.system.metadata.MdAttributeFloat', 0, 'runwaysdk.com', NULL, NULL, '0000000000000000000000000000001000000000000000000000000000000003', '2011-10-03 16:03:31', 'com.runwaysdk.system.metadata.MdAttributeFloat.endRange');
ALTER TABLE md_attribute_float ADD COLUMN end_range  numeric(24,6);
INSERT INTO class_attribute_concrete ( id, parent_id, child_id) VALUES ('z3mtommevh7tlh64ras7eghqeiusdfk800000000000000000000000000000073', '0000000000000000000000000000016800000000000000000000000000000001', '76n33u3j53gnxvv2e9tz8wn6q4k747cm00000000000000000000000000000168');
INSERT INTO class_attribute ( id, parent_id, child_id) VALUES ('z3mtommevh7tlh64ras7eghqeiusdfk800000000000000000000000000000073', '0000000000000000000000000000016800000000000000000000000000000001', '76n33u3j53gnxvv2e9tz8wn6q4k747cm00000000000000000000000000000168');
INSERT INTO metadata_relationship ( entity_domain, site_master, last_updated_by, id, owner, locked_by, create_date, type, created_by, seq, key_name, last_update_date, parent_id, child_id) VALUES (NULL, 'runwaysdk.com', '0000000000000000000000000000001000000000000000000000000000000003', 'z3mtommevh7tlh64ras7eghqeiusdfk800000000000000000000000000000073', '0000000000000000000000000000001000000000000000000000000000000003', NULL, '2011-10-03 16:03:31', 'com.runwaysdk.system.metadata.ClassAttributeConcrete', '0000000000000000000000000000001000000000000000000000000000000003', 3248, 'com.runwaysdk.system.metadata.MdAttributeFloat.endRange', '2011-10-03 16:03:31', '0000000000000000000000000000016800000000000000000000000000000001', '76n33u3j53gnxvv2e9tz8wn6q4k747cm00000000000000000000000000000168');
 INSERT INTO visibilitymodifier (set_id, item_id)  VALUES  ('z2qhy85sqyrsso0j0rcnw33df0dhay4z', '20071109NM000000000000000000000520071109NM0000000000000000000001');
INSERT INTO metadata_display_label ( default_locale, id, site_master, key_name) VALUES ('Start Date', '94fzn1ncglqq4e63pdnhw2oufo3jfhplNM200904120000000000000000000030', 'runwaysdk.com', '94fzn1ncglqq4e63pdnhw2oufo3jfhplNM200904120000000000000000000030');
 INSERT INTO visibilitymodifier (set_id, item_id)  VALUES  ('qvq62dijg1jfjosyc1klfo7f7fd7m6k2', '20071109NM000000000000000000000520071109NM0000000000000000000001');
 INSERT INTO md_attribute_indicies (set_id, item_id)  VALUES  ('r3jsyjnkwrxlrkqw19uqtfyf33g6h2xk', '0000000000000000000000000000040100000000000000000000000000000403');
INSERT INTO metadata_display_label ( default_locale, id, site_master, key_name) VALUES (NULL, 'qsoy4zaii7b4d7n6utxmf2hjhppxt57hNM200904120000000000000000000030', 'runwaysdk.com', 'qsoy4zaii7b4d7n6utxmf2hjhppxt57hNM200904120000000000000000000030');
INSERT INTO md_attribute_date ( default_value, id) VALUES (NULL, 'x8fcc0g4qfod3snlw1tk4sxuj0gmzwd900000000000000000000000000000340');
INSERT INTO md_attribute_moment ( id) VALUES ('x8fcc0g4qfod3snlw1tk4sxuj0gmzwd900000000000000000000000000000340');
INSERT INTO md_attribute_primitive ( id) VALUES ('x8fcc0g4qfod3snlw1tk4sxuj0gmzwd900000000000000000000000000000340');
INSERT INTO md_attribute_concrete ( column_name, defining_md_class, setter_visibility, setter_visibility_c, immutable, index_name, generate_accessor, system, required, display_label, getter_visibility, getter_visibility_c, index_type, index_type_c, attribute_name, id) VALUES ('start_date', '0000000000000000000000000000034000000000000000000000000000000001', 'z2qhy85sqyrsso0j0rcnw33df0dhay4z', '20071109NM000000000000000000000520071109NM0000000000000000000001', 0, 'aqb2l5vj1vt35gbfpzil2xqheqh74e', 1, 0, 0, '94fzn1ncglqq4e63pdnhw2oufo3jfhplNM200904120000000000000000000030', 'qvq62dijg1jfjosyc1klfo7f7fd7m6k2', '20071109NM000000000000000000000520071109NM0000000000000000000001', 'r3jsyjnkwrxlrkqw19uqtfyf33g6h2xk', '0000000000000000000000000000040100000000000000000000000000000403', 'startDate', 'x8fcc0g4qfod3snlw1tk4sxuj0gmzwd900000000000000000000000000000340');
INSERT INTO md_attribute ( id) VALUES ('x8fcc0g4qfod3snlw1tk4sxuj0gmzwd900000000000000000000000000000340');
INSERT INTO metadata ( description, created_by, owner, id, create_date, seq, type, remove, site_master, locked_by, entity_domain, last_updated_by, last_update_date, key_name) VALUES ('qsoy4zaii7b4d7n6utxmf2hjhppxt57hNM200904120000000000000000000030', '0000000000000000000000000000001000000000000000000000000000000003', '0000000000000000000000000000001000000000000000000000000000000003', 'x8fcc0g4qfod3snlw1tk4sxuj0gmzwd900000000000000000000000000000340', '2011-10-03 16:03:31', 3249, 'com.runwaysdk.system.metadata.MdAttributeDate', 0, 'runwaysdk.com', NULL, NULL, '0000000000000000000000000000001000000000000000000000000000000003', '2011-10-03 16:03:31', 'com.runwaysdk.system.metadata.MdAttributeDate.startDate');
ALTER TABLE md_attribute_date ADD COLUMN start_date  date;
INSERT INTO class_attribute_concrete ( id, parent_id, child_id) VALUES ('0qaopn09ft8e73qqws48jl5lqshjn1jh00000000000000000000000000000073', '0000000000000000000000000000034000000000000000000000000000000001', 'x8fcc0g4qfod3snlw1tk4sxuj0gmzwd900000000000000000000000000000340');
INSERT INTO class_attribute ( id, parent_id, child_id) VALUES ('0qaopn09ft8e73qqws48jl5lqshjn1jh00000000000000000000000000000073', '0000000000000000000000000000034000000000000000000000000000000001', 'x8fcc0g4qfod3snlw1tk4sxuj0gmzwd900000000000000000000000000000340');
INSERT INTO metadata_relationship ( entity_domain, site_master, last_updated_by, id, owner, locked_by, create_date, type, created_by, seq, key_name, last_update_date, parent_id, child_id) VALUES (NULL, 'runwaysdk.com', '0000000000000000000000000000001000000000000000000000000000000003', '0qaopn09ft8e73qqws48jl5lqshjn1jh00000000000000000000000000000073', '0000000000000000000000000000001000000000000000000000000000000003', NULL, '2011-10-03 16:03:31', 'com.runwaysdk.system.metadata.ClassAttributeConcrete', '0000000000000000000000000000001000000000000000000000000000000003', 3250, 'com.runwaysdk.system.metadata.MdAttributeDate.startDate', '2011-10-03 16:03:31', '0000000000000000000000000000034000000000000000000000000000000001', 'x8fcc0g4qfod3snlw1tk4sxuj0gmzwd900000000000000000000000000000340');
 INSERT INTO visibilitymodifier (set_id, item_id)  VALUES  ('xk0cdmoyknjul4d4u8af3yhhn8scexrd', '20071109NM000000000000000000000520071109NM0000000000000000000001');
INSERT INTO metadata_display_label ( default_locale, id, site_master, key_name) VALUES ('End Date', 'z4c85670b7ka95p5677klqdkqptdbyxoNM200904120000000000000000000030', 'runwaysdk.com', 'z4c85670b7ka95p5677klqdkqptdbyxoNM200904120000000000000000000030');
 INSERT INTO visibilitymodifier (set_id, item_id)  VALUES  ('0o57q6h9p685o1ohbmh4dpzub1vckivg', '20071109NM000000000000000000000520071109NM0000000000000000000001');
 INSERT INTO md_attribute_indicies (set_id, item_id)  VALUES  ('r5sfsll9ri5lyp0dz7ftwkvqxjeams2f', '0000000000000000000000000000040100000000000000000000000000000403');
INSERT INTO metadata_display_label ( default_locale, id, site_master, key_name) VALUES (NULL, 'xbibkxdcsoml11s40qj7u0j67blqyj8pNM200904120000000000000000000030', 'runwaysdk.com', 'xbibkxdcsoml11s40qj7u0j67blqyj8pNM200904120000000000000000000030');
INSERT INTO md_attribute_date ( default_value, start_date, id) VALUES (NULL, NULL, 'secx2kbign5v5le83a6hqme9jlw1nor700000000000000000000000000000340');
INSERT INTO md_attribute_moment ( id) VALUES ('secx2kbign5v5le83a6hqme9jlw1nor700000000000000000000000000000340');
INSERT INTO md_attribute_primitive ( id) VALUES ('secx2kbign5v5le83a6hqme9jlw1nor700000000000000000000000000000340');
INSERT INTO md_attribute_concrete ( column_name, defining_md_class, setter_visibility, setter_visibility_c, immutable, index_name, generate_accessor, system, required, display_label, getter_visibility, getter_visibility_c, index_type, index_type_c, attribute_name, id) VALUES ('end_date', '0000000000000000000000000000034000000000000000000000000000000001', 'xk0cdmoyknjul4d4u8af3yhhn8scexrd', '20071109NM000000000000000000000520071109NM0000000000000000000001', 0, 'amnncxxnzlyiq2uhmeflvqneye48xp', 1, 0, 0, 'z4c85670b7ka95p5677klqdkqptdbyxoNM200904120000000000000000000030', '0o57q6h9p685o1ohbmh4dpzub1vckivg', '20071109NM000000000000000000000520071109NM0000000000000000000001', 'r5sfsll9ri5lyp0dz7ftwkvqxjeams2f', '0000000000000000000000000000040100000000000000000000000000000403', 'endDate', 'secx2kbign5v5le83a6hqme9jlw1nor700000000000000000000000000000340');
INSERT INTO md_attribute ( id) VALUES ('secx2kbign5v5le83a6hqme9jlw1nor700000000000000000000000000000340');
INSERT INTO metadata ( description, created_by, owner, id, create_date, seq, type, remove, site_master, locked_by, entity_domain, last_updated_by, last_update_date, key_name) VALUES ('xbibkxdcsoml11s40qj7u0j67blqyj8pNM200904120000000000000000000030', '0000000000000000000000000000001000000000000000000000000000000003', '0000000000000000000000000000001000000000000000000000000000000003', 'secx2kbign5v5le83a6hqme9jlw1nor700000000000000000000000000000340', '2011-10-03 16:03:31', 3251, 'com.runwaysdk.system.metadata.MdAttributeDate', 0, 'runwaysdk.com', NULL, NULL, '0000000000000000000000000000001000000000000000000000000000000003', '2011-10-03 16:03:31', 'com.runwaysdk.system.metadata.MdAttributeDate.endDate');
ALTER TABLE md_attribute_date ADD COLUMN end_date  date;
INSERT INTO class_attribute_concrete ( id, parent_id, child_id) VALUES ('sw8gty02rg0s2ttodl6thobgl29haqwm00000000000000000000000000000073', '0000000000000000000000000000034000000000000000000000000000000001', 'secx2kbign5v5le83a6hqme9jlw1nor700000000000000000000000000000340');
INSERT INTO class_attribute ( id, parent_id, child_id) VALUES ('sw8gty02rg0s2ttodl6thobgl29haqwm00000000000000000000000000000073', '0000000000000000000000000000034000000000000000000000000000000001', 'secx2kbign5v5le83a6hqme9jlw1nor700000000000000000000000000000340');
INSERT INTO metadata_relationship ( entity_domain, site_master, last_updated_by, id, owner, locked_by, create_date, type, created_by, seq, key_name, last_update_date, parent_id, child_id) VALUES (NULL, 'runwaysdk.com', '0000000000000000000000000000001000000000000000000000000000000003', 'sw8gty02rg0s2ttodl6thobgl29haqwm00000000000000000000000000000073', '0000000000000000000000000000001000000000000000000000000000000003', NULL, '2011-10-03 16:03:31', 'com.runwaysdk.system.metadata.ClassAttributeConcrete', '0000000000000000000000000000001000000000000000000000000000000003', 3252, 'com.runwaysdk.system.metadata.MdAttributeDate.endDate', '2011-10-03 16:03:31', '0000000000000000000000000000034000000000000000000000000000000001', 'secx2kbign5v5le83a6hqme9jlw1nor700000000000000000000000000000340');
INSERT INTO metadata_display_label ( default_locale, id, site_master, key_name) VALUES ('false', 'zbvurvcxagvvfmuu4fi2euu2nnokolxuNM200904120000000000000000000030', 'runwaysdk.com', 'zbvurvcxagvvfmuu4fi2euu2nnokolxuNM200904120000000000000000000030');
INSERT INTO metadata_display_label ( default_locale, id, site_master, key_name) VALUES ('true', '93t4wqa1rqllseiv6xr3s82oy285l1boNM200904120000000000000000000030', 'runwaysdk.com', '93t4wqa1rqllseiv6xr3s82oy285l1boNM200904120000000000000000000030');
 INSERT INTO visibilitymodifier (set_id, item_id)  VALUES  ('x89sd2vk5y3muirieq03pjd93w2setzh', '20071109NM000000000000000000000520071109NM0000000000000000000001');
INSERT INTO metadata_display_label ( default_locale, id, site_master, key_name) VALUES ('Before today (inclusive)', '6v8ygfll7tfsciwnpb3mhp3v0au10or4NM200904120000000000000000000030', 'runwaysdk.com', '6v8ygfll7tfsciwnpb3mhp3v0au10or4NM200904120000000000000000000030');
 INSERT INTO visibilitymodifier (set_id, item_id)  VALUES  ('y0291vql0johbojhcibrum3354i2n3n4', '20071109NM000000000000000000000520071109NM0000000000000000000001');
 INSERT INTO md_attribute_indicies (set_id, item_id)  VALUES  ('78l8tf8m171k6he8hzyhouehwzr2enzh', '0000000000000000000000000000040100000000000000000000000000000403');
INSERT INTO metadata_display_label ( default_locale, id, site_master, key_name) VALUES (NULL, '6zf1sm5pgdyr1bsm6r8e0cadmpe6kh8kNM200904120000000000000000000030', 'runwaysdk.com', '6zf1sm5pgdyr1bsm6r8e0cadmpe6kh8kNM200904120000000000000000000030');
INSERT INTO md_attribute_boolean ( negative_display_label, default_value, positive_display_label, id) VALUES ('zbvurvcxagvvfmuu4fi2euu2nnokolxuNM200904120000000000000000000030', NULL, '93t4wqa1rqllseiv6xr3s82oy285l1boNM200904120000000000000000000030', '6ufiwybradxfq34po83m4vlp1yyxsp3000000000000000000000000000000194');
INSERT INTO md_attribute_primitive ( id) VALUES ('6ufiwybradxfq34po83m4vlp1yyxsp3000000000000000000000000000000194');
INSERT INTO md_attribute_concrete ( column_name, defining_md_class, setter_visibility, setter_visibility_c, immutable, index_name, generate_accessor, system, required, display_label, getter_visibility, getter_visibility_c, index_type, index_type_c, attribute_name, id) VALUES ('before_today_inclusive', '0000000000000000000000000000034000000000000000000000000000000001', 'x89sd2vk5y3muirieq03pjd93w2setzh', '20071109NM000000000000000000000520071109NM0000000000000000000001', 0, 'anz9r6ngy1wv8y1c7z4616fl3f41zj', 1, 0, 0, '6v8ygfll7tfsciwnpb3mhp3v0au10or4NM200904120000000000000000000030', 'y0291vql0johbojhcibrum3354i2n3n4', '20071109NM000000000000000000000520071109NM0000000000000000000001', '78l8tf8m171k6he8hzyhouehwzr2enzh', '0000000000000000000000000000040100000000000000000000000000000403', 'beforeTodayInclusive', '6ufiwybradxfq34po83m4vlp1yyxsp3000000000000000000000000000000194');
INSERT INTO md_attribute ( id) VALUES ('6ufiwybradxfq34po83m4vlp1yyxsp3000000000000000000000000000000194');
INSERT INTO metadata ( description, created_by, owner, id, create_date, seq, type, remove, site_master, locked_by, entity_domain, last_updated_by, last_update_date, key_name) VALUES ('6zf1sm5pgdyr1bsm6r8e0cadmpe6kh8kNM200904120000000000000000000030', '0000000000000000000000000000001000000000000000000000000000000003', '0000000000000000000000000000001000000000000000000000000000000003', '6ufiwybradxfq34po83m4vlp1yyxsp3000000000000000000000000000000194', '2011-10-03 16:03:31', 3253, 'com.runwaysdk.system.metadata.MdAttributeBoolean', 0, 'runwaysdk.com', NULL, NULL, '0000000000000000000000000000001000000000000000000000000000000003', '2011-10-03 16:03:31', 'com.runwaysdk.system.metadata.MdAttributeDate.beforeTodayInclusive');
ALTER TABLE md_attribute_date ADD COLUMN before_today_inclusive  int;
INSERT INTO class_attribute_concrete ( id, parent_id, child_id) VALUES ('supjj49ue3rlu0lu1nsotildaborkjuo00000000000000000000000000000073', '0000000000000000000000000000034000000000000000000000000000000001', '6ufiwybradxfq34po83m4vlp1yyxsp3000000000000000000000000000000194');
INSERT INTO class_attribute ( id, parent_id, child_id) VALUES ('supjj49ue3rlu0lu1nsotildaborkjuo00000000000000000000000000000073', '0000000000000000000000000000034000000000000000000000000000000001', '6ufiwybradxfq34po83m4vlp1yyxsp3000000000000000000000000000000194');
INSERT INTO metadata_relationship ( entity_domain, site_master, last_updated_by, id, owner, locked_by, create_date, type, created_by, seq, key_name, last_update_date, parent_id, child_id) VALUES (NULL, 'runwaysdk.com', '0000000000000000000000000000001000000000000000000000000000000003', 'supjj49ue3rlu0lu1nsotildaborkjuo00000000000000000000000000000073', '0000000000000000000000000000001000000000000000000000000000000003', NULL, '2011-10-03 16:03:31', 'com.runwaysdk.system.metadata.ClassAttributeConcrete', '0000000000000000000000000000001000000000000000000000000000000003', 3254, 'com.runwaysdk.system.metadata.MdAttributeDate.beforeTodayInclusive', '2011-10-03 16:03:31', '0000000000000000000000000000034000000000000000000000000000000001', '6ufiwybradxfq34po83m4vlp1yyxsp3000000000000000000000000000000194');
INSERT INTO metadata_display_label ( default_locale, id, site_master, key_name) VALUES ('false', '7djjita36r0e09c2y2uo0iqlgkj6dlyrNM200904120000000000000000000030', 'runwaysdk.com', '7djjita36r0e09c2y2uo0iqlgkj6dlyrNM200904120000000000000000000030');
INSERT INTO metadata_display_label ( default_locale, id, site_master, key_name) VALUES ('true', '8fm70xmdbm5eugx1pasqwv74gs2leb21NM200904120000000000000000000030', 'runwaysdk.com', '8fm70xmdbm5eugx1pasqwv74gs2leb21NM200904120000000000000000000030');
 INSERT INTO visibilitymodifier (set_id, item_id)  VALUES  ('sc7k23y8relseoxzaibv1mnf0qfk6q1z', '20071109NM000000000000000000000520071109NM0000000000000000000001');
INSERT INTO metadata_display_label ( default_locale, id, site_master, key_name) VALUES ('After today (inclusive)', '8zoh5lzitg9nn1zjt1bmiuo6hbbwc0fyNM200904120000000000000000000030', 'runwaysdk.com', '8zoh5lzitg9nn1zjt1bmiuo6hbbwc0fyNM200904120000000000000000000030');
 INSERT INTO visibilitymodifier (set_id, item_id)  VALUES  ('xov19cc2fgnr2xpiudvp5rx25slgjzsg', '20071109NM000000000000000000000520071109NM0000000000000000000001');
 INSERT INTO md_attribute_indicies (set_id, item_id)  VALUES  ('8vwdk1qeh3ewkd32aen3qslbustn6cel', '0000000000000000000000000000040100000000000000000000000000000403');
INSERT INTO metadata_display_label ( default_locale, id, site_master, key_name) VALUES (NULL, 'qvhbwpylck19cunbpfi2nqvu0n8a73ioNM200904120000000000000000000030', 'runwaysdk.com', 'qvhbwpylck19cunbpfi2nqvu0n8a73ioNM200904120000000000000000000030');
INSERT INTO md_attribute_boolean ( negative_display_label, default_value, positive_display_label, id) VALUES ('7djjita36r0e09c2y2uo0iqlgkj6dlyrNM200904120000000000000000000030', NULL, '8fm70xmdbm5eugx1pasqwv74gs2leb21NM200904120000000000000000000030', 'y1epqmboubr2yhxmri2y3lfom002cb9g00000000000000000000000000000194');
INSERT INTO md_attribute_primitive ( id) VALUES ('y1epqmboubr2yhxmri2y3lfom002cb9g00000000000000000000000000000194');
INSERT INTO md_attribute_concrete ( column_name, defining_md_class, setter_visibility, setter_visibility_c, immutable, index_name, generate_accessor, system, required, display_label, getter_visibility, getter_visibility_c, index_type, index_type_c, attribute_name, id) VALUES ('after_today_inclusive', '0000000000000000000000000000034000000000000000000000000000000001', 'sc7k23y8relseoxzaibv1mnf0qfk6q1z', '20071109NM000000000000000000000520071109NM0000000000000000000001', 0, 'anp7j51t29mtai7u9fhtll44gch56q', 1, 0, 0, '8zoh5lzitg9nn1zjt1bmiuo6hbbwc0fyNM200904120000000000000000000030', 'xov19cc2fgnr2xpiudvp5rx25slgjzsg', '20071109NM000000000000000000000520071109NM0000000000000000000001', '8vwdk1qeh3ewkd32aen3qslbustn6cel', '0000000000000000000000000000040100000000000000000000000000000403', 'afterTodayInclusive', 'y1epqmboubr2yhxmri2y3lfom002cb9g00000000000000000000000000000194');
INSERT INTO md_attribute ( id) VALUES ('y1epqmboubr2yhxmri2y3lfom002cb9g00000000000000000000000000000194');
INSERT INTO metadata ( description, created_by, owner, id, create_date, seq, type, remove, site_master, locked_by, entity_domain, last_updated_by, last_update_date, key_name) VALUES ('qvhbwpylck19cunbpfi2nqvu0n8a73ioNM200904120000000000000000000030', '0000000000000000000000000000001000000000000000000000000000000003', '0000000000000000000000000000001000000000000000000000000000000003', 'y1epqmboubr2yhxmri2y3lfom002cb9g00000000000000000000000000000194', '2011-10-03 16:03:31', 3255, 'com.runwaysdk.system.metadata.MdAttributeBoolean', 0, 'runwaysdk.com', NULL, NULL, '0000000000000000000000000000001000000000000000000000000000000003', '2011-10-03 16:03:31', 'com.runwaysdk.system.metadata.MdAttributeDate.afterTodayInclusive');
ALTER TABLE md_attribute_date ADD COLUMN after_today_inclusive  int;
INSERT INTO class_attribute_concrete ( id, parent_id, child_id) VALUES ('0csmts05bhymw0olmfapuzvn5bdmvdtq00000000000000000000000000000073', '0000000000000000000000000000034000000000000000000000000000000001', 'y1epqmboubr2yhxmri2y3lfom002cb9g00000000000000000000000000000194');
INSERT INTO class_attribute ( id, parent_id, child_id) VALUES ('0csmts05bhymw0olmfapuzvn5bdmvdtq00000000000000000000000000000073', '0000000000000000000000000000034000000000000000000000000000000001', 'y1epqmboubr2yhxmri2y3lfom002cb9g00000000000000000000000000000194');
INSERT INTO metadata_relationship ( entity_domain, site_master, last_updated_by, id, owner, locked_by, create_date, type, created_by, seq, key_name, last_update_date, parent_id, child_id) VALUES (NULL, 'runwaysdk.com', '0000000000000000000000000000001000000000000000000000000000000003', '0csmts05bhymw0olmfapuzvn5bdmvdtq00000000000000000000000000000073', '0000000000000000000000000000001000000000000000000000000000000003', NULL, '2011-10-03 16:03:31', 'com.runwaysdk.system.metadata.ClassAttributeConcrete', '0000000000000000000000000000001000000000000000000000000000000003', 3256, 'com.runwaysdk.system.metadata.MdAttributeDate.afterTodayInclusive', '2011-10-03 16:03:31', '0000000000000000000000000000034000000000000000000000000000000001', 'y1epqmboubr2yhxmri2y3lfom002cb9g00000000000000000000000000000194');
INSERT INTO metadata_display_label ( default_locale, id, site_master, key_name) VALUES ('false', '27jpjjlomoyjzbcpiw6gdzc81zw0p5puNM200904120000000000000000000030', 'runwaysdk.com', '27jpjjlomoyjzbcpiw6gdzc81zw0p5puNM200904120000000000000000000030');
INSERT INTO metadata_display_label ( default_locale, id, site_master, key_name) VALUES ('true', 'se0mxpfhpzsquywk5fvd7c4qr35cjjygNM200904120000000000000000000030', 'runwaysdk.com', 'se0mxpfhpzsquywk5fvd7c4qr35cjjygNM200904120000000000000000000030');
 INSERT INTO visibilitymodifier (set_id, item_id)  VALUES  ('xfkeqef8gt05ywwacshynl19kuandagt', '20071109NM000000000000000000000520071109NM0000000000000000000001');
INSERT INTO metadata_display_label ( default_locale, id, site_master, key_name) VALUES ('Before today (exclusive)', '755n99od1k0jrze9dxyt45idq6zo2j5xNM200904120000000000000000000030', 'runwaysdk.com', '755n99od1k0jrze9dxyt45idq6zo2j5xNM200904120000000000000000000030');
 INSERT INTO visibilitymodifier (set_id, item_id)  VALUES  ('r8t0fqa1povu147warzuyvajiwi6w2yr', '20071109NM000000000000000000000520071109NM0000000000000000000001');
 INSERT INTO md_attribute_indicies (set_id, item_id)  VALUES  ('xwb8ihh8q8qj31nt96rdqxc46kg44p34', '0000000000000000000000000000040100000000000000000000000000000403');
INSERT INTO metadata_display_label ( default_locale, id, site_master, key_name) VALUES (NULL, '7ckx3vx9imtnm7fy8waw8lq4b19ttyy2NM200904120000000000000000000030', 'runwaysdk.com', '7ckx3vx9imtnm7fy8waw8lq4b19ttyy2NM200904120000000000000000000030');
INSERT INTO md_attribute_boolean ( negative_display_label, default_value, positive_display_label, id) VALUES ('27jpjjlomoyjzbcpiw6gdzc81zw0p5puNM200904120000000000000000000030', NULL, 'se0mxpfhpzsquywk5fvd7c4qr35cjjygNM200904120000000000000000000030', '2gw7bnkp3kxc7bg3kcuwi5xc7h0fw8n200000000000000000000000000000194');
INSERT INTO md_attribute_primitive ( id) VALUES ('2gw7bnkp3kxc7bg3kcuwi5xc7h0fw8n200000000000000000000000000000194');
INSERT INTO md_attribute_concrete ( column_name, defining_md_class, setter_visibility, setter_visibility_c, immutable, index_name, generate_accessor, system, required, display_label, getter_visibility, getter_visibility_c, index_type, index_type_c, attribute_name, id) VALUES ('before_today_exclusive', '0000000000000000000000000000034000000000000000000000000000000001', 'xfkeqef8gt05ywwacshynl19kuandagt', '20071109NM000000000000000000000520071109NM0000000000000000000001', 0, 'a5cbd6ec1queelkvcdl2no94f8o1xk', 1, 0, 0, '755n99od1k0jrze9dxyt45idq6zo2j5xNM200904120000000000000000000030', 'r8t0fqa1povu147warzuyvajiwi6w2yr', '20071109NM000000000000000000000520071109NM0000000000000000000001', 'xwb8ihh8q8qj31nt96rdqxc46kg44p34', '0000000000000000000000000000040100000000000000000000000000000403', 'beforeTodayExclusive', '2gw7bnkp3kxc7bg3kcuwi5xc7h0fw8n200000000000000000000000000000194');
INSERT INTO md_attribute ( id) VALUES ('2gw7bnkp3kxc7bg3kcuwi5xc7h0fw8n200000000000000000000000000000194');
INSERT INTO metadata ( description, created_by, owner, id, create_date, seq, type, remove, site_master, locked_by, entity_domain, last_updated_by, last_update_date, key_name) VALUES ('7ckx3vx9imtnm7fy8waw8lq4b19ttyy2NM200904120000000000000000000030', '0000000000000000000000000000001000000000000000000000000000000003', '0000000000000000000000000000001000000000000000000000000000000003', '2gw7bnkp3kxc7bg3kcuwi5xc7h0fw8n200000000000000000000000000000194', '2011-10-03 16:03:31', 3257, 'com.runwaysdk.system.metadata.MdAttributeBoolean', 0, 'runwaysdk.com', NULL, NULL, '0000000000000000000000000000001000000000000000000000000000000003', '2011-10-03 16:03:31', 'com.runwaysdk.system.metadata.MdAttributeDate.beforeTodayExclusive');
ALTER TABLE md_attribute_date ADD COLUMN before_today_exclusive  int;
INSERT INTO class_attribute_concrete ( id, parent_id, child_id) VALUES ('xvgna7nxb9e1b4zgaewb6zezf0g6n29z00000000000000000000000000000073', '0000000000000000000000000000034000000000000000000000000000000001', '2gw7bnkp3kxc7bg3kcuwi5xc7h0fw8n200000000000000000000000000000194');
INSERT INTO class_attribute ( id, parent_id, child_id) VALUES ('xvgna7nxb9e1b4zgaewb6zezf0g6n29z00000000000000000000000000000073', '0000000000000000000000000000034000000000000000000000000000000001', '2gw7bnkp3kxc7bg3kcuwi5xc7h0fw8n200000000000000000000000000000194');
INSERT INTO metadata_relationship ( entity_domain, site_master, last_updated_by, id, owner, locked_by, create_date, type, created_by, seq, key_name, last_update_date, parent_id, child_id) VALUES (NULL, 'runwaysdk.com', '0000000000000000000000000000001000000000000000000000000000000003', 'xvgna7nxb9e1b4zgaewb6zezf0g6n29z00000000000000000000000000000073', '0000000000000000000000000000001000000000000000000000000000000003', NULL, '2011-10-03 16:03:31', 'com.runwaysdk.system.metadata.ClassAttributeConcrete', '0000000000000000000000000000001000000000000000000000000000000003', 3258, 'com.runwaysdk.system.metadata.MdAttributeDate.beforeTodayExclusive', '2011-10-03 16:03:31', '0000000000000000000000000000034000000000000000000000000000000001', '2gw7bnkp3kxc7bg3kcuwi5xc7h0fw8n200000000000000000000000000000194');
INSERT INTO metadata_display_label ( default_locale, id, site_master, key_name) VALUES ('false', 'swur6fm32sinzs84hwqgh62glmec4o3jNM200904120000000000000000000030', 'runwaysdk.com', 'swur6fm32sinzs84hwqgh62glmec4o3jNM200904120000000000000000000030');
INSERT INTO metadata_display_label ( default_locale, id, site_master, key_name) VALUES ('true', '26nznhghlqecd6zfo01uwa3v7vyz3w4jNM200904120000000000000000000030', 'runwaysdk.com', '26nznhghlqecd6zfo01uwa3v7vyz3w4jNM200904120000000000000000000030');
 INSERT INTO visibilitymodifier (set_id, item_id)  VALUES  ('z316zgedu5l3z7snm0mzzpb0estcolai', '20071109NM000000000000000000000520071109NM0000000000000000000001');
INSERT INTO metadata_display_label ( default_locale, id, site_master, key_name) VALUES ('After today (exclusive)', '2cv7tnohccdnfdos19daa1fkfdrvynruNM200904120000000000000000000030', 'runwaysdk.com', '2cv7tnohccdnfdos19daa1fkfdrvynruNM200904120000000000000000000030');
 INSERT INTO visibilitymodifier (set_id, item_id)  VALUES  ('zj4zud8gemy3lc9o43ify8rjvdrmqx0o', '20071109NM000000000000000000000520071109NM0000000000000000000001');
 INSERT INTO md_attribute_indicies (set_id, item_id)  VALUES  ('qzwqbrizzhdoimrjawgm3bop9jxcp700', '0000000000000000000000000000040100000000000000000000000000000403');
INSERT INTO metadata_display_label ( default_locale, id, site_master, key_name) VALUES (NULL, '6sy5fkxehctzcbztrotm7pz73bhak4nwNM200904120000000000000000000030', 'runwaysdk.com', '6sy5fkxehctzcbztrotm7pz73bhak4nwNM200904120000000000000000000030');
INSERT INTO md_attribute_boolean ( negative_display_label, default_value, positive_display_label, id) VALUES ('swur6fm32sinzs84hwqgh62glmec4o3jNM200904120000000000000000000030', NULL, '26nznhghlqecd6zfo01uwa3v7vyz3w4jNM200904120000000000000000000030', 's9h2qqg67tkg4tdpebk8z75l0pkd90n000000000000000000000000000000194');
INSERT INTO md_attribute_primitive ( id) VALUES ('s9h2qqg67tkg4tdpebk8z75l0pkd90n000000000000000000000000000000194');
INSERT INTO md_attribute_concrete ( column_name, defining_md_class, setter_visibility, setter_visibility_c, immutable, index_name, generate_accessor, system, required, display_label, getter_visibility, getter_visibility_c, index_type, index_type_c, attribute_name, id) VALUES ('after_today_exclusive', '0000000000000000000000000000034000000000000000000000000000000001', 'z316zgedu5l3z7snm0mzzpb0estcolai', '20071109NM000000000000000000000520071109NM0000000000000000000001', 0, 'ass8hzhgz5riwqxylfagidpzxcwhyw', 1, 0, 0, '2cv7tnohccdnfdos19daa1fkfdrvynruNM200904120000000000000000000030', 'zj4zud8gemy3lc9o43ify8rjvdrmqx0o', '20071109NM000000000000000000000520071109NM0000000000000000000001', 'qzwqbrizzhdoimrjawgm3bop9jxcp700', '0000000000000000000000000000040100000000000000000000000000000403', 'afterTodayExclusive', 's9h2qqg67tkg4tdpebk8z75l0pkd90n000000000000000000000000000000194');
INSERT INTO md_attribute ( id) VALUES ('s9h2qqg67tkg4tdpebk8z75l0pkd90n000000000000000000000000000000194');
INSERT INTO metadata ( description, created_by, owner, id, create_date, seq, type, remove, site_master, locked_by, entity_domain, last_updated_by, last_update_date, key_name) VALUES ('6sy5fkxehctzcbztrotm7pz73bhak4nwNM200904120000000000000000000030', '0000000000000000000000000000001000000000000000000000000000000003', '0000000000000000000000000000001000000000000000000000000000000003', 's9h2qqg67tkg4tdpebk8z75l0pkd90n000000000000000000000000000000194', '2011-10-03 16:03:31', 3259, 'com.runwaysdk.system.metadata.MdAttributeBoolean', 0, 'runwaysdk.com', NULL, NULL, '0000000000000000000000000000001000000000000000000000000000000003', '2011-10-03 16:03:31', 'com.runwaysdk.system.metadata.MdAttributeDate.afterTodayExclusive');
ALTER TABLE md_attribute_date ADD COLUMN after_today_exclusive  int;
INSERT INTO class_attribute_concrete ( id, parent_id, child_id) VALUES ('1qq5sibyfveul42s9tlzp7lhk25thwt000000000000000000000000000000073', '0000000000000000000000000000034000000000000000000000000000000001', 's9h2qqg67tkg4tdpebk8z75l0pkd90n000000000000000000000000000000194');
INSERT INTO class_attribute ( id, parent_id, child_id) VALUES ('1qq5sibyfveul42s9tlzp7lhk25thwt000000000000000000000000000000073', '0000000000000000000000000000034000000000000000000000000000000001', 's9h2qqg67tkg4tdpebk8z75l0pkd90n000000000000000000000000000000194');
INSERT INTO metadata_relationship ( entity_domain, site_master, last_updated_by, id, owner, locked_by, create_date, type, created_by, seq, key_name, last_update_date, parent_id, child_id) VALUES (NULL, 'runwaysdk.com', '0000000000000000000000000000001000000000000000000000000000000003', '1qq5sibyfveul42s9tlzp7lhk25thwt000000000000000000000000000000073', '0000000000000000000000000000001000000000000000000000000000000003', NULL, '2011-10-03 16:03:31', 'com.runwaysdk.system.metadata.ClassAttributeConcrete', '0000000000000000000000000000001000000000000000000000000000000003', 3260, 'com.runwaysdk.system.metadata.MdAttributeDate.afterTodayExclusive', '2011-10-03 16:03:31', '0000000000000000000000000000034000000000000000000000000000000001', 's9h2qqg67tkg4tdpebk8z75l0pkd90n000000000000000000000000000000194');
 INSERT INTO visibilitymodifier (set_id, item_id)  VALUES  ('05otjh72szneh381mprq3e2pt6ovaa8g', '20071109NM000000000000000000000520071109NM0000000000000000000001');
INSERT INTO metadata_display_label ( default_locale, id, site_master, key_name) VALUES ('Start Date', '2ffwdnbxo0s3mskd0g5vom0ehl5cyms8NM200904120000000000000000000030', 'runwaysdk.com', '2ffwdnbxo0s3mskd0g5vom0ehl5cyms8NM200904120000000000000000000030');
 INSERT INTO visibilitymodifier (set_id, item_id)  VALUES  ('2g377w3ge6uz6w3nd4rzrbe3i84l5fu1', '20071109NM000000000000000000000520071109NM0000000000000000000001');
 INSERT INTO md_attribute_indicies (set_id, item_id)  VALUES  ('t0uy6o9fm8vguyvkykmzodok9j5ysxmd', '0000000000000000000000000000040100000000000000000000000000000403');
INSERT INTO metadata_display_label ( default_locale, id, site_master, key_name) VALUES (NULL, 'ssxcihtq9jz6fqnkbd1e39efut0rwhyeNM200904120000000000000000000030', 'runwaysdk.com', 'ssxcihtq9jz6fqnkbd1e39efut0rwhyeNM200904120000000000000000000030');
INSERT INTO md_attribute_date ( default_value, after_today_inclusive, before_today_exclusive, before_today_inclusive, after_today_exclusive, start_date, end_date, id) VALUES (NULL, NULL, NULL, NULL, NULL, NULL, NULL, '746msw7oq3p1gubtxs2dctvc1s5h2zfa00000000000000000000000000000340');
INSERT INTO md_attribute_moment ( id) VALUES ('746msw7oq3p1gubtxs2dctvc1s5h2zfa00000000000000000000000000000340');
INSERT INTO md_attribute_primitive ( id) VALUES ('746msw7oq3p1gubtxs2dctvc1s5h2zfa00000000000000000000000000000340');
INSERT INTO md_attribute_concrete ( column_name, defining_md_class, setter_visibility, setter_visibility_c, immutable, index_name, generate_accessor, system, required, display_label, getter_visibility, getter_visibility_c, index_type, index_type_c, attribute_name, id) VALUES ('start_date', '08mb0js32190txvmyjndzb98q7u0lb5c00000000000000000000000000000001', '05otjh72szneh381mprq3e2pt6ovaa8g', '20071109NM000000000000000000000520071109NM0000000000000000000001', 0, 'act6y9bb1xkmcgipj9cyc55wg1ocqo', 1, 0, 0, '2ffwdnbxo0s3mskd0g5vom0ehl5cyms8NM200904120000000000000000000030', '2g377w3ge6uz6w3nd4rzrbe3i84l5fu1', '20071109NM000000000000000000000520071109NM0000000000000000000001', 't0uy6o9fm8vguyvkykmzodok9j5ysxmd', '0000000000000000000000000000040100000000000000000000000000000403', 'startDate', '746msw7oq3p1gubtxs2dctvc1s5h2zfa00000000000000000000000000000340');
INSERT INTO md_attribute ( id) VALUES ('746msw7oq3p1gubtxs2dctvc1s5h2zfa00000000000000000000000000000340');
INSERT INTO metadata ( description, created_by, owner, id, create_date, seq, type, remove, site_master, locked_by, entity_domain, last_updated_by, last_update_date, key_name) VALUES ('ssxcihtq9jz6fqnkbd1e39efut0rwhyeNM200904120000000000000000000030', '0000000000000000000000000000001000000000000000000000000000000003', '0000000000000000000000000000001000000000000000000000000000000003', '746msw7oq3p1gubtxs2dctvc1s5h2zfa00000000000000000000000000000340', '2011-10-03 16:03:31', 3261, 'com.runwaysdk.system.metadata.MdAttributeDate', 0, 'runwaysdk.com', NULL, NULL, '0000000000000000000000000000001000000000000000000000000000000003', '2011-10-03 16:03:31', 'com.runwaysdk.system.metadata.MdWebDate.startDate');
ALTER TABLE md_web_date ADD COLUMN start_date  date;
INSERT INTO class_attribute_concrete ( id, parent_id, child_id) VALUES ('xi1b5cg0j6ff91ipd72ksno0gaakicre00000000000000000000000000000073', '08mb0js32190txvmyjndzb98q7u0lb5c00000000000000000000000000000001', '746msw7oq3p1gubtxs2dctvc1s5h2zfa00000000000000000000000000000340');
INSERT INTO class_attribute ( id, parent_id, child_id) VALUES ('xi1b5cg0j6ff91ipd72ksno0gaakicre00000000000000000000000000000073', '08mb0js32190txvmyjndzb98q7u0lb5c00000000000000000000000000000001', '746msw7oq3p1gubtxs2dctvc1s5h2zfa00000000000000000000000000000340');
INSERT INTO metadata_relationship ( entity_domain, site_master, last_updated_by, id, owner, locked_by, create_date, type, created_by, seq, key_name, last_update_date, parent_id, child_id) VALUES (NULL, 'runwaysdk.com', '0000000000000000000000000000001000000000000000000000000000000003', 'xi1b5cg0j6ff91ipd72ksno0gaakicre00000000000000000000000000000073', '0000000000000000000000000000001000000000000000000000000000000003', NULL, '2011-10-03 16:03:31', 'com.runwaysdk.system.metadata.ClassAttributeConcrete', '0000000000000000000000000000001000000000000000000000000000000003', 3262, 'com.runwaysdk.system.metadata.MdWebDate.startDate', '2011-10-03 16:03:31', '08mb0js32190txvmyjndzb98q7u0lb5c00000000000000000000000000000001', '746msw7oq3p1gubtxs2dctvc1s5h2zfa00000000000000000000000000000340');
 INSERT INTO visibilitymodifier (set_id, item_id)  VALUES  ('sigybjxgsbomveyytx3o5gzni504acig', '20071109NM000000000000000000000520071109NM0000000000000000000001');
INSERT INTO metadata_display_label ( default_locale, id, site_master, key_name) VALUES ('End Date', '0o7zg7yimit438grfv30xi151qd94vwnNM200904120000000000000000000030', 'runwaysdk.com', '0o7zg7yimit438grfv30xi151qd94vwnNM200904120000000000000000000030');
 INSERT INTO visibilitymodifier (set_id, item_id)  VALUES  ('0tq04bd5erkhbxw1cfev4jz82pu8xatw', '20071109NM000000000000000000000520071109NM0000000000000000000001');
 INSERT INTO md_attribute_indicies (set_id, item_id)  VALUES  ('6p001fdhx3qppdkyz6xrusov38hnfo5g', '0000000000000000000000000000040100000000000000000000000000000403');
INSERT INTO metadata_display_label ( default_locale, id, site_master, key_name) VALUES (NULL, 's9vglkb1wr6cz0i2hvcxguj3ly99hoqaNM200904120000000000000000000030', 'runwaysdk.com', 's9vglkb1wr6cz0i2hvcxguj3ly99hoqaNM200904120000000000000000000030');
INSERT INTO md_attribute_date ( default_value, after_today_inclusive, before_today_exclusive, before_today_inclusive, after_today_exclusive, start_date, end_date, id) VALUES (NULL, NULL, NULL, NULL, NULL, NULL, NULL, 'qma774gjmjuzfovv7efupqpe3zmpq6mm00000000000000000000000000000340');
INSERT INTO md_attribute_moment ( id) VALUES ('qma774gjmjuzfovv7efupqpe3zmpq6mm00000000000000000000000000000340');
INSERT INTO md_attribute_primitive ( id) VALUES ('qma774gjmjuzfovv7efupqpe3zmpq6mm00000000000000000000000000000340');
INSERT INTO md_attribute_concrete ( column_name, defining_md_class, setter_visibility, setter_visibility_c, immutable, index_name, generate_accessor, system, required, display_label, getter_visibility, getter_visibility_c, index_type, index_type_c, attribute_name, id) VALUES ('end_date', '08mb0js32190txvmyjndzb98q7u0lb5c00000000000000000000000000000001', 'sigybjxgsbomveyytx3o5gzni504acig', '20071109NM000000000000000000000520071109NM0000000000000000000001', 0, 'a8vmfgujx634xpy76mt8wwe7joxtxu', 1, 0, 0, '0o7zg7yimit438grfv30xi151qd94vwnNM200904120000000000000000000030', '0tq04bd5erkhbxw1cfev4jz82pu8xatw', '20071109NM000000000000000000000520071109NM0000000000000000000001', '6p001fdhx3qppdkyz6xrusov38hnfo5g', '0000000000000000000000000000040100000000000000000000000000000403', 'endDate', 'qma774gjmjuzfovv7efupqpe3zmpq6mm00000000000000000000000000000340');
INSERT INTO md_attribute ( id) VALUES ('qma774gjmjuzfovv7efupqpe3zmpq6mm00000000000000000000000000000340');
INSERT INTO metadata ( description, created_by, owner, id, create_date, seq, type, remove, site_master, locked_by, entity_domain, last_updated_by, last_update_date, key_name) VALUES ('s9vglkb1wr6cz0i2hvcxguj3ly99hoqaNM200904120000000000000000000030', '0000000000000000000000000000001000000000000000000000000000000003', '0000000000000000000000000000001000000000000000000000000000000003', 'qma774gjmjuzfovv7efupqpe3zmpq6mm00000000000000000000000000000340', '2011-10-03 16:03:31', 3263, 'com.runwaysdk.system.metadata.MdAttributeDate', 0, 'runwaysdk.com', NULL, NULL, '0000000000000000000000000000001000000000000000000000000000000003', '2011-10-03 16:03:31', 'com.runwaysdk.system.metadata.MdWebDate.endDate');
ALTER TABLE md_web_date ADD COLUMN end_date  date;
INSERT INTO class_attribute_concrete ( id, parent_id, child_id) VALUES ('xfg6v3rdpgxzcydz5hn91bq1i44i5b9j00000000000000000000000000000073', '08mb0js32190txvmyjndzb98q7u0lb5c00000000000000000000000000000001', 'qma774gjmjuzfovv7efupqpe3zmpq6mm00000000000000000000000000000340');
INSERT INTO class_attribute ( id, parent_id, child_id) VALUES ('xfg6v3rdpgxzcydz5hn91bq1i44i5b9j00000000000000000000000000000073', '08mb0js32190txvmyjndzb98q7u0lb5c00000000000000000000000000000001', 'qma774gjmjuzfovv7efupqpe3zmpq6mm00000000000000000000000000000340');
INSERT INTO metadata_relationship ( entity_domain, site_master, last_updated_by, id, owner, locked_by, create_date, type, created_by, seq, key_name, last_update_date, parent_id, child_id) VALUES (NULL, 'runwaysdk.com', '0000000000000000000000000000001000000000000000000000000000000003', 'xfg6v3rdpgxzcydz5hn91bq1i44i5b9j00000000000000000000000000000073', '0000000000000000000000000000001000000000000000000000000000000003', NULL, '2011-10-03 16:03:31', 'com.runwaysdk.system.metadata.ClassAttributeConcrete', '0000000000000000000000000000001000000000000000000000000000000003', 3264, 'com.runwaysdk.system.metadata.MdWebDate.endDate', '2011-10-03 16:03:31', '08mb0js32190txvmyjndzb98q7u0lb5c00000000000000000000000000000001', 'qma774gjmjuzfovv7efupqpe3zmpq6mm00000000000000000000000000000340');
INSERT INTO metadata_display_label ( default_locale, id, site_master, key_name) VALUES ('false', 'zeuxntf7067msdismt0g3tvragr5njfmNM200904120000000000000000000030', 'runwaysdk.com', 'zeuxntf7067msdismt0g3tvragr5njfmNM200904120000000000000000000030');
INSERT INTO metadata_display_label ( default_locale, id, site_master, key_name) VALUES ('true', 'zpeu7iavmt6d7e2ltsgljsef8lamzsuyNM200904120000000000000000000030', 'runwaysdk.com', 'zpeu7iavmt6d7e2ltsgljsef8lamzsuyNM200904120000000000000000000030');
 INSERT INTO visibilitymodifier (set_id, item_id)  VALUES  ('xnes23pzxj8o7me0n7kxq0a7r6re353n', '20071109NM000000000000000000000520071109NM0000000000000000000001');
INSERT INTO metadata_display_label ( default_locale, id, site_master, key_name) VALUES ('Before today (inclusive)', 'swgbuabnalpbpe4i4v4gowtpd67m9ia9NM200904120000000000000000000030', 'runwaysdk.com', 'swgbuabnalpbpe4i4v4gowtpd67m9ia9NM200904120000000000000000000030');
 INSERT INTO visibilitymodifier (set_id, item_id)  VALUES  ('1zrhmp6use5ipwy8byin9i8jqk5d68i0', '20071109NM000000000000000000000520071109NM0000000000000000000001');
 INSERT INTO md_attribute_indicies (set_id, item_id)  VALUES  ('sqpo4mp99aqrjokiz0bpvfk9es3d2162', '0000000000000000000000000000040100000000000000000000000000000403');
INSERT INTO metadata_display_label ( default_locale, id, site_master, key_name) VALUES (NULL, 'xjsyr0fyn1l1e312xk004ayh3ygwj3ujNM200904120000000000000000000030', 'runwaysdk.com', 'xjsyr0fyn1l1e312xk004ayh3ygwj3ujNM200904120000000000000000000030');
INSERT INTO md_attribute_boolean ( negative_display_label, default_value, positive_display_label, id) VALUES ('zeuxntf7067msdismt0g3tvragr5njfmNM200904120000000000000000000030', NULL, 'zpeu7iavmt6d7e2ltsgljsef8lamzsuyNM200904120000000000000000000030', '6xkmevdsnb0gn9t58n1ll6j5g6jtx0zk00000000000000000000000000000194');
INSERT INTO md_attribute_primitive ( id) VALUES ('6xkmevdsnb0gn9t58n1ll6j5g6jtx0zk00000000000000000000000000000194');
INSERT INTO md_attribute_concrete ( column_name, defining_md_class, setter_visibility, setter_visibility_c, immutable, index_name, generate_accessor, system, required, display_label, getter_visibility, getter_visibility_c, index_type, index_type_c, attribute_name, id) VALUES ('before_today_inclusive', '08mb0js32190txvmyjndzb98q7u0lb5c00000000000000000000000000000001', 'xnes23pzxj8o7me0n7kxq0a7r6re353n', '20071109NM000000000000000000000520071109NM0000000000000000000001', 0, 'ahlyq18nc5h4vm43k2k392rakq1x3b', 1, 0, 0, 'swgbuabnalpbpe4i4v4gowtpd67m9ia9NM200904120000000000000000000030', '1zrhmp6use5ipwy8byin9i8jqk5d68i0', '20071109NM000000000000000000000520071109NM0000000000000000000001', 'sqpo4mp99aqrjokiz0bpvfk9es3d2162', '0000000000000000000000000000040100000000000000000000000000000403', 'beforeTodayInclusive', '6xkmevdsnb0gn9t58n1ll6j5g6jtx0zk00000000000000000000000000000194');
INSERT INTO md_attribute ( id) VALUES ('6xkmevdsnb0gn9t58n1ll6j5g6jtx0zk00000000000000000000000000000194');
INSERT INTO metadata ( description, created_by, owner, id, create_date, seq, type, remove, site_master, locked_by, entity_domain, last_updated_by, last_update_date, key_name) VALUES ('xjsyr0fyn1l1e312xk004ayh3ygwj3ujNM200904120000000000000000000030', '0000000000000000000000000000001000000000000000000000000000000003', '0000000000000000000000000000001000000000000000000000000000000003', '6xkmevdsnb0gn9t58n1ll6j5g6jtx0zk00000000000000000000000000000194', '2011-10-03 16:03:31', 3265, 'com.runwaysdk.system.metadata.MdAttributeBoolean', 0, 'runwaysdk.com', NULL, NULL, '0000000000000000000000000000001000000000000000000000000000000003', '2011-10-03 16:03:31', 'com.runwaysdk.system.metadata.MdWebDate.beforeTodayInclusive');
ALTER TABLE md_web_date ADD COLUMN before_today_inclusive  int;
INSERT INTO class_attribute_concrete ( id, parent_id, child_id) VALUES ('xbcyitkgprv63e6vbwppvhvzzja4s5f400000000000000000000000000000073', '08mb0js32190txvmyjndzb98q7u0lb5c00000000000000000000000000000001', '6xkmevdsnb0gn9t58n1ll6j5g6jtx0zk00000000000000000000000000000194');
INSERT INTO class_attribute ( id, parent_id, child_id) VALUES ('xbcyitkgprv63e6vbwppvhvzzja4s5f400000000000000000000000000000073', '08mb0js32190txvmyjndzb98q7u0lb5c00000000000000000000000000000001', '6xkmevdsnb0gn9t58n1ll6j5g6jtx0zk00000000000000000000000000000194');
INSERT INTO metadata_relationship ( entity_domain, site_master, last_updated_by, id, owner, locked_by, create_date, type, created_by, seq, key_name, last_update_date, parent_id, child_id) VALUES (NULL, 'runwaysdk.com', '0000000000000000000000000000001000000000000000000000000000000003', 'xbcyitkgprv63e6vbwppvhvzzja4s5f400000000000000000000000000000073', '0000000000000000000000000000001000000000000000000000000000000003', NULL, '2011-10-03 16:03:31', 'com.runwaysdk.system.metadata.ClassAttributeConcrete', '0000000000000000000000000000001000000000000000000000000000000003', 3266, 'com.runwaysdk.system.metadata.MdWebDate.beforeTodayInclusive', '2011-10-03 16:03:31', '08mb0js32190txvmyjndzb98q7u0lb5c00000000000000000000000000000001', '6xkmevdsnb0gn9t58n1ll6j5g6jtx0zk00000000000000000000000000000194');
INSERT INTO metadata_display_label ( default_locale, id, site_master, key_name) VALUES ('false', 'xsktrv1zva2cwmjkulu6f4labiq06388NM200904120000000000000000000030', 'runwaysdk.com', 'xsktrv1zva2cwmjkulu6f4labiq06388NM200904120000000000000000000030');
INSERT INTO metadata_display_label ( default_locale, id, site_master, key_name) VALUES ('true', 'zkoxs9hly3ujcjcxnfemdq61b0batw7uNM200904120000000000000000000030', 'runwaysdk.com', 'zkoxs9hly3ujcjcxnfemdq61b0batw7uNM200904120000000000000000000030');
 INSERT INTO visibilitymodifier (set_id, item_id)  VALUES  ('6vcajyxzy48joovtkjz9bcwuvycwqa6b', '20071109NM000000000000000000000520071109NM0000000000000000000001');
INSERT INTO metadata_display_label ( default_locale, id, site_master, key_name) VALUES ('After today (inclusive)', 'zgefx323y1orw2ouwk7cv1a8t0nm51kwNM200904120000000000000000000030', 'runwaysdk.com', 'zgefx323y1orw2ouwk7cv1a8t0nm51kwNM200904120000000000000000000030');
 INSERT INTO visibilitymodifier (set_id, item_id)  VALUES  ('8lsmuf2bc5p0xybwcn0itw83ln001u4g', '20071109NM000000000000000000000520071109NM0000000000000000000001');
 INSERT INTO md_attribute_indicies (set_id, item_id)  VALUES  ('smwag38ly9ir10q26ic6m3tye8dgg53m', '0000000000000000000000000000040100000000000000000000000000000403');
INSERT INTO metadata_display_label ( default_locale, id, site_master, key_name) VALUES (NULL, '0m87flu9g1mbpxt4jh7a9myrf8ve9l5xNM200904120000000000000000000030', 'runwaysdk.com', '0m87flu9g1mbpxt4jh7a9myrf8ve9l5xNM200904120000000000000000000030');
INSERT INTO md_attribute_boolean ( negative_display_label, default_value, positive_display_label, id) VALUES ('xsktrv1zva2cwmjkulu6f4labiq06388NM200904120000000000000000000030', NULL, 'zkoxs9hly3ujcjcxnfemdq61b0batw7uNM200904120000000000000000000030', 'qwmaie8xeu04vexeua37iz5cm0r9njuc00000000000000000000000000000194');
INSERT INTO md_attribute_primitive ( id) VALUES ('qwmaie8xeu04vexeua37iz5cm0r9njuc00000000000000000000000000000194');
INSERT INTO md_attribute_concrete ( column_name, defining_md_class, setter_visibility, setter_visibility_c, immutable, index_name, generate_accessor, system, required, display_label, getter_visibility, getter_visibility_c, index_type, index_type_c, attribute_name, id) VALUES ('after_today_inclusive', '08mb0js32190txvmyjndzb98q7u0lb5c00000000000000000000000000000001', '6vcajyxzy48joovtkjz9bcwuvycwqa6b', '20071109NM000000000000000000000520071109NM0000000000000000000001', 0, 'a2o791ebqnwoxzkfluc6gi6e6pylhq', 1, 0, 0, 'zgefx323y1orw2ouwk7cv1a8t0nm51kwNM200904120000000000000000000030', '8lsmuf2bc5p0xybwcn0itw83ln001u4g', '20071109NM000000000000000000000520071109NM0000000000000000000001', 'smwag38ly9ir10q26ic6m3tye8dgg53m', '0000000000000000000000000000040100000000000000000000000000000403', 'afterTodayInclusive', 'qwmaie8xeu04vexeua37iz5cm0r9njuc00000000000000000000000000000194');
INSERT INTO md_attribute ( id) VALUES ('qwmaie8xeu04vexeua37iz5cm0r9njuc00000000000000000000000000000194');
INSERT INTO metadata ( description, created_by, owner, id, create_date, seq, type, remove, site_master, locked_by, entity_domain, last_updated_by, last_update_date, key_name) VALUES ('0m87flu9g1mbpxt4jh7a9myrf8ve9l5xNM200904120000000000000000000030', '0000000000000000000000000000001000000000000000000000000000000003', '0000000000000000000000000000001000000000000000000000000000000003', 'qwmaie8xeu04vexeua37iz5cm0r9njuc00000000000000000000000000000194', '2011-10-03 16:03:31', 3267, 'com.runwaysdk.system.metadata.MdAttributeBoolean', 0, 'runwaysdk.com', NULL, NULL, '0000000000000000000000000000001000000000000000000000000000000003', '2011-10-03 16:03:31', 'com.runwaysdk.system.metadata.MdWebDate.afterTodayInclusive');
ALTER TABLE md_web_date ADD COLUMN after_today_inclusive  int;
INSERT INTO class_attribute_concrete ( id, parent_id, child_id) VALUES ('qz8ffqrpwh8v28xqi415lilnu1ynfcub00000000000000000000000000000073', '08mb0js32190txvmyjndzb98q7u0lb5c00000000000000000000000000000001', 'qwmaie8xeu04vexeua37iz5cm0r9njuc00000000000000000000000000000194');
INSERT INTO class_attribute ( id, parent_id, child_id) VALUES ('qz8ffqrpwh8v28xqi415lilnu1ynfcub00000000000000000000000000000073', '08mb0js32190txvmyjndzb98q7u0lb5c00000000000000000000000000000001', 'qwmaie8xeu04vexeua37iz5cm0r9njuc00000000000000000000000000000194');
INSERT INTO metadata_relationship ( entity_domain, site_master, last_updated_by, id, owner, locked_by, create_date, type, created_by, seq, key_name, last_update_date, parent_id, child_id) VALUES (NULL, 'runwaysdk.com', '0000000000000000000000000000001000000000000000000000000000000003', 'qz8ffqrpwh8v28xqi415lilnu1ynfcub00000000000000000000000000000073', '0000000000000000000000000000001000000000000000000000000000000003', NULL, '2011-10-03 16:03:31', 'com.runwaysdk.system.metadata.ClassAttributeConcrete', '0000000000000000000000000000001000000000000000000000000000000003', 3268, 'com.runwaysdk.system.metadata.MdWebDate.afterTodayInclusive', '2011-10-03 16:03:31', '08mb0js32190txvmyjndzb98q7u0lb5c00000000000000000000000000000001', 'qwmaie8xeu04vexeua37iz5cm0r9njuc00000000000000000000000000000194');
INSERT INTO metadata_display_label ( default_locale, id, site_master, key_name) VALUES ('false', '01fyzt5b6kskc8ebanu2wsv2qu9knneiNM200904120000000000000000000030', 'runwaysdk.com', '01fyzt5b6kskc8ebanu2wsv2qu9knneiNM200904120000000000000000000030');
INSERT INTO metadata_display_label ( default_locale, id, site_master, key_name) VALUES ('true', 'xyag9pkjdlgfhl6p65wqqfr67wu69132NM200904120000000000000000000030', 'runwaysdk.com', 'xyag9pkjdlgfhl6p65wqqfr67wu69132NM200904120000000000000000000030');
 INSERT INTO visibilitymodifier (set_id, item_id)  VALUES  ('ywsxdt2xsup1wmn4o4yewp5wfxulm34q', '20071109NM000000000000000000000520071109NM0000000000000000000001');
INSERT INTO metadata_display_label ( default_locale, id, site_master, key_name) VALUES ('Before today (exclusive)', '0k4keglpghhslsu5zb709ilkr8l3jvogNM200904120000000000000000000030', 'runwaysdk.com', '0k4keglpghhslsu5zb709ilkr8l3jvogNM200904120000000000000000000030');
 INSERT INTO visibilitymodifier (set_id, item_id)  VALUES  ('say0slvi6m6l4opiz4z5pqswbw3i5973', '20071109NM000000000000000000000520071109NM0000000000000000000001');
 INSERT INTO md_attribute_indicies (set_id, item_id)  VALUES  ('r7knqiav2f2op9a42lecwzo1c8z55wh4', '0000000000000000000000000000040100000000000000000000000000000403');
INSERT INTO metadata_display_label ( default_locale, id, site_master, key_name) VALUES (NULL, 'quclzlzixgydqh0gqx06342fu7mt078sNM200904120000000000000000000030', 'runwaysdk.com', 'quclzlzixgydqh0gqx06342fu7mt078sNM200904120000000000000000000030');
INSERT INTO md_attribute_boolean ( negative_display_label, default_value, positive_display_label, id) VALUES ('01fyzt5b6kskc8ebanu2wsv2qu9knneiNM200904120000000000000000000030', NULL, 'xyag9pkjdlgfhl6p65wqqfr67wu69132NM200904120000000000000000000030', '1r1iqfqy1dx3p6qhvv2xx47rv71y7akt00000000000000000000000000000194');
INSERT INTO md_attribute_primitive ( id) VALUES ('1r1iqfqy1dx3p6qhvv2xx47rv71y7akt00000000000000000000000000000194');
INSERT INTO md_attribute_concrete ( column_name, defining_md_class, setter_visibility, setter_visibility_c, immutable, index_name, generate_accessor, system, required, display_label, getter_visibility, getter_visibility_c, index_type, index_type_c, attribute_name, id) VALUES ('before_today_exclusive', '08mb0js32190txvmyjndzb98q7u0lb5c00000000000000000000000000000001', 'ywsxdt2xsup1wmn4o4yewp5wfxulm34q', '20071109NM000000000000000000000520071109NM0000000000000000000001', 0, 'a09v2g0tyz0m0yv2o0sqqafu5c0qnu', 1, 0, 0, '0k4keglpghhslsu5zb709ilkr8l3jvogNM200904120000000000000000000030', 'say0slvi6m6l4opiz4z5pqswbw3i5973', '20071109NM000000000000000000000520071109NM0000000000000000000001', 'r7knqiav2f2op9a42lecwzo1c8z55wh4', '0000000000000000000000000000040100000000000000000000000000000403', 'beforeTodayExclusive', '1r1iqfqy1dx3p6qhvv2xx47rv71y7akt00000000000000000000000000000194');
INSERT INTO md_attribute ( id) VALUES ('1r1iqfqy1dx3p6qhvv2xx47rv71y7akt00000000000000000000000000000194');
INSERT INTO metadata ( description, created_by, owner, id, create_date, seq, type, remove, site_master, locked_by, entity_domain, last_updated_by, last_update_date, key_name) VALUES ('quclzlzixgydqh0gqx06342fu7mt078sNM200904120000000000000000000030', '0000000000000000000000000000001000000000000000000000000000000003', '0000000000000000000000000000001000000000000000000000000000000003', '1r1iqfqy1dx3p6qhvv2xx47rv71y7akt00000000000000000000000000000194', '2011-10-03 16:03:31', 3269, 'com.runwaysdk.system.metadata.MdAttributeBoolean', 0, 'runwaysdk.com', NULL, NULL, '0000000000000000000000000000001000000000000000000000000000000003', '2011-10-03 16:03:31', 'com.runwaysdk.system.metadata.MdWebDate.beforeTodayExclusive');
ALTER TABLE md_web_date ADD COLUMN before_today_exclusive  int;
INSERT INTO class_attribute_concrete ( id, parent_id, child_id) VALUES ('24z6ez3hvnscpkjpxyo1lj7sw4776ewq00000000000000000000000000000073', '08mb0js32190txvmyjndzb98q7u0lb5c00000000000000000000000000000001', '1r1iqfqy1dx3p6qhvv2xx47rv71y7akt00000000000000000000000000000194');
INSERT INTO class_attribute ( id, parent_id, child_id) VALUES ('24z6ez3hvnscpkjpxyo1lj7sw4776ewq00000000000000000000000000000073', '08mb0js32190txvmyjndzb98q7u0lb5c00000000000000000000000000000001', '1r1iqfqy1dx3p6qhvv2xx47rv71y7akt00000000000000000000000000000194');
INSERT INTO metadata_relationship ( entity_domain, site_master, last_updated_by, id, owner, locked_by, create_date, type, created_by, seq, key_name, last_update_date, parent_id, child_id) VALUES (NULL, 'runwaysdk.com', '0000000000000000000000000000001000000000000000000000000000000003', '24z6ez3hvnscpkjpxyo1lj7sw4776ewq00000000000000000000000000000073', '0000000000000000000000000000001000000000000000000000000000000003', NULL, '2011-10-03 16:03:31', 'com.runwaysdk.system.metadata.ClassAttributeConcrete', '0000000000000000000000000000001000000000000000000000000000000003', 3270, 'com.runwaysdk.system.metadata.MdWebDate.beforeTodayExclusive', '2011-10-03 16:03:31', '08mb0js32190txvmyjndzb98q7u0lb5c00000000000000000000000000000001', '1r1iqfqy1dx3p6qhvv2xx47rv71y7akt00000000000000000000000000000194');
INSERT INTO metadata_display_label ( default_locale, id, site_master, key_name) VALUES ('false', 'sj01a06fp6uy89ybnw72u6cpnpl29fbgNM200904120000000000000000000030', 'runwaysdk.com', 'sj01a06fp6uy89ybnw72u6cpnpl29fbgNM200904120000000000000000000030');
INSERT INTO metadata_display_label ( default_locale, id, site_master, key_name) VALUES ('true', '8fqj2gazfiwpwr0se0tcijn5ixj9lmq2NM200904120000000000000000000030', 'runwaysdk.com', '8fqj2gazfiwpwr0se0tcijn5ixj9lmq2NM200904120000000000000000000030');
 INSERT INTO visibilitymodifier (set_id, item_id)  VALUES  ('r23fr0csezm6bnsbrky5ir3doe4kupas', '20071109NM000000000000000000000520071109NM0000000000000000000001');
INSERT INTO metadata_display_label ( default_locale, id, site_master, key_name) VALUES ('After today (exclusive)', 'xvhg6esbwi65ih2g6xioqckn3yg4xiryNM200904120000000000000000000030', 'runwaysdk.com', 'xvhg6esbwi65ih2g6xioqckn3yg4xiryNM200904120000000000000000000030');
 INSERT INTO visibilitymodifier (set_id, item_id)  VALUES  ('93cb9tm7n1e69iuymnldgwcuq71io5m0', '20071109NM000000000000000000000520071109NM0000000000000000000001');
 INSERT INTO md_attribute_indicies (set_id, item_id)  VALUES  ('qvuteb4r7v5lu968at8w8iy43jt8rv9e', '0000000000000000000000000000040100000000000000000000000000000403');
INSERT INTO metadata_display_label ( default_locale, id, site_master, key_name) VALUES (NULL, 'x8ugsgf3fn6wl3yjpb47d6rawq9kxkdaNM200904120000000000000000000030', 'runwaysdk.com', 'x8ugsgf3fn6wl3yjpb47d6rawq9kxkdaNM200904120000000000000000000030');
INSERT INTO md_attribute_boolean ( negative_display_label, default_value, positive_display_label, id) VALUES ('sj01a06fp6uy89ybnw72u6cpnpl29fbgNM200904120000000000000000000030', NULL, '8fqj2gazfiwpwr0se0tcijn5ixj9lmq2NM200904120000000000000000000030', '6y6sle1w894kqopw0v5p4g198u4vvfle00000000000000000000000000000194');
INSERT INTO md_attribute_primitive ( id) VALUES ('6y6sle1w894kqopw0v5p4g198u4vvfle00000000000000000000000000000194');
INSERT INTO md_attribute_concrete ( column_name, defining_md_class, setter_visibility, setter_visibility_c, immutable, index_name, generate_accessor, system, required, display_label, getter_visibility, getter_visibility_c, index_type, index_type_c, attribute_name, id) VALUES ('after_today_exclusive', '08mb0js32190txvmyjndzb98q7u0lb5c00000000000000000000000000000001', 'r23fr0csezm6bnsbrky5ir3doe4kupas', '20071109NM000000000000000000000520071109NM0000000000000000000001', 0, 'a10p7anulsb2wi96hen4ce4zz7lk6v', 1, 0, 0, 'xvhg6esbwi65ih2g6xioqckn3yg4xiryNM200904120000000000000000000030', '93cb9tm7n1e69iuymnldgwcuq71io5m0', '20071109NM000000000000000000000520071109NM0000000000000000000001', 'qvuteb4r7v5lu968at8w8iy43jt8rv9e', '0000000000000000000000000000040100000000000000000000000000000403', 'afterTodayExclusive', '6y6sle1w894kqopw0v5p4g198u4vvfle00000000000000000000000000000194');
INSERT INTO md_attribute ( id) VALUES ('6y6sle1w894kqopw0v5p4g198u4vvfle00000000000000000000000000000194');
INSERT INTO metadata ( description, created_by, owner, id, create_date, seq, type, remove, site_master, locked_by, entity_domain, last_updated_by, last_update_date, key_name) VALUES ('x8ugsgf3fn6wl3yjpb47d6rawq9kxkdaNM200904120000000000000000000030', '0000000000000000000000000000001000000000000000000000000000000003', '0000000000000000000000000000001000000000000000000000000000000003', '6y6sle1w894kqopw0v5p4g198u4vvfle00000000000000000000000000000194', '2011-10-03 16:03:31', 3271, 'com.runwaysdk.system.metadata.MdAttributeBoolean', 0, 'runwaysdk.com', NULL, NULL, '0000000000000000000000000000001000000000000000000000000000000003', '2011-10-03 16:03:31', 'com.runwaysdk.system.metadata.MdWebDate.afterTodayExclusive');
ALTER TABLE md_web_date ADD COLUMN after_today_exclusive  int;
INSERT INTO class_attribute_concrete ( id, parent_id, child_id) VALUES ('7ewzbai8x9097n10u6o774usl7ahw3rw00000000000000000000000000000073', '08mb0js32190txvmyjndzb98q7u0lb5c00000000000000000000000000000001', '6y6sle1w894kqopw0v5p4g198u4vvfle00000000000000000000000000000194');
INSERT INTO class_attribute ( id, parent_id, child_id) VALUES ('7ewzbai8x9097n10u6o774usl7ahw3rw00000000000000000000000000000073', '08mb0js32190txvmyjndzb98q7u0lb5c00000000000000000000000000000001', '6y6sle1w894kqopw0v5p4g198u4vvfle00000000000000000000000000000194');
INSERT INTO metadata_relationship ( entity_domain, site_master, last_updated_by, id, owner, locked_by, create_date, type, created_by, seq, key_name, last_update_date, parent_id, child_id) VALUES (NULL, 'runwaysdk.com', '0000000000000000000000000000001000000000000000000000000000000003', '7ewzbai8x9097n10u6o774usl7ahw3rw00000000000000000000000000000073', '0000000000000000000000000000001000000000000000000000000000000003', NULL, '2011-10-03 16:03:31', 'com.runwaysdk.system.metadata.ClassAttributeConcrete', '0000000000000000000000000000001000000000000000000000000000000003', 3272, 'com.runwaysdk.system.metadata.MdWebDate.afterTodayExclusive', '2011-10-03 16:03:31', '08mb0js32190txvmyjndzb98q7u0lb5c00000000000000000000000000000001', '6y6sle1w894kqopw0v5p4g198u4vvfle00000000000000000000000000000194');
UPDATE md_relationship SET cache_algorithm= 'qskn0bboqxwjefw4m9bknatac4g3mie9' , cache_algorithm_c= '0000000000000000000000000000023100000000000000000000000000000222' , index2_name= 'rel_sfgnogwkhsdy2uzlvhvk8glnto' , parent_visibility= '8yh1nf0qgzp10bqn9qzx4f6y38380d1s' , parent_visibility_c= '20071109NM000000000000000000000520071109NM0000000000000000000001' , parent_md_business= 'zo86ttx2qfhw4ayiqelfr3igdjhd90eu00000000000000000000000000000001' , parent_cardinality= '1' , parent_display_label= '05kpdjrpjagsybj9k1u6ibt7o8lpoe5uNM200904120000000000000000000030' , child_visibility= 'sm260cblhv9gjzpaosl6mconls3emjgp' , child_visibility_c= '20071109NM000000000000000000000520071109NM0000000000000000000001' , child_method= 'MdFields' , super_md_relationship= '6rg3o5apigouyhhq5j4wt6d72z1zf0y200000000000000000000000000000061' , parent_method= 'MdForm' , index1_name= 'rel_qqah5olsj44m4z4oolrdgpwlpw' , child_md_business= 'zgkseu7as85l9zfwaawq8k3wid4vd17v00000000000000000000000000000001' , child_display_label= '6q0xut8qo6qxsofo0dtsersh3yolsnstNM200904120000000000000000000030' , child_cardinality= '*'  WHERE id='1pbp028yv9j98flb7vgdivruckrwvpw100000000000000000000000000000061';
UPDATE md_entity SET table_name= 'web_form_field'  WHERE id='1pbp028yv9j98flb7vgdivruckrwvpw100000000000000000000000000000061';
UPDATE md_type SET display_label= 'szmy27ujtj6dd52n0hep6cdqt6q5ta92NM200904120000000000000000000030' , root_id= '1pbp028yv9j98flb7vgdivruckrwvpw1' , package_name= 'com.runwaysdk.system.metadata' , type_name= 'WebFormField'  WHERE id='1pbp028yv9j98flb7vgdivruckrwvpw100000000000000000000000000000061';
UPDATE metadata SET description= '7760fg783zvb4ijbrdnej5idbru3wcxbNM200904120000000000000000000030' , created_by= '0000000000000000000000000000001000000000000000000000000000000003' , owner= '0000000000000000000000000000001000000000000000000000000000000003' , id= '1pbp028yv9j98flb7vgdivruckrwvpw100000000000000000000000000000061' , create_date= '2011-10-03 16:03:31' , seq= 3273 , type= 'com.runwaysdk.system.metadata.MdRelationship' , site_master= 'runwaysdk.com' , last_updated_by= '0000000000000000000000000000001000000000000000000000000000000003' , last_update_date= '2011-10-03 16:03:31' , key_name= 'com.runwaysdk.system.metadata.WebFormField'  WHERE id='1pbp028yv9j98flb7vgdivruckrwvpw100000000000000000000000000000061';
UPDATE md_type SET display_label= '8etr4vnlldrfvybuyc3am0m1n8oz9m16NM200904120000000000000000000030' , root_id= 'sxoo7kxz50stomzhdns03569nejll5vx' , package_name= 'com.runwaysdk.system.metadata' , type_name= 'MdMobileHeaderHeaderTextController'  WHERE id='sxoo7kxz50stomzhdns03569nejll5vxNM200810110000000000000000000112';
UPDATE metadata SET description= 'xe36sy7fksvpvlcvitgikm6u3049g8byNM200904120000000000000000000030' , created_by= '0000000000000000000000000000001000000000000000000000000000000003' , owner= '0000000000000000000000000000001000000000000000000000000000000003' , id= 'sxoo7kxz50stomzhdns03569nejll5vxNM200810110000000000000000000112' , create_date= '2011-10-03 16:03:31' , seq= 3274 , type= 'com.runwaysdk.system.metadata.MdController' , site_master= 'runwaysdk.com' , last_updated_by= '0000000000000000000000000000001000000000000000000000000000000003' , last_update_date= '2011-10-03 16:03:31' , key_name= 'com.runwaysdk.system.metadata.MdMobileHeaderHeaderTextController'  WHERE id='sxoo7kxz50stomzhdns03569nejll5vxNM200810110000000000000000000112';
UPDATE metadata SET seq= 3275  WHERE id='0000000000000000000000000000017000000000000000000000000000000001';
UPDATE md_business SET cache_algorithm= '8hd6xan4x9q0oc2l7kgw6vzqhfldhu0f' , cache_algorithm_c= '0000000000000000000000000000023100000000000000000000000000000222' , super_md_business= '0if6s9v1c6nk3601fon7cgwk5spcsmfh00000000000000000000000000000001'  WHERE id='zhncudnh92w6adabhmo9ts9srn5rp1pp00000000000000000000000000000001';
UPDATE md_element SET is_abstract= 1  WHERE id='zhncudnh92w6adabhmo9ts9srn5rp1pp00000000000000000000000000000001';
UPDATE md_entity SET table_name= 'md_mobile_dec'  WHERE id='zhncudnh92w6adabhmo9ts9srn5rp1pp00000000000000000000000000000001';
UPDATE md_type SET display_label= 'z9dragqvlxt4dat9pf07owxjashu196hNM200904120000000000000000000030' , root_id= 'zhncudnh92w6adabhmo9ts9srn5rp1pp' , package_name= 'com.runwaysdk.system.metadata' , type_name= 'MdMobileDec'  WHERE id='zhncudnh92w6adabhmo9ts9srn5rp1pp00000000000000000000000000000001';
UPDATE metadata SET description= 'szhh9po7advo3ekpbqy0d1evs6ae7icvNM200904120000000000000000000030' , created_by= '0000000000000000000000000000001000000000000000000000000000000003' , owner= '0000000000000000000000000000001000000000000000000000000000000003' , id= 'zhncudnh92w6adabhmo9ts9srn5rp1pp00000000000000000000000000000001' , create_date= '2011-10-03 16:03:31' , seq= 3276 , type= 'com.runwaysdk.system.metadata.MdBusiness' , site_master= 'runwaysdk.com' , last_updated_by= '0000000000000000000000000000001000000000000000000000000000000003' , last_update_date= '2011-10-03 16:03:31' , key_name= 'com.runwaysdk.system.metadata.MdMobileDec'  WHERE id='zhncudnh92w6adabhmo9ts9srn5rp1pp00000000000000000000000000000001';
UPDATE md_business SET cache_algorithm= 'sj3mbeh1cgodyntusmadfi5mhp0w00gl' , cache_algorithm_c= '0000000000000000000000000000023100000000000000000000000000000222' , super_md_business= '6tg4df9ithltkvcohkj9wkey6byx9rv500000000000000000000000000000001'  WHERE id='rc4na11iois1x8ivxvzps4mp7a68ovbg00000000000000000000000000000001';
UPDATE md_entity SET table_name= 'md_web_integer'  WHERE id='rc4na11iois1x8ivxvzps4mp7a68ovbg00000000000000000000000000000001';
UPDATE md_type SET display_label= '7cxybvsynk4q9frs5e5gbzwa5wq0i6edNM200904120000000000000000000030' , root_id= 'rc4na11iois1x8ivxvzps4mp7a68ovbg' , package_name= 'com.runwaysdk.system.metadata' , type_name= 'MdWebInteger'  WHERE id='rc4na11iois1x8ivxvzps4mp7a68ovbg00000000000000000000000000000001';
UPDATE metadata SET description= 'snfbd47vhir86f1iqp85xhv0hjnf5qlbNM200904120000000000000000000030' , created_by= '0000000000000000000000000000001000000000000000000000000000000003' , owner= '0000000000000000000000000000001000000000000000000000000000000003' , id= 'rc4na11iois1x8ivxvzps4mp7a68ovbg00000000000000000000000000000001' , create_date= '2011-10-03 16:03:31' , seq= 3277 , type= 'com.runwaysdk.system.metadata.MdBusiness' , site_master= 'runwaysdk.com' , last_updated_by= '0000000000000000000000000000001000000000000000000000000000000003' , last_update_date= '2011-10-03 16:03:31' , key_name= 'com.runwaysdk.system.metadata.MdWebInteger'  WHERE id='rc4na11iois1x8ivxvzps4mp7a68ovbg00000000000000000000000000000001';
UPDATE md_business SET cache_algorithm= '0imms9mfp3mmg7sx8f7a0sx74l7gwnvp' , cache_algorithm_c= '0000000000000000000000000000023100000000000000000000000000000222' , super_md_business= '0if6s9v1c6nk3601fon7cgwk5spcsmfh00000000000000000000000000000001'  WHERE id='20n50yi18hh27nunwnljuv5d68tf26vf00000000000000000000000000000001';
UPDATE md_entity SET table_name= 'md_mobile_long'  WHERE id='20n50yi18hh27nunwnljuv5d68tf26vf00000000000000000000000000000001';
UPDATE md_type SET display_label= '7adzriq3nlqhif7a7o7jaa5vmi5e01qtNM200904120000000000000000000030' , root_id= '20n50yi18hh27nunwnljuv5d68tf26vf' , package_name= 'com.runwaysdk.system.metadata' , type_name= 'MdMobileLong'  WHERE id='20n50yi18hh27nunwnljuv5d68tf26vf00000000000000000000000000000001';
UPDATE metadata SET description= 'r2edduoqtfi82su245lcun26zwiifkuqNM200904120000000000000000000030' , created_by= '0000000000000000000000000000001000000000000000000000000000000003' , owner= '0000000000000000000000000000001000000000000000000000000000000003' , id= '20n50yi18hh27nunwnljuv5d68tf26vf00000000000000000000000000000001' , create_date= '2011-10-03 16:03:31' , seq= 3278 , type= 'com.runwaysdk.system.metadata.MdBusiness' , site_master= 'runwaysdk.com' , last_updated_by= '0000000000000000000000000000001000000000000000000000000000000003' , last_update_date= '2011-10-03 16:03:31' , key_name= 'com.runwaysdk.system.metadata.MdMobileLong'  WHERE id='20n50yi18hh27nunwnljuv5d68tf26vf00000000000000000000000000000001';
UPDATE md_type SET display_label= '09p9zydde3vq8kffqkai2q8jo8n0vpvzNM200904120000000000000000000030' , root_id= '6vk5my9nglr2zhuq2lall07ex4yw9fi8' , package_name= 'com.runwaysdk.system.metadata' , type_name= 'MdWebHeaderHeaderTextController'  WHERE id='6vk5my9nglr2zhuq2lall07ex4yw9fi8NM200810110000000000000000000112';
UPDATE metadata SET description= '2f91bpo886rcws6juszip744cvflg91oNM200904120000000000000000000030' , created_by= '0000000000000000000000000000001000000000000000000000000000000003' , owner= '0000000000000000000000000000001000000000000000000000000000000003' , id= '6vk5my9nglr2zhuq2lall07ex4yw9fi8NM200810110000000000000000000112' , create_date= '2011-10-03 16:03:31' , seq= 3279 , type= 'com.runwaysdk.system.metadata.MdController' , site_master= 'runwaysdk.com' , last_updated_by= '0000000000000000000000000000001000000000000000000000000000000003' , last_update_date= '2011-10-03 16:03:31' , key_name= 'com.runwaysdk.system.metadata.MdWebHeaderHeaderTextController'  WHERE id='6vk5my9nglr2zhuq2lall07ex4yw9fi8NM200810110000000000000000000112';
UPDATE metadata SET seq= 3280  WHERE id='0000000000000000000000000000016800000000000000000000000000000001';
UPDATE md_business SET cache_algorithm= '20bvqrr24ukg63gbpz7k6zbud7bcm3d3' , cache_algorithm_c= '0000000000000000000000000000023100000000000000000000000000000222' , super_md_business= '2ecripfmvw2qxs9fbp5iie6aev39dkcz00000000000000000000000000000001'  WHERE id='so405m4mx1ji1cl2zgaaaed5qdscf74o00000000000000000000000000000001';
UPDATE md_entity SET table_name= 'md_web_multiple_term'  WHERE id='so405m4mx1ji1cl2zgaaaed5qdscf74o00000000000000000000000000000001';
UPDATE md_type SET display_label= '75wll5ps1ml6v11puriiu5cze2lapjbxNM200904120000000000000000000030' , root_id= 'so405m4mx1ji1cl2zgaaaed5qdscf74o' , package_name= 'com.runwaysdk.system.metadata' , type_name= 'MdWebMultipleTerm'  WHERE id='so405m4mx1ji1cl2zgaaaed5qdscf74o00000000000000000000000000000001';
UPDATE metadata SET description= 'xgc4txvxpdh9xn68opxoru0f71b3qc8hNM200904120000000000000000000030' , created_by= '0000000000000000000000000000001000000000000000000000000000000003' , owner= '0000000000000000000000000000001000000000000000000000000000000003' , id= 'so405m4mx1ji1cl2zgaaaed5qdscf74o00000000000000000000000000000001' , create_date= '2011-10-03 16:03:31' , seq= 3281 , type= 'com.runwaysdk.system.metadata.MdBusiness' , site_master= 'runwaysdk.com' , last_updated_by= '0000000000000000000000000000001000000000000000000000000000000003' , last_update_date= '2011-10-03 16:03:31' , key_name= 'com.runwaysdk.system.metadata.MdWebMultipleTerm'  WHERE id='so405m4mx1ji1cl2zgaaaed5qdscf74o00000000000000000000000000000001';
UPDATE md_relationship SET cache_algorithm= '719169c60i5gjwuwm6w7xv5369z5gjg3' , cache_algorithm_c= '0000000000000000000000000000023100000000000000000000000000000222' , index2_name= 'rel_6y6kzo6u5oy5i89tr7baqydnes' , parent_visibility= '6xbgrbi9g23aggexya37vx5axm9d29is' , parent_visibility_c= '20071109NM000000000000000000000520071109NM0000000000000000000001' , parent_md_business= '1yd2fgkyvjxstizcgyfqsu97qbpvpiru00000000000000000000000000000001' , parent_cardinality= '1' , parent_display_label= 'z11dsbcu84irlyg01tlg5mi5wifd2yv9NM200904120000000000000000000030' , child_visibility= '1pise3x7nojwbgt02lvi3px4au36yzoz' , child_visibility_c= '20071109NM000000000000000000000520071109NM0000000000000000000001' , child_method= 'MdFields' , parent_method= 'MdForm' , index1_name= 'rel_8cyw9bwbyypy9y5fltaaf2vw4u' , child_md_business= '1p8imi9p4g6xmfg82cskzb95veiiu78r00000000000000000000000000000001' , child_display_label= '8t9qkmciolqa8tia0ukr49jcwhbaufalNM200904120000000000000000000030' , child_cardinality= '*'  WHERE id='6rg3o5apigouyhhq5j4wt6d72z1zf0y200000000000000000000000000000061';
UPDATE md_element SET is_abstract= 1  WHERE id='6rg3o5apigouyhhq5j4wt6d72z1zf0y200000000000000000000000000000061';
UPDATE md_entity SET table_name= 'form_field'  WHERE id='6rg3o5apigouyhhq5j4wt6d72z1zf0y200000000000000000000000000000061';
UPDATE md_type SET display_label= 'z9z52ec0sl8l0m70mnmpnu0l59gajo0jNM200904120000000000000000000030' , root_id= '6rg3o5apigouyhhq5j4wt6d72z1zf0y2' , package_name= 'com.runwaysdk.system.metadata' , type_name= 'FormField'  WHERE id='6rg3o5apigouyhhq5j4wt6d72z1zf0y200000000000000000000000000000061';
UPDATE metadata SET description= 'rapul1zz3ea6gppbccy4ga3vntdmgchjNM200904120000000000000000000030' , created_by= '0000000000000000000000000000001000000000000000000000000000000003' , owner= '0000000000000000000000000000001000000000000000000000000000000003' , id= '6rg3o5apigouyhhq5j4wt6d72z1zf0y200000000000000000000000000000061' , create_date= '2011-10-03 16:03:31' , seq= 3282 , type= 'com.runwaysdk.system.metadata.MdRelationship' , site_master= 'runwaysdk.com' , last_updated_by= '0000000000000000000000000000001000000000000000000000000000000003' , last_update_date= '2011-10-03 16:03:31' , key_name= 'com.runwaysdk.system.metadata.FormField'  WHERE id='6rg3o5apigouyhhq5j4wt6d72z1zf0y200000000000000000000000000000061';
UPDATE md_relationship SET cache_algorithm= '2h7izksrlx6j8kwxq9rb1yk7twuqz4yj' , cache_algorithm_c= '0000000000000000000000000000023100000000000000000000000000000222' , index2_name= 'rel_t2b75p7ho6hpasl5ow8dlthmt5' , parent_visibility= 't0z4bgt3qw990pkibivloscq261oxv1v' , parent_visibility_c= '20071109NM000000000000000000000520071109NM0000000000000000000001' , parent_md_business= 'xe7p2pv3wmnyk6vsmyfg6nt3om8vcqbq00000000000000000000000000000001' , parent_cardinality= '1' , parent_display_label= '1re6ze2n4rzkxmd7snn01bsqwyeinmj5NM200904120000000000000000000030' , child_visibility= 'xelyu8s0f450j0bowi6de002g61aufc6' , child_visibility_c= '20071109NM000000000000000000000520071109NM0000000000000000000001' , child_method= 'MdFields' , parent_method= 'Grid' , index1_name= 'rel_0reciog9mnevt6q23wj9jfmxv7' , child_md_business= 'zgld5upl3f35kcjr1au0d16u9btqwjvx00000000000000000000000000000001' , child_display_label= 'z7apxyfivm47uaegqjezorjrjxkz8xbmNM200904120000000000000000000030' , child_cardinality= '*'  WHERE id='stivqje42w2j4veo4fnev6n218cn2azh00000000000000000000000000000061';
UPDATE md_entity SET table_name= 'mobile_grid_field'  WHERE id='stivqje42w2j4veo4fnev6n218cn2azh00000000000000000000000000000061';
UPDATE md_type SET display_label= 'qzasr2io00yhvd5bfn3qi143ooq2htcoNM200904120000000000000000000030' , root_id= 'stivqje42w2j4veo4fnev6n218cn2azh' , package_name= 'com.runwaysdk.system.metadata' , type_name= 'MobileGridField'  WHERE id='stivqje42w2j4veo4fnev6n218cn2azh00000000000000000000000000000061';
UPDATE metadata SET description= '8dep93aunft803mozmy8r8iqyqipvc89NM200904120000000000000000000030' , created_by= '0000000000000000000000000000001000000000000000000000000000000003' , owner= '0000000000000000000000000000001000000000000000000000000000000003' , id= 'stivqje42w2j4veo4fnev6n218cn2azh00000000000000000000000000000061' , create_date= '2011-10-03 16:03:31' , seq= 3283 , type= 'com.runwaysdk.system.metadata.MdRelationship' , site_master= 'runwaysdk.com' , last_updated_by= '0000000000000000000000000000001000000000000000000000000000000003' , last_update_date= '2011-10-03 16:03:31' , key_name= 'com.runwaysdk.system.metadata.MobileGridField'  WHERE id='stivqje42w2j4veo4fnev6n218cn2azh00000000000000000000000000000061';
UPDATE md_business SET cache_algorithm= '9494d2ywqscyyv81srt6fdyckqr5wvgu' , cache_algorithm_c= '0000000000000000000000000000023100000000000000000000000000000222' , super_md_business= 'zgkseu7as85l9zfwaawq8k3wid4vd17v00000000000000000000000000000001'  WHERE id='2ecripfmvw2qxs9fbp5iie6aev39dkcz00000000000000000000000000000001';
UPDATE md_element SET is_abstract= 1  WHERE id='2ecripfmvw2qxs9fbp5iie6aev39dkcz00000000000000000000000000000001';
UPDATE md_entity SET table_name= 'md_web_attribute'  WHERE id='2ecripfmvw2qxs9fbp5iie6aev39dkcz00000000000000000000000000000001';
UPDATE md_type SET display_label= 'zbohibdg0nhewxfra5yfiih1ljepa1tpNM200904120000000000000000000030' , root_id= '2ecripfmvw2qxs9fbp5iie6aev39dkcz' , package_name= 'com.runwaysdk.system.metadata' , type_name= 'MdWebAttribute'  WHERE id='2ecripfmvw2qxs9fbp5iie6aev39dkcz00000000000000000000000000000001';
UPDATE metadata SET description= 'qva7g4ffor6rgdnug7q4hybpoes2rby7NM200904120000000000000000000030' , created_by= '0000000000000000000000000000001000000000000000000000000000000003' , owner= '0000000000000000000000000000001000000000000000000000000000000003' , id= '2ecripfmvw2qxs9fbp5iie6aev39dkcz00000000000000000000000000000001' , create_date= '2011-10-03 16:03:31' , seq= 3284 , type= 'com.runwaysdk.system.metadata.MdBusiness' , site_master= 'runwaysdk.com' , last_updated_by= '0000000000000000000000000000001000000000000000000000000000000003' , last_update_date= '2011-10-03 16:03:31' , key_name= 'com.runwaysdk.system.metadata.MdWebAttribute'  WHERE id='2ecripfmvw2qxs9fbp5iie6aev39dkcz00000000000000000000000000000001';
UPDATE md_business SET cache_algorithm= '8tulu65fo356r6udoil9aj2gm2o3ry05' , cache_algorithm_c= '0000000000000000000000000000023100000000000000000000000000000222' , super_md_business= 'rea6bruekf297qd1skjvpqbndbpgbwet00000000000000000000000000000001'  WHERE id='8ni46ttxyzgwt5c9wxc9qqf9p30betpq00000000000000000000000000000001';
UPDATE md_entity SET table_name= 'md_web_date_time'  WHERE id='8ni46ttxyzgwt5c9wxc9qqf9p30betpq00000000000000000000000000000001';
UPDATE md_type SET display_label= '91n4b7o7he1izm5yk61146qd0jn9v7wzNM200904120000000000000000000030' , root_id= '8ni46ttxyzgwt5c9wxc9qqf9p30betpq' , package_name= 'com.runwaysdk.system.metadata' , type_name= 'MdWebDateTime'  WHERE id='8ni46ttxyzgwt5c9wxc9qqf9p30betpq00000000000000000000000000000001';
UPDATE metadata SET description= 'zp8bbe2b2o41mfissh2uvbh3u0y0kg1xNM200904120000000000000000000030' , created_by= '0000000000000000000000000000001000000000000000000000000000000003' , owner= '0000000000000000000000000000001000000000000000000000000000000003' , id= '8ni46ttxyzgwt5c9wxc9qqf9p30betpq00000000000000000000000000000001' , create_date= '2011-10-03 16:03:31' , seq= 3285 , type= 'com.runwaysdk.system.metadata.MdBusiness' , site_master= 'runwaysdk.com' , last_updated_by= '0000000000000000000000000000001000000000000000000000000000000003' , last_update_date= '2011-10-03 16:03:31' , key_name= 'com.runwaysdk.system.metadata.MdWebDateTime'  WHERE id='8ni46ttxyzgwt5c9wxc9qqf9p30betpq00000000000000000000000000000001';
UPDATE md_business SET cache_algorithm= 'zctkvh19u82ddntq4frkkef4yya6qx1b' , cache_algorithm_c= '0000000000000000000000000000023100000000000000000000000000000222' , super_md_business= 'zgld5upl3f35kcjr1au0d16u9btqwjvx00000000000000000000000000000001'  WHERE id='0pjnyv82zfs9vffp976qozg80ci4ac7j00000000000000000000000000000001';
UPDATE md_entity SET table_name= 'md_mobile_text'  WHERE id='0pjnyv82zfs9vffp976qozg80ci4ac7j00000000000000000000000000000001';
UPDATE md_type SET display_label= '8f6540162t3u6sqzfwics82qqwej9m5oNM200904120000000000000000000030' , root_id= '0pjnyv82zfs9vffp976qozg80ci4ac7j' , package_name= 'com.runwaysdk.system.metadata' , type_name= 'MdMobileText'  WHERE id='0pjnyv82zfs9vffp976qozg80ci4ac7j00000000000000000000000000000001';
UPDATE metadata SET description= 'z2k8evqz954z6s9l7b9u8hsyrt7fyufcNM200904120000000000000000000030' , created_by= '0000000000000000000000000000001000000000000000000000000000000003' , owner= '0000000000000000000000000000001000000000000000000000000000000003' , id= '0pjnyv82zfs9vffp976qozg80ci4ac7j00000000000000000000000000000001' , create_date= '2011-10-03 16:03:31' , seq= 3286 , type= 'com.runwaysdk.system.metadata.MdBusiness' , site_master= 'runwaysdk.com' , last_updated_by= '0000000000000000000000000000001000000000000000000000000000000003' , last_update_date= '2011-10-03 16:03:31' , key_name= 'com.runwaysdk.system.metadata.MdMobileText'  WHERE id='0pjnyv82zfs9vffp976qozg80ci4ac7j00000000000000000000000000000001';
UPDATE md_business SET cache_algorithm= 'x9x5qqgtf9auyizrqpl8a63kolje0aoz' , cache_algorithm_c= '0000000000000000000000000000023100000000000000000000000000000222' , super_md_business= '6tg4df9ithltkvcohkj9wkey6byx9rv500000000000000000000000000000001'  WHERE id='sgq0n2svhtj4ci1la64knwymty5w1w5v00000000000000000000000000000001';
UPDATE md_entity SET table_name= 'md_web_long'  WHERE id='sgq0n2svhtj4ci1la64knwymty5w1w5v00000000000000000000000000000001';
UPDATE md_type SET display_label= 'zl212djxinj86vujy00tw3jcouz7nz8cNM200904120000000000000000000030' , root_id= 'sgq0n2svhtj4ci1la64knwymty5w1w5v' , package_name= 'com.runwaysdk.system.metadata' , type_name= 'MdWebLong'  WHERE id='sgq0n2svhtj4ci1la64knwymty5w1w5v00000000000000000000000000000001';
UPDATE metadata SET description= '1u8ls2plm8p0px6j46jru9mdbh8vtxz1NM200904120000000000000000000030' , created_by= '0000000000000000000000000000001000000000000000000000000000000003' , owner= '0000000000000000000000000000001000000000000000000000000000000003' , id= 'sgq0n2svhtj4ci1la64knwymty5w1w5v00000000000000000000000000000001' , create_date= '2011-10-03 16:03:31' , seq= 3287 , type= 'com.runwaysdk.system.metadata.MdBusiness' , site_master= 'runwaysdk.com' , last_updated_by= '0000000000000000000000000000001000000000000000000000000000000003' , last_update_date= '2011-10-03 16:03:31' , key_name= 'com.runwaysdk.system.metadata.MdWebLong'  WHERE id='sgq0n2svhtj4ci1la64knwymty5w1w5v00000000000000000000000000000001';
UPDATE md_business SET cache_algorithm= 'xxwxh3b79570mtzqcz7p0jo1t0hihg62' , cache_algorithm_c= '0000000000000000000000000000023100000000000000000000000000000222' , super_md_business= 'zgkseu7as85l9zfwaawq8k3wid4vd17v00000000000000000000000000000001'  WHERE id='r6ftalmqoe6npx60aegcypzbvqazi8jr00000000000000000000000000000001';
UPDATE md_entity SET table_name= 'md_web_break'  WHERE id='r6ftalmqoe6npx60aegcypzbvqazi8jr00000000000000000000000000000001';
UPDATE md_type SET display_label= 'xdv41qfcrm84vy4qtkimzz18brmdjkmeNM200904120000000000000000000030' , root_id= 'r6ftalmqoe6npx60aegcypzbvqazi8jr' , package_name= 'com.runwaysdk.system.metadata' , type_name= 'MdWebBreak'  WHERE id='r6ftalmqoe6npx60aegcypzbvqazi8jr00000000000000000000000000000001';
UPDATE metadata SET description= 'qxw8i2ad0t1fzk2241dh9fpovvdgmgl3NM200904120000000000000000000030' , created_by= '0000000000000000000000000000001000000000000000000000000000000003' , owner= '0000000000000000000000000000001000000000000000000000000000000003' , id= 'r6ftalmqoe6npx60aegcypzbvqazi8jr00000000000000000000000000000001' , create_date= '2011-10-03 16:03:31' , seq= 3288 , type= 'com.runwaysdk.system.metadata.MdBusiness' , site_master= 'runwaysdk.com' , last_updated_by= '0000000000000000000000000000001000000000000000000000000000000003' , last_update_date= '2011-10-03 16:03:31' , key_name= 'com.runwaysdk.system.metadata.MdWebBreak'  WHERE id='r6ftalmqoe6npx60aegcypzbvqazi8jr00000000000000000000000000000001';
UPDATE md_business SET cache_algorithm= 'xvyrdp9oonmpqqfj926qetawvkuqk2hg' , cache_algorithm_c= '0000000000000000000000000000023100000000000000000000000000000222' , super_md_business= '94dp3weikqddxwpddry9j5ot6my91th100000000000000000000000000000001'  WHERE id='xopjx24axlb2jkkc192qiw6dy9700jud00000000000000000000000000000001';
UPDATE md_entity SET table_name= 'md_web_text'  WHERE id='xopjx24axlb2jkkc192qiw6dy9700jud00000000000000000000000000000001';
UPDATE md_type SET display_label= 'xomm7rvqznhwg4ruke6cfpodxcr94ay5NM200904120000000000000000000030' , root_id= 'xopjx24axlb2jkkc192qiw6dy9700jud' , package_name= 'com.runwaysdk.system.metadata' , type_name= 'MdWebText'  WHERE id='xopjx24axlb2jkkc192qiw6dy9700jud00000000000000000000000000000001';
UPDATE metadata SET description= '7b6ocm7qwue5r118xiqyxbl03nklho8iNM200904120000000000000000000030' , created_by= '0000000000000000000000000000001000000000000000000000000000000003' , owner= '0000000000000000000000000000001000000000000000000000000000000003' , id= 'xopjx24axlb2jkkc192qiw6dy9700jud00000000000000000000000000000001' , create_date= '2011-10-03 16:03:31' , seq= 3289 , type= 'com.runwaysdk.system.metadata.MdBusiness' , site_master= 'runwaysdk.com' , last_updated_by= '0000000000000000000000000000001000000000000000000000000000000003' , last_update_date= '2011-10-03 16:03:31' , key_name= 'com.runwaysdk.system.metadata.MdWebText'  WHERE id='xopjx24axlb2jkkc192qiw6dy9700jud00000000000000000000000000000001';
UPDATE md_business SET cache_algorithm= 'skd39ck9mne40a346rd4lfn2mqh1za01' , cache_algorithm_c= '0000000000000000000000000000023100000000000000000000000000000222' , super_md_business= 'zlh9ev85l10442ji8z9ync4di5f53zz100000000000000000000000000000001'  WHERE id='t04fi26tc7dqo6ljuoh53je4svkuysah00000000000000000000000000000001';
UPDATE md_entity SET table_name= 'md_mobile_comment'  WHERE id='t04fi26tc7dqo6ljuoh53je4svkuysah00000000000000000000000000000001';
UPDATE md_type SET display_label= 'xup1lwv211imy6kewxhklte8en451likNM200904120000000000000000000030' , root_id= 't04fi26tc7dqo6ljuoh53je4svkuysah' , package_name= 'com.runwaysdk.system.metadata' , type_name= 'MdMobileComment'  WHERE id='t04fi26tc7dqo6ljuoh53je4svkuysah00000000000000000000000000000001';
UPDATE metadata SET description= '0fhk23msv738taebdln6qc9rrg42i9mmNM200904120000000000000000000030' , created_by= '0000000000000000000000000000001000000000000000000000000000000003' , owner= '0000000000000000000000000000001000000000000000000000000000000003' , id= 't04fi26tc7dqo6ljuoh53je4svkuysah00000000000000000000000000000001' , create_date= '2011-10-03 16:03:31' , seq= 3290 , type= 'com.runwaysdk.system.metadata.MdBusiness' , site_master= 'runwaysdk.com' , last_updated_by= '0000000000000000000000000000001000000000000000000000000000000003' , last_update_date= '2011-10-03 16:03:31' , key_name= 'com.runwaysdk.system.metadata.MdMobileComment'  WHERE id='t04fi26tc7dqo6ljuoh53je4svkuysah00000000000000000000000000000001';
UPDATE md_business SET cache_algorithm= '26c518235xvlku2f8qxj31rfl4ehd1an' , cache_algorithm_c= '0000000000000000000000000000023100000000000000000000000000000222' , super_md_business= 'zgld5upl3f35kcjr1au0d16u9btqwjvx00000000000000000000000000000001'  WHERE id='sancdzl480xca7tomplig6z03wl7k5dw00000000000000000000000000000001';
UPDATE md_entity SET table_name= 'md_mobile_boolean'  WHERE id='sancdzl480xca7tomplig6z03wl7k5dw00000000000000000000000000000001';
UPDATE md_type SET display_label= 'r9s9t80fa2i08rpo45gkn5oj0on4y7y6NM200904120000000000000000000030' , root_id= 'sancdzl480xca7tomplig6z03wl7k5dw' , package_name= 'com.runwaysdk.system.metadata' , type_name= 'MdMobileBoolean'  WHERE id='sancdzl480xca7tomplig6z03wl7k5dw00000000000000000000000000000001';
UPDATE metadata SET description= '8ryvwignkexnqvb6fsrt5y7ykhb28xgjNM200904120000000000000000000030' , created_by= '0000000000000000000000000000001000000000000000000000000000000003' , owner= '0000000000000000000000000000001000000000000000000000000000000003' , id= 'sancdzl480xca7tomplig6z03wl7k5dw00000000000000000000000000000001' , create_date= '2011-10-03 16:03:31' , seq= 3291 , type= 'com.runwaysdk.system.metadata.MdBusiness' , site_master= 'runwaysdk.com' , last_updated_by= '0000000000000000000000000000001000000000000000000000000000000003' , last_update_date= '2011-10-03 16:03:31' , key_name= 'com.runwaysdk.system.metadata.MdMobileBoolean'  WHERE id='sancdzl480xca7tomplig6z03wl7k5dw00000000000000000000000000000001';
UPDATE md_struct SET cache_algorithm= '6tzj02r0haw5bgk1cgv43jgiokf6xnyq' , cache_algorithm_c= '0000000000000000000000000000023100000000000000000000000000000222'  WHERE id='xt0vdqqydrwlpyfum9s1a92ty1xkwz560000000000000000000MdLocalStruct';
UPDATE md_entity SET table_name= 'md_web_comment_comment_text'  WHERE id='xt0vdqqydrwlpyfum9s1a92ty1xkwz560000000000000000000MdLocalStruct';
UPDATE md_type SET display_label= 'ray5v9oj0806hyay3iqvbxsrosmxc605NM200904120000000000000000000030' , root_id= 'xt0vdqqydrwlpyfum9s1a92ty1xkwz56' , package_name= 'com.runwaysdk.system.metadata' , type_name= 'MdWebCommentCommentText'  WHERE id='xt0vdqqydrwlpyfum9s1a92ty1xkwz560000000000000000000MdLocalStruct';
UPDATE metadata SET description= 'xpws2c501k97hje3zuf95oyagerjkseeNM200904120000000000000000000030' , created_by= '0000000000000000000000000000001000000000000000000000000000000003' , owner= '0000000000000000000000000000001000000000000000000000000000000003' , id= 'xt0vdqqydrwlpyfum9s1a92ty1xkwz560000000000000000000MdLocalStruct' , create_date= '2011-10-03 16:03:31' , seq= 3292 , type= 'com.runwaysdk.system.metadata.MdLocalStruct' , site_master= 'runwaysdk.com' , last_updated_by= '0000000000000000000000000000001000000000000000000000000000000003' , last_update_date= '2011-10-03 16:03:31' , key_name= 'com.runwaysdk.system.metadata.MdWebCommentCommentText'  WHERE id='xt0vdqqydrwlpyfum9s1a92ty1xkwz560000000000000000000MdLocalStruct';
UPDATE md_business SET cache_algorithm= '6njcnpm5hww625swra1vhwp1pljak8j7' , cache_algorithm_c= '0000000000000000000000000000023100000000000000000000000000000222' , super_md_business= '1p8imi9p4g6xmfg82cskzb95veiiu78r00000000000000000000000000000001'  WHERE id='zgkseu7as85l9zfwaawq8k3wid4vd17v00000000000000000000000000000001';
UPDATE md_element SET is_abstract= 1  WHERE id='zgkseu7as85l9zfwaawq8k3wid4vd17v00000000000000000000000000000001';
UPDATE md_entity SET table_name= 'md_web_field'  WHERE id='zgkseu7as85l9zfwaawq8k3wid4vd17v00000000000000000000000000000001';
UPDATE md_type SET display_label= 'qqg1mlxgdu06epta42xyivza2gu8lu8vNM200904120000000000000000000030' , root_id= 'zgkseu7as85l9zfwaawq8k3wid4vd17v' , package_name= 'com.runwaysdk.system.metadata' , type_name= 'MdWebField'  WHERE id='zgkseu7as85l9zfwaawq8k3wid4vd17v00000000000000000000000000000001';
UPDATE metadata SET description= '8hleyid7jre267b46m6jfks0au4gvq44NM200904120000000000000000000030' , created_by= '0000000000000000000000000000001000000000000000000000000000000003' , owner= '0000000000000000000000000000001000000000000000000000000000000003' , id= 'zgkseu7as85l9zfwaawq8k3wid4vd17v00000000000000000000000000000001' , create_date= '2011-10-03 16:03:31' , seq= 3293 , type= 'com.runwaysdk.system.metadata.MdBusiness' , site_master= 'runwaysdk.com' , last_updated_by= '0000000000000000000000000000001000000000000000000000000000000003' , last_update_date= '2011-10-03 16:03:31' , key_name= 'com.runwaysdk.system.metadata.MdWebField'  WHERE id='zgkseu7as85l9zfwaawq8k3wid4vd17v00000000000000000000000000000001';
UPDATE md_business SET cache_algorithm= 'znk1epfygcfd9m6nylj14dsn9bgogj1q' , cache_algorithm_c= '0000000000000000000000000000023100000000000000000000000000000222' , super_md_business= '2ecripfmvw2qxs9fbp5iie6aev39dkcz00000000000000000000000000000001'  WHERE id='quhfj557nkshlz7lr0ptoe0uyv1r16mr00000000000000000000000000000001';
UPDATE md_entity SET table_name= 'md_web_single_term_grid'  WHERE id='quhfj557nkshlz7lr0ptoe0uyv1r16mr00000000000000000000000000000001';
UPDATE md_type SET display_label= 'xtpl920cxr4byt9lndjkm9gpnjp4zg0gNM200904120000000000000000000030' , root_id= 'quhfj557nkshlz7lr0ptoe0uyv1r16mr' , package_name= 'com.runwaysdk.system.metadata' , type_name= 'MdWebSingleTermGrid'  WHERE id='quhfj557nkshlz7lr0ptoe0uyv1r16mr00000000000000000000000000000001';
UPDATE metadata SET description= 'sjczo0mbhh7n3q7o06qytl02hvkzvr64NM200904120000000000000000000030' , created_by= '0000000000000000000000000000001000000000000000000000000000000003' , owner= '0000000000000000000000000000001000000000000000000000000000000003' , id= 'quhfj557nkshlz7lr0ptoe0uyv1r16mr00000000000000000000000000000001' , create_date= '2011-10-03 16:03:31' , seq= 3294 , type= 'com.runwaysdk.system.metadata.MdBusiness' , site_master= 'runwaysdk.com' , last_updated_by= '0000000000000000000000000000001000000000000000000000000000000003' , last_update_date= '2011-10-03 16:03:31' , key_name= 'com.runwaysdk.system.metadata.MdWebSingleTermGrid'  WHERE id='quhfj557nkshlz7lr0ptoe0uyv1r16mr00000000000000000000000000000001';
UPDATE md_business SET cache_algorithm= '8vtj25aks6d8r7jtgdsieqfcp93ezvpg' , cache_algorithm_c= '0000000000000000000000000000023100000000000000000000000000000222' , super_md_business= '2ecripfmvw2qxs9fbp5iie6aev39dkcz00000000000000000000000000000001'  WHERE id='94dp3weikqddxwpddry9j5ot6my91th100000000000000000000000000000001';
UPDATE md_element SET is_abstract= 1  WHERE id='94dp3weikqddxwpddry9j5ot6my91th100000000000000000000000000000001';
UPDATE md_entity SET table_name= 'md_web_primitive'  WHERE id='94dp3weikqddxwpddry9j5ot6my91th100000000000000000000000000000001';
UPDATE md_type SET display_label= 'sj2f0usgvlnwc85ghbv16x30lxu5ea54NM200904120000000000000000000030' , root_id= '94dp3weikqddxwpddry9j5ot6my91th1' , package_name= 'com.runwaysdk.system.metadata' , type_name= 'MdWebPrimitive'  WHERE id='94dp3weikqddxwpddry9j5ot6my91th100000000000000000000000000000001';
UPDATE metadata SET description= '8hzr4d4mvz1nmjkmohuxbce4giq57s66NM200904120000000000000000000030' , created_by= '0000000000000000000000000000001000000000000000000000000000000003' , owner= '0000000000000000000000000000001000000000000000000000000000000003' , id= '94dp3weikqddxwpddry9j5ot6my91th100000000000000000000000000000001' , create_date= '2011-10-03 16:03:31' , seq= 3295 , type= 'com.runwaysdk.system.metadata.MdBusiness' , site_master= 'runwaysdk.com' , last_updated_by= '0000000000000000000000000000001000000000000000000000000000000003' , last_update_date= '2011-10-03 16:03:31' , key_name= 'com.runwaysdk.system.metadata.MdWebPrimitive'  WHERE id='94dp3weikqddxwpddry9j5ot6my91th100000000000000000000000000000001';
UPDATE metadata SET seq= 3296  WHERE id='0000000000000000000000000000034000000000000000000000000000000001';
UPDATE md_business SET cache_algorithm= '24lprq074a3fyidfkgvmxgubxpco5qto' , cache_algorithm_c= '0000000000000000000000000000023100000000000000000000000000000222' , super_md_business= '0if6s9v1c6nk3601fon7cgwk5spcsmfh00000000000000000000000000000001'  WHERE id='00naxq4hadewwho2qgop2sxqaff7z1rx00000000000000000000000000000001';
UPDATE md_entity SET table_name= 'md_mobile_integer'  WHERE id='00naxq4hadewwho2qgop2sxqaff7z1rx00000000000000000000000000000001';
UPDATE md_type SET display_label= '7cysh9iqp0jksjs9he9hk98ttf7j1jzfNM200904120000000000000000000030' , root_id= '00naxq4hadewwho2qgop2sxqaff7z1rx' , package_name= 'com.runwaysdk.system.metadata' , type_name= 'MdMobileInteger'  WHERE id='00naxq4hadewwho2qgop2sxqaff7z1rx00000000000000000000000000000001';
UPDATE metadata SET description= 'xxoj4rn96c9f1zccp5xkrk8xd3tsi2byNM200904120000000000000000000030' , created_by= '0000000000000000000000000000001000000000000000000000000000000003' , owner= '0000000000000000000000000000001000000000000000000000000000000003' , id= '00naxq4hadewwho2qgop2sxqaff7z1rx00000000000000000000000000000001' , create_date= '2011-10-03 16:03:31' , seq= 3297 , type= 'com.runwaysdk.system.metadata.MdBusiness' , site_master= 'runwaysdk.com' , last_updated_by= '0000000000000000000000000000001000000000000000000000000000000003' , last_update_date= '2011-10-03 16:03:31' , key_name= 'com.runwaysdk.system.metadata.MdMobileInteger'  WHERE id='00naxq4hadewwho2qgop2sxqaff7z1rx00000000000000000000000000000001';
UPDATE md_business SET cache_algorithm= '6uhud5bbf921wb654juur6fivun1nagc' , cache_algorithm_c= '0000000000000000000000000000023100000000000000000000000000000222' , super_md_business= '1yd2fgkyvjxstizcgyfqsu97qbpvpiru00000000000000000000000000000001'  WHERE id='zo86ttx2qfhw4ayiqelfr3igdjhd90eu00000000000000000000000000000001';
UPDATE md_entity SET table_name= 'md_web_form'  WHERE id='zo86ttx2qfhw4ayiqelfr3igdjhd90eu00000000000000000000000000000001';
UPDATE md_type SET display_label= '7b8h82wnhtvsdchfj2d27g89v72g6e7sNM200904120000000000000000000030' , root_id= 'zo86ttx2qfhw4ayiqelfr3igdjhd90eu' , package_name= 'com.runwaysdk.system.metadata' , type_name= 'MdWebForm'  WHERE id='zo86ttx2qfhw4ayiqelfr3igdjhd90eu00000000000000000000000000000001';
UPDATE metadata SET description= '8lu0iqx8vo6anial19m4onxkdp88enecNM200904120000000000000000000030' , created_by= '0000000000000000000000000000001000000000000000000000000000000003' , owner= '0000000000000000000000000000001000000000000000000000000000000003' , id= 'zo86ttx2qfhw4ayiqelfr3igdjhd90eu00000000000000000000000000000001' , create_date= '2011-10-03 16:03:31' , seq= 3298 , type= 'com.runwaysdk.system.metadata.MdBusiness' , site_master= 'runwaysdk.com' , last_updated_by= '0000000000000000000000000000001000000000000000000000000000000003' , last_update_date= '2011-10-03 16:03:31' , key_name= 'com.runwaysdk.system.metadata.MdWebForm'  WHERE id='zo86ttx2qfhw4ayiqelfr3igdjhd90eu00000000000000000000000000000001';
UPDATE md_business SET cache_algorithm= '8kelgi8eu6tit2l2e6o5c7n0kccc3nb2' , cache_algorithm_c= '0000000000000000000000000000023100000000000000000000000000000222' , super_md_business= '1yd2fgkyvjxstizcgyfqsu97qbpvpiru00000000000000000000000000000001'  WHERE id='8mo9yxmv916zjsqqlraen62vg2xzm9ia00000000000000000000000000000001';
UPDATE md_entity SET table_name= 'md_mobile_form'  WHERE id='8mo9yxmv916zjsqqlraen62vg2xzm9ia00000000000000000000000000000001';
UPDATE md_type SET display_label= 'sffpvjmyvwo9evyihmebzauzvlszxvbmNM200904120000000000000000000030' , root_id= '8mo9yxmv916zjsqqlraen62vg2xzm9ia' , package_name= 'com.runwaysdk.system.metadata' , type_name= 'MdMobileForm'  WHERE id='8mo9yxmv916zjsqqlraen62vg2xzm9ia00000000000000000000000000000001';
UPDATE metadata SET description= '0hmpjll5ozvq2esq0g7kkz6gv444cx32NM200904120000000000000000000030' , created_by= '0000000000000000000000000000001000000000000000000000000000000003' , owner= '0000000000000000000000000000001000000000000000000000000000000003' , id= '8mo9yxmv916zjsqqlraen62vg2xzm9ia00000000000000000000000000000001' , create_date= '2011-10-03 16:03:31' , seq= 3299 , type= 'com.runwaysdk.system.metadata.MdBusiness' , site_master= 'runwaysdk.com' , last_updated_by= '0000000000000000000000000000001000000000000000000000000000000003' , last_update_date= '2011-10-03 16:03:31' , key_name= 'com.runwaysdk.system.metadata.MdMobileForm'  WHERE id='8mo9yxmv916zjsqqlraen62vg2xzm9ia00000000000000000000000000000001';
UPDATE md_struct SET cache_algorithm= '742fn84ldp68ae9tj79285n2xox3o7cj' , cache_algorithm_c= '0000000000000000000000000000023100000000000000000000000000000222'  WHERE id='shr1qm2wz147w6o1gxsgcg4drg1dh93l0000000000000000000MdLocalStruct';
UPDATE md_entity SET table_name= 'md_mobile_header_header_text'  WHERE id='shr1qm2wz147w6o1gxsgcg4drg1dh93l0000000000000000000MdLocalStruct';
UPDATE md_type SET display_label= 'zjdhqbs4ya5olx1ccms2jjs4geunqnd0NM200904120000000000000000000030' , root_id= 'shr1qm2wz147w6o1gxsgcg4drg1dh93l' , package_name= 'com.runwaysdk.system.metadata' , type_name= 'MdMobileHeaderHeaderText'  WHERE id='shr1qm2wz147w6o1gxsgcg4drg1dh93l0000000000000000000MdLocalStruct';
UPDATE metadata SET description= '25rlq9zw2je4bs2arwduec8q3zzm0kqoNM200904120000000000000000000030' , created_by= '0000000000000000000000000000001000000000000000000000000000000003' , owner= '0000000000000000000000000000001000000000000000000000000000000003' , id= 'shr1qm2wz147w6o1gxsgcg4drg1dh93l0000000000000000000MdLocalStruct' , create_date= '2011-10-03 16:03:31' , seq= 3300 , type= 'com.runwaysdk.system.metadata.MdLocalStruct' , site_master= 'runwaysdk.com' , last_updated_by= '0000000000000000000000000000001000000000000000000000000000000003' , last_update_date= '2011-10-03 16:03:31' , key_name= 'com.runwaysdk.system.metadata.MdMobileHeaderHeaderText'  WHERE id='shr1qm2wz147w6o1gxsgcg4drg1dh93l0000000000000000000MdLocalStruct';
UPDATE md_type SET display_label= '6vud1u6g4xvilu6j6m4cr60w9bbc2lmpNM200904120000000000000000000030' , root_id= 'sssuyyjfxhk7q1t6421f891tewbquhy2' , package_name= 'com.runwaysdk.system.metadata' , type_name= 'MdFieldDisplayLabelController'  WHERE id='sssuyyjfxhk7q1t6421f891tewbquhy2NM200810110000000000000000000112';
UPDATE metadata SET description= 'sw432yvimuk8qwgg5cnhewmfqj3aivhnNM200904120000000000000000000030' , created_by= '0000000000000000000000000000001000000000000000000000000000000003' , owner= '0000000000000000000000000000001000000000000000000000000000000003' , id= 'sssuyyjfxhk7q1t6421f891tewbquhy2NM200810110000000000000000000112' , create_date= '2011-10-03 16:03:31' , seq= 3301 , type= 'com.runwaysdk.system.metadata.MdController' , site_master= 'runwaysdk.com' , last_updated_by= '0000000000000000000000000000001000000000000000000000000000000003' , last_update_date= '2011-10-03 16:03:31' , key_name= 'com.runwaysdk.system.metadata.MdFieldDisplayLabelController'  WHERE id='sssuyyjfxhk7q1t6421f891tewbquhy2NM200810110000000000000000000112';
UPDATE md_business SET cache_algorithm= '2cdup13robt13m3jhclspkmyt9q1rh1b' , cache_algorithm_c= '0000000000000000000000000000023100000000000000000000000000000222' , super_md_business= '0000000000000000000000000000018000000000000000000000000000000001'  WHERE id='1yd2fgkyvjxstizcgyfqsu97qbpvpiru00000000000000000000000000000001';
UPDATE md_element SET is_abstract= 1  WHERE id='1yd2fgkyvjxstizcgyfqsu97qbpvpiru00000000000000000000000000000001';
UPDATE md_entity SET table_name= 'md_form'  WHERE id='1yd2fgkyvjxstizcgyfqsu97qbpvpiru00000000000000000000000000000001';
UPDATE md_type SET display_label= 'x9a6ve6gxr55xho6lrocqla8m6oa1zziNM200904120000000000000000000030' , root_id= '1yd2fgkyvjxstizcgyfqsu97qbpvpiru' , package_name= 'com.runwaysdk.system.metadata' , type_name= 'MdForm'  WHERE id='1yd2fgkyvjxstizcgyfqsu97qbpvpiru00000000000000000000000000000001';
UPDATE metadata SET description= 'r4akbr7k13wzlx5h4r83fn9e3wjq8p8zNM200904120000000000000000000030' , created_by= '0000000000000000000000000000001000000000000000000000000000000003' , owner= '0000000000000000000000000000001000000000000000000000000000000003' , id= '1yd2fgkyvjxstizcgyfqsu97qbpvpiru00000000000000000000000000000001' , create_date= '2011-10-03 16:03:31' , seq= 3302 , type= 'com.runwaysdk.system.metadata.MdBusiness' , site_master= 'runwaysdk.com' , last_updated_by= '0000000000000000000000000000001000000000000000000000000000000003' , last_update_date= '2011-10-03 16:03:31' , key_name= 'com.runwaysdk.system.metadata.MdForm'  WHERE id='1yd2fgkyvjxstizcgyfqsu97qbpvpiru00000000000000000000000000000001';
UPDATE md_business SET cache_algorithm= '22e400y2t7z7r0e15pt1q357gc0l3qej' , cache_algorithm_c= '0000000000000000000000000000023100000000000000000000000000000222' , super_md_business= 'rea6bruekf297qd1skjvpqbndbpgbwet00000000000000000000000000000001'  WHERE id='08mb0js32190txvmyjndzb98q7u0lb5c00000000000000000000000000000001';
UPDATE md_entity SET table_name= 'md_web_date'  WHERE id='08mb0js32190txvmyjndzb98q7u0lb5c00000000000000000000000000000001';
UPDATE md_type SET display_label= '7f5qhywxx5csc56thi4hw96zdty6t88uNM200904120000000000000000000030' , root_id= '08mb0js32190txvmyjndzb98q7u0lb5c' , package_name= 'com.runwaysdk.system.metadata' , type_name= 'MdWebDate'  WHERE id='08mb0js32190txvmyjndzb98q7u0lb5c00000000000000000000000000000001';
UPDATE metadata SET description= '8ois4vorytjy77fzijr7th2atd9xt78nNM200904120000000000000000000030' , created_by= '0000000000000000000000000000001000000000000000000000000000000003' , owner= '0000000000000000000000000000001000000000000000000000000000000003' , id= '08mb0js32190txvmyjndzb98q7u0lb5c00000000000000000000000000000001' , create_date= '2011-10-03 16:03:31' , seq= 3303 , type= 'com.runwaysdk.system.metadata.MdBusiness' , site_master= 'runwaysdk.com' , last_updated_by= '0000000000000000000000000000001000000000000000000000000000000003' , last_update_date= '2011-10-03 16:03:31' , key_name= 'com.runwaysdk.system.metadata.MdWebDate'  WHERE id='08mb0js32190txvmyjndzb98q7u0lb5c00000000000000000000000000000001';
UPDATE md_business SET cache_algorithm= '906bynewi27uywzg0ttpk5g9u85173ea' , cache_algorithm_c= '0000000000000000000000000000023100000000000000000000000000000222' , super_md_business= 'xcmpj7feoalqwilw6w415vai27ukhdjc00000000000000000000000000000001'  WHERE id='qtvk05t4et8r4lttit5dq2m2m7dftaea00000000000000000000000000000001';
UPDATE md_entity SET table_name= 'md_web_float'  WHERE id='qtvk05t4et8r4lttit5dq2m2m7dftaea00000000000000000000000000000001';
UPDATE md_type SET display_label= '8mbcs361xr1ycthtw2euhygm3rausn5bNM200904120000000000000000000030' , root_id= 'qtvk05t4et8r4lttit5dq2m2m7dftaea' , package_name= 'com.runwaysdk.system.metadata' , type_name= 'MdWebFloat'  WHERE id='qtvk05t4et8r4lttit5dq2m2m7dftaea00000000000000000000000000000001';
UPDATE metadata SET description= 'qwh6s6shlg8ip7lanba1xn9j3s3id03yNM200904120000000000000000000030' , created_by= '0000000000000000000000000000001000000000000000000000000000000003' , owner= '0000000000000000000000000000001000000000000000000000000000000003' , id= 'qtvk05t4et8r4lttit5dq2m2m7dftaea00000000000000000000000000000001' , create_date= '2011-10-03 16:03:31' , seq= 3304 , type= 'com.runwaysdk.system.metadata.MdBusiness' , site_master= 'runwaysdk.com' , last_updated_by= '0000000000000000000000000000001000000000000000000000000000000003' , last_update_date= '2011-10-03 16:03:31' , key_name= 'com.runwaysdk.system.metadata.MdWebFloat'  WHERE id='qtvk05t4et8r4lttit5dq2m2m7dftaea00000000000000000000000000000001';
UPDATE md_business SET cache_algorithm= 'zof32p13w3gr4b052ayhama3ha9jh3cf' , cache_algorithm_c= '0000000000000000000000000000023100000000000000000000000000000222' , super_md_business= '6tg4df9ithltkvcohkj9wkey6byx9rv500000000000000000000000000000001'  WHERE id='xcmpj7feoalqwilw6w415vai27ukhdjc00000000000000000000000000000001';
UPDATE md_element SET is_abstract= 1  WHERE id='xcmpj7feoalqwilw6w415vai27ukhdjc00000000000000000000000000000001';
UPDATE md_entity SET table_name= 'md_web_dec'  WHERE id='xcmpj7feoalqwilw6w415vai27ukhdjc00000000000000000000000000000001';
UPDATE md_type SET display_label= 'sfcpufmgwcqvim2fqhwjphny970s4wwiNM200904120000000000000000000030' , root_id= 'xcmpj7feoalqwilw6w415vai27ukhdjc' , package_name= 'com.runwaysdk.system.metadata' , type_name= 'MdWebDec'  WHERE id='xcmpj7feoalqwilw6w415vai27ukhdjc00000000000000000000000000000001';
UPDATE metadata SET description= 'zl9irf43l9kxayg36ztgrfmzur39hvkqNM200904120000000000000000000030' , created_by= '0000000000000000000000000000001000000000000000000000000000000003' , owner= '0000000000000000000000000000001000000000000000000000000000000003' , id= 'xcmpj7feoalqwilw6w415vai27ukhdjc00000000000000000000000000000001' , create_date= '2011-10-03 16:03:31' , seq= 3305 , type= 'com.runwaysdk.system.metadata.MdBusiness' , site_master= 'runwaysdk.com' , last_updated_by= '0000000000000000000000000000001000000000000000000000000000000003' , last_update_date= '2011-10-03 16:03:31' , key_name= 'com.runwaysdk.system.metadata.MdWebDec'  WHERE id='xcmpj7feoalqwilw6w415vai27ukhdjc00000000000000000000000000000001';
UPDATE md_business SET cache_algorithm= 'xgkk9xwnb0lx1mlx13f98df5ohy4w4bu' , cache_algorithm_c= '0000000000000000000000000000023100000000000000000000000000000222' , super_md_business= 'zlh9ev85l10442ji8z9ync4di5f53zz100000000000000000000000000000001'  WHERE id='x8xruq2rk9h1vaih9ltna2onrzn5oivc00000000000000000000000000000001';
UPDATE md_entity SET table_name= 'md_mobile_break'  WHERE id='x8xruq2rk9h1vaih9ltna2onrzn5oivc00000000000000000000000000000001';
UPDATE md_type SET display_label= 'xsojvfn4s74z4x3f2myylycn8syptap9NM200904120000000000000000000030' , root_id= 'x8xruq2rk9h1vaih9ltna2onrzn5oivc' , package_name= 'com.runwaysdk.system.metadata' , type_name= 'MdMobileBreak'  WHERE id='x8xruq2rk9h1vaih9ltna2onrzn5oivc00000000000000000000000000000001';
UPDATE metadata SET description= 'r64u20i325ptmgmni98afve0ts5qvfyaNM200904120000000000000000000030' , created_by= '0000000000000000000000000000001000000000000000000000000000000003' , owner= '0000000000000000000000000000001000000000000000000000000000000003' , id= 'x8xruq2rk9h1vaih9ltna2onrzn5oivc00000000000000000000000000000001' , create_date= '2011-10-03 16:03:31' , seq= 3306 , type= 'com.runwaysdk.system.metadata.MdBusiness' , site_master= 'runwaysdk.com' , last_updated_by= '0000000000000000000000000000001000000000000000000000000000000003' , last_update_date= '2011-10-03 16:03:31' , key_name= 'com.runwaysdk.system.metadata.MdMobileBreak'  WHERE id='x8xruq2rk9h1vaih9ltna2onrzn5oivc00000000000000000000000000000001';
UPDATE md_struct SET cache_algorithm= 'quxjh57s8w7kn9ed8xuercttvoy8cccr' , cache_algorithm_c= '0000000000000000000000000000023100000000000000000000000000000222'  WHERE id='8ual4o5g20fv0rl7dqgfe54tghwhmx8j0000000000000000000MdLocalStruct';
UPDATE md_entity SET table_name= 'md_field_display_label'  WHERE id='8ual4o5g20fv0rl7dqgfe54tghwhmx8j0000000000000000000MdLocalStruct';
UPDATE md_type SET display_label= 'skevlv8kko62dxbnqxbghdr194fifzwxNM200904120000000000000000000030' , root_id= '8ual4o5g20fv0rl7dqgfe54tghwhmx8j' , package_name= 'com.runwaysdk.system.metadata' , type_name= 'MdFieldDisplayLabel'  WHERE id='8ual4o5g20fv0rl7dqgfe54tghwhmx8j0000000000000000000MdLocalStruct';
UPDATE metadata SET description= '0hk08jp60faa8t37fcp1vs77p33h0l1xNM200904120000000000000000000030' , created_by= '0000000000000000000000000000001000000000000000000000000000000003' , owner= '0000000000000000000000000000001000000000000000000000000000000003' , id= '8ual4o5g20fv0rl7dqgfe54tghwhmx8j0000000000000000000MdLocalStruct' , create_date= '2011-10-03 16:03:31' , seq= 3307 , type= 'com.runwaysdk.system.metadata.MdLocalStruct' , site_master= 'runwaysdk.com' , last_updated_by= '0000000000000000000000000000001000000000000000000000000000000003' , last_update_date= '2011-10-03 16:03:31' , key_name= 'com.runwaysdk.system.metadata.MdFieldDisplayLabel'  WHERE id='8ual4o5g20fv0rl7dqgfe54tghwhmx8j0000000000000000000MdLocalStruct';
UPDATE md_business SET cache_algorithm= 'sypkohpaml87xr7vhlfydtapgt0t634b' , cache_algorithm_c= '0000000000000000000000000000023100000000000000000000000000000222' , super_md_business= 'spaidsakim4xgjcf4psuxg6pa3qu120f00000000000000000000000000000001'  WHERE id='0o1f5l4k04l4eebr1d4457aib5tilkt300000000000000000000000000000001';
UPDATE md_entity SET table_name= 'md_mobile_geo'  WHERE id='0o1f5l4k04l4eebr1d4457aib5tilkt300000000000000000000000000000001';
UPDATE md_type SET display_label= 'zoodrrmwhzyhk52sk4urkx33zkmt4o7fNM200904120000000000000000000030' , root_id= '0o1f5l4k04l4eebr1d4457aib5tilkt3' , package_name= 'com.runwaysdk.system.metadata' , type_name= 'MdMobileGeo'  WHERE id='0o1f5l4k04l4eebr1d4457aib5tilkt300000000000000000000000000000001';
UPDATE metadata SET description= '02h1uv3301ar4wt6ml40btquw15azyzoNM200904120000000000000000000030' , created_by= '0000000000000000000000000000001000000000000000000000000000000003' , owner= '0000000000000000000000000000001000000000000000000000000000000003' , id= '0o1f5l4k04l4eebr1d4457aib5tilkt300000000000000000000000000000001' , create_date= '2011-10-03 16:03:31' , seq= 3308 , type= 'com.runwaysdk.system.metadata.MdBusiness' , site_master= 'runwaysdk.com' , last_updated_by= '0000000000000000000000000000001000000000000000000000000000000003' , last_update_date= '2011-10-03 16:03:31' , key_name= 'com.runwaysdk.system.metadata.MdMobileGeo'  WHERE id='0o1f5l4k04l4eebr1d4457aib5tilkt300000000000000000000000000000001';
UPDATE md_business SET cache_algorithm= '0jnjd39iiqu9uq128cpjr5d66z420qps' , cache_algorithm_c= '0000000000000000000000000000023100000000000000000000000000000222' , super_md_business= '2ecripfmvw2qxs9fbp5iie6aev39dkcz00000000000000000000000000000001'  WHERE id='91ppdddefmlxh4komyyjdnmnepaj0btf00000000000000000000000000000001';
UPDATE md_entity SET table_name= 'md_web_single_term'  WHERE id='91ppdddefmlxh4komyyjdnmnepaj0btf00000000000000000000000000000001';
UPDATE md_type SET display_label= '94emr7amqp29aehrswrn8begk2lpl22fNM200904120000000000000000000030' , root_id= '91ppdddefmlxh4komyyjdnmnepaj0btf' , package_name= 'com.runwaysdk.system.metadata' , type_name= 'MdWebSingleTerm'  WHERE id='91ppdddefmlxh4komyyjdnmnepaj0btf00000000000000000000000000000001';
UPDATE metadata SET description= 'slc7c2wxi8ftw895lwhbq7otwu4p6vkoNM200904120000000000000000000030' , created_by= '0000000000000000000000000000001000000000000000000000000000000003' , owner= '0000000000000000000000000000001000000000000000000000000000000003' , id= '91ppdddefmlxh4komyyjdnmnepaj0btf00000000000000000000000000000001' , create_date= '2011-10-03 16:03:31' , seq= 3309 , type= 'com.runwaysdk.system.metadata.MdBusiness' , site_master= 'runwaysdk.com' , last_updated_by= '0000000000000000000000000000001000000000000000000000000000000003' , last_update_date= '2011-10-03 16:03:31' , key_name= 'com.runwaysdk.system.metadata.MdWebSingleTerm'  WHERE id='91ppdddefmlxh4komyyjdnmnepaj0btf00000000000000000000000000000001';
UPDATE md_business SET cache_algorithm= '2cbn06xin05q6hz885xab46dgov46wbe' , cache_algorithm_c= '0000000000000000000000000000023100000000000000000000000000000222' , super_md_business= '94dp3weikqddxwpddry9j5ot6my91th100000000000000000000000000000001'  WHERE id='rea6bruekf297qd1skjvpqbndbpgbwet00000000000000000000000000000001';
UPDATE md_element SET is_abstract= 1  WHERE id='rea6bruekf297qd1skjvpqbndbpgbwet00000000000000000000000000000001';
UPDATE md_entity SET table_name= 'md_web_moment'  WHERE id='rea6bruekf297qd1skjvpqbndbpgbwet00000000000000000000000000000001';
UPDATE md_type SET display_label= 'r4vqzqcftfs64au60y6e2w5gez3omeawNM200904120000000000000000000030' , root_id= 'rea6bruekf297qd1skjvpqbndbpgbwet' , package_name= 'com.runwaysdk.system.metadata' , type_name= 'MdWebMoment'  WHERE id='rea6bruekf297qd1skjvpqbndbpgbwet00000000000000000000000000000001';
UPDATE metadata SET description= 'qr9ffqnpfmylri1ezwpfmrxuf91zbfrgNM200904120000000000000000000030' , created_by= '0000000000000000000000000000001000000000000000000000000000000003' , owner= '0000000000000000000000000000001000000000000000000000000000000003' , id= 'rea6bruekf297qd1skjvpqbndbpgbwet00000000000000000000000000000001' , create_date= '2011-10-03 16:03:31' , seq= 3310 , type= 'com.runwaysdk.system.metadata.MdBusiness' , site_master= 'runwaysdk.com' , last_updated_by= '0000000000000000000000000000001000000000000000000000000000000003' , last_update_date= '2011-10-03 16:03:31' , key_name= 'com.runwaysdk.system.metadata.MdWebMoment'  WHERE id='rea6bruekf297qd1skjvpqbndbpgbwet00000000000000000000000000000001';
UPDATE md_business SET cache_algorithm= '93fcs82pnszip3a0267y5vju19tgn9ph' , cache_algorithm_c= '0000000000000000000000000000023100000000000000000000000000000222' , super_md_business= 'zhncudnh92w6adabhmo9ts9srn5rp1pp00000000000000000000000000000001'  WHERE id='2ehqmsj8m735crg3kue4dghqp1ycflrk00000000000000000000000000000001';
UPDATE md_entity SET table_name= 'md_mobile_double'  WHERE id='2ehqmsj8m735crg3kue4dghqp1ycflrk00000000000000000000000000000001';
UPDATE md_type SET display_label= 'zp7fjew5c97jao4cj0dlqgrxwl07ebdwNM200904120000000000000000000030' , root_id= '2ehqmsj8m735crg3kue4dghqp1ycflrk' , package_name= 'com.runwaysdk.system.metadata' , type_name= 'MdMobileDouble'  WHERE id='2ehqmsj8m735crg3kue4dghqp1ycflrk00000000000000000000000000000001';
UPDATE metadata SET description= 'xk49c7fdrifrchb8z39y2bvvc5lm1itmNM200904120000000000000000000030' , created_by= '0000000000000000000000000000001000000000000000000000000000000003' , owner= '0000000000000000000000000000001000000000000000000000000000000003' , id= '2ehqmsj8m735crg3kue4dghqp1ycflrk00000000000000000000000000000001' , create_date= '2011-10-03 16:03:31' , seq= 3311 , type= 'com.runwaysdk.system.metadata.MdBusiness' , site_master= 'runwaysdk.com' , last_updated_by= '0000000000000000000000000000001000000000000000000000000000000003' , last_update_date= '2011-10-03 16:03:31' , key_name= 'com.runwaysdk.system.metadata.MdMobileDouble'  WHERE id='2ehqmsj8m735crg3kue4dghqp1ycflrk00000000000000000000000000000001';
UPDATE md_business SET cache_algorithm= '06tbtwfsbdqhe4gdybl879gpbi4opbjp' , cache_algorithm_c= '0000000000000000000000000000023100000000000000000000000000000222' , super_md_business= 'zgld5upl3f35kcjr1au0d16u9btqwjvx00000000000000000000000000000001'  WHERE id='0if6s9v1c6nk3601fon7cgwk5spcsmfh00000000000000000000000000000001';
UPDATE md_element SET is_abstract= 1  WHERE id='0if6s9v1c6nk3601fon7cgwk5spcsmfh00000000000000000000000000000001';
UPDATE md_entity SET table_name= 'md_mobile_number'  WHERE id='0if6s9v1c6nk3601fon7cgwk5spcsmfh00000000000000000000000000000001';
UPDATE md_type SET display_label= 'xx792ahjqnqbf2yz9uewro4cypw5er8zNM200904120000000000000000000030' , root_id= '0if6s9v1c6nk3601fon7cgwk5spcsmfh' , package_name= 'com.runwaysdk.system.metadata' , type_name= 'MdMobileNumber'  WHERE id='0if6s9v1c6nk3601fon7cgwk5spcsmfh00000000000000000000000000000001';
UPDATE metadata SET description= 'qn69oc6kh6h4mi1k7hnyv7wkk779wj8uNM200904120000000000000000000030' , created_by= '0000000000000000000000000000001000000000000000000000000000000003' , owner= '0000000000000000000000000000001000000000000000000000000000000003' , id= '0if6s9v1c6nk3601fon7cgwk5spcsmfh00000000000000000000000000000001' , create_date= '2011-10-03 16:03:31' , seq= 3312 , type= 'com.runwaysdk.system.metadata.MdBusiness' , site_master= 'runwaysdk.com' , last_updated_by= '0000000000000000000000000000001000000000000000000000000000000003' , last_update_date= '2011-10-03 16:03:31' , key_name= 'com.runwaysdk.system.metadata.MdMobileNumber'  WHERE id='0if6s9v1c6nk3601fon7cgwk5spcsmfh00000000000000000000000000000001';
UPDATE md_business SET cache_algorithm= '036qmzl8mrp4iv2rr0id5ev04og1tqgg' , cache_algorithm_c= '0000000000000000000000000000023100000000000000000000000000000222' , super_md_business= 'skmvar4ubw31tx9ku5bpeevk14pk6rs200000000000000000000000000000001'  WHERE id='saxnig5cgwl3hcamgql1soz6rb5g5bfz00000000000000000000000000000001';
UPDATE md_entity SET table_name= 'md_mobile_time'  WHERE id='saxnig5cgwl3hcamgql1soz6rb5g5bfz00000000000000000000000000000001';
UPDATE md_type SET display_label= '0kvy3p6wvsbyaw28n7ca444e9j9h4m27NM200904120000000000000000000030' , root_id= 'saxnig5cgwl3hcamgql1soz6rb5g5bfz' , package_name= 'com.runwaysdk.system.metadata' , type_name= 'MdMobileTime'  WHERE id='saxnig5cgwl3hcamgql1soz6rb5g5bfz00000000000000000000000000000001';
UPDATE metadata SET description= '084x70k78sabt0o2m6o0levk5elyxge4NM200904120000000000000000000030' , created_by= '0000000000000000000000000000001000000000000000000000000000000003' , owner= '0000000000000000000000000000001000000000000000000000000000000003' , id= 'saxnig5cgwl3hcamgql1soz6rb5g5bfz00000000000000000000000000000001' , create_date= '2011-10-03 16:03:31' , seq= 3313 , type= 'com.runwaysdk.system.metadata.MdBusiness' , site_master= 'runwaysdk.com' , last_updated_by= '0000000000000000000000000000001000000000000000000000000000000003' , last_update_date= '2011-10-03 16:03:31' , key_name= 'com.runwaysdk.system.metadata.MdMobileTime'  WHERE id='saxnig5cgwl3hcamgql1soz6rb5g5bfz00000000000000000000000000000001';
UPDATE md_business SET cache_algorithm= '7cy4xul0ws5y6t2xpwk2a7w2ldaig0jl' , cache_algorithm_c= '0000000000000000000000000000023100000000000000000000000000000222' , super_md_business= 'zgkseu7as85l9zfwaawq8k3wid4vd17v00000000000000000000000000000001'  WHERE id='sp2wq4sdo8wa72zc958pd0aexfr1dlg900000000000000000000000000000001';
UPDATE md_entity SET table_name= 'md_web_header'  WHERE id='sp2wq4sdo8wa72zc958pd0aexfr1dlg900000000000000000000000000000001';
UPDATE md_type SET display_label= 'xw9haa9tdqaphx4e29zy3vs68opvcfnyNM200904120000000000000000000030' , root_id= 'sp2wq4sdo8wa72zc958pd0aexfr1dlg9' , package_name= 'com.runwaysdk.system.metadata' , type_name= 'MdWebHeader'  WHERE id='sp2wq4sdo8wa72zc958pd0aexfr1dlg900000000000000000000000000000001';
UPDATE metadata SET description= 'xn9lb1z6dec1a29dohjz8mgfe99wsrpuNM200904120000000000000000000030' , created_by= '0000000000000000000000000000001000000000000000000000000000000003' , owner= '0000000000000000000000000000001000000000000000000000000000000003' , id= 'sp2wq4sdo8wa72zc958pd0aexfr1dlg900000000000000000000000000000001' , create_date= '2011-10-03 16:03:31' , seq= 3314 , type= 'com.runwaysdk.system.metadata.MdBusiness' , site_master= 'runwaysdk.com' , last_updated_by= '0000000000000000000000000000001000000000000000000000000000000003' , last_update_date= '2011-10-03 16:03:31' , key_name= 'com.runwaysdk.system.metadata.MdWebHeader'  WHERE id='sp2wq4sdo8wa72zc958pd0aexfr1dlg900000000000000000000000000000001';
UPDATE md_business SET cache_algorithm= 'z54kx4sqmrr8gk37h2vxr2p35oqzle8f' , cache_algorithm_c= '0000000000000000000000000000023100000000000000000000000000000222' , super_md_business= 'skmvar4ubw31tx9ku5bpeevk14pk6rs200000000000000000000000000000001'  WHERE id='t1v0l14duwoq9comvmt6qn6r69ik67xl00000000000000000000000000000001';
UPDATE md_entity SET table_name= 'md_mobile_date'  WHERE id='t1v0l14duwoq9comvmt6qn6r69ik67xl00000000000000000000000000000001';
UPDATE md_type SET display_label= '76jf9kut990gncej92afzyxr181o1xvlNM200904120000000000000000000030' , root_id= 't1v0l14duwoq9comvmt6qn6r69ik67xl' , package_name= 'com.runwaysdk.system.metadata' , type_name= 'MdMobileDate'  WHERE id='t1v0l14duwoq9comvmt6qn6r69ik67xl00000000000000000000000000000001';
UPDATE metadata SET description= 'xphvyusec7e8ogr3il7q8xruebh28pmtNM200904120000000000000000000030' , created_by= '0000000000000000000000000000001000000000000000000000000000000003' , owner= '0000000000000000000000000000001000000000000000000000000000000003' , id= 't1v0l14duwoq9comvmt6qn6r69ik67xl00000000000000000000000000000001' , create_date= '2011-10-03 16:03:31' , seq= 3315 , type= 'com.runwaysdk.system.metadata.MdBusiness' , site_master= 'runwaysdk.com' , last_updated_by= '0000000000000000000000000000001000000000000000000000000000000003' , last_update_date= '2011-10-03 16:03:31' , key_name= 'com.runwaysdk.system.metadata.MdMobileDate'  WHERE id='t1v0l14duwoq9comvmt6qn6r69ik67xl00000000000000000000000000000001';
UPDATE md_struct SET cache_algorithm= '0pwhxsbyh8a8rxcf3nnzpy1ncj0yupho' , cache_algorithm_c= '0000000000000000000000000000023100000000000000000000000000000222'  WHERE id='7ghgjxwrdkz9m3kwz9bcw2d3ydxrmcf90000000000000000000MdLocalStruct';
UPDATE md_entity SET table_name= 'md_web_header_header_text'  WHERE id='7ghgjxwrdkz9m3kwz9bcw2d3ydxrmcf90000000000000000000MdLocalStruct';
UPDATE md_type SET display_label= '7cdpoityc8xlc5nqu9o02b07pbkuhhm3NM200904120000000000000000000030' , root_id= '7ghgjxwrdkz9m3kwz9bcw2d3ydxrmcf9' , package_name= 'com.runwaysdk.system.metadata' , type_name= 'MdWebHeaderHeaderText'  WHERE id='7ghgjxwrdkz9m3kwz9bcw2d3ydxrmcf90000000000000000000MdLocalStruct';
UPDATE metadata SET description= '02d3m4ihfeqwb1237byfuekeaep1b5wfNM200904120000000000000000000030' , created_by= '0000000000000000000000000000001000000000000000000000000000000003' , owner= '0000000000000000000000000000001000000000000000000000000000000003' , id= '7ghgjxwrdkz9m3kwz9bcw2d3ydxrmcf90000000000000000000MdLocalStruct' , create_date= '2011-10-03 16:03:31' , seq= 3316 , type= 'com.runwaysdk.system.metadata.MdLocalStruct' , site_master= 'runwaysdk.com' , last_updated_by= '0000000000000000000000000000001000000000000000000000000000000003' , last_update_date= '2011-10-03 16:03:31' , key_name= 'com.runwaysdk.system.metadata.MdWebHeaderHeaderText'  WHERE id='7ghgjxwrdkz9m3kwz9bcw2d3ydxrmcf90000000000000000000MdLocalStruct';
UPDATE md_business SET cache_algorithm= '0d9p3v1dzsgbb11zdmq3s77pstp1vlkl' , cache_algorithm_c= '0000000000000000000000000000023100000000000000000000000000000222' , super_md_business= '2ecripfmvw2qxs9fbp5iie6aev39dkcz00000000000000000000000000000001'  WHERE id='zf6hol4750q5yldcc56ychbsxc93texn00000000000000000000000000000001';
UPDATE md_entity SET table_name= 'md_web_geo'  WHERE id='zf6hol4750q5yldcc56ychbsxc93texn00000000000000000000000000000001';
UPDATE md_type SET display_label= 't1fx3w1xira0ucpdj38irh64t86xflbtNM200904120000000000000000000030' , root_id= 'zf6hol4750q5yldcc56ychbsxc93texn' , package_name= 'com.runwaysdk.system.metadata' , type_name= 'MdWebGeo'  WHERE id='zf6hol4750q5yldcc56ychbsxc93texn00000000000000000000000000000001';
UPDATE metadata SET description= '251yt285nrdbyj2vzq1niqzzttf6hwtnNM200904120000000000000000000030' , created_by= '0000000000000000000000000000001000000000000000000000000000000003' , owner= '0000000000000000000000000000001000000000000000000000000000000003' , id= 'zf6hol4750q5yldcc56ychbsxc93texn00000000000000000000000000000001' , create_date= '2011-10-03 16:03:31' , seq= 3317 , type= 'com.runwaysdk.system.metadata.MdBusiness' , site_master= 'runwaysdk.com' , last_updated_by= '0000000000000000000000000000001000000000000000000000000000000003' , last_update_date= '2011-10-03 16:03:31' , key_name= 'com.runwaysdk.system.metadata.MdWebGeo'  WHERE id='zf6hol4750q5yldcc56ychbsxc93texn00000000000000000000000000000001';
UPDATE md_business SET cache_algorithm= '269dtbcy6ypl5m5y2g1kiwll03369w49' , cache_algorithm_c= '0000000000000000000000000000023100000000000000000000000000000222' , super_md_business= 'spaidsakim4xgjcf4psuxg6pa3qu120f00000000000000000000000000000001'  WHERE id='qpdfu6wjm956hxqec2e6z4m8rdao30fg00000000000000000000000000000001';
UPDATE md_entity SET table_name= 'md_mobile_single_term'  WHERE id='qpdfu6wjm956hxqec2e6z4m8rdao30fg00000000000000000000000000000001';
UPDATE md_type SET display_label= 'qshe1y76dqoydil8zahmmuz5keoyg5txNM200904120000000000000000000030' , root_id= 'qpdfu6wjm956hxqec2e6z4m8rdao30fg' , package_name= 'com.runwaysdk.system.metadata' , type_name= 'MdMobileSingleTerm'  WHERE id='qpdfu6wjm956hxqec2e6z4m8rdao30fg00000000000000000000000000000001';
UPDATE metadata SET description= '2axww0e6oqfaexqf0w7x83yps2b60l02NM200904120000000000000000000030' , created_by= '0000000000000000000000000000001000000000000000000000000000000003' , owner= '0000000000000000000000000000001000000000000000000000000000000003' , id= 'qpdfu6wjm956hxqec2e6z4m8rdao30fg00000000000000000000000000000001' , create_date= '2011-10-03 16:03:31' , seq= 3318 , type= 'com.runwaysdk.system.metadata.MdBusiness' , site_master= 'runwaysdk.com' , last_updated_by= '0000000000000000000000000000001000000000000000000000000000000003' , last_update_date= '2011-10-03 16:03:31' , key_name= 'com.runwaysdk.system.metadata.MdMobileSingleTerm'  WHERE id='qpdfu6wjm956hxqec2e6z4m8rdao30fg00000000000000000000000000000001';
UPDATE md_business SET cache_algorithm= '2ebe0wl3ypm5v4joh99v73wc0swt404j' , cache_algorithm_c= '0000000000000000000000000000023100000000000000000000000000000222' , super_md_business= 'zhncudnh92w6adabhmo9ts9srn5rp1pp00000000000000000000000000000001'  WHERE id='xbna43rjqd6o2o5g3i959uvbkrgfzdxn00000000000000000000000000000001';
UPDATE md_entity SET table_name= 'md_mobile_float'  WHERE id='xbna43rjqd6o2o5g3i959uvbkrgfzdxn00000000000000000000000000000001';
UPDATE md_type SET display_label= '7e3n52bgvhyb7lqz6iyf8jnl55nvymwqNM200904120000000000000000000030' , root_id= 'xbna43rjqd6o2o5g3i959uvbkrgfzdxn' , package_name= 'com.runwaysdk.system.metadata' , type_name= 'MdMobileFloat'  WHERE id='xbna43rjqd6o2o5g3i959uvbkrgfzdxn00000000000000000000000000000001';
UPDATE metadata SET description= 'xkp4c4rosk2aiyqmxb7qe1mq1dtu6cyhNM200904120000000000000000000030' , created_by= '0000000000000000000000000000001000000000000000000000000000000003' , owner= '0000000000000000000000000000001000000000000000000000000000000003' , id= 'xbna43rjqd6o2o5g3i959uvbkrgfzdxn00000000000000000000000000000001' , create_date= '2011-10-03 16:03:31' , seq= 3319 , type= 'com.runwaysdk.system.metadata.MdBusiness' , site_master= 'runwaysdk.com' , last_updated_by= '0000000000000000000000000000001000000000000000000000000000000003' , last_update_date= '2011-10-03 16:03:31' , key_name= 'com.runwaysdk.system.metadata.MdMobileFloat'  WHERE id='xbna43rjqd6o2o5g3i959uvbkrgfzdxn00000000000000000000000000000001';
UPDATE md_business SET cache_algorithm= 'sftkemrtlj6rinas5vv1988qlr8ftoej' , cache_algorithm_c= '0000000000000000000000000000023100000000000000000000000000000222' , super_md_business= 'zgld5upl3f35kcjr1au0d16u9btqwjvx00000000000000000000000000000001'  WHERE id='skmvar4ubw31tx9ku5bpeevk14pk6rs200000000000000000000000000000001';
UPDATE md_element SET is_abstract= 1  WHERE id='skmvar4ubw31tx9ku5bpeevk14pk6rs200000000000000000000000000000001';
UPDATE md_entity SET table_name= 'md_mobile_moment'  WHERE id='skmvar4ubw31tx9ku5bpeevk14pk6rs200000000000000000000000000000001';
UPDATE md_type SET display_label= 'qy6c2clcnm80fjerob4b2pediv00cbd7NM200904120000000000000000000030' , root_id= 'skmvar4ubw31tx9ku5bpeevk14pk6rs2' , package_name= 'com.runwaysdk.system.metadata' , type_name= 'MdMobileMoment'  WHERE id='skmvar4ubw31tx9ku5bpeevk14pk6rs200000000000000000000000000000001';
UPDATE metadata SET description= 'r4jws7av15kgaz6r48x32ixwun17muqaNM200904120000000000000000000030' , created_by= '0000000000000000000000000000001000000000000000000000000000000003' , owner= '0000000000000000000000000000001000000000000000000000000000000003' , id= 'skmvar4ubw31tx9ku5bpeevk14pk6rs200000000000000000000000000000001' , create_date= '2011-10-03 16:03:31' , seq= 3320 , type= 'com.runwaysdk.system.metadata.MdBusiness' , site_master= 'runwaysdk.com' , last_updated_by= '0000000000000000000000000000001000000000000000000000000000000003' , last_update_date= '2011-10-03 16:03:31' , key_name= 'com.runwaysdk.system.metadata.MdMobileMoment'  WHERE id='skmvar4ubw31tx9ku5bpeevk14pk6rs200000000000000000000000000000001';
UPDATE md_business SET cache_algorithm= 'qnh3vmdbdgy4v8dxvqb1iog81ifxxlkv' , cache_algorithm_c= '0000000000000000000000000000023100000000000000000000000000000222' , super_md_business= 'zlh9ev85l10442ji8z9ync4di5f53zz100000000000000000000000000000001'  WHERE id='spaidsakim4xgjcf4psuxg6pa3qu120f00000000000000000000000000000001';
UPDATE md_element SET is_abstract= 1  WHERE id='spaidsakim4xgjcf4psuxg6pa3qu120f00000000000000000000000000000001';
UPDATE md_entity SET table_name= 'md_mobile_attribute'  WHERE id='spaidsakim4xgjcf4psuxg6pa3qu120f00000000000000000000000000000001';
UPDATE md_type SET display_label= 'qtnbcjvvx522eyajs0efpbaa1c538v2jNM200904120000000000000000000030' , root_id= 'spaidsakim4xgjcf4psuxg6pa3qu120f' , package_name= 'com.runwaysdk.system.metadata' , type_name= 'MdMobileAttribute'  WHERE id='spaidsakim4xgjcf4psuxg6pa3qu120f00000000000000000000000000000001';
UPDATE metadata SET description= '0de0am9hmlpgcaxp5ypw8pgdy8sp9b8sNM200904120000000000000000000030' , created_by= '0000000000000000000000000000001000000000000000000000000000000003' , owner= '0000000000000000000000000000001000000000000000000000000000000003' , id= 'spaidsakim4xgjcf4psuxg6pa3qu120f00000000000000000000000000000001' , create_date= '2011-10-03 16:03:31' , seq= 3321 , type= 'com.runwaysdk.system.metadata.MdBusiness' , site_master= 'runwaysdk.com' , last_updated_by= '0000000000000000000000000000001000000000000000000000000000000003' , last_update_date= '2011-10-03 16:03:31' , key_name= 'com.runwaysdk.system.metadata.MdMobileAttribute'  WHERE id='spaidsakim4xgjcf4psuxg6pa3qu120f00000000000000000000000000000001';
UPDATE md_type SET display_label= '2cq2okrj7gkwi4l4pohz1b3y8q505oi3NM200904120000000000000000000030' , root_id= '2efklp808mx4uyf6g4ktxjriu4ep3zjp' , package_name= 'com.runwaysdk.system.metadata' , type_name= 'MdMobileCommentCommentTextController'  WHERE id='2efklp808mx4uyf6g4ktxjriu4ep3zjpNM200810110000000000000000000112';
UPDATE metadata SET description= 'seutw6wdalasl8ykmv8l91dc2t2fa667NM200904120000000000000000000030' , created_by= '0000000000000000000000000000001000000000000000000000000000000003' , owner= '0000000000000000000000000000001000000000000000000000000000000003' , id= '2efklp808mx4uyf6g4ktxjriu4ep3zjpNM200810110000000000000000000112' , create_date= '2011-10-03 16:03:31' , seq= 3322 , type= 'com.runwaysdk.system.metadata.MdController' , site_master= 'runwaysdk.com' , last_updated_by= '0000000000000000000000000000001000000000000000000000000000000003' , last_update_date= '2011-10-03 16:03:31' , key_name= 'com.runwaysdk.system.metadata.MdMobileCommentCommentTextController'  WHERE id='2efklp808mx4uyf6g4ktxjriu4ep3zjpNM200810110000000000000000000112';
UPDATE md_business SET cache_algorithm= '015qzfkpo7jdxk1tj0galhuqhyn9zfv5' , cache_algorithm_c= '0000000000000000000000000000023100000000000000000000000000000222' , super_md_business= '0000000000000000000000000000017800000000000000000000000000000001'  WHERE id='1p8imi9p4g6xmfg82cskzb95veiiu78r00000000000000000000000000000001';
UPDATE md_element SET is_abstract= 1  WHERE id='1p8imi9p4g6xmfg82cskzb95veiiu78r00000000000000000000000000000001';
UPDATE md_entity SET table_name= 'md_field'  WHERE id='1p8imi9p4g6xmfg82cskzb95veiiu78r00000000000000000000000000000001';
UPDATE md_type SET display_label= 'xlantdp993cctc6wk92t475yh81zh7c2NM200904120000000000000000000030' , root_id= '1p8imi9p4g6xmfg82cskzb95veiiu78r' , package_name= 'com.runwaysdk.system.metadata' , type_name= 'MdField'  WHERE id='1p8imi9p4g6xmfg82cskzb95veiiu78r00000000000000000000000000000001';
UPDATE metadata SET description= 'sg77etaa3vsxs6bibnzz9vn6ukuxhmwgNM200904120000000000000000000030' , created_by= '0000000000000000000000000000001000000000000000000000000000000003' , owner= '0000000000000000000000000000001000000000000000000000000000000003' , id= '1p8imi9p4g6xmfg82cskzb95veiiu78r00000000000000000000000000000001' , create_date= '2011-10-03 16:03:31' , seq= 3323 , type= 'com.runwaysdk.system.metadata.MdBusiness' , site_master= 'runwaysdk.com' , last_updated_by= '0000000000000000000000000000001000000000000000000000000000000003' , last_update_date= '2011-10-03 16:03:31' , key_name= 'com.runwaysdk.system.metadata.MdField'  WHERE id='1p8imi9p4g6xmfg82cskzb95veiiu78r00000000000000000000000000000001';
UPDATE md_struct SET cache_algorithm= 'xvcum6fa0yy45t4su4ysp2z2opdtbk1c' , cache_algorithm_c= '0000000000000000000000000000023100000000000000000000000000000222'  WHERE id='rdm83br7s5513apx7vtg6xu7mr0odjwy0000000000000000000MdLocalStruct';
UPDATE md_entity SET table_name= 'md_mobile_comment_comment_text'  WHERE id='rdm83br7s5513apx7vtg6xu7mr0odjwy0000000000000000000MdLocalStruct';
UPDATE md_type SET display_label= '078luja2ebdex3kaus8efezpoc1ia0bwNM200904120000000000000000000030' , root_id= 'rdm83br7s5513apx7vtg6xu7mr0odjwy' , package_name= 'com.runwaysdk.system.metadata' , type_name= 'MdMobileCommentCommentText'  WHERE id='rdm83br7s5513apx7vtg6xu7mr0odjwy0000000000000000000MdLocalStruct';
UPDATE metadata SET description= '8qvhle46rerpdnv4novf3s4xqsezhpw1NM200904120000000000000000000030' , created_by= '0000000000000000000000000000001000000000000000000000000000000003' , owner= '0000000000000000000000000000001000000000000000000000000000000003' , id= 'rdm83br7s5513apx7vtg6xu7mr0odjwy0000000000000000000MdLocalStruct' , create_date= '2011-10-03 16:03:31' , seq= 3324 , type= 'com.runwaysdk.system.metadata.MdLocalStruct' , site_master= 'runwaysdk.com' , last_updated_by= '0000000000000000000000000000001000000000000000000000000000000003' , last_update_date= '2011-10-03 16:03:31' , key_name= 'com.runwaysdk.system.metadata.MdMobileCommentCommentText'  WHERE id='rdm83br7s5513apx7vtg6xu7mr0odjwy0000000000000000000MdLocalStruct';
UPDATE md_business SET cache_algorithm= '0bxk4ywe3gks2s54lr1jl9mskf14d6in' , cache_algorithm_c= '0000000000000000000000000000023100000000000000000000000000000222' , super_md_business= 'skmvar4ubw31tx9ku5bpeevk14pk6rs200000000000000000000000000000001'  WHERE id='90pshnxlac44htsy385e6a6y9gjfkkmm00000000000000000000000000000001';
UPDATE md_entity SET table_name= 'md_mobile_date_time'  WHERE id='90pshnxlac44htsy385e6a6y9gjfkkmm00000000000000000000000000000001';
UPDATE md_type SET display_label= 'r1ca4t7xyt7s2ql8ae3l4gqtgfymxh6pNM200904120000000000000000000030' , root_id= '90pshnxlac44htsy385e6a6y9gjfkkmm' , package_name= 'com.runwaysdk.system.metadata' , type_name= 'MdMobileDateTime'  WHERE id='90pshnxlac44htsy385e6a6y9gjfkkmm00000000000000000000000000000001';
UPDATE metadata SET description= '1rkprq43xbmpu8lu0hy3ew5c6xwivorfNM200904120000000000000000000030' , created_by= '0000000000000000000000000000001000000000000000000000000000000003' , owner= '0000000000000000000000000000001000000000000000000000000000000003' , id= '90pshnxlac44htsy385e6a6y9gjfkkmm00000000000000000000000000000001' , create_date= '2011-10-03 16:03:31' , seq= 3325 , type= 'com.runwaysdk.system.metadata.MdBusiness' , site_master= 'runwaysdk.com' , last_updated_by= '0000000000000000000000000000001000000000000000000000000000000003' , last_update_date= '2011-10-03 16:03:31' , key_name= 'com.runwaysdk.system.metadata.MdMobileDateTime'  WHERE id='90pshnxlac44htsy385e6a6y9gjfkkmm00000000000000000000000000000001';
UPDATE md_business SET cache_algorithm= '6x87j9wdhryjcqb32bu7ctu0lploqo9z' , cache_algorithm_c= '0000000000000000000000000000023100000000000000000000000000000222' , super_md_business= '94dp3weikqddxwpddry9j5ot6my91th100000000000000000000000000000001'  WHERE id='6tg4df9ithltkvcohkj9wkey6byx9rv500000000000000000000000000000001';
UPDATE md_element SET is_abstract= 1  WHERE id='6tg4df9ithltkvcohkj9wkey6byx9rv500000000000000000000000000000001';
UPDATE md_entity SET table_name= 'md_web_number'  WHERE id='6tg4df9ithltkvcohkj9wkey6byx9rv500000000000000000000000000000001';
UPDATE md_type SET display_label= 'zouz5v0ruc545dtkn9w2y51c9q8bkdawNM200904120000000000000000000030' , root_id= '6tg4df9ithltkvcohkj9wkey6byx9rv5' , package_name= 'com.runwaysdk.system.metadata' , type_name= 'MdWebNumber'  WHERE id='6tg4df9ithltkvcohkj9wkey6byx9rv500000000000000000000000000000001';
UPDATE metadata SET description= '72tfbn169oc9gfw27pnd56prnz8c53nbNM200904120000000000000000000030' , created_by= '0000000000000000000000000000001000000000000000000000000000000003' , owner= '0000000000000000000000000000001000000000000000000000000000000003' , id= '6tg4df9ithltkvcohkj9wkey6byx9rv500000000000000000000000000000001' , create_date= '2011-10-03 16:03:31' , seq= 3326 , type= 'com.runwaysdk.system.metadata.MdBusiness' , site_master= 'runwaysdk.com' , last_updated_by= '0000000000000000000000000000001000000000000000000000000000000003' , last_update_date= '2011-10-03 16:03:31' , key_name= 'com.runwaysdk.system.metadata.MdWebNumber'  WHERE id='6tg4df9ithltkvcohkj9wkey6byx9rv500000000000000000000000000000001';
UPDATE md_business SET cache_algorithm= '709hbm8zaqpg4uyuhcm8ywpi8tghppnv' , cache_algorithm_c= '0000000000000000000000000000023100000000000000000000000000000222' , super_md_business= '94dp3weikqddxwpddry9j5ot6my91th100000000000000000000000000000001'  WHERE id='0nh4mijcf2qvbwchma7wqz7lzeu3kgkx00000000000000000000000000000001';
UPDATE md_entity SET table_name= 'md_web_character'  WHERE id='0nh4mijcf2qvbwchma7wqz7lzeu3kgkx00000000000000000000000000000001';
UPDATE md_type SET display_label= '07wpa8duvhitlxohi6jjia5cpkocxxidNM200904120000000000000000000030' , root_id= '0nh4mijcf2qvbwchma7wqz7lzeu3kgkx' , package_name= 'com.runwaysdk.system.metadata' , type_name= 'MdWebCharacter'  WHERE id='0nh4mijcf2qvbwchma7wqz7lzeu3kgkx00000000000000000000000000000001';
UPDATE metadata SET description= '0as5o4uqavj1e8uffxd80bzfk75h4u0tNM200904120000000000000000000030' , created_by= '0000000000000000000000000000001000000000000000000000000000000003' , owner= '0000000000000000000000000000001000000000000000000000000000000003' , id= '0nh4mijcf2qvbwchma7wqz7lzeu3kgkx00000000000000000000000000000001' , create_date= '2011-10-03 16:03:31' , seq= 3327 , type= 'com.runwaysdk.system.metadata.MdBusiness' , site_master= 'runwaysdk.com' , last_updated_by= '0000000000000000000000000000001000000000000000000000000000000003' , last_update_date= '2011-10-03 16:03:31' , key_name= 'com.runwaysdk.system.metadata.MdWebCharacter'  WHERE id='0nh4mijcf2qvbwchma7wqz7lzeu3kgkx00000000000000000000000000000001';
UPDATE md_business SET cache_algorithm= '0037jw02v176xjs2r2wkcdmek9vovtew' , cache_algorithm_c= '0000000000000000000000000000023100000000000000000000000000000222' , super_md_business= 'spaidsakim4xgjcf4psuxg6pa3qu120f00000000000000000000000000000001'  WHERE id='xe7p2pv3wmnyk6vsmyfg6nt3om8vcqbq00000000000000000000000000000001';
UPDATE md_entity SET table_name= 'md_mobile_single_term_grid'  WHERE id='xe7p2pv3wmnyk6vsmyfg6nt3om8vcqbq00000000000000000000000000000001';
UPDATE md_type SET display_label= 'stjffaaxikenuc4p3ydees1xjbxwzwzgNM200904120000000000000000000030' , root_id= 'xe7p2pv3wmnyk6vsmyfg6nt3om8vcqbq' , package_name= 'com.runwaysdk.system.metadata' , type_name= 'MdMobileSingleTermGrid'  WHERE id='xe7p2pv3wmnyk6vsmyfg6nt3om8vcqbq00000000000000000000000000000001';
UPDATE metadata SET description= '8ufko6wucsbatutbo420tnj2sahsv2cvNM200904120000000000000000000030' , created_by= '0000000000000000000000000000001000000000000000000000000000000003' , owner= '0000000000000000000000000000001000000000000000000000000000000003' , id= 'xe7p2pv3wmnyk6vsmyfg6nt3om8vcqbq00000000000000000000000000000001' , create_date= '2011-10-03 16:03:31' , seq= 3328 , type= 'com.runwaysdk.system.metadata.MdBusiness' , site_master= 'runwaysdk.com' , last_updated_by= '0000000000000000000000000000001000000000000000000000000000000003' , last_update_date= '2011-10-03 16:03:31' , key_name= 'com.runwaysdk.system.metadata.MdMobileSingleTermGrid'  WHERE id='xe7p2pv3wmnyk6vsmyfg6nt3om8vcqbq00000000000000000000000000000001';
UPDATE metadata SET seq= 3329  WHERE id='0000000000000000000000000000017200000000000000000000000000000001';
UPDATE md_type SET display_label= '2a05lds625k4z118en05d0ew2roi8q0sNM200904120000000000000000000030' , root_id= '1q5s2g412icax1vd6nehlxscqz0nrla0' , package_name= 'com.runwaysdk.system.metadata' , type_name= 'MdWebCommentCommentTextController'  WHERE id='1q5s2g412icax1vd6nehlxscqz0nrla0NM200810110000000000000000000112';
UPDATE metadata SET description= 't0v68to30bxb1bzbhv5hvfxvse6mbqhcNM200904120000000000000000000030' , created_by= '0000000000000000000000000000001000000000000000000000000000000003' , owner= '0000000000000000000000000000001000000000000000000000000000000003' , id= '1q5s2g412icax1vd6nehlxscqz0nrla0NM200810110000000000000000000112' , create_date= '2011-10-03 16:03:31' , seq= 3330 , type= 'com.runwaysdk.system.metadata.MdController' , site_master= 'runwaysdk.com' , last_updated_by= '0000000000000000000000000000001000000000000000000000000000000003' , last_update_date= '2011-10-03 16:03:31' , key_name= 'com.runwaysdk.system.metadata.MdWebCommentCommentTextController'  WHERE id='1q5s2g412icax1vd6nehlxscqz0nrla0NM200810110000000000000000000112';
UPDATE md_business SET cache_algorithm= 'r0cq2teprpy6sag2d2znho2uigulb2hm' , cache_algorithm_c= '0000000000000000000000000000023100000000000000000000000000000222' , super_md_business= 'zgkseu7as85l9zfwaawq8k3wid4vd17v00000000000000000000000000000001'  WHERE id='xml77x183o19a69gonigdfahfnflihum00000000000000000000000000000001';
UPDATE md_entity SET table_name= 'md_web_comment'  WHERE id='xml77x183o19a69gonigdfahfnflihum00000000000000000000000000000001';
UPDATE md_type SET display_label= 'xipe9gj2rn04q2m2x85xmo1yj5n2rj0fNM200904120000000000000000000030' , root_id= 'xml77x183o19a69gonigdfahfnflihum' , package_name= 'com.runwaysdk.system.metadata' , type_name= 'MdWebComment'  WHERE id='xml77x183o19a69gonigdfahfnflihum00000000000000000000000000000001';
UPDATE metadata SET description= 'xokal7z2m70chogiwjckk2v66623fyhjNM200904120000000000000000000030' , created_by= '0000000000000000000000000000001000000000000000000000000000000003' , owner= '0000000000000000000000000000001000000000000000000000000000000003' , id= 'xml77x183o19a69gonigdfahfnflihum00000000000000000000000000000001' , create_date= '2011-10-03 16:03:31' , seq= 3331 , type= 'com.runwaysdk.system.metadata.MdBusiness' , site_master= 'runwaysdk.com' , last_updated_by= '0000000000000000000000000000001000000000000000000000000000000003' , last_update_date= '2011-10-03 16:03:31' , key_name= 'com.runwaysdk.system.metadata.MdWebComment'  WHERE id='xml77x183o19a69gonigdfahfnflihum00000000000000000000000000000001';
UPDATE metadata SET seq= 3332  WHERE id='0000000000000000000000000000033200000000000000000000000000000001';
UPDATE md_business SET cache_algorithm= '7f9ni34uxcvsggi1b2jk17ahr2f5y0xj' , cache_algorithm_c= '0000000000000000000000000000023100000000000000000000000000000222' , super_md_business= 'xcmpj7feoalqwilw6w415vai27ukhdjc00000000000000000000000000000001'  WHERE id='xp8wc9likpybpfp37ha3nqh6t285q2w400000000000000000000000000000001';
UPDATE md_entity SET table_name= 'md_web_double'  WHERE id='xp8wc9likpybpfp37ha3nqh6t285q2w400000000000000000000000000000001';
UPDATE md_type SET display_label= '20gdu62n1hi5vznwv32z81ndlx1tq194NM200904120000000000000000000030' , root_id= 'xp8wc9likpybpfp37ha3nqh6t285q2w4' , package_name= 'com.runwaysdk.system.metadata' , type_name= 'MdWebDouble'  WHERE id='xp8wc9likpybpfp37ha3nqh6t285q2w400000000000000000000000000000001';
UPDATE metadata SET description= 'zh3nrxvi5zl5xfimxb9wulvybij7upedNM200904120000000000000000000030' , created_by= '0000000000000000000000000000001000000000000000000000000000000003' , owner= '0000000000000000000000000000001000000000000000000000000000000003' , id= 'xp8wc9likpybpfp37ha3nqh6t285q2w400000000000000000000000000000001' , create_date= '2011-10-03 16:03:31' , seq= 3333 , type= 'com.runwaysdk.system.metadata.MdBusiness' , site_master= 'runwaysdk.com' , last_updated_by= '0000000000000000000000000000001000000000000000000000000000000003' , last_update_date= '2011-10-03 16:03:31' , key_name= 'com.runwaysdk.system.metadata.MdWebDouble'  WHERE id='xp8wc9likpybpfp37ha3nqh6t285q2w400000000000000000000000000000001';
UPDATE metadata SET seq= 3334  WHERE id='0000000000000000000000000000033800000000000000000000000000000001';
UPDATE md_business SET cache_algorithm= '243bkrrcug14yy2vnf8041jkutgta33u' , cache_algorithm_c= '0000000000000000000000000000023100000000000000000000000000000222' , super_md_business= 'zhncudnh92w6adabhmo9ts9srn5rp1pp00000000000000000000000000000001'  WHERE id='1p2oppzbugg5ersznpkcsy3oplj1tmuw00000000000000000000000000000001';
UPDATE md_entity SET table_name= 'md_mobile_decimal'  WHERE id='1p2oppzbugg5ersznpkcsy3oplj1tmuw00000000000000000000000000000001';
UPDATE md_type SET display_label= 'zg29apg8hxxobqhogqclp15xfrho9ojwNM200904120000000000000000000030' , root_id= '1p2oppzbugg5ersznpkcsy3oplj1tmuw' , package_name= 'com.runwaysdk.system.metadata' , type_name= 'MdMobileDecimal'  WHERE id='1p2oppzbugg5ersznpkcsy3oplj1tmuw00000000000000000000000000000001';
UPDATE metadata SET description= '0ece01msuhd8cyxtc26bnaowhztlmkdxNM200904120000000000000000000030' , created_by= '0000000000000000000000000000001000000000000000000000000000000003' , owner= '0000000000000000000000000000001000000000000000000000000000000003' , id= '1p2oppzbugg5ersznpkcsy3oplj1tmuw00000000000000000000000000000001' , create_date= '2011-10-03 16:03:31' , seq= 3335 , type= 'com.runwaysdk.system.metadata.MdBusiness' , site_master= 'runwaysdk.com' , last_updated_by= '0000000000000000000000000000001000000000000000000000000000000003' , last_update_date= '2011-10-03 16:03:31' , key_name= 'com.runwaysdk.system.metadata.MdMobileDecimal'  WHERE id='1p2oppzbugg5ersznpkcsy3oplj1tmuw00000000000000000000000000000001';
UPDATE md_relationship SET cache_algorithm= 'qo29ie1i96k7svi6vfpylt2c6656rd6e' , cache_algorithm_c= '0000000000000000000000000000023100000000000000000000000000000222' , index2_name= 'rel_xduzucp4aw4gftx394e971d1yn' , parent_visibility= '204xb9f6qozxji9l42hpzgbcq3mj6kuk' , parent_visibility_c= '20071109NM000000000000000000000520071109NM0000000000000000000001' , parent_md_business= '8mo9yxmv916zjsqqlraen62vg2xzm9ia00000000000000000000000000000001' , parent_cardinality= '1' , parent_display_label= '8f61agpz8pgpqjw8t4xau67x32kl6wyhNM200904120000000000000000000030' , child_visibility= 'sihgtojnxbsls3euyg078qwc95qhl2is' , child_visibility_c= '20071109NM000000000000000000000520071109NM0000000000000000000001' , child_method= 'MdFields' , super_md_relationship= '6rg3o5apigouyhhq5j4wt6d72z1zf0y200000000000000000000000000000061' , parent_method= 'MdForm' , index1_name= 'rel_0o0rm5f7yv7ou0ny8zzngb8o2l' , child_md_business= 'zlh9ev85l10442ji8z9ync4di5f53zz100000000000000000000000000000001' , child_display_label= 'sdcm266yenjv4gl5mkmbqh51pj92nqtpNM200904120000000000000000000030' , child_cardinality= '*'  WHERE id='8s87rztubsktyxaxme85uc0z1lrsnj0u00000000000000000000000000000061';
UPDATE md_entity SET table_name= 'mobile_form_field'  WHERE id='8s87rztubsktyxaxme85uc0z1lrsnj0u00000000000000000000000000000061';
UPDATE md_type SET display_label= 'xp61uns5zxhqntdwvtjey0gc1iogx0htNM200904120000000000000000000030' , root_id= '8s87rztubsktyxaxme85uc0z1lrsnj0u' , package_name= 'com.runwaysdk.system.metadata' , type_name= 'MobileFormField'  WHERE id='8s87rztubsktyxaxme85uc0z1lrsnj0u00000000000000000000000000000061';
UPDATE metadata SET description= '764mgzj28s356d8ltdojftfw81jg5gbgNM200904120000000000000000000030' , created_by= '0000000000000000000000000000001000000000000000000000000000000003' , owner= '0000000000000000000000000000001000000000000000000000000000000003' , id= '8s87rztubsktyxaxme85uc0z1lrsnj0u00000000000000000000000000000061' , create_date= '2011-10-03 16:03:31' , seq= 3336 , type= 'com.runwaysdk.system.metadata.MdRelationship' , site_master= 'runwaysdk.com' , last_updated_by= '0000000000000000000000000000001000000000000000000000000000000003' , last_update_date= '2011-10-03 16:03:31' , key_name= 'com.runwaysdk.system.metadata.MobileFormField'  WHERE id='8s87rztubsktyxaxme85uc0z1lrsnj0u00000000000000000000000000000061';
UPDATE md_business SET cache_algorithm= 'r0tcrkvyjhqp6d5g1l9yk5i0dm5xusv5' , cache_algorithm_c= '0000000000000000000000000000023100000000000000000000000000000222' , super_md_business= 'spaidsakim4xgjcf4psuxg6pa3qu120f00000000000000000000000000000001'  WHERE id='zgld5upl3f35kcjr1au0d16u9btqwjvx00000000000000000000000000000001';
UPDATE md_element SET is_abstract= 1  WHERE id='zgld5upl3f35kcjr1au0d16u9btqwjvx00000000000000000000000000000001';
UPDATE md_entity SET table_name= 'md_mobile_primitive'  WHERE id='zgld5upl3f35kcjr1au0d16u9btqwjvx00000000000000000000000000000001';
UPDATE md_type SET display_label= 'rckoroq1vo9un4jkllhv5ama2jzju4apNM200904120000000000000000000030' , root_id= 'zgld5upl3f35kcjr1au0d16u9btqwjvx' , package_name= 'com.runwaysdk.system.metadata' , type_name= 'MdMobilePrimitive'  WHERE id='zgld5upl3f35kcjr1au0d16u9btqwjvx00000000000000000000000000000001';
UPDATE metadata SET description= 'r0e5rqp0din8dyuwvbb3rt6lo92z2mctNM200904120000000000000000000030' , created_by= '0000000000000000000000000000001000000000000000000000000000000003' , owner= '0000000000000000000000000000001000000000000000000000000000000003' , id= 'zgld5upl3f35kcjr1au0d16u9btqwjvx00000000000000000000000000000001' , create_date= '2011-10-03 16:03:31' , seq= 3337 , type= 'com.runwaysdk.system.metadata.MdBusiness' , site_master= 'runwaysdk.com' , last_updated_by= '0000000000000000000000000000001000000000000000000000000000000003' , last_update_date= '2011-10-03 16:03:31' , key_name= 'com.runwaysdk.system.metadata.MdMobilePrimitive'  WHERE id='zgld5upl3f35kcjr1au0d16u9btqwjvx00000000000000000000000000000001';
UPDATE md_business SET cache_algorithm= 'r1hd6kpf4h1j63i27sqw2svzct68v9wj' , cache_algorithm_c= '0000000000000000000000000000023100000000000000000000000000000222' , super_md_business= 'zlh9ev85l10442ji8z9ync4di5f53zz100000000000000000000000000000001'  WHERE id='942tps9sc9ais5t9qa3fhr2q0nksf4pl00000000000000000000000000000001';
UPDATE md_entity SET table_name= 'md_mobile_header'  WHERE id='942tps9sc9ais5t9qa3fhr2q0nksf4pl00000000000000000000000000000001';
UPDATE md_type SET display_label= 'squnolvk9somwv73kioayr6bjcdyg5y4NM200904120000000000000000000030' , root_id= '942tps9sc9ais5t9qa3fhr2q0nksf4pl' , package_name= 'com.runwaysdk.system.metadata' , type_name= 'MdMobileHeader'  WHERE id='942tps9sc9ais5t9qa3fhr2q0nksf4pl00000000000000000000000000000001';
UPDATE metadata SET description= '7gc6v4ebnpg86pfmul9va1o3nlkf9k73NM200904120000000000000000000030' , created_by= '0000000000000000000000000000001000000000000000000000000000000003' , owner= '0000000000000000000000000000001000000000000000000000000000000003' , id= '942tps9sc9ais5t9qa3fhr2q0nksf4pl00000000000000000000000000000001' , create_date= '2011-10-03 16:03:31' , seq= 3338 , type= 'com.runwaysdk.system.metadata.MdBusiness' , site_master= 'runwaysdk.com' , last_updated_by= '0000000000000000000000000000001000000000000000000000000000000003' , last_update_date= '2011-10-03 16:03:31' , key_name= 'com.runwaysdk.system.metadata.MdMobileHeader'  WHERE id='942tps9sc9ais5t9qa3fhr2q0nksf4pl00000000000000000000000000000001';
UPDATE md_business SET cache_algorithm= '8na7no6lvfn7gapnjx1phgx67b2ez8kj' , cache_algorithm_c= '0000000000000000000000000000023100000000000000000000000000000222' , super_md_business= '1p8imi9p4g6xmfg82cskzb95veiiu78r00000000000000000000000000000001'  WHERE id='zlh9ev85l10442ji8z9ync4di5f53zz100000000000000000000000000000001';
UPDATE md_element SET is_abstract= 1  WHERE id='zlh9ev85l10442ji8z9ync4di5f53zz100000000000000000000000000000001';
UPDATE md_entity SET table_name= 'md_mobile_field'  WHERE id='zlh9ev85l10442ji8z9ync4di5f53zz100000000000000000000000000000001';
UPDATE md_type SET display_label= 'qsdvaogeg6dkm0ivx09f76vu9q2hh5ulNM200904120000000000000000000030' , root_id= 'zlh9ev85l10442ji8z9ync4di5f53zz1' , package_name= 'com.runwaysdk.system.metadata' , type_name= 'MdMobileField'  WHERE id='zlh9ev85l10442ji8z9ync4di5f53zz100000000000000000000000000000001';
UPDATE metadata SET description= 'r2wrrm4d6frtezl0zefzv0t17lypno5oNM200904120000000000000000000030' , created_by= '0000000000000000000000000000001000000000000000000000000000000003' , owner= '0000000000000000000000000000001000000000000000000000000000000003' , id= 'zlh9ev85l10442ji8z9ync4di5f53zz100000000000000000000000000000001' , create_date= '2011-10-03 16:03:31' , seq= 3339 , type= 'com.runwaysdk.system.metadata.MdBusiness' , site_master= 'runwaysdk.com' , last_updated_by= '0000000000000000000000000000001000000000000000000000000000000003' , last_update_date= '2011-10-03 16:03:31' , key_name= 'com.runwaysdk.system.metadata.MdMobileField'  WHERE id='zlh9ev85l10442ji8z9ync4di5f53zz100000000000000000000000000000001';
UPDATE md_business SET cache_algorithm= '8ca38o527awt4e4oywlqvc69rvs0cv9b' , cache_algorithm_c= '0000000000000000000000000000023100000000000000000000000000000222' , super_md_business= 'rea6bruekf297qd1skjvpqbndbpgbwet00000000000000000000000000000001'  WHERE id='8ly7txjoeukxryprlj53cy0uuj0z2ml200000000000000000000000000000001';
UPDATE md_entity SET table_name= 'md_web_time'  WHERE id='8ly7txjoeukxryprlj53cy0uuj0z2ml200000000000000000000000000000001';
UPDATE md_type SET display_label= 'r3wd88v3d8rdt3ds462opk4eznash2c6NM200904120000000000000000000030' , root_id= '8ly7txjoeukxryprlj53cy0uuj0z2ml2' , package_name= 'com.runwaysdk.system.metadata' , type_name= 'MdWebTime'  WHERE id='8ly7txjoeukxryprlj53cy0uuj0z2ml200000000000000000000000000000001';
UPDATE metadata SET description= '7fatnknofz3j2wr80rvzyyil1nhfkivuNM200904120000000000000000000030' , created_by= '0000000000000000000000000000001000000000000000000000000000000003' , owner= '0000000000000000000000000000001000000000000000000000000000000003' , id= '8ly7txjoeukxryprlj53cy0uuj0z2ml200000000000000000000000000000001' , create_date= '2011-10-03 16:03:31' , seq= 3340 , type= 'com.runwaysdk.system.metadata.MdBusiness' , site_master= 'runwaysdk.com' , last_updated_by= '0000000000000000000000000000001000000000000000000000000000000003' , last_update_date= '2011-10-03 16:03:31' , key_name= 'com.runwaysdk.system.metadata.MdWebTime'  WHERE id='8ly7txjoeukxryprlj53cy0uuj0z2ml200000000000000000000000000000001';
UPDATE md_relationship SET cache_algorithm= 'qrocirvis1lvvnq5t5jjrqkn82zn3ddw' , cache_algorithm_c= '0000000000000000000000000000023100000000000000000000000000000222' , index2_name= 'rel_8tfa4k6ei13s363za78kseqkti' , parent_visibility= '8sh7y8a44la5fkgmw17grzqtxyu7jkgy' , parent_visibility_c= '20071109NM000000000000000000000520071109NM0000000000000000000001' , parent_md_business= 'quhfj557nkshlz7lr0ptoe0uyv1r16mr00000000000000000000000000000001' , parent_cardinality= '1' , parent_display_label= 'qpm9jspsz269rb0rykzxt80gf79n4y0tNM200904120000000000000000000030' , child_visibility= '7ggas6mzps24vgyqpt3j95ierf0fbngm' , child_visibility_c= '20071109NM000000000000000000000520071109NM0000000000000000000001' , child_method= 'MdFields' , parent_method= 'Grid' , index1_name= 'rel_2118vr8uma2zhrqqgqqlupwnh1' , child_md_business= '94dp3weikqddxwpddry9j5ot6my91th100000000000000000000000000000001' , child_display_label= '1yixn85q9ygr0hgb2bnqlcgx1l3zph4hNM200904120000000000000000000030' , child_cardinality= '*'  WHERE id='z4gu2leptmskoe7v4lk68izcvc15k3j400000000000000000000000000000061';
UPDATE md_entity SET table_name= 'web_grid_field'  WHERE id='z4gu2leptmskoe7v4lk68izcvc15k3j400000000000000000000000000000061';
UPDATE md_type SET display_label= 'z2qf7ktevu1wecfl1nzdmi9d3l7qnrkxNM200904120000000000000000000030' , root_id= 'z4gu2leptmskoe7v4lk68izcvc15k3j4' , package_name= 'com.runwaysdk.system.metadata' , type_name= 'WebGridField'  WHERE id='z4gu2leptmskoe7v4lk68izcvc15k3j400000000000000000000000000000061';
UPDATE metadata SET description= '081z4pdou45s2yyy125x25y2zbr8q34rNM200904120000000000000000000030' , created_by= '0000000000000000000000000000001000000000000000000000000000000003' , owner= '0000000000000000000000000000001000000000000000000000000000000003' , id= 'z4gu2leptmskoe7v4lk68izcvc15k3j400000000000000000000000000000061' , create_date= '2011-10-03 16:03:31' , seq= 3341 , type= 'com.runwaysdk.system.metadata.MdRelationship' , site_master= 'runwaysdk.com' , last_updated_by= '0000000000000000000000000000001000000000000000000000000000000003' , last_update_date= '2011-10-03 16:03:31' , key_name= 'com.runwaysdk.system.metadata.WebGridField'  WHERE id='z4gu2leptmskoe7v4lk68izcvc15k3j400000000000000000000000000000061';
UPDATE md_business SET cache_algorithm= '1ztadpgx29z3q79gycqnm8kyx35mgwbt' , cache_algorithm_c= '0000000000000000000000000000023100000000000000000000000000000222' , super_md_business= 'zgld5upl3f35kcjr1au0d16u9btqwjvx00000000000000000000000000000001'  WHERE id='0grgsv7ivkqhrnlz0znm4b20tg8notf100000000000000000000000000000001';
UPDATE md_entity SET table_name= 'md_mobile_character'  WHERE id='0grgsv7ivkqhrnlz0znm4b20tg8notf100000000000000000000000000000001';
UPDATE md_type SET display_label= '23qjut1726z12gncs6z4tcx63o9av6pgNM200904120000000000000000000030' , root_id= '0grgsv7ivkqhrnlz0znm4b20tg8notf1' , package_name= 'com.runwaysdk.system.metadata' , type_name= 'MdMobileCharacter'  WHERE id='0grgsv7ivkqhrnlz0znm4b20tg8notf100000000000000000000000000000001';
UPDATE metadata SET description= 'sb2lqkt9do8ccvasmft234yhr9yrne3vNM200904120000000000000000000030' , created_by= '0000000000000000000000000000001000000000000000000000000000000003' , owner= '0000000000000000000000000000001000000000000000000000000000000003' , id= '0grgsv7ivkqhrnlz0znm4b20tg8notf100000000000000000000000000000001' , create_date= '2011-10-03 16:03:31' , seq= 3342 , type= 'com.runwaysdk.system.metadata.MdBusiness' , site_master= 'runwaysdk.com' , last_updated_by= '0000000000000000000000000000001000000000000000000000000000000003' , last_update_date= '2011-10-03 16:03:31' , key_name= 'com.runwaysdk.system.metadata.MdMobileCharacter'  WHERE id='0grgsv7ivkqhrnlz0znm4b20tg8notf100000000000000000000000000000001';
UPDATE md_business SET cache_algorithm= 'r2cvo0dfxz76boxw3cupy0s3aw0yx1ce' , cache_algorithm_c= '0000000000000000000000000000023100000000000000000000000000000222' , super_md_business= 'xcmpj7feoalqwilw6w415vai27ukhdjc00000000000000000000000000000001'  WHERE id='0gkv0hn61pikf6oxjt7q3c9grzz9dia900000000000000000000000000000001';
UPDATE md_entity SET table_name= 'md_web_decimal'  WHERE id='0gkv0hn61pikf6oxjt7q3c9grzz9dia900000000000000000000000000000001';
UPDATE md_type SET display_label= 'qs2x0j5j2eb9q62i30x7fzpjw8zgh8hpNM200904120000000000000000000030' , root_id= '0gkv0hn61pikf6oxjt7q3c9grzz9dia9' , package_name= 'com.runwaysdk.system.metadata' , type_name= 'MdWebDecimal'  WHERE id='0gkv0hn61pikf6oxjt7q3c9grzz9dia900000000000000000000000000000001';
UPDATE metadata SET description= 'qmt3t2t5uh5npidhswd9zk043sorh5frNM200904120000000000000000000030' , created_by= '0000000000000000000000000000001000000000000000000000000000000003' , owner= '0000000000000000000000000000001000000000000000000000000000000003' , id= '0gkv0hn61pikf6oxjt7q3c9grzz9dia900000000000000000000000000000001' , create_date= '2011-10-03 16:03:31' , seq= 3343 , type= 'com.runwaysdk.system.metadata.MdBusiness' , site_master= 'runwaysdk.com' , last_updated_by= '0000000000000000000000000000001000000000000000000000000000000003' , last_update_date= '2011-10-03 16:03:31' , key_name= 'com.runwaysdk.system.metadata.MdWebDecimal'  WHERE id='0gkv0hn61pikf6oxjt7q3c9grzz9dia900000000000000000000000000000001';
UPDATE md_business SET cache_algorithm= '7ee435j3lfnvgdlxa6try12gng7impxh' , cache_algorithm_c= '0000000000000000000000000000023100000000000000000000000000000222' , super_md_business= '94dp3weikqddxwpddry9j5ot6my91th100000000000000000000000000000001'  WHERE id='zb3vg04tl4ibvofzueindgd25ibui2us00000000000000000000000000000001';
UPDATE md_entity SET table_name= 'md_web_boolean'  WHERE id='zb3vg04tl4ibvofzueindgd25ibui2us00000000000000000000000000000001';
UPDATE md_type SET display_label= '74qld6eyz9g5ydw5gwi8pn56c1ucg4b9NM200904120000000000000000000030' , root_id= 'zb3vg04tl4ibvofzueindgd25ibui2us' , package_name= 'com.runwaysdk.system.metadata' , type_name= 'MdWebBoolean'  WHERE id='zb3vg04tl4ibvofzueindgd25ibui2us00000000000000000000000000000001';
UPDATE metadata SET description= '25dt8nl75wbwxhxy032nakccqqqz8kpoNM200904120000000000000000000030' , created_by= '0000000000000000000000000000001000000000000000000000000000000003' , owner= '0000000000000000000000000000001000000000000000000000000000000003' , id= 'zb3vg04tl4ibvofzueindgd25ibui2us00000000000000000000000000000001' , create_date= '2011-10-03 16:03:31' , seq= 3344 , type= 'com.runwaysdk.system.metadata.MdBusiness' , site_master= 'runwaysdk.com' , last_updated_by= '0000000000000000000000000000001000000000000000000000000000000003' , last_update_date= '2011-10-03 16:03:31' , key_name= 'com.runwaysdk.system.metadata.MdWebBoolean'  WHERE id='zb3vg04tl4ibvofzueindgd25ibui2us00000000000000000000000000000001';
UPDATE md_business SET cache_algorithm= '1x2y46i3pfk6py2b8xk8j4vqxipm8xy6' , cache_algorithm_c= '0000000000000000000000000000023100000000000000000000000000000222' , super_md_business= 'spaidsakim4xgjcf4psuxg6pa3qu120f00000000000000000000000000000001'  WHERE id='zmk45zwnvdhf0pssybx2wh20clrrj3d400000000000000000000000000000001';
UPDATE md_entity SET table_name= 'md_mobile_multiple_term'  WHERE id='zmk45zwnvdhf0pssybx2wh20clrrj3d400000000000000000000000000000001';
UPDATE md_type SET display_label= 'qnwqr4lr3e41u8ebkhx2xkgtu54hn2kiNM200904120000000000000000000030' , root_id= 'zmk45zwnvdhf0pssybx2wh20clrrj3d4' , package_name= 'com.runwaysdk.system.metadata' , type_name= 'MdMobileMultipleTerm'  WHERE id='zmk45zwnvdhf0pssybx2wh20clrrj3d400000000000000000000000000000001';
UPDATE metadata SET description= '8lng8lzlqqi9ecrsyfxdm2p29rzs9elxNM200904120000000000000000000030' , created_by= '0000000000000000000000000000001000000000000000000000000000000003' , owner= '0000000000000000000000000000001000000000000000000000000000000003' , id= 'zmk45zwnvdhf0pssybx2wh20clrrj3d400000000000000000000000000000001' , create_date= '2011-10-03 16:03:31' , seq= 3345 , type= 'com.runwaysdk.system.metadata.MdBusiness' , site_master= 'runwaysdk.com' , last_updated_by= '0000000000000000000000000000001000000000000000000000000000000003' , last_update_date= '2011-10-03 16:03:31' , key_name= 'com.runwaysdk.system.metadata.MdMobileMultipleTerm'  WHERE id='zmk45zwnvdhf0pssybx2wh20clrrj3d400000000000000000000000000000001';