<featureType datastore = "MDSS_maps" >
  <name>town_view</name>
  <!--
    native wich EPGS code for the FeatureTypeInfoDTO
  -->
  <SRS>4326</SRS>
  <SRSHandling>0</SRSHandling>
  <title>town_view</title>
  <abstract>Generated from MDSS_maps</abstract>
  <wmspath>/</wmspath>
  <numDecimals value = "0" />
  <keywords>town_view</keywords>
  <latLonBoundingBox dynamic = "false" miny = "-26.838973999023438" maxy = "-10.59272289276123" maxx = "40.76206970214844" minx = "30.446937561035156" />
  <nativeBBox dynamic = "false" miny = "-26.838973999023438" maxy = "-10.59272289276123" maxx = "40.76206970214844" minx = "30.446937561035156" />
  <!--
    the default style this FeatureTypeInfoDTO can be represented by.
    at least must contain the "default" attribute
  -->
  <styles default = "point" />
  <cacheinfo enabled = "false" maxage = "" />
  <searchable enabled = "false" />
  <regionateAttribute value = "null" />
  <regionateStrategy value = "best_guess" />
  <regionateFeatureLimit value = "15" />
  <maxFeatures>0</maxFeatures>
</featureType>
