<layer>
  <name>geo$1333146541404</name>
  <id>LayerInfoImpl--14543dff:13665ab2029:-7ff7</id>
  <type>VECTOR</type>
  <defaultStyle>
    <id>StyleInfoImpl--570ae188:124761b8d78:-7fdf</id>
  </defaultStyle>
  <resource class="featureType">
    <id>FeatureTypeInfoImpl--14543dff:13665ab2029:-7ff8</id>
  </resource>
  <enabled>true</enabled>
  <queryable>true</queryable>
  <metadata>
    <entry key="advertised">true</entry>
  </metadata>
  <attribution>
    <logoWidth>0</logoWidth>
    <logoHeight>0</logoHeight>
  </attribution>
</layer>