<layer>
  <name>geo$1333388052051</name>
  <id>LayerInfoImpl-22004820:13673fc5e05:-7fd1</id>
  <type>VECTOR</type>
  <defaultStyle>
    <id>StyleInfoImpl-22004820:13673fc5e05:-7fcc</id>
  </defaultStyle>
  <resource class="featureType">
    <id>FeatureTypeInfoImpl-22004820:13673fc5e05:-7fd2</id>
  </resource>
  <enabled>true</enabled>
  <queryable>true</queryable>
  <metadata>
    <entry key="advertised">true</entry>
  </metadata>
  <attribution>
    <logoWidth>0</logoWidth>
    <logoHeight>0</logoHeight>
  </attribution>
</layer>