<featureType datastore = "tasmania_water_bodies" >
  <name>tasmania_water_bodies</name>
  <!--
    native wich EPGS code for the FeatureTypeInfoDTO
  -->
  <SRS>4326</SRS>
  <SRSHandling>0</SRSHandling>
  <title>Tasmania water bodies</title>
  <abstract>Tasmania water bodies</abstract>
  <wmspath>/</wmspath>
  <numDecimals value = "0" />
  <keywords>Water, Tasmania, Australia, Bodies, Lakes</keywords>
  <latLonBoundingBox dynamic = "false" miny = "-43.031944" maxy = "-41.775558" maxx = "147.219696" minx = "145.97161899999998" />
  <nativeBBox dynamic = "false" miny = "-43.031944" maxy = "-41.775558" maxx = "147.219696" minx = "145.97161899999998" />
  <!--
    the default style this FeatureTypeInfoDTO can be represented by.
    at least must contain the "default" attribute
  -->
  <styles default = "cite_lakes" />
  <cacheinfo enabled = "true" maxage = "3600" />
  <searchable enabled = "false" />
  <regionateAttribute value = "null" />
  <regionateStrategy value = "best_guess" />
  <regionateFeatureLimit value = "10" />
  <maxFeatures>0</maxFeatures>
</featureType>
