<featureType datastore = "DS_poi" >
  <name>poi</name>
  <!--
    native wich EPGS code for the FeatureTypeInfoDTO
  -->
  <SRS>4326</SRS>
  <SRSHandling>0</SRSHandling>
  <title>Manhattan (NY) points of interest</title>
  <abstract>Points of interest in New York, New York (on Manhattan). One of the attributes contains the name of a file with a picture of the point of interest.</abstract>
  <wmspath>/</wmspath>
  <numDecimals value = "0" />
  <keywords>Manhattan, DS_poi, points_of_interest, poi</keywords>
  <latLonBoundingBox dynamic = "false" miny = "40.70754683896324" maxy = "40.711945649065406" maxx = "-74.00857344353275" minx = "-74.0118315772888" />
  <nativeBBox dynamic = "false" miny = "40.70754683896324" maxy = "40.719885123828675" maxx = "-74.00153046439813" minx = "-74.0118315772888" />
  <!--
    the default style this FeatureTypeInfoDTO can be represented by.
    at least must contain the "default" attribute
  -->
  <styles default = "poi" />
  <cacheinfo enabled = "true" maxage = "3600" />
  <searchable enabled = "false" />
  <regionateAttribute value = "null" />
  <regionateStrategy value = "best_guess" />
  <regionateFeatureLimit value = "10" />
  <maxFeatures>0</maxFeatures>
</featureType>
