<featureType datastore = "MDSS_maps" >
  <name>view_2c4vqpwno05go5w2</name>
  <!--
    native wich EPGS code for the FeatureTypeInfoDTO
  -->
  <SRS>4326</SRS>
  <SRSHandling>0</SRSHandling>
  <title>view_2c4vqpwno05go5w2</title>
  <abstract>Generated from MDSS_maps</abstract>
  <wmspath>/</wmspath>
  <numDecimals value = "0" />
  <keywords>view_2c4vqpwno05go5w2</keywords>
  <latLonBoundingBox dynamic = "false" miny = "-17.590377" maxy = "-17.590377" maxx = "36.828452" minx = "36.828452" />
  <nativeBBox dynamic = "false" miny = "-17.590377" maxy = "-17.590377" maxx = "36.828452" minx = "36.828452" />
  <!--
    the default style this FeatureTypeInfoDTO can be represented by.
    at least must contain the "default" attribute
  -->
  <styles default = "point" />
  <cacheinfo enabled = "false" maxage = "" />
  <searchable enabled = "false" />
  <regionateAttribute value = "null" />
  <regionateStrategy value = "best_guess" />
  <regionateFeatureLimit value = "15" />
  <maxFeatures>0</maxFeatures>
</featureType>
