<featureType>
  <id>FeatureTypeInfoImpl--441bfb4f:135465257d0:-7f63</id>
  <name>geo$1328343541766</name>
  <nativeName>geo$1328343541766</nativeName>
  <namespace>
    <id>NamespaceInfoImpl--441bfb4f:135465257d0:-7f65</id>
  </namespace>
  <title>geo$1328343541766</title>
  <keywords>
    <string>KEYWORD</string>
  </keywords>
  <srs>EPSG:4326</srs>
  <nativeBoundingBox>
    <minx>-17.53524</minx>
    <maxx>51.41303</maxx>
    <miny>-34.83983</miny>
    <maxy>37.34962</maxy>
    <crs>EPSG:4326</crs>
  </nativeBoundingBox>
  <latLonBoundingBox>
    <minx>-17.53524</minx>
    <maxx>51.41303</maxx>
    <miny>-34.83983</miny>
    <maxy>37.34962</maxy>
    <crs>EPSG:4326</crs>
  </latLonBoundingBox>
  <projectionPolicy>REPROJECT_TO_DECLARED</projectionPolicy>
  <enabled>true</enabled>
  <store class="dataStore">
    <id>DataStoreInfoImpl--441bfb4f:135465257d0:-7f64</id>
  </store>
  <maxFeatures>0</maxFeatures>
  <numDecimals>0</numDecimals>
</featureType>