<?config.xml version="1.0" encoding="UTF-8"?>
<catalog >
  <datastores >
    <!--
      a datastore configuration element serves as a common data source connection
      parameters repository for all featuretypes it holds.
    -->
    <datastore namespace = "mdss" enabled = "true" id = "MDSS_maps" >
      <connectionParams >
        <parameter value = "http://mdss.terraframe.com" name = "namespace" />
        <parameter value = "mdssdeploy" name = "user" />
        <parameter value = "mdssdeploy" name = "passwd" />
        <parameter value = "false" name = "estimated extent" />
        <parameter value = "10" name = "max connections" />
        <parameter value = "false" name = "validate connections" />
        <parameter value = "4" name = "min connections" />
        <parameter value = "5432" name = "port" />
        <parameter value = "public" name = "schema" />
        <parameter value = "postgis" name = "dbtype" />
        <parameter value = "true" name = "loose bbox" />
        <parameter value = "true" name = "wkb enabled" />
        <parameter value = "localhost" name = "host" />
        <parameter value = "mdssdeploy" name = "database" />
      </connectionParams>
    </datastore>
    <datastore namespace = "terraframe" enabled = "true" id = "AfricaRiver" >
      <connectionParams >
        <parameter value = "http://www.terraframe.com" name = "namespace" />
        <parameter value = "file:data/africa/African_Rivers_4326.shp" name = "url" />
        <parameter value = "ISO-8859-1" name = "charset" />
      </connectionParams>
    </datastore>
    <datastore namespace = "tiger" enabled = "true" id = "DS_poi" >
      <connectionParams >
        <parameter value = "http://www.census.gov" name = "namespace" />
        <parameter value = "file:data/nyc/poi.shp" name = "url" />
      </connectionParams>
    </datastore>
    <datastore namespace = "terraframe" enabled = "true" id = "AfricaCoastline" >
      <connectionParams >
        <parameter value = "http://www.terraframe.com" name = "namespace" />
        <parameter value = "file:data/africa/African_Coastline_4326.shp" name = "url" />
        <parameter value = "ISO-8859-1" name = "charset" />
      </connectionParams>
    </datastore>
    <datastore namespace = "sf" enabled = "true" id = "sfStreams" >
      <connectionParams >
        <parameter value = "http://www.openplans.org/spearfish" name = "namespace" />
        <parameter value = "file:data/sf/streams.shp" name = "url" />
        <parameter value = "ISO-8859-1" name = "charset" />
      </connectionParams>
    </datastore>
    <datastore namespace = "topp" enabled = "true" id = "broomfield" >
      <connectionParams >
        <parameter value = "http://www.openplans.org/topp" name = "namespace" />
        <parameter value = "file:data/broomfield/fe_2007_08014_edges.shp" name = "url" />
        <parameter value = "ISO-8859-1" name = "charset" />
      </connectionParams>
    </datastore>
    <datastore namespace = "sf" enabled = "true" id = "sfRestricted" >
      <connectionParams >
        <parameter value = "http://www.openplans.org/spearfish" name = "namespace" />
        <parameter value = "file:data/sf/restricted.shp" name = "url" />
        <parameter value = "ISO-8859-1" name = "charset" />
      </connectionParams>
    </datastore>
    <datastore namespace = "topp" enabled = "true" id = "tasmania_water_bodies" >
      <connectionParams >
        <parameter value = "http://www.openplans.org/topp" name = "namespace" />
        <parameter value = "file:data/taz_shapes/tasmania_water_bodies.shp" name = "url" />
      </connectionParams>
    </datastore>
    <datastore namespace = "sf" enabled = "true" id = "sfBugsites" >
      <connectionParams >
        <parameter value = "http://www.openplans.org/spearfish" name = "namespace" />
        <parameter value = "file:data/sf/bugsites.shp" name = "url" />
        <parameter value = "ISO-8859-1" name = "charset" />
      </connectionParams>
    </datastore>
    <datastore namespace = "tiger" enabled = "true" id = "DS_giant_polygon" >
      <connectionParams >
        <parameter value = "http://www.census.gov" name = "namespace" />
        <parameter value = "file:data/nyc/giant_polygon.shp" name = "url" />
      </connectionParams>
    </datastore>
    <datastore namespace = "topp" enabled = "true" id = "states_shapefile" >
      <connectionParams >
        <parameter value = "http://www.openplans.org/topp" name = "namespace" />
        <parameter value = "file:data/shapefiles/states.shp" name = "url" />
      </connectionParams>
    </datastore>
    <datastore namespace = "sf" enabled = "true" id = "sfRoads" >
      <connectionParams >
        <parameter value = "http://www.openplans.org/spearfish" name = "namespace" />
        <parameter value = "file:data/sf/roads.shp" name = "url" />
        <parameter value = "ISO-8859-1" name = "charset" />
      </connectionParams>
    </datastore>
    <datastore namespace = "topp" enabled = "true" id = "tasmania_cities" >
      <connectionParams >
        <parameter value = "http://www.openplans.org/topp" name = "namespace" />
        <parameter value = "file:data/taz_shapes/tasmania_cities.shp" name = "url" />
      </connectionParams>
    </datastore>
    <datastore namespace = "sf" enabled = "true" id = "sfArchsites" >
      <connectionParams >
        <parameter value = "http://www.openplans.org/spearfish" name = "namespace" />
        <parameter value = "file:data/sf/archsites.shp" name = "url" />
        <parameter value = "ISO-8859-1" name = "charset" />
      </connectionParams>
    </datastore>
    <datastore namespace = "topp" enabled = "true" id = "tasmania_roads" >
      <connectionParams >
        <parameter value = "http://www.openplans.org/topp" name = "namespace" />
        <parameter value = "file:data/taz_shapes/tasmania_roads.shp" name = "url" />
      </connectionParams>
    </datastore>
    <datastore namespace = "tiger" enabled = "true" id = "DS_poly_landmarks" >
      <connectionParams >
        <parameter value = "http://www.census.gov" name = "namespace" />
        <parameter value = "file:data/nyc/poly_landmarks.shp" name = "url" />
      </connectionParams>
    </datastore>
    <datastore namespace = "topp" enabled = "true" id = "tasmania_state_boundaries" >
      <connectionParams >
        <parameter value = "http://www.openplans.org/topp" name = "namespace" />
        <parameter value = "file:data/taz_shapes/tasmania_state_boundaries.shp" name = "url" />
      </connectionParams>
    </datastore>
    <datastore namespace = "tiger" enabled = "true" id = "DS_tiger_roads" >
      <connectionParams >
        <parameter value = "http://www.census.gov" name = "namespace" />
        <parameter value = "file:data/nyc/tiger_roads.shp" name = "url" />
      </connectionParams>
    </datastore>
    <datastore namespace = "terraframe" enabled = "true" id = "AfricaShape" >
      <connectionParams >
        <parameter value = "http://www.terraframe.com" name = "namespace" />
        <parameter value = "file:data/africa/country.shp" name = "url" />
        <parameter value = "ISO-8859-1" name = "charset" />
      </connectionParams>
    </datastore>
  </datastores>
  <formats >
    <!--
      a format configuration element serves as a common data source
      parameters repository for all coverages it holds.
    -->
    <format namespace = "nurc" enabled = "true" id = "worldImageSample" >
      <title>worldImageSample</title>
      <type>WorldImage</type>
      <url>file:coverages/img_sample/usa.png</url>
    </format>
    <format namespace = "nurc" enabled = "true" id = "mosaic" >
      <title>mosaic</title>
      <type>ImageMosaic</type>
      <url>file:coverages/mosaic_sample/mosaic.shp</url>
    </format>
    <format namespace = "sf" enabled = "true" id = "sfdem" >
      <title>sfdem</title>
      <type>GeoTIFF</type>
      <url>file:data/sf/sfdem.tif</url>
    </format>
    <format namespace = "nurc" enabled = "true" id = "img_sample2" >
      <title>img_sample2</title>
      <type>WorldImage</type>
      <url>file:coverages/img_sample/Pk50095.tif</url>
    </format>
    <format namespace = "nurc" enabled = "true" id = "arcGridSample" >
      <title>arcGridSample</title>
      <type>ArcGrid</type>
      <url>file:coverages/arc_sample/precip30min.asc</url>
    </format>
  </formats>
  <!--
    Defines namespaces to be used by the datastores.
  -->
  <namespaces >
    <namespace uri = "http://mdss.terraframe.com" prefix = "mdss" />
    <namespace uri = "http://www.openplans.org/spearfish" prefix = "sf" />
    <namespace uri = "http://www.openplans.org/topp" prefix = "topp" default = "true" />
    <namespace uri = "http://www.geo-solutions.it" prefix = "it.geosolutions" />
    <namespace uri = "http://geoserver.sf.net" prefix = "sde" />
    <namespace uri = "http://www.terraframe.com" prefix = "terraframe" />
    <namespace uri = "http://www.nurc.nato.int" prefix = "nurc" />
    <namespace uri = "http://www.census.gov" prefix = "tiger" />
    <namespace uri = "http://www.opengeospatial.net/cite" prefix = "cite" />
  </namespaces>
  <styles >
    <!--
      Defines the style ids and file name to be used by the wms.
    -->
    <style filename = "burg.sld" id = "burg" />
    <style filename = "Africa.sld" id = "Africa" />
    <style filename = "giant_polygon.sld" id = "giant_polygon" />
    <style filename = "fe_2007_08014_edges_style.sld" id = "fe_2007_08014_edges_style" />
    <style filename = "capitals.sld" id = "capitals" />
    <style filename = "simple_streams.sld" id = "simple_streams" />
    <style filename = "pophatch.sld" id = "pophatch" />
    <style filename = "restricted.sld" id = "restricted" />
    <style filename = "tiger_roads.sld" id = "tiger_roads" />
    <style filename = "poly_landmarks.sld" id = "poly_landmarks" />
    <style filename = "green.sld" id = "green" />
    <style filename = "simpleRoads.sld" id = "simple_roads" />
    <style filename = "dem.sld" id = "dem" />
    <style filename = "popshade.sld" id = "population" />
    <style filename = "default_line.sld" id = "line" />
    <style filename = "raster.sld" id = "raster" />
    <style filename = "grass_poly.sld" id = "grass" />
    <style filename = "default_polygon.sld" id = "polygon" />
    <style filename = "default_point.sld" id = "point" />
    <style filename = "poi.sld" id = "poi" />
    <style filename = "Lakes.sld" id = "cite_lakes" />
  </styles>
</catalog>
