<?config.xml version="1.0" encoding="UTF-8"?>
<!--
  Service level configuration
-->
<serverConfiguration >
  <global >
    <log4jConfigFile>DEFAULT_LOGGING.properties</log4jConfigFile>
    <suppressStdOutLogging value = "false" />
    <logLocation>logs/geoserver.log</logLocation>
    <JaiMemoryCapacity value = "0.5" />
    <JaiMemoryThreshold value = "0.75" />
    <JaiTileThreads value = "7" />
    <JaiTilePriority value = "5" />
    <JaiRecycling value = "false" />
    <ImageIOCache value = "false" />
    <JaiJPEGNative value = "true" />
    <JaiPNGNative value = "true" />
    <JaiMosaicNative value = "false" />
    <!--
      Sets the max number of Features returned by GetFeature
    -->
    <maxFeatures value = "1000000" />
    <!--
      Whether newlines and indents should be returned in 
      XML responses.  Default is false
    -->
    <verbose value = "false" />
    <!--
      Whether the Service Exceptions returned to clients should contain
      full java stack traces (useful for debugging).
    -->
    <verboseExceptions value = "false" />
    <!--
      Sets the max number of decimal places past the zero returned in
      a GetFeature response.  Default is 4
    -->
    <numDecimals value = "8" />
    <!--
      Sets the global character set.  This could use some more testing
      from international users, but what it does is sets the encoding
      globally for all postgis database connections (the charset tag
      in FeatureTypeConfig), as well as specifying the encoding in the return
      config.xml header and mime type.  The default is UTF-8.  Also be warned
      that GeoServer does not check if the CharSet is valid before
      attempting to use it, so it will fail miserably if a bad charset
      is used.
    -->
    <charSet value = "UTF-8" />
    <ContactInformation >
      <ContactPersonPrimary >
        <ContactPerson>Claudius Ptolomaeus</ContactPerson>
        <ContactOrganization>The ancient geographes INC</ContactOrganization>
      </ContactPersonPrimary>
      <ContactPosition>Chief geographer</ContactPosition>
      <ContactAddress >
        <AddressType>Work</AddressType>
        <Address></Address>
        <City>Alexandria</City>
        <StateOrProvince></StateOrProvince>
        <PostCode></PostCode>
        <Country>Egypt</Country>
      </ContactAddress>
      <ContactVoiceTelephone></ContactVoiceTelephone>
      <ContactFacsimileTelephone></ContactFacsimileTelephone>
      <ContactElectronicMailAddress>claudius.ptolomaeus@gmail.com</ContactElectronicMailAddress>
      <ContactOnlineResource>http://geoserver.org</ContactOnlineResource>
    </ContactInformation>
    <!--
      Stores the current updateSequence
    -->
    <updateSequence>561</updateSequence>
  </global>
  <services >
    <service type = "WCS" enabled = "true" >
      <!--
        ServiceDTO elements, needed for the capabilities document
        Title and OnlineResource are the two required
      -->
      <name>WCS</name>
      <title>Web Coverage Service</title>
      <abstract>This server implements the WCS specification 1.0 and 1.1.1, it&apos;s reference implementation of WCS 1.1.1. All layers published by this service are available on WMS also.
     </abstract>
      <metadataLink about = "http://geoserver.sourceforge.net/html/index.php" metadataType = "other" type = "undef" ></metadataLink>
      <keywords >
        <keyword>WCS</keyword>
        <keyword>WMS</keyword>
        <keyword>GEOSERVER</keyword>
      </keywords>
      <onlineResource>http://geoserver.sourceforge.net/html/index.php</onlineResource>
      <fees>NONE</fees>
      <accessConstraints>NONE</accessConstraints>
      <srsXmlStyle value = "false" />
      <maintainer>http://jira.codehaus.org/secure/BrowseProject.jspa?id=10311</maintainer>
    </service>
    <service type = "WFS" enabled = "true" >
      <!--
        ServiceDTO elements, needed for the capabilities document
        Title and OnlineResource are the two required
      -->
      <name>WFS</name>
      <title>GeoServer Web Feature Service</title>
      <abstract>This is the reference implementation of WFS 1.0.0 and WFS 1.1.0, supports all WFS operations including Transaction.</abstract>
      <metadataLink ></metadataLink>
      <keywords >
        <keyword>WFS</keyword>
        <keyword>WMS</keyword>
        <keyword>GEOSERVER</keyword>
      </keywords>
      <onlineResource>http://geoserver.sourceforge.net/html/index.php</onlineResource>
      <fees>NONE</fees>
      <accessConstraints>NONE</accessConstraints>
      <srsXmlStyle value = "true" />
      <serviceLevel value = "31" />
      <citeConformanceHacks>false</citeConformanceHacks>
      <maintainer>http://jira.codehaus.org/secure/BrowseProject.jspa?id=10311</maintainer>
    </service>
    <service type = "WMS" enabled = "true" >
      <!--
        ServiceDTO elements, needed for the capabilities document
        Title and OnlineResource are the two required
      -->
      <name>WMS</name>
      <title>GeoServer Web Map Service</title>
      <abstract>A compliant implementation of WMS 1.1.1 plus most of the SLD 1.0 extension (dynamic styling). Can also generate PDF, SVG, KML, GeoRSS</abstract>
      <metadataLink ></metadataLink>
      <keywords >
        <keyword>WFS</keyword>
        <keyword>WMS</keyword>
        <keyword>GEOSERVER</keyword>
      </keywords>
      <onlineResource>http://geoserver.sourceforge.net/html/index.php</onlineResource>
      <fees>NONE</fees>
      <accessConstraints>NONE</accessConstraints>
      <srsXmlStyle value = "false" />
      <maintainer>http://jira.codehaus.org/secure/BrowseProject.jspa?id=10311</maintainer>
      <svgRenderer>Batik</svgRenderer>
      <BaseMapGroups >
        <BaseMapGroup baseMapTitle = "tiger-ny" >
          <baseMapLayers>giant_polygon,poly_landmarks,tiger_roads,poi</baseMapLayers>
          <baseMapStyles></baseMapStyles>
          <baseMapEnvelope srsName = "EPSG:4326" >
            <pos>-74.047185 40.679648</pos>
            <pos>-73.907005 40.882078</pos>
          </baseMapEnvelope>
        </BaseMapGroup>
        <BaseMapGroup baseMapTitle = "spearfish" >
          <baseMapLayers>sfdem,streams,roads,restricted,archsites,bugsites</baseMapLayers>
          <baseMapStyles></baseMapStyles>
          <baseMapEnvelope srsName = "EPSG:26713" >
            <pos>589425.9342365642 4913959.224611808</pos>
            <pos>609518.6719560538 4928082.949945881</pos>
          </baseMapEnvelope>
        </BaseMapGroup>
        <BaseMapGroup baseMapTitle = "tasmania" >
          <baseMapLayers>tasmania_state_boundaries,tasmania_water_bodies,tasmania_roads,tasmania_cities</baseMapLayers>
          <baseMapStyles></baseMapStyles>
          <baseMapEnvelope srsName = "EPSG:4326" >
            <pos>143.83482400000003 -43.648056</pos>
            <pos>148.47914100000003 -39.573891</pos>
          </baseMapEnvelope>
        </BaseMapGroup>
      </BaseMapGroups>
      <!--
        List of EPSG codes used to limit the number of SRS elements
        shown in the WMS GetCapabilities document
      -->
      <capabilitiesCrsList></capabilitiesCrsList>
      <svgAntiAlias>true</svgAntiAlias>
      <globalWatermarking>false</globalWatermarking>
      <globalWatermarkingTransparency>0</globalWatermarkingTransparency>
      <globalWatermarkingPosition>8</globalWatermarkingPosition>
      <allowInterpolation>Nearest</allowInterpolation>
    </service>
  </services>
</serverConfiguration>
