<featureType datastore = "MDSS_maps" >
  <name>country_view</name>
  <!--
    native wich EPGS code for the FeatureTypeInfoDTO
  -->
  <SRS>4326</SRS>
  <SRSHandling>0</SRSHandling>
  <title>country_view</title>
  <abstract>Generated from MDSS_maps</abstract>
  <wmspath>/</wmspath>
  <numDecimals value = "0" />
  <keywords>country_view</keywords>
  <latLonBoundingBox dynamic = "false" miny = "-34.83983" maxy = "37.34962" maxx = "51.41303" minx = "-17.53524" />
  <nativeBBox dynamic = "false" miny = "-34.83983" maxy = "37.34962" maxx = "51.41303" minx = "-17.53524" />
  <!--
    the default style this FeatureTypeInfoDTO can be represented by.
    at least must contain the "default" attribute
  -->
  <styles default = "polygon" />
  <cacheinfo enabled = "false" maxage = "" />
  <searchable enabled = "false" />
  <regionateAttribute value = "null" />
  <regionateStrategy value = "best_guess" />
  <regionateFeatureLimit value = "15" />
  <maxFeatures>0</maxFeatures>
</featureType>
