<featureType datastore = "tasmania_cities" >
  <name>tasmania_cities</name>
  <!--
    native wich EPGS code for the FeatureTypeInfoDTO
  -->
  <SRS>4326</SRS>
  <SRSHandling>0</SRSHandling>
  <title>Tasmania cities</title>
  <abstract>Cities in Tasmania (actually, just the capital)</abstract>
  <wmspath>/</wmspath>
  <numDecimals value = "0" />
  <keywords>cities, Tasmania</keywords>
  <latLonBoundingBox dynamic = "false" miny = "-43.423512" maxy = "-40.852802" maxx = "148.27298000000002" minx = "145.19754" />
  <nativeBBox dynamic = "false" miny = "-42.851001816890005" maxy = "-42.851001816890005" maxx = "147.2910004483" minx = "147.2910004483" />
  <!--
    the default style this FeatureTypeInfoDTO can be represented by.
    at least must contain the "default" attribute
  -->
  <styles default = "capitals" />
  <cacheinfo enabled = "true" maxage = "3600" />
  <searchable enabled = "false" />
  <regionateAttribute value = "null" />
  <regionateStrategy value = "best_guess" />
  <regionateFeatureLimit value = "10" />
  <maxFeatures>0</maxFeatures>
</featureType>
