<?config.xml version="1.0" encoding="UTF-8"?>
<catalog >
  <datastores >
    <!--
      a datastore configuration element serves as a common data source connection
      parameters repository for all featuretypes it holds.
    -->
    <datastore id = "sfRoads" enabled = "true" namespace = "sf" >
      <connectionParams >
        <parameter name = "charset" value = "ISO-8859-1" />
        <parameter name = "url" value = "file:data/sf/roads.shp" />
        <parameter name = "namespace" value = "http://www.openplans.org/spearfish" />
      </connectionParams>
    </datastore>
    <datastore id = "tasmania_cities" enabled = "true" namespace = "topp" >
      <connectionParams >
        <parameter name = "url" value = "file:data/taz_shapes/tasmania_cities.shp" />
        <parameter name = "namespace" value = "http://www.openplans.org/topp" />
      </connectionParams>
    </datastore>
    <datastore id = "AfricaCoastline" enabled = "true" namespace = "terraframe" >
      <connectionParams >
        <parameter name = "charset" value = "ISO-8859-1" />
        <parameter name = "url" value = "file:data/africa/African_Coastline_4326.shp" />
        <parameter name = "namespace" value = "http://www.terraframe.com" />
      </connectionParams>
    </datastore>
    <datastore id = "DS_tiger_roads" enabled = "true" namespace = "tiger" >
      <connectionParams >
        <parameter name = "url" value = "file:data/nyc/tiger_roads.shp" />
        <parameter name = "namespace" value = "http://www.census.gov" />
      </connectionParams>
    </datastore>
    <datastore id = "tasmania_roads" enabled = "true" namespace = "topp" >
      <connectionParams >
        <parameter name = "url" value = "file:data/taz_shapes/tasmania_roads.shp" />
        <parameter name = "namespace" value = "http://www.openplans.org/topp" />
      </connectionParams>
    </datastore>
    <datastore id = "tasmania_water_bodies" enabled = "true" namespace = "topp" >
      <connectionParams >
        <parameter name = "url" value = "file:data/taz_shapes/tasmania_water_bodies.shp" />
        <parameter name = "namespace" value = "http://www.openplans.org/topp" />
      </connectionParams>
    </datastore>
    <datastore id = "AfricaShape" enabled = "true" namespace = "terraframe" >
      <connectionParams >
        <parameter name = "charset" value = "ISO-8859-1" />
        <parameter name = "url" value = "file:data/africa/country.shp" />
        <parameter name = "namespace" value = "http://www.terraframe.com" />
      </connectionParams>
    </datastore>
    <datastore id = "AfricaRiver" enabled = "true" namespace = "terraframe" >
      <connectionParams >
        <parameter name = "charset" value = "ISO-8859-1" />
        <parameter name = "url" value = "file:data/africa/African_Rivers_4326.shp" />
        <parameter name = "namespace" value = "http://www.terraframe.com" />
      </connectionParams>
    </datastore>
    <datastore id = "sfArchsites" enabled = "true" namespace = "sf" >
      <connectionParams >
        <parameter name = "charset" value = "ISO-8859-1" />
        <parameter name = "url" value = "file:data/sf/archsites.shp" />
        <parameter name = "namespace" value = "http://www.openplans.org/spearfish" />
      </connectionParams>
    </datastore>
    <datastore id = "sfBugsites" enabled = "true" namespace = "sf" >
      <connectionParams >
        <parameter name = "charset" value = "ISO-8859-1" />
        <parameter name = "url" value = "file:data/sf/bugsites.shp" />
        <parameter name = "namespace" value = "http://www.openplans.org/spearfish" />
      </connectionParams>
    </datastore>
    <datastore id = "DS_poi" enabled = "true" namespace = "tiger" >
      <connectionParams >
        <parameter name = "url" value = "file:data/nyc/poi.shp" />
        <parameter name = "namespace" value = "http://www.census.gov" />
      </connectionParams>
    </datastore>
    <datastore id = "states_shapefile" enabled = "true" namespace = "topp" >
      <connectionParams >
        <parameter name = "url" value = "file:data/shapefiles/states.shp" />
        <parameter name = "namespace" value = "http://www.openplans.org/topp" />
      </connectionParams>
    </datastore>
    <datastore id = "DS_giant_polygon" enabled = "true" namespace = "tiger" >
      <connectionParams >
        <parameter name = "url" value = "file:data/nyc/giant_polygon.shp" />
        <parameter name = "namespace" value = "http://www.census.gov" />
      </connectionParams>
    </datastore>
    <datastore id = "MDSS_maps" enabled = "true" namespace = "mdss" >
      <connectionParams >
        <parameter name = "port" value = "5432" />
        <parameter name = "passwd" value = "mdssdeploy" />
        <parameter name = "dbtype" value = "postgis" />
        <parameter name = "host" value = "localhost" />
        <parameter name = "validate connections" value = "false" />
        <parameter name = "max connections" value = "10" />
        <parameter name = "database" value = "mdssdeploy" />
        <parameter name = "namespace" value = "http://mdss.terraframe.com" />
        <parameter name = "wkb enabled" value = "true" />
        <parameter name = "schema" value = "public" />
        <parameter name = "estimated extent" value = "false" />
        <parameter name = "loose bbox" value = "true" />
        <parameter name = "user" value = "mdssdeploy" />
        <parameter name = "min connections" value = "4" />
      </connectionParams>
    </datastore>
    <datastore id = "DS_poly_landmarks" enabled = "true" namespace = "tiger" >
      <connectionParams >
        <parameter name = "url" value = "file:data/nyc/poly_landmarks.shp" />
        <parameter name = "namespace" value = "http://www.census.gov" />
      </connectionParams>
    </datastore>
    <datastore id = "sfStreams" enabled = "true" namespace = "sf" >
      <connectionParams >
        <parameter name = "charset" value = "ISO-8859-1" />
        <parameter name = "url" value = "file:data/sf/streams.shp" />
        <parameter name = "namespace" value = "http://www.openplans.org/spearfish" />
      </connectionParams>
    </datastore>
    <datastore id = "broomfield" enabled = "true" namespace = "topp" >
      <connectionParams >
        <parameter name = "charset" value = "ISO-8859-1" />
        <parameter name = "url" value = "file:data/broomfield/fe_2007_08014_edges.shp" />
        <parameter name = "namespace" value = "http://www.openplans.org/topp" />
      </connectionParams>
    </datastore>
    <datastore id = "sfRestricted" enabled = "true" namespace = "sf" >
      <connectionParams >
        <parameter name = "charset" value = "ISO-8859-1" />
        <parameter name = "url" value = "file:data/sf/restricted.shp" />
        <parameter name = "namespace" value = "http://www.openplans.org/spearfish" />
      </connectionParams>
    </datastore>
    <datastore id = "tasmania_state_boundaries" enabled = "true" namespace = "topp" >
      <connectionParams >
        <parameter name = "url" value = "file:data/taz_shapes/tasmania_state_boundaries.shp" />
        <parameter name = "namespace" value = "http://www.openplans.org/topp" />
      </connectionParams>
    </datastore>
  </datastores>
  <formats >
    <!--
      a format configuration element serves as a common data source
      parameters repository for all coverages it holds.
    -->
    <format id = "sfdem" enabled = "true" namespace = "sf" >
      <title>sfdem</title>
      <type>GeoTIFF</type>
      <url>file:data/sf/sfdem.tif</url>
    </format>
    <format id = "mosaic" enabled = "true" namespace = "nurc" >
      <title>mosaic</title>
      <type>ImageMosaic</type>
      <url>file:coverages/mosaic_sample/mosaic.shp</url>
    </format>
    <format id = "img_sample2" enabled = "true" namespace = "nurc" >
      <title>img_sample2</title>
      <type>WorldImage</type>
      <url>file:coverages/img_sample/Pk50095.tif</url>
    </format>
    <format id = "arcGridSample" enabled = "true" namespace = "nurc" >
      <title>arcGridSample</title>
      <type>ArcGrid</type>
      <url>file:coverages/arc_sample/precip30min.asc</url>
    </format>
    <format id = "worldImageSample" enabled = "true" namespace = "nurc" >
      <title>worldImageSample</title>
      <type>WorldImage</type>
      <url>file:coverages/img_sample/usa.png</url>
    </format>
  </formats>
  <!--
    Defines namespaces to be used by the datastores.
  -->
  <namespaces >
    <namespace prefix = "it.geosolutions" uri = "http://www.geo-solutions.it" />
    <namespace prefix = "cite" uri = "http://www.opengeospatial.net/cite" />
    <namespace prefix = "tiger" uri = "http://www.census.gov" />
    <namespace prefix = "sde" uri = "http://geoserver.sf.net" />
    <namespace default = "true" prefix = "topp" uri = "http://www.openplans.org/topp" />
    <namespace prefix = "terraframe" uri = "http://www.terraframe.com" />
    <namespace prefix = "mdss" uri = "http://mdss.terraframe.com" />
    <namespace prefix = "sf" uri = "http://www.openplans.org/spearfish" />
    <namespace prefix = "nurc" uri = "http://www.nurc.nato.int" />
  </namespaces>
  <styles >
    <!--
      Defines the style ids and file name to be used by the wms.
    -->
    <style id = "capitals" filename = "capitals.sld" />
    <style id = "simple_roads" filename = "simpleRoads.sld" />
    <style id = "grass" filename = "grass_poly.sld" />
    <style id = "cite_lakes" filename = "Lakes.sld" />
    <style id = "green" filename = "green.sld" />
    <style id = "giant_polygon" filename = "giant_polygon.sld" />
    <style id = "restricted" filename = "restricted.sld" />
    <style id = "line" filename = "default_line.sld" />
    <style id = "simple_streams" filename = "simple_streams.sld" />
    <style id = "pophatch" filename = "pophatch.sld" />
    <style id = "poi" filename = "poi.sld" />
    <style id = "polygon" filename = "default_polygon.sld" />
    <style id = "point" filename = "default_point.sld" />
    <style id = "raster" filename = "raster.sld" />
    <style id = "fe_2007_08014_edges_style" filename = "fe_2007_08014_edges_style.sld" />
    <style id = "tiger_roads" filename = "tiger_roads.sld" />
    <style id = "Africa" filename = "Africa.sld" />
    <style id = "burg" filename = "burg.sld" />
    <style id = "poly_landmarks" filename = "poly_landmarks.sld" />
    <style id = "dem" filename = "dem.sld" />
    <style id = "population" filename = "popshade.sld" />
  </styles>
</catalog>
