<featureType>
  <id>FeatureTypeInfoImpl-51d4f5ed:13666086c18:-7fe4</id>
  <name>foo_bar</name>
  <nativeName>foo_bar</nativeName>
  <namespace>
    <id>NamespaceInfoImpl--6ce4ff92:136659f3746:-7ff9</id>
  </namespace>
  <title>foo_bar</title>
  <keywords>
    <string>features</string>
    <string>foo_bar</string>
  </keywords>
  <srs>EPSG:4326</srs>
  <nativeBoundingBox>
    <minx>19.0</minx>
    <maxx>21.0</maxx>
    <miny>19.0</miny>
    <maxy>21.0</maxy>
  </nativeBoundingBox>
  <latLonBoundingBox>
    <minx>19.0</minx>
    <maxx>21.0</maxx>
    <miny>19.0</miny>
    <maxy>21.0</maxy>
  </latLonBoundingBox>
  <projectionPolicy>FORCE_DECLARED</projectionPolicy>
  <enabled>true</enabled>
  <metadata>
    <entry key="JDBC_VIRTUAL_TABLE">
      <virtualTable>
        <name>foo_bar</name>
        <sql>WITH geo_displayLabel AS (&#xd;
SELECT geo.id, COALESCE( geoLabel.m_alaria_default_locale, geoLabel.default_locale) || &apos; (&apos; || &#xd;
COALESCE( typeLabel.m_alaria_default_locale, typeLabel.default_locale) ||&#xd;
COALESCE( &apos; : &apos; || termLabel.m_alaria_default_locale, &apos; : &apos; || termLabel.default_locale, &apos;&apos;) || &apos;)&apos; AS label&#xd;
FROM  &#xd;
geo_entity geo &#xd;
INNER JOIN geo_entity_entity_label geoLabel ON geo.entity_label = geoLabel.id&#xd;
INNER JOIN md_type md ON geo.type =  (md.package_name || &apos;.&apos; || md.type_name)&#xd;
INNER JOIN metadata_display_label typeLabel ON md.display_label = typeLabel.id &#xd;
LEFT JOIN term AS term ON term.id = geo.term &#xd;
LEFT JOIN term_term_display_label AS termLabel ON termLabel.id = term.term_display_label &#xd;
&#xd;
)&#xd;
SELECT &#xd;
     ValueQuery_2.dss_vector_solutions_form_business_Testform_ageo__country_entityLabel AS dss_vector_solutions_fo_19,&#xd;
     ValueQuery_2.geo_id_10 AS geo_id_20,&#xd;
     testform_21.oid AS oid_22,&#xd;
     testform_21.a_point AS geometry_v&#xd;
FROM geo_entity geo_entity_25 LEFT JOIN&#xd;
(SELECT &#xd;
     geo_entity_3.geo_id AS geo_id_10,&#xd;
     (geo_displayLabel.label) AS dss_vector_solutions_form_business_Testform_ageo__country_entityLabel,&#xd;
     allpaths_geo_11.child_geo_entity AS child_geo_entity_13&#xd;
FROM geo_entity geo_entity_3,&#xd;
     geo_displayLabel geo_displayLabel,&#xd;
     allpaths_geo allpaths_geo_11 &#xd;
WHERE ((allpaths_geo_11.parent_universal = &apos;sjixhk4ac47x1l7t836k6ywx6e2ej3p700000000000000000000000000000001&apos;&#xd;
AND allpaths_geo_11.parent_geo_entity = geo_entity_3.id)&#xd;
AND geo_entity_3.id = (geo_displayLabel.id))&#xd;
) ValueQuery_2 ON geo_entity_25.id = ValueQuery_2.child_geo_entity_13&#xd;
 ,&#xd;
     testform testform_21 &#xd;
WHERE ((testform_21.a_point IS NOT NULL&#xd;
AND testform_21.ageo = geo_entity_25.id)&#xd;
AND (EXISTS (SELECT &#xd;
     (1) AS geoExistsConstant&#xd;
FROM allpaths_geo allpaths_geo_30 &#xd;
WHERE allpaths_geo_30.child_geo_entity = (geo_entity_25.id)&#xd;
) AND true) = (true))</sql>
      </virtualTable>
    </entry>
  </metadata>
  <store class="dataStore">
    <id>DataStoreInfoImpl--6ce4ff92:136659f3746:-7ff8</id>
  </store>
  <maxFeatures>0</maxFeatures>
  <numDecimals>0</numDecimals>
</featureType>