<featureType datastore = "sfArchsites" >
  <name>archsites</name>
  <!--
    native wich EPGS code for the FeatureTypeInfoDTO
  -->
  <SRS>26713</SRS>
  <SRSHandling>0</SRSHandling>
  <title>Spearfish archeological sites</title>
  <abstract>Sample data from GRASS, archeological sites location, Spearfish, South Dakota, USA</abstract>
  <wmspath>/</wmspath>
  <numDecimals value = "0" />
  <keywords>spearfish, sfArchsites, archsites, archeology</keywords>
  <latLonBoundingBox dynamic = "false" miny = "44.37740330855979" maxy = "44.48804280772808" maxx = "-103.63794182141925" minx = "-103.8725637911543" />
  <nativeBBox dynamic = "false" miny = "4914490.882968263" maxy = "4926501.8980334345" maxx = "608346.4603107043" minx = "589851.4376666048" />
  <!--
    the default style this FeatureTypeInfoDTO can be represented by.
    at least must contain the "default" attribute
  -->
  <styles default = "point" />
  <cacheinfo enabled = "true" maxage = "3600" />
  <searchable enabled = "false" />
  <regionateAttribute value = "null" />
  <regionateStrategy value = "best_guess" />
  <regionateFeatureLimit value = "10" />
  <maxFeatures>0</maxFeatures>
</featureType>
