<featureType>
  <id>FeatureTypeInfoImpl--6d0e911c:13665ed2518:-7ffa</id>
  <name>geo$1333150225701</name>
  <nativeName>geo$1333150225701</nativeName>
  <namespace>
    <id>NamespaceInfoImpl--6ce4ff92:136659f3746:-7ff9</id>
  </namespace>
  <title>geo$1333150225701</title>
  <keywords>
    <string>KEYWORD</string>
  </keywords>
  <srs>EPSG:4326</srs>
  <nativeBoundingBox>
    <minx>19.9999</minx>
    <maxx>20.0001</maxx>
    <miny>19.9999</miny>
    <maxy>20.0001</maxy>
    <crs>EPSG:4326</crs>
  </nativeBoundingBox>
  <latLonBoundingBox>
    <minx>19.9999</minx>
    <maxx>20.0001</maxx>
    <miny>19.9999</miny>
    <maxy>20.0001</maxy>
    <crs>EPSG:4326</crs>
  </latLonBoundingBox>
  <projectionPolicy>REPROJECT_TO_DECLARED</projectionPolicy>
  <enabled>true</enabled>
  <store class="dataStore">
    <id>DataStoreInfoImpl--6ce4ff92:136659f3746:-7ff8</id>
  </store>
  <maxFeatures>0</maxFeatures>
  <numDecimals>0</numDecimals>
</featureType>