<featureType datastore = "MDSS_maps" >
  <name>district_view</name>
  <!--
    native wich EPGS code for the FeatureTypeInfoDTO
  -->
  <SRS>4326</SRS>
  <SRSHandling>0</SRSHandling>
  <title>district_view</title>
  <abstract>Generated from MDSS_maps</abstract>
  <wmspath>/</wmspath>
  <numDecimals value = "0" />
  <keywords>district_view</keywords>
  <latLonBoundingBox dynamic = "false" miny = "-26.865293502807617" maxy = "-10.47142219543457" maxx = "40.8455696105957" minx = "30.21573257446289" />
  <nativeBBox dynamic = "false" miny = "-26.865293502807617" maxy = "-10.47142219543457" maxx = "40.8455696105957" minx = "30.21573257446289" />
  <!--
    the default style this FeatureTypeInfoDTO can be represented by.
    at least must contain the "default" attribute
  -->
  <styles default = "polygon" />
  <cacheinfo enabled = "false" maxage = "" />
  <searchable enabled = "false" />
  <regionateAttribute value = "null" />
  <regionateStrategy value = "best_guess" />
  <regionateFeatureLimit value = "15" />
  <maxFeatures>0</maxFeatures>
</featureType>
