<featureType>
  <id>FeatureTypeInfoImpl-666e8714:13540d4737d:-7ffc</id>
  <name>geo$1328232669603</name>
  <nativeName>geo$1328232669603</nativeName>
  <namespace>
    <id>NamespaceInfoImpl-19aa05c:134eec39c32:-7ff8</id>
  </namespace>
  <title>geo$1328232669603</title>
  <keywords>
    <string>KEYWORD</string>
  </keywords>
  <srs>EPSG:4326</srs>
  <nativeBoundingBox>
    <minx>-14.9270371610287</minx>
    <maxx>46.6982340858798</maxx>
    <miny>-29.5804148892901</miny>
    <maxy>34.1204077360857</maxy>
    <crs>EPSG:4326</crs>
  </nativeBoundingBox>
  <latLonBoundingBox>
    <minx>-14.9270371610287</minx>
    <maxx>46.6982340858798</maxx>
    <miny>-29.5804148892901</miny>
    <maxy>34.1204077360857</maxy>
    <crs>EPSG:4326</crs>
  </latLonBoundingBox>
  <projectionPolicy>REPROJECT_TO_DECLARED</projectionPolicy>
  <enabled>true</enabled>
  <store class="dataStore">
    <id>DataStoreInfoImpl-19aa05c:134eec39c32:-7fcd</id>
  </store>
  <maxFeatures>0</maxFeatures>
  <numDecimals>0</numDecimals>
</featureType>