<featureType>
  <id>FeatureTypeInfoImpl-6f869dbc:1363060a09b:-7feb</id>
  <name>geo$1332252644691</name>
  <nativeName>geo$1332252644691</nativeName>
  <namespace>
    <id>NamespaceInfoImpl--441bfb4f:135465257d0:-7f65</id>
  </namespace>
  <title>geo$1332252644691</title>
  <keywords>
    <string>KEYWORD</string>
  </keywords>
  <srs>EPSG:4326</srs>
  <nativeBoundingBox>
    <minx>19.9999</minx>
    <maxx>20.0001</maxx>
    <miny>-20.0001</miny>
    <maxy>-19.9999</maxy>
    <crs>EPSG:4326</crs>
  </nativeBoundingBox>
  <latLonBoundingBox>
    <minx>19.9999</minx>
    <maxx>20.0001</maxx>
    <miny>-20.0001</miny>
    <maxy>-19.9999</maxy>
    <crs>EPSG:4326</crs>
  </latLonBoundingBox>
  <projectionPolicy>REPROJECT_TO_DECLARED</projectionPolicy>
  <enabled>true</enabled>
  <store class="dataStore">
    <id>DataStoreInfoImpl--441bfb4f:135465257d0:-7f64</id>
  </store>
  <maxFeatures>0</maxFeatures>
  <numDecimals>0</numDecimals>
</featureType>