<featureType>
  <id>FeatureTypeInfoImpl--7625a476:13516467edb:-7ffa</id>
  <name>geo$1327540684530</name>
  <nativeName>geo$1327540684530</nativeName>
  <namespace>
    <id>NamespaceInfoImpl-19aa05c:134eec39c32:-7ff8</id>
  </namespace>
  <title>geo$1327540684530</title>
  <keywords>
    <string>features</string>
    <string>geo$1327540684530</string>
  </keywords>
  <nativeCRS>GEOGCS[&quot;WGS 84&quot;, &#xd;
  DATUM[&quot;World Geodetic System 1984&quot;, &#xd;
    SPHEROID[&quot;WGS 84&quot;, 6378137.0, 298.257223563, AUTHORITY[&quot;EPSG&quot;,&quot;7030&quot;]], &#xd;
    AUTHORITY[&quot;EPSG&quot;,&quot;6326&quot;]], &#xd;
  PRIMEM[&quot;Greenwich&quot;, 0.0, AUTHORITY[&quot;EPSG&quot;,&quot;8901&quot;]], &#xd;
  UNIT[&quot;degree&quot;, 0.017453292519943295], &#xd;
  AXIS[&quot;Geodetic longitude&quot;, EAST], &#xd;
  AXIS[&quot;Geodetic latitude&quot;, NORTH], &#xd;
  AUTHORITY[&quot;EPSG&quot;,&quot;4326&quot;]]</nativeCRS>
  <srs>EPSG:4326</srs>
  <nativeBoundingBox>
    <minx>22.0831362906172</minx>
    <maxx>33.5562771557806</maxx>
    <miny>-17.8441247708106</miny>
    <maxy>-8.3843710522457</maxy>
    <crs>EPSG:4326</crs>
  </nativeBoundingBox>
  <latLonBoundingBox>
    <minx>22.0831362906172</minx>
    <maxx>33.5562771557806</maxx>
    <miny>-17.8441247708106</miny>
    <maxy>-8.3843710522457</maxy>
    <crs>EPSG:4326</crs>
  </latLonBoundingBox>
  <projectionPolicy>FORCE_DECLARED</projectionPolicy>
  <enabled>true</enabled>
  <store class="dataStore">
    <id>DataStoreInfoImpl-19aa05c:134eec39c32:-7fcd</id>
  </store>
  <maxFeatures>0</maxFeatures>
  <numDecimals>0</numDecimals>
</featureType>