<layer>
  <name>geo$1333399255925</name>
  <id>LayerInfoImpl-874f9b3:13674aa7e77:-7ff2</id>
  <type>VECTOR</type>
  <defaultStyle>
    <id>StyleInfoImpl--570ae188:124761b8d78:-7fdf</id>
  </defaultStyle>
  <resource class="featureType">
    <id>FeatureTypeInfoImpl-874f9b3:13674aa7e77:-7ff3</id>
  </resource>
  <enabled>true</enabled>
  <queryable>true</queryable>
  <metadata>
    <entry key="advertised">true</entry>
  </metadata>
  <attribution>
    <logoWidth>0</logoWidth>
    <logoHeight>0</logoHeight>
  </attribution>
</layer>