<layer>
  <name>geo$1333390670981</name>
  <id>LayerInfoImpl-718ddfd6:136744148aa:-7ff3</id>
  <type>VECTOR</type>
  <defaultStyle>
    <id>StyleInfoImpl--570ae188:124761b8d78:-7fe0</id>
  </defaultStyle>
  <resource class="featureType">
    <id>FeatureTypeInfoImpl-718ddfd6:136744148aa:-7ff4</id>
  </resource>
  <enabled>true</enabled>
  <queryable>true</queryable>
  <metadata>
    <entry key="advertised">true</entry>
  </metadata>
  <attribution>
    <logoWidth>0</logoWidth>
    <logoHeight>0</logoHeight>
  </attribution>
</layer>