<featureType datastore = "tasmania_state_boundaries" >
  <name>tasmania_state_boundaries</name>
  <!--
    native wich EPGS code for the FeatureTypeInfoDTO
  -->
  <SRS>4326</SRS>
  <SRSHandling>0</SRSHandling>
  <title>Tasmania state boundaries</title>
  <abstract>Tasmania state boundaries</abstract>
  <wmspath>/</wmspath>
  <numDecimals value = "0" />
  <keywords>boundaries, tasmania_state_boundaries, Tasmania</keywords>
  <latLonBoundingBox dynamic = "false" miny = "-43.648056" maxy = "-39.573891" maxx = "148.47914100000003" minx = "143.83482400000003" />
  <nativeBBox dynamic = "false" miny = "-43.648056" maxy = "-39.573891" maxx = "148.47914100000003" minx = "143.83482400000003" />
  <!--
    the default style this FeatureTypeInfoDTO can be represented by.
    at least must contain the "default" attribute
  -->
  <styles default = "green" />
  <cacheinfo enabled = "true" maxage = "3600" />
  <searchable enabled = "false" />
  <regionateAttribute value = "null" />
  <regionateStrategy value = "best_guess" />
  <regionateFeatureLimit value = "10" />
  <maxFeatures>0</maxFeatures>
</featureType>
