<featureType datastore = "DS_giant_polygon" >
  <name>giant_polygon</name>
  <!--
    native wich EPGS code for the FeatureTypeInfoDTO
  -->
  <SRS>4326</SRS>
  <SRSHandling>0</SRSHandling>
  <title>World rectangle</title>
  <abstract>A simple rectangular polygon covering most of the world, it&apos;s only used for the purpose of providing a background (WMS bgcolor could be used instead)</abstract>
  <wmspath>/</wmspath>
  <numDecimals value = "0" />
  <keywords>DS_giant_polygon, giant_polygon</keywords>
  <latLonBoundingBox dynamic = "false" miny = "-90.0" maxy = "90.0" maxx = "180.0" minx = "-180.0" />
  <nativeBBox dynamic = "false" miny = "-90.0" maxy = "90.0" maxx = "180.0" minx = "-180.0" />
  <!--
    the default style this FeatureTypeInfoDTO can be represented by.
    at least must contain the "default" attribute
  -->
  <styles default = "giant_polygon" />
  <cacheinfo enabled = "true" maxage = "3600" />
  <searchable enabled = "false" />
  <regionateAttribute value = "null" />
  <regionateStrategy value = "best_guess" />
  <regionateFeatureLimit value = "10" />
  <maxFeatures>0</maxFeatures>
</featureType>
