 INSERT INTO class_cache (set_id, item_id)  VALUES  ('sa9djwk2xgbu3n9nshmoqgwx3f8gsqsa', '0000000000000000000000000000023100000000000000000000000000000222');
INSERT INTO metadata_display_label ( default_locale, id, site_master, key_name) VALUES ('Operation', '8onse51q36hmnheaw67zhalh8b140068NM200904120000000000000000000030', 'runwaysdk.com', '8onse51q36hmnheaw67zhalh8b140068NM200904120000000000000000000030');
INSERT INTO metadata_display_label ( default_locale, id, site_master, key_name) VALUES ('Condition Operation', '2bj9h9xbyj1xa2u8nba5jgunsf45y92vNM200904120000000000000000000030', 'runwaysdk.com', '2bj9h9xbyj1xa2u8nba5jgunsf45y92vNM200904120000000000000000000030');
INSERT INTO md_business ( cache_algorithm, cache_algorithm_c, super_md_business, id) VALUES ('sa9djwk2xgbu3n9nshmoqgwx3f8gsqsa', '0000000000000000000000000000023100000000000000000000000000000222', '0000000000000000000000000000020600000000000000000000000000000001', 'qw3orcndphag3pbm1a8vsxygok725za300000000000000000000000000000001');
INSERT INTO md_element ( extendable, is_abstract, id) VALUES (0, 0, 'qw3orcndphag3pbm1a8vsxygok725za300000000000000000000000000000001');
INSERT INTO md_entity ( query_dto_source, query_source, cache_size, enforce_site_master, table_name, id) VALUES (NULL, NULL, 0, 1, 'field_operation', 'qw3orcndphag3pbm1a8vsxygok725za300000000000000000000000000000001');
INSERT INTO md_class ( publish, stub_dto_source, stub_source, id) VALUES (1, NULL, NULL, 'qw3orcndphag3pbm1a8vsxygok725za300000000000000000000000000000001');
INSERT INTO md_type ( display_label, root_id, package_name, type_name, base_source, js_base, js_stub, exported, dto_source, id) VALUES ('8onse51q36hmnheaw67zhalh8b140068NM200904120000000000000000000030', 'qw3orcndphag3pbm1a8vsxygok725za3', 'com.runwaysdk.system', 'FieldOperation', NULL, NULL, NULL, 1, NULL, 'qw3orcndphag3pbm1a8vsxygok725za300000000000000000000000000000001');
INSERT INTO metadata ( description, created_by, owner, id, create_date, seq, type, remove, site_master, locked_by, entity_domain, last_updated_by, last_update_date, key_name) VALUES ('2bj9h9xbyj1xa2u8nba5jgunsf45y92vNM200904120000000000000000000030', '0000000000000000000000000000001000000000000000000000000000000003', '0000000000000000000000000000001000000000000000000000000000000003', 'qw3orcndphag3pbm1a8vsxygok725za300000000000000000000000000000001', '2011-10-13 17:37:05', 3270, 'com.runwaysdk.system.metadata.MdBusiness', 1, 'runwaysdk.com', NULL, NULL, '0000000000000000000000000000001000000000000000000000000000000003', '2011-10-13 17:37:05', 'com.runwaysdk.system.FieldOperation');
CREATE TABLE field_operation ( id CHAR(64) NOT NULL PRIMARY KEY );
INSERT INTO metadata_display_label ( default_locale, id, site_master, key_name) VALUES (NULL, 'qurjdwrz2onrcu7oehkbk09jkpuggzw2NM200904120000000000000000000030', 'runwaysdk.com', 'qurjdwrz2onrcu7oehkbk09jkpuggzw2NM200904120000000000000000000030');
INSERT INTO metadata_display_label ( default_locale, id, site_master, key_name) VALUES (NULL, 'zith15gpa8aa992l85sv28l2l7k8fpljNM200904120000000000000000000030', 'runwaysdk.com', 'zith15gpa8aa992l85sv28l2l7k8fpljNM200904120000000000000000000030');
INSERT INTO md_controller ( stub_source, id) VALUES (NULL, '70meqxcgcn32zot38sa0bhhiq1xz1cogNM200810110000000000000000000112');
INSERT INTO md_type ( display_label, root_id, package_name, type_name, base_source, js_base, js_stub, exported, dto_source, id) VALUES ('qurjdwrz2onrcu7oehkbk09jkpuggzw2NM200904120000000000000000000030', '70meqxcgcn32zot38sa0bhhiq1xz1cog', 'com.runwaysdk.system', 'FieldOperationController', NULL, NULL, NULL, 1, NULL, '70meqxcgcn32zot38sa0bhhiq1xz1cogNM200810110000000000000000000112');
INSERT INTO metadata ( description, created_by, owner, id, create_date, seq, type, remove, site_master, locked_by, entity_domain, last_updated_by, last_update_date, key_name) VALUES ('zith15gpa8aa992l85sv28l2l7k8fpljNM200904120000000000000000000030', '0000000000000000000000000000001000000000000000000000000000000003', '0000000000000000000000000000001000000000000000000000000000000003', '70meqxcgcn32zot38sa0bhhiq1xz1cogNM200810110000000000000000000112', '2011-10-13 17:37:05', 3271, 'com.runwaysdk.system.metadata.MdController', 1, 'runwaysdk.com', NULL, NULL, '0000000000000000000000000000001000000000000000000000000000000003', '2011-10-13 17:37:05', 'com.runwaysdk.system.FieldOperationController');
INSERT INTO metadata_display_label ( default_locale, id, site_master, key_name) VALUES ('View Page', 'ra0zyx1545pg8yl8hdn0atoqwp19thleNM200904120000000000000000000030', 'runwaysdk.com', 'ra0zyx1545pg8yl8hdn0atoqwp19thleNM200904120000000000000000000030');
INSERT INTO metadata_display_label ( default_locale, id, site_master, key_name) VALUES ('Loads a ViewAll query for a specific page into the request object', '1w4fts88oovbftjfgriy6uskl6129omzNM200904120000000000000000000030', 'runwaysdk.com', '1w4fts88oovbftjfgriy6uskl6129omzNM200904120000000000000000000030');
INSERT INTO md_action ( is_query, enclosing_md_controller, is_post, action_name, display_label, id) VALUES (1, '70meqxcgcn32zot38sa0bhhiq1xz1cogNM200810110000000000000000000112', 0, 'viewPage', 'ra0zyx1545pg8yl8hdn0atoqwp19thleNM200904120000000000000000000030', 'ss6fotz7q0uvokvl6l74eybrhzgjz7c9NM200810110000000000000000000113');
INSERT INTO metadata ( description, created_by, owner, id, create_date, seq, type, remove, site_master, locked_by, entity_domain, last_updated_by, last_update_date, key_name) VALUES ('1w4fts88oovbftjfgriy6uskl6129omzNM200904120000000000000000000030', '0000000000000000000000000000001000000000000000000000000000000003', '0000000000000000000000000000001000000000000000000000000000000003', 'ss6fotz7q0uvokvl6l74eybrhzgjz7c9NM200810110000000000000000000113', '2011-10-13 17:37:05', 3272, 'com.runwaysdk.system.metadata.MdAction', 1, 'runwaysdk.com', NULL, NULL, '0000000000000000000000000000001000000000000000000000000000000003', '2011-10-13 17:37:05', 'com.runwaysdk.system.FieldOperationController.viewPage');
INSERT INTO controller_action ( key_name, locked_by, id, owner, entity_domain, created_by, type, last_update_date, create_date, seq, last_updated_by, site_master, parent_id, child_id) VALUES ('com.runwaysdk.system.FieldOperationController.viewPage', NULL, '1ue419w8fkhh2guhvgt6mw95f2l1b87xJS200807230000000000000000111111', '0000000000000000000000000000001000000000000000000000000000000003', NULL, '0000000000000000000000000000001000000000000000000000000000000003', 'com.runwaysdk.system.ControllerAction', '2011-10-13 17:37:05', '2011-10-13 17:37:05', 3273, '0000000000000000000000000000001000000000000000000000000000000003', 'runwaysdk.com', '70meqxcgcn32zot38sa0bhhiq1xz1cogNM200810110000000000000000000112', 'ss6fotz7q0uvokvl6l74eybrhzgjz7c9NM200810110000000000000000000113');
INSERT INTO metadata_display_label ( default_locale, id, site_master, key_name) VALUES ('Sort Attribute', 'szyxjeg94ck4vxnzto4o34wirtwjd4pvNM200904120000000000000000000030', 'runwaysdk.com', 'szyxjeg94ck4vxnzto4o34wirtwjd4pvNM200904120000000000000000000030');
INSERT INTO metadata_display_label ( default_locale, id, site_master, key_name) VALUES (NULL, 'z9sqy26tbx5cxqaiiefy6ozkr1zg9ukwNM200904120000000000000000000030', 'runwaysdk.com', 'z9sqy26tbx5cxqaiiefy6ozkr1zg9ukwNM200904120000000000000000000030');
INSERT INTO md_parameter ( metadata, parameter_order, parameter_name, parameter_type, display_label, id) VALUES ('ss6fotz7q0uvokvl6l74eybrhzgjz7c9NM200810110000000000000000000113', -4, 'sortAttribute', 'java.lang.String', 'szyxjeg94ck4vxnzto4o34wirtwjd4pvNM200904120000000000000000000030', '0ovvga4hsl83iapj8wlfdv6xnvq4jw4f20070427JS0000000000000000001517');
INSERT INTO metadata ( description, created_by, owner, id, create_date, seq, type, remove, site_master, locked_by, entity_domain, last_updated_by, last_update_date, key_name) VALUES ('z9sqy26tbx5cxqaiiefy6ozkr1zg9ukwNM200904120000000000000000000030', '0000000000000000000000000000001000000000000000000000000000000003', '0000000000000000000000000000001000000000000000000000000000000003', '0ovvga4hsl83iapj8wlfdv6xnvq4jw4f20070427JS0000000000000000001517', '2011-10-13 17:37:05', 3274, 'com.runwaysdk.system.metadata.MdParameter', 1, 'runwaysdk.com', NULL, NULL, '0000000000000000000000000000001000000000000000000000000000000003', '2011-10-13 17:37:05', 'com.runwaysdk.system.FieldOperationController.viewPage.sortAttribute');
INSERT INTO metadata_parameter ( site_master, last_updated_by, create_date, seq, locked_by, entity_domain, created_by, type, last_update_date, key_name, owner, id, parent_id, child_id) VALUES ('runwaysdk.com', '0000000000000000000000000000001000000000000000000000000000000003', '2011-10-13 17:37:05', 3275, NULL, NULL, '0000000000000000000000000000001000000000000000000000000000000003', 'com.runwaysdk.system.MetadataParameter', '2011-10-13 17:37:05', 'com.runwaysdk.system.FieldOperationController.viewPage.sortAttribute', '0000000000000000000000000000001000000000000000000000000000000003', 'xuw5b8395ddoh41qvv2l00z91itjydh520070427JS0000000000000000001524', 'ss6fotz7q0uvokvl6l74eybrhzgjz7c9NM200810110000000000000000000113', '0ovvga4hsl83iapj8wlfdv6xnvq4jw4f20070427JS0000000000000000001517');
INSERT INTO metadata_display_label ( default_locale, id, site_master, key_name) VALUES ('Is Ascending', '75rs2mfq49f2updnmii6x8qjm3522cmaNM200904120000000000000000000030', 'runwaysdk.com', '75rs2mfq49f2updnmii6x8qjm3522cmaNM200904120000000000000000000030');
INSERT INTO metadata_display_label ( default_locale, id, site_master, key_name) VALUES (NULL, '6uaaxdths8uodlwxwg2v9otm8k6p3aarNM200904120000000000000000000030', 'runwaysdk.com', '6uaaxdths8uodlwxwg2v9otm8k6p3aarNM200904120000000000000000000030');
INSERT INTO md_parameter ( metadata, parameter_order, parameter_name, parameter_type, display_label, id) VALUES ('ss6fotz7q0uvokvl6l74eybrhzgjz7c9NM200810110000000000000000000113', -3, 'isAscending', 'java.lang.Boolean', '75rs2mfq49f2updnmii6x8qjm3522cmaNM200904120000000000000000000030', '21dh592wji2648b96k58cwp0huiwr0b620070427JS0000000000000000001517');
INSERT INTO metadata ( description, created_by, owner, id, create_date, seq, type, remove, site_master, locked_by, entity_domain, last_updated_by, last_update_date, key_name) VALUES ('6uaaxdths8uodlwxwg2v9otm8k6p3aarNM200904120000000000000000000030', '0000000000000000000000000000001000000000000000000000000000000003', '0000000000000000000000000000001000000000000000000000000000000003', '21dh592wji2648b96k58cwp0huiwr0b620070427JS0000000000000000001517', '2011-10-13 17:37:05', 3276, 'com.runwaysdk.system.metadata.MdParameter', 1, 'runwaysdk.com', NULL, NULL, '0000000000000000000000000000001000000000000000000000000000000003', '2011-10-13 17:37:05', 'com.runwaysdk.system.FieldOperationController.viewPage.isAscending');
INSERT INTO metadata_parameter ( site_master, last_updated_by, create_date, seq, locked_by, entity_domain, created_by, type, last_update_date, key_name, owner, id, parent_id, child_id) VALUES ('runwaysdk.com', '0000000000000000000000000000001000000000000000000000000000000003', '2011-10-13 17:37:05', 3277, NULL, NULL, '0000000000000000000000000000001000000000000000000000000000000003', 'com.runwaysdk.system.MetadataParameter', '2011-10-13 17:37:05', 'com.runwaysdk.system.FieldOperationController.viewPage.isAscending', '0000000000000000000000000000001000000000000000000000000000000003', 'xmqillx91yvoxndk9hjyqvq2v55g0kr920070427JS0000000000000000001524', 'ss6fotz7q0uvokvl6l74eybrhzgjz7c9NM200810110000000000000000000113', '21dh592wji2648b96k58cwp0huiwr0b620070427JS0000000000000000001517');
INSERT INTO metadata_display_label ( default_locale, id, site_master, key_name) VALUES ('Page Size', '0mx7xdksas1nlhap7gk7oae41375ad43NM200904120000000000000000000030', 'runwaysdk.com', '0mx7xdksas1nlhap7gk7oae41375ad43NM200904120000000000000000000030');
INSERT INTO metadata_display_label ( default_locale, id, site_master, key_name) VALUES (NULL, 'qncbjs2zk0hkpqwrkqtk2kwjwwcxidxzNM200904120000000000000000000030', 'runwaysdk.com', 'qncbjs2zk0hkpqwrkqtk2kwjwwcxidxzNM200904120000000000000000000030');
INSERT INTO md_parameter ( metadata, parameter_order, parameter_name, parameter_type, display_label, id) VALUES ('ss6fotz7q0uvokvl6l74eybrhzgjz7c9NM200810110000000000000000000113', -2, 'pageSize', 'java.lang.Integer', '0mx7xdksas1nlhap7gk7oae41375ad43NM200904120000000000000000000030', 'qx8nlbypetwc5da2ngsq7dcx1fsfjwwr20070427JS0000000000000000001517');
INSERT INTO metadata ( description, created_by, owner, id, create_date, seq, type, remove, site_master, locked_by, entity_domain, last_updated_by, last_update_date, key_name) VALUES ('qncbjs2zk0hkpqwrkqtk2kwjwwcxidxzNM200904120000000000000000000030', '0000000000000000000000000000001000000000000000000000000000000003', '0000000000000000000000000000001000000000000000000000000000000003', 'qx8nlbypetwc5da2ngsq7dcx1fsfjwwr20070427JS0000000000000000001517', '2011-10-13 17:37:05', 3278, 'com.runwaysdk.system.metadata.MdParameter', 1, 'runwaysdk.com', NULL, NULL, '0000000000000000000000000000001000000000000000000000000000000003', '2011-10-13 17:37:05', 'com.runwaysdk.system.FieldOperationController.viewPage.pageSize');
INSERT INTO metadata_parameter ( site_master, last_updated_by, create_date, seq, locked_by, entity_domain, created_by, type, last_update_date, key_name, owner, id, parent_id, child_id) VALUES ('runwaysdk.com', '0000000000000000000000000000001000000000000000000000000000000003', '2011-10-13 17:37:05', 3279, NULL, NULL, '0000000000000000000000000000001000000000000000000000000000000003', 'com.runwaysdk.system.MetadataParameter', '2011-10-13 17:37:05', 'com.runwaysdk.system.FieldOperationController.viewPage.pageSize', '0000000000000000000000000000001000000000000000000000000000000003', '8d30xc88jufr9qvrqfki3w9jej0xvxvg20070427JS0000000000000000001524', 'ss6fotz7q0uvokvl6l74eybrhzgjz7c9NM200810110000000000000000000113', 'qx8nlbypetwc5da2ngsq7dcx1fsfjwwr20070427JS0000000000000000001517');
INSERT INTO metadata_display_label ( default_locale, id, site_master, key_name) VALUES ('Page Number', 'si2cu6ssdmyj7u2rmlm9qoj2fys0evgiNM200904120000000000000000000030', 'runwaysdk.com', 'si2cu6ssdmyj7u2rmlm9qoj2fys0evgiNM200904120000000000000000000030');
INSERT INTO metadata_display_label ( default_locale, id, site_master, key_name) VALUES (NULL, 'xf3x000okqzs7steq0nxor2qudsud6p1NM200904120000000000000000000030', 'runwaysdk.com', 'xf3x000okqzs7steq0nxor2qudsud6p1NM200904120000000000000000000030');
INSERT INTO md_parameter ( metadata, parameter_order, parameter_name, parameter_type, display_label, id) VALUES ('ss6fotz7q0uvokvl6l74eybrhzgjz7c9NM200810110000000000000000000113', -1, 'pageNumber', 'java.lang.Integer', 'si2cu6ssdmyj7u2rmlm9qoj2fys0evgiNM200904120000000000000000000030', '8bda6ubzbiex4fiwxafgyuz9pp6dzixq20070427JS0000000000000000001517');
INSERT INTO metadata ( description, created_by, owner, id, create_date, seq, type, remove, site_master, locked_by, entity_domain, last_updated_by, last_update_date, key_name) VALUES ('xf3x000okqzs7steq0nxor2qudsud6p1NM200904120000000000000000000030', '0000000000000000000000000000001000000000000000000000000000000003', '0000000000000000000000000000001000000000000000000000000000000003', '8bda6ubzbiex4fiwxafgyuz9pp6dzixq20070427JS0000000000000000001517', '2011-10-13 17:37:05', 3280, 'com.runwaysdk.system.metadata.MdParameter', 1, 'runwaysdk.com', NULL, NULL, '0000000000000000000000000000001000000000000000000000000000000003', '2011-10-13 17:37:05', 'com.runwaysdk.system.FieldOperationController.viewPage.pageNumber');
INSERT INTO metadata_parameter ( site_master, last_updated_by, create_date, seq, locked_by, entity_domain, created_by, type, last_update_date, key_name, owner, id, parent_id, child_id) VALUES ('runwaysdk.com', '0000000000000000000000000000001000000000000000000000000000000003', '2011-10-13 17:37:05', 3281, NULL, NULL, '0000000000000000000000000000001000000000000000000000000000000003', 'com.runwaysdk.system.MetadataParameter', '2011-10-13 17:37:05', 'com.runwaysdk.system.FieldOperationController.viewPage.pageNumber', '0000000000000000000000000000001000000000000000000000000000000003', '8nwn4owqytp42z1ycowmvyfc0ww4fgln20070427JS0000000000000000001524', 'ss6fotz7q0uvokvl6l74eybrhzgjz7c9NM200810110000000000000000000113', '8bda6ubzbiex4fiwxafgyuz9pp6dzixq20070427JS0000000000000000001517');
INSERT INTO metadata_display_label ( default_locale, id, site_master, key_name) VALUES ('View All', '0gxx0lw7kserd043cwkkp06pofyuvxwpNM200904120000000000000000000030', 'runwaysdk.com', '0gxx0lw7kserd043cwkkp06pofyuvxwpNM200904120000000000000000000030');
INSERT INTO metadata_display_label ( default_locale, id, site_master, key_name) VALUES ('Loads a ViewAll query with the default settings', '8vvs56achljk8vvt1jiy0p543mydnvzfNM200904120000000000000000000030', 'runwaysdk.com', '8vvs56achljk8vvt1jiy0p543mydnvzfNM200904120000000000000000000030');
INSERT INTO md_action ( is_query, enclosing_md_controller, is_post, action_name, display_label, id) VALUES (0, '70meqxcgcn32zot38sa0bhhiq1xz1cogNM200810110000000000000000000112', 0, 'viewAll', '0gxx0lw7kserd043cwkkp06pofyuvxwpNM200904120000000000000000000030', '068fmdhn8b3ofc7pnxicy4eg3itrqj5gNM200810110000000000000000000113');
INSERT INTO metadata ( description, created_by, owner, id, create_date, seq, type, remove, site_master, locked_by, entity_domain, last_updated_by, last_update_date, key_name) VALUES ('8vvs56achljk8vvt1jiy0p543mydnvzfNM200904120000000000000000000030', '0000000000000000000000000000001000000000000000000000000000000003', '0000000000000000000000000000001000000000000000000000000000000003', '068fmdhn8b3ofc7pnxicy4eg3itrqj5gNM200810110000000000000000000113', '2011-10-13 17:37:05', 3282, 'com.runwaysdk.system.metadata.MdAction', 1, 'runwaysdk.com', NULL, NULL, '0000000000000000000000000000001000000000000000000000000000000003', '2011-10-13 17:37:05', 'com.runwaysdk.system.FieldOperationController.viewAll');
INSERT INTO controller_action ( key_name, locked_by, id, owner, entity_domain, created_by, type, last_update_date, create_date, seq, last_updated_by, site_master, parent_id, child_id) VALUES ('com.runwaysdk.system.FieldOperationController.viewAll', NULL, '94j8p7w18i1qxm9v1ihe42q41i0anabxJS200807230000000000000000111111', '0000000000000000000000000000001000000000000000000000000000000003', NULL, '0000000000000000000000000000001000000000000000000000000000000003', 'com.runwaysdk.system.ControllerAction', '2011-10-13 17:37:05', '2011-10-13 17:37:05', 3283, '0000000000000000000000000000001000000000000000000000000000000003', 'runwaysdk.com', '70meqxcgcn32zot38sa0bhhiq1xz1cogNM200810110000000000000000000112', '068fmdhn8b3ofc7pnxicy4eg3itrqj5gNM200810110000000000000000000113');
INSERT INTO metadata_display_label ( default_locale, id, site_master, key_name) VALUES ('View', '1sx5tvi5w0qui0t3e4f8t7hmitlcbwlaNM200904120000000000000000000030', 'runwaysdk.com', '1sx5tvi5w0qui0t3e4f8t7hmitlcbwlaNM200904120000000000000000000030');
INSERT INTO metadata_display_label ( default_locale, id, site_master, key_name) VALUES ('View an existing instance of com.runwaysdk.system.FieldOperation', '277zsynf7tfh1vodsp7uh9yv69ah7p4wNM200904120000000000000000000030', 'runwaysdk.com', '277zsynf7tfh1vodsp7uh9yv69ah7p4wNM200904120000000000000000000030');
INSERT INTO md_action ( is_query, enclosing_md_controller, is_post, action_name, display_label, id) VALUES (0, '70meqxcgcn32zot38sa0bhhiq1xz1cogNM200810110000000000000000000112', 0, 'view', '1sx5tvi5w0qui0t3e4f8t7hmitlcbwlaNM200904120000000000000000000030', '2abfbil88bfkdihpkox593h8n9a8zy65NM200810110000000000000000000113');
INSERT INTO metadata ( description, created_by, owner, id, create_date, seq, type, remove, site_master, locked_by, entity_domain, last_updated_by, last_update_date, key_name) VALUES ('277zsynf7tfh1vodsp7uh9yv69ah7p4wNM200904120000000000000000000030', '0000000000000000000000000000001000000000000000000000000000000003', '0000000000000000000000000000001000000000000000000000000000000003', '2abfbil88bfkdihpkox593h8n9a8zy65NM200810110000000000000000000113', '2011-10-13 17:37:05', 3284, 'com.runwaysdk.system.metadata.MdAction', 1, 'runwaysdk.com', NULL, NULL, '0000000000000000000000000000001000000000000000000000000000000003', '2011-10-13 17:37:05', 'com.runwaysdk.system.FieldOperationController.view');
INSERT INTO controller_action ( key_name, locked_by, id, owner, entity_domain, created_by, type, last_update_date, create_date, seq, last_updated_by, site_master, parent_id, child_id) VALUES ('com.runwaysdk.system.FieldOperationController.view', NULL, '8wfgytw9jsa4vx5padkln89c0lmhwd2kJS200807230000000000000000111111', '0000000000000000000000000000001000000000000000000000000000000003', NULL, '0000000000000000000000000000001000000000000000000000000000000003', 'com.runwaysdk.system.ControllerAction', '2011-10-13 17:37:05', '2011-10-13 17:37:05', 3285, '0000000000000000000000000000001000000000000000000000000000000003', 'runwaysdk.com', '70meqxcgcn32zot38sa0bhhiq1xz1cogNM200810110000000000000000000112', '2abfbil88bfkdihpkox593h8n9a8zy65NM200810110000000000000000000113');
INSERT INTO metadata_display_label ( default_locale, id, site_master, key_name) VALUES ('Parameter: com.runwaysdk.system.FieldOperation - id', 'xrk9t3rrxce4xjd5m2yibw2ra0ujfl2bNM200904120000000000000000000030', 'runwaysdk.com', 'xrk9t3rrxce4xjd5m2yibw2ra0ujfl2bNM200904120000000000000000000030');
INSERT INTO metadata_display_label ( default_locale, id, site_master, key_name) VALUES ('Id of com.runwaysdk.system.FieldOperation to view.', 'zebvvi3psoh96z2vuiye41lyo18g4kltNM200904120000000000000000000030', 'runwaysdk.com', 'zebvvi3psoh96z2vuiye41lyo18g4kltNM200904120000000000000000000030');
INSERT INTO md_parameter ( metadata, parameter_order, parameter_name, parameter_type, display_label, id) VALUES ('2abfbil88bfkdihpkox593h8n9a8zy65NM200810110000000000000000000113', 0, 'id', 'java.lang.String', 'xrk9t3rrxce4xjd5m2yibw2ra0ujfl2bNM200904120000000000000000000030', 'xv4fvlvdr1qaa5grm757tzz0fn3jneyo20070427JS0000000000000000001517');
INSERT INTO metadata ( description, created_by, owner, id, create_date, seq, type, remove, site_master, locked_by, entity_domain, last_updated_by, last_update_date, key_name) VALUES ('zebvvi3psoh96z2vuiye41lyo18g4kltNM200904120000000000000000000030', '0000000000000000000000000000001000000000000000000000000000000003', '0000000000000000000000000000001000000000000000000000000000000003', 'xv4fvlvdr1qaa5grm757tzz0fn3jneyo20070427JS0000000000000000001517', '2011-10-13 17:37:05', 3286, 'com.runwaysdk.system.metadata.MdParameter', 1, 'runwaysdk.com', NULL, NULL, '0000000000000000000000000000001000000000000000000000000000000003', '2011-10-13 17:37:05', 'com.runwaysdk.system.FieldOperationController.view.id');
INSERT INTO metadata_parameter ( site_master, last_updated_by, create_date, seq, locked_by, entity_domain, created_by, type, last_update_date, key_name, owner, id, parent_id, child_id) VALUES ('runwaysdk.com', '0000000000000000000000000000001000000000000000000000000000000003', '2011-10-13 17:37:05', 3287, NULL, NULL, '0000000000000000000000000000001000000000000000000000000000000003', 'com.runwaysdk.system.MetadataParameter', '2011-10-13 17:37:05', 'com.runwaysdk.system.FieldOperationController.view.id', '0000000000000000000000000000001000000000000000000000000000000003', 'zmr3jvqjlg0m92rvqllxg21chlbwwwu520070427JS0000000000000000001524', '2abfbil88bfkdihpkox593h8n9a8zy65NM200810110000000000000000000113', 'xv4fvlvdr1qaa5grm757tzz0fn3jneyo20070427JS0000000000000000001517');
INSERT INTO metadata_display_label ( default_locale, id, site_master, key_name) VALUES ('New Instance', '24ipyq4zna7zkvffxynxjggd23g0mqvjNM200904120000000000000000000030', 'runwaysdk.com', '24ipyq4zna7zkvffxynxjggd23g0mqvjNM200904120000000000000000000030');
INSERT INTO metadata_display_label ( default_locale, id, site_master, key_name) VALUES ('Loads a new instance of com.runwaysdk.system.FieldOperation into the request object', '8yy46xiawrvfczuib22n99mccn21wed3NM200904120000000000000000000030', 'runwaysdk.com', '8yy46xiawrvfczuib22n99mccn21wed3NM200904120000000000000000000030');
INSERT INTO md_action ( is_query, enclosing_md_controller, is_post, action_name, display_label, id) VALUES (0, '70meqxcgcn32zot38sa0bhhiq1xz1cogNM200810110000000000000000000112', 0, 'newInstance', '24ipyq4zna7zkvffxynxjggd23g0mqvjNM200904120000000000000000000030', '2az701njn75okj2viq7ezqphow9lzvlcNM200810110000000000000000000113');
INSERT INTO metadata ( description, created_by, owner, id, create_date, seq, type, remove, site_master, locked_by, entity_domain, last_updated_by, last_update_date, key_name) VALUES ('8yy46xiawrvfczuib22n99mccn21wed3NM200904120000000000000000000030', '0000000000000000000000000000001000000000000000000000000000000003', '0000000000000000000000000000001000000000000000000000000000000003', '2az701njn75okj2viq7ezqphow9lzvlcNM200810110000000000000000000113', '2011-10-13 17:37:05', 3288, 'com.runwaysdk.system.metadata.MdAction', 1, 'runwaysdk.com', NULL, NULL, '0000000000000000000000000000001000000000000000000000000000000003', '2011-10-13 17:37:05', 'com.runwaysdk.system.FieldOperationController.newInstance');
INSERT INTO controller_action ( key_name, locked_by, id, owner, entity_domain, created_by, type, last_update_date, create_date, seq, last_updated_by, site_master, parent_id, child_id) VALUES ('com.runwaysdk.system.FieldOperationController.newInstance', NULL, 'reco3341s1ezcj7ueo0ghz0bb5f2fh7zJS200807230000000000000000111111', '0000000000000000000000000000001000000000000000000000000000000003', NULL, '0000000000000000000000000000001000000000000000000000000000000003', 'com.runwaysdk.system.ControllerAction', '2011-10-13 17:37:05', '2011-10-13 17:37:05', 3289, '0000000000000000000000000000001000000000000000000000000000000003', 'runwaysdk.com', '70meqxcgcn32zot38sa0bhhiq1xz1cogNM200810110000000000000000000112', '2az701njn75okj2viq7ezqphow9lzvlcNM200810110000000000000000000113');
INSERT INTO metadata_display_label ( default_locale, id, site_master, key_name) VALUES ('Create', '8xl6k0aaieq8u33dfvocbzmr3uydvm52NM200904120000000000000000000030', 'runwaysdk.com', '8xl6k0aaieq8u33dfvocbzmr3uydvm52NM200904120000000000000000000030');
INSERT INTO metadata_display_label ( default_locale, id, site_master, key_name) VALUES ('Applys a new instance of com.runwaysdk.system.FieldOperation', '71grzhuyvmhv539kenavauq0aocogg3sNM200904120000000000000000000030', 'runwaysdk.com', '71grzhuyvmhv539kenavauq0aocogg3sNM200904120000000000000000000030');
INSERT INTO md_action ( is_query, enclosing_md_controller, is_post, action_name, display_label, id) VALUES (0, '70meqxcgcn32zot38sa0bhhiq1xz1cogNM200810110000000000000000000112', 1, 'create', '8xl6k0aaieq8u33dfvocbzmr3uydvm52NM200904120000000000000000000030', 'yy3e07vqp16r8v8l2dzqr5p78c4il190NM200810110000000000000000000113');
INSERT INTO metadata ( description, created_by, owner, id, create_date, seq, type, remove, site_master, locked_by, entity_domain, last_updated_by, last_update_date, key_name) VALUES ('71grzhuyvmhv539kenavauq0aocogg3sNM200904120000000000000000000030', '0000000000000000000000000000001000000000000000000000000000000003', '0000000000000000000000000000001000000000000000000000000000000003', 'yy3e07vqp16r8v8l2dzqr5p78c4il190NM200810110000000000000000000113', '2011-10-13 17:37:05', 3290, 'com.runwaysdk.system.metadata.MdAction', 1, 'runwaysdk.com', NULL, NULL, '0000000000000000000000000000001000000000000000000000000000000003', '2011-10-13 17:37:05', 'com.runwaysdk.system.FieldOperationController.create');
INSERT INTO controller_action ( key_name, locked_by, id, owner, entity_domain, created_by, type, last_update_date, create_date, seq, last_updated_by, site_master, parent_id, child_id) VALUES ('com.runwaysdk.system.FieldOperationController.create', NULL, '6oq1sb3y0shljmw98y53i00f3vfm55hvJS200807230000000000000000111111', '0000000000000000000000000000001000000000000000000000000000000003', NULL, '0000000000000000000000000000001000000000000000000000000000000003', 'com.runwaysdk.system.ControllerAction', '2011-10-13 17:37:05', '2011-10-13 17:37:05', 3291, '0000000000000000000000000000001000000000000000000000000000000003', 'runwaysdk.com', '70meqxcgcn32zot38sa0bhhiq1xz1cogNM200810110000000000000000000112', 'yy3e07vqp16r8v8l2dzqr5p78c4il190NM200810110000000000000000000113');
INSERT INTO metadata_display_label ( default_locale, id, site_master, key_name) VALUES ('Parameter: com.runwaysdk.system.FieldOperation', 'yxkw8qu225c1ywzn1kwzvlxe10c7eq4rNM200904120000000000000000000030', 'runwaysdk.com', 'yxkw8qu225c1ywzn1kwzvlxe10c7eq4rNM200904120000000000000000000030');
INSERT INTO metadata_display_label ( default_locale, id, site_master, key_name) VALUES ('com.runwaysdk.system.FieldOperation to apply to the database', 'x9pjal4m0veddaa6nmrvrs39ap8gwa37NM200904120000000000000000000030', 'runwaysdk.com', 'x9pjal4m0veddaa6nmrvrs39ap8gwa37NM200904120000000000000000000030');
INSERT INTO md_parameter ( metadata, parameter_order, parameter_name, parameter_type, display_label, id) VALUES ('yy3e07vqp16r8v8l2dzqr5p78c4il190NM200810110000000000000000000113', 0, 'dto', 'com.runwaysdk.system.FieldOperation', 'yxkw8qu225c1ywzn1kwzvlxe10c7eq4rNM200904120000000000000000000030', '6zlkzayzg6f4px5swz4agl78n81v0ofq20070427JS0000000000000000001517');
INSERT INTO metadata ( description, created_by, owner, id, create_date, seq, type, remove, site_master, locked_by, entity_domain, last_updated_by, last_update_date, key_name) VALUES ('x9pjal4m0veddaa6nmrvrs39ap8gwa37NM200904120000000000000000000030', '0000000000000000000000000000001000000000000000000000000000000003', '0000000000000000000000000000001000000000000000000000000000000003', '6zlkzayzg6f4px5swz4agl78n81v0ofq20070427JS0000000000000000001517', '2011-10-13 17:37:05', 3292, 'com.runwaysdk.system.metadata.MdParameter', 1, 'runwaysdk.com', NULL, NULL, '0000000000000000000000000000001000000000000000000000000000000003', '2011-10-13 17:37:05', 'com.runwaysdk.system.FieldOperationController.create.dto');
INSERT INTO metadata_parameter ( site_master, last_updated_by, create_date, seq, locked_by, entity_domain, created_by, type, last_update_date, key_name, owner, id, parent_id, child_id) VALUES ('runwaysdk.com', '0000000000000000000000000000001000000000000000000000000000000003', '2011-10-13 17:37:05', 3293, NULL, NULL, '0000000000000000000000000000001000000000000000000000000000000003', 'com.runwaysdk.system.MetadataParameter', '2011-10-13 17:37:05', 'com.runwaysdk.system.FieldOperationController.create.dto', '0000000000000000000000000000001000000000000000000000000000000003', '00fke61ids93uwgu10l3w1hwbt7oo0ey20070427JS0000000000000000001524', 'yy3e07vqp16r8v8l2dzqr5p78c4il190NM200810110000000000000000000113', '6zlkzayzg6f4px5swz4agl78n81v0ofq20070427JS0000000000000000001517');
INSERT INTO metadata_display_label ( default_locale, id, site_master, key_name) VALUES ('edit', 'yz322lxk1x9wp18rmkwqxezwvkzcbjp5NM200904120000000000000000000030', 'runwaysdk.com', 'yz322lxk1x9wp18rmkwqxezwvkzcbjp5NM200904120000000000000000000030');
INSERT INTO metadata_display_label ( default_locale, id, site_master, key_name) VALUES ('Applys an existing instance of com.runwaysdk.system.FieldOperation', '91l32tig5z2v3pp1prfczu96xsqyd7huNM200904120000000000000000000030', 'runwaysdk.com', '91l32tig5z2v3pp1prfczu96xsqyd7huNM200904120000000000000000000030');
INSERT INTO md_action ( is_query, enclosing_md_controller, is_post, action_name, display_label, id) VALUES (0, '70meqxcgcn32zot38sa0bhhiq1xz1cogNM200810110000000000000000000112', 0, 'edit', 'yz322lxk1x9wp18rmkwqxezwvkzcbjp5NM200904120000000000000000000030', '8qj1m818gapcfdy22qssun8jze0rchpwNM200810110000000000000000000113');
INSERT INTO metadata ( description, created_by, owner, id, create_date, seq, type, remove, site_master, locked_by, entity_domain, last_updated_by, last_update_date, key_name) VALUES ('91l32tig5z2v3pp1prfczu96xsqyd7huNM200904120000000000000000000030', '0000000000000000000000000000001000000000000000000000000000000003', '0000000000000000000000000000001000000000000000000000000000000003', '8qj1m818gapcfdy22qssun8jze0rchpwNM200810110000000000000000000113', '2011-10-13 17:37:05', 3294, 'com.runwaysdk.system.metadata.MdAction', 1, 'runwaysdk.com', NULL, NULL, '0000000000000000000000000000001000000000000000000000000000000003', '2011-10-13 17:37:05', 'com.runwaysdk.system.FieldOperationController.edit');
INSERT INTO controller_action ( key_name, locked_by, id, owner, entity_domain, created_by, type, last_update_date, create_date, seq, last_updated_by, site_master, parent_id, child_id) VALUES ('com.runwaysdk.system.FieldOperationController.edit', NULL, 'zgotii8ilbhmvg3lgmr7fk9zbzj8wfe7JS200807230000000000000000111111', '0000000000000000000000000000001000000000000000000000000000000003', NULL, '0000000000000000000000000000001000000000000000000000000000000003', 'com.runwaysdk.system.ControllerAction', '2011-10-13 17:37:05', '2011-10-13 17:37:05', 3295, '0000000000000000000000000000001000000000000000000000000000000003', 'runwaysdk.com', '70meqxcgcn32zot38sa0bhhiq1xz1cogNM200810110000000000000000000112', '8qj1m818gapcfdy22qssun8jze0rchpwNM200810110000000000000000000113');
INSERT INTO metadata_display_label ( default_locale, id, site_master, key_name) VALUES ('Parameter: com.runwaysdk.system.FieldOperation', '2g1dy5twzn4h8u8o97tbhiaup1wkm2p5NM200904120000000000000000000030', 'runwaysdk.com', '2g1dy5twzn4h8u8o97tbhiaup1wkm2p5NM200904120000000000000000000030');
INSERT INTO metadata_display_label ( default_locale, id, site_master, key_name) VALUES ('com.runwaysdk.system.FieldOperation to apply to the database', 'qv8gua8zzazxnuz6x7g40a0yhqpqs07zNM200904120000000000000000000030', 'runwaysdk.com', 'qv8gua8zzazxnuz6x7g40a0yhqpqs07zNM200904120000000000000000000030');
INSERT INTO md_parameter ( metadata, parameter_order, parameter_name, parameter_type, display_label, id) VALUES ('8qj1m818gapcfdy22qssun8jze0rchpwNM200810110000000000000000000113', 0, 'id', 'java.lang.String', '2g1dy5twzn4h8u8o97tbhiaup1wkm2p5NM200904120000000000000000000030', 'zhw3jsuiv5t6bewxoz2ntckg8pyeboeh20070427JS0000000000000000001517');
INSERT INTO metadata ( description, created_by, owner, id, create_date, seq, type, remove, site_master, locked_by, entity_domain, last_updated_by, last_update_date, key_name) VALUES ('qv8gua8zzazxnuz6x7g40a0yhqpqs07zNM200904120000000000000000000030', '0000000000000000000000000000001000000000000000000000000000000003', '0000000000000000000000000000001000000000000000000000000000000003', 'zhw3jsuiv5t6bewxoz2ntckg8pyeboeh20070427JS0000000000000000001517', '2011-10-13 17:37:05', 3296, 'com.runwaysdk.system.metadata.MdParameter', 1, 'runwaysdk.com', NULL, NULL, '0000000000000000000000000000001000000000000000000000000000000003', '2011-10-13 17:37:05', 'com.runwaysdk.system.FieldOperationController.edit.id');
INSERT INTO metadata_parameter ( site_master, last_updated_by, create_date, seq, locked_by, entity_domain, created_by, type, last_update_date, key_name, owner, id, parent_id, child_id) VALUES ('runwaysdk.com', '0000000000000000000000000000001000000000000000000000000000000003', '2011-10-13 17:37:05', 3297, NULL, NULL, '0000000000000000000000000000001000000000000000000000000000000003', 'com.runwaysdk.system.MetadataParameter', '2011-10-13 17:37:05', 'com.runwaysdk.system.FieldOperationController.edit.id', '0000000000000000000000000000001000000000000000000000000000000003', 'szrgsuqgxk5are9ml75pg982y3ggyylq20070427JS0000000000000000001524', '8qj1m818gapcfdy22qssun8jze0rchpwNM200810110000000000000000000113', 'zhw3jsuiv5t6bewxoz2ntckg8pyeboeh20070427JS0000000000000000001517');
INSERT INTO metadata_display_label ( default_locale, id, site_master, key_name) VALUES ('update', '75epmb0kurz75s4bbwby5ru73ynnohcuNM200904120000000000000000000030', 'runwaysdk.com', '75epmb0kurz75s4bbwby5ru73ynnohcuNM200904120000000000000000000030');
INSERT INTO metadata_display_label ( default_locale, id, site_master, key_name) VALUES ('Applys an existing instance of com.runwaysdk.system.FieldOperation', 'sw51qcaepx1bnjobe45dtt8he8bi13wbNM200904120000000000000000000030', 'runwaysdk.com', 'sw51qcaepx1bnjobe45dtt8he8bi13wbNM200904120000000000000000000030');
INSERT INTO md_action ( is_query, enclosing_md_controller, is_post, action_name, display_label, id) VALUES (0, '70meqxcgcn32zot38sa0bhhiq1xz1cogNM200810110000000000000000000112', 1, 'update', '75epmb0kurz75s4bbwby5ru73ynnohcuNM200904120000000000000000000030', 'soqmyxfhi8gb61gf6xy1ppq6bj95zmtwNM200810110000000000000000000113');
INSERT INTO metadata ( description, created_by, owner, id, create_date, seq, type, remove, site_master, locked_by, entity_domain, last_updated_by, last_update_date, key_name) VALUES ('sw51qcaepx1bnjobe45dtt8he8bi13wbNM200904120000000000000000000030', '0000000000000000000000000000001000000000000000000000000000000003', '0000000000000000000000000000001000000000000000000000000000000003', 'soqmyxfhi8gb61gf6xy1ppq6bj95zmtwNM200810110000000000000000000113', '2011-10-13 17:37:05', 3298, 'com.runwaysdk.system.metadata.MdAction', 1, 'runwaysdk.com', NULL, NULL, '0000000000000000000000000000001000000000000000000000000000000003', '2011-10-13 17:37:05', 'com.runwaysdk.system.FieldOperationController.update');
INSERT INTO controller_action ( key_name, locked_by, id, owner, entity_domain, created_by, type, last_update_date, create_date, seq, last_updated_by, site_master, parent_id, child_id) VALUES ('com.runwaysdk.system.FieldOperationController.update', NULL, '04ti8xbg0hltsimpkuhvpoiaq5a9030rJS200807230000000000000000111111', '0000000000000000000000000000001000000000000000000000000000000003', NULL, '0000000000000000000000000000001000000000000000000000000000000003', 'com.runwaysdk.system.ControllerAction', '2011-10-13 17:37:05', '2011-10-13 17:37:05', 3299, '0000000000000000000000000000001000000000000000000000000000000003', 'runwaysdk.com', '70meqxcgcn32zot38sa0bhhiq1xz1cogNM200810110000000000000000000112', 'soqmyxfhi8gb61gf6xy1ppq6bj95zmtwNM200810110000000000000000000113');
INSERT INTO metadata_display_label ( default_locale, id, site_master, key_name) VALUES ('Parameter: com.runwaysdk.system.FieldOperation - dto', 'r0aj0by8526ycbdtqh041dap32fft59lNM200904120000000000000000000030', 'runwaysdk.com', 'r0aj0by8526ycbdtqh041dap32fft59lNM200904120000000000000000000030');
INSERT INTO metadata_display_label ( default_locale, id, site_master, key_name) VALUES ('com.runwaysdk.system.FieldOperation to apply to the database', 'zdgbx0fc4ucngdfxg6ni6s2be8456ax3NM200904120000000000000000000030', 'runwaysdk.com', 'zdgbx0fc4ucngdfxg6ni6s2be8456ax3NM200904120000000000000000000030');
INSERT INTO md_parameter ( metadata, parameter_order, parameter_name, parameter_type, display_label, id) VALUES ('soqmyxfhi8gb61gf6xy1ppq6bj95zmtwNM200810110000000000000000000113', 0, 'dto', 'com.runwaysdk.system.FieldOperation', 'r0aj0by8526ycbdtqh041dap32fft59lNM200904120000000000000000000030', 'xc56233bjmoadj20v9nyjasanov3lj4i20070427JS0000000000000000001517');
INSERT INTO metadata ( description, created_by, owner, id, create_date, seq, type, remove, site_master, locked_by, entity_domain, last_updated_by, last_update_date, key_name) VALUES ('zdgbx0fc4ucngdfxg6ni6s2be8456ax3NM200904120000000000000000000030', '0000000000000000000000000000001000000000000000000000000000000003', '0000000000000000000000000000001000000000000000000000000000000003', 'xc56233bjmoadj20v9nyjasanov3lj4i20070427JS0000000000000000001517', '2011-10-13 17:37:05', 3300, 'com.runwaysdk.system.metadata.MdParameter', 1, 'runwaysdk.com', NULL, NULL, '0000000000000000000000000000001000000000000000000000000000000003', '2011-10-13 17:37:05', 'com.runwaysdk.system.FieldOperationController.update.dto');
INSERT INTO metadata_parameter ( site_master, last_updated_by, create_date, seq, locked_by, entity_domain, created_by, type, last_update_date, key_name, owner, id, parent_id, child_id) VALUES ('runwaysdk.com', '0000000000000000000000000000001000000000000000000000000000000003', '2011-10-13 17:37:05', 3301, NULL, NULL, '0000000000000000000000000000001000000000000000000000000000000003', 'com.runwaysdk.system.MetadataParameter', '2011-10-13 17:37:05', 'com.runwaysdk.system.FieldOperationController.update.dto', '0000000000000000000000000000001000000000000000000000000000000003', '2597p618x4ppqcpzoe2kilhbj1zbmm6820070427JS0000000000000000001524', 'soqmyxfhi8gb61gf6xy1ppq6bj95zmtwNM200810110000000000000000000113', 'xc56233bjmoadj20v9nyjasanov3lj4i20070427JS0000000000000000001517');
INSERT INTO metadata_display_label ( default_locale, id, site_master, key_name) VALUES ('cancel', '261xhmaay7q7qaoeier4jtxbc6xv40hmNM200904120000000000000000000030', 'runwaysdk.com', '261xhmaay7q7qaoeier4jtxbc6xv40hmNM200904120000000000000000000030');
INSERT INTO metadata_display_label ( default_locale, id, site_master, key_name) VALUES ('Unlocks an instance com.runwaysdk.system.FieldOperation', 'zfkflyfhhau2852ky53zo8fkqn37io3jNM200904120000000000000000000030', 'runwaysdk.com', 'zfkflyfhhau2852ky53zo8fkqn37io3jNM200904120000000000000000000030');
INSERT INTO md_action ( is_query, enclosing_md_controller, is_post, action_name, display_label, id) VALUES (0, '70meqxcgcn32zot38sa0bhhiq1xz1cogNM200810110000000000000000000112', 1, 'cancel', '261xhmaay7q7qaoeier4jtxbc6xv40hmNM200904120000000000000000000030', '0226t75xvwa44qca5uaxye9cy9l8aghkNM200810110000000000000000000113');
INSERT INTO metadata ( description, created_by, owner, id, create_date, seq, type, remove, site_master, locked_by, entity_domain, last_updated_by, last_update_date, key_name) VALUES ('zfkflyfhhau2852ky53zo8fkqn37io3jNM200904120000000000000000000030', '0000000000000000000000000000001000000000000000000000000000000003', '0000000000000000000000000000001000000000000000000000000000000003', '0226t75xvwa44qca5uaxye9cy9l8aghkNM200810110000000000000000000113', '2011-10-13 17:37:05', 3302, 'com.runwaysdk.system.metadata.MdAction', 1, 'runwaysdk.com', NULL, NULL, '0000000000000000000000000000001000000000000000000000000000000003', '2011-10-13 17:37:05', 'com.runwaysdk.system.FieldOperationController.cancel');
INSERT INTO controller_action ( key_name, locked_by, id, owner, entity_domain, created_by, type, last_update_date, create_date, seq, last_updated_by, site_master, parent_id, child_id) VALUES ('com.runwaysdk.system.FieldOperationController.cancel', NULL, '1rry7vlm0n8o3ev38lyknyrxoq5sozpaJS200807230000000000000000111111', '0000000000000000000000000000001000000000000000000000000000000003', NULL, '0000000000000000000000000000001000000000000000000000000000000003', 'com.runwaysdk.system.ControllerAction', '2011-10-13 17:37:05', '2011-10-13 17:37:05', 3303, '0000000000000000000000000000001000000000000000000000000000000003', 'runwaysdk.com', '70meqxcgcn32zot38sa0bhhiq1xz1cogNM200810110000000000000000000112', '0226t75xvwa44qca5uaxye9cy9l8aghkNM200810110000000000000000000113');
INSERT INTO metadata_display_label ( default_locale, id, site_master, key_name) VALUES ('Parameter: com.runwaysdk.system.FieldOperation - dto', 'xn04hlu3kb8c9edj1fa6awhcdb2tdu9zNM200904120000000000000000000030', 'runwaysdk.com', 'xn04hlu3kb8c9edj1fa6awhcdb2tdu9zNM200904120000000000000000000030');
INSERT INTO metadata_display_label ( default_locale, id, site_master, key_name) VALUES ('com.runwaysdk.system.FieldOperation to unlock', 's9qhdkckiede1stugc5rmo4jj2yq3bq6NM200904120000000000000000000030', 'runwaysdk.com', 's9qhdkckiede1stugc5rmo4jj2yq3bq6NM200904120000000000000000000030');
INSERT INTO md_parameter ( metadata, parameter_order, parameter_name, parameter_type, display_label, id) VALUES ('0226t75xvwa44qca5uaxye9cy9l8aghkNM200810110000000000000000000113', 0, 'dto', 'com.runwaysdk.system.FieldOperation', 'xn04hlu3kb8c9edj1fa6awhcdb2tdu9zNM200904120000000000000000000030', '79wnamucagkgl3mju45ocqyqqudp10nk20070427JS0000000000000000001517');
INSERT INTO metadata ( description, created_by, owner, id, create_date, seq, type, remove, site_master, locked_by, entity_domain, last_updated_by, last_update_date, key_name) VALUES ('s9qhdkckiede1stugc5rmo4jj2yq3bq6NM200904120000000000000000000030', '0000000000000000000000000000001000000000000000000000000000000003', '0000000000000000000000000000001000000000000000000000000000000003', '79wnamucagkgl3mju45ocqyqqudp10nk20070427JS0000000000000000001517', '2011-10-13 17:37:05', 3304, 'com.runwaysdk.system.metadata.MdParameter', 1, 'runwaysdk.com', NULL, NULL, '0000000000000000000000000000001000000000000000000000000000000003', '2011-10-13 17:37:05', 'com.runwaysdk.system.FieldOperationController.cancel.dto');
INSERT INTO metadata_parameter ( site_master, last_updated_by, create_date, seq, locked_by, entity_domain, created_by, type, last_update_date, key_name, owner, id, parent_id, child_id) VALUES ('runwaysdk.com', '0000000000000000000000000000001000000000000000000000000000000003', '2011-10-13 17:37:05', 3305, NULL, NULL, '0000000000000000000000000000001000000000000000000000000000000003', 'com.runwaysdk.system.MetadataParameter', '2011-10-13 17:37:05', 'com.runwaysdk.system.FieldOperationController.cancel.dto', '0000000000000000000000000000001000000000000000000000000000000003', '928ykgia7zpy8ast7vh95wyjkti945ou20070427JS0000000000000000001524', '0226t75xvwa44qca5uaxye9cy9l8aghkNM200810110000000000000000000113', '79wnamucagkgl3mju45ocqyqqudp10nk20070427JS0000000000000000001517');
INSERT INTO metadata_display_label ( default_locale, id, site_master, key_name) VALUES ('delete', '6xyty6cmmaoh2by3nq6ge6bcsfd6hvl2NM200904120000000000000000000030', 'runwaysdk.com', '6xyty6cmmaoh2by3nq6ge6bcsfd6hvl2NM200904120000000000000000000030');
INSERT INTO metadata_display_label ( default_locale, id, site_master, key_name) VALUES ('Delete an instance of com.runwaysdk.system.FieldOperation', 'xh82bzrtvk2dq1ku6dl7vbzkyj0kliw4NM200904120000000000000000000030', 'runwaysdk.com', 'xh82bzrtvk2dq1ku6dl7vbzkyj0kliw4NM200904120000000000000000000030');
INSERT INTO md_action ( is_query, enclosing_md_controller, is_post, action_name, display_label, id) VALUES (0, '70meqxcgcn32zot38sa0bhhiq1xz1cogNM200810110000000000000000000112', 1, 'delete', '6xyty6cmmaoh2by3nq6ge6bcsfd6hvl2NM200904120000000000000000000030', 'rcfdxoaf0s1zj88q8w0pz9sdmwgi7b2jNM200810110000000000000000000113');
INSERT INTO metadata ( description, created_by, owner, id, create_date, seq, type, remove, site_master, locked_by, entity_domain, last_updated_by, last_update_date, key_name) VALUES ('xh82bzrtvk2dq1ku6dl7vbzkyj0kliw4NM200904120000000000000000000030', '0000000000000000000000000000001000000000000000000000000000000003', '0000000000000000000000000000001000000000000000000000000000000003', 'rcfdxoaf0s1zj88q8w0pz9sdmwgi7b2jNM200810110000000000000000000113', '2011-10-13 17:37:05', 3306, 'com.runwaysdk.system.metadata.MdAction', 1, 'runwaysdk.com', NULL, NULL, '0000000000000000000000000000001000000000000000000000000000000003', '2011-10-13 17:37:05', 'com.runwaysdk.system.FieldOperationController.delete');
INSERT INTO controller_action ( key_name, locked_by, id, owner, entity_domain, created_by, type, last_update_date, create_date, seq, last_updated_by, site_master, parent_id, child_id) VALUES ('com.runwaysdk.system.FieldOperationController.delete', NULL, '8sv85i1w1qry25orbxt7g0nejw0948dkJS200807230000000000000000111111', '0000000000000000000000000000001000000000000000000000000000000003', NULL, '0000000000000000000000000000001000000000000000000000000000000003', 'com.runwaysdk.system.ControllerAction', '2011-10-13 17:37:05', '2011-10-13 17:37:05', 3307, '0000000000000000000000000000001000000000000000000000000000000003', 'runwaysdk.com', '70meqxcgcn32zot38sa0bhhiq1xz1cogNM200810110000000000000000000112', 'rcfdxoaf0s1zj88q8w0pz9sdmwgi7b2jNM200810110000000000000000000113');
INSERT INTO metadata_display_label ( default_locale, id, site_master, key_name) VALUES ('Parameter: com.runwaysdk.system.FieldOperation - dto', '8ldnqhpr6p6rugw2q3vtznkd9r6kc1zjNM200904120000000000000000000030', 'runwaysdk.com', '8ldnqhpr6p6rugw2q3vtznkd9r6kc1zjNM200904120000000000000000000030');
INSERT INTO metadata_display_label ( default_locale, id, site_master, key_name) VALUES ('com.runwaysdk.system.FieldOperation to delete', '7bbngxgp7qoegp41ip8swf5m34ruyz58NM200904120000000000000000000030', 'runwaysdk.com', '7bbngxgp7qoegp41ip8swf5m34ruyz58NM200904120000000000000000000030');
INSERT INTO md_parameter ( metadata, parameter_order, parameter_name, parameter_type, display_label, id) VALUES ('rcfdxoaf0s1zj88q8w0pz9sdmwgi7b2jNM200810110000000000000000000113', 0, 'dto', 'com.runwaysdk.system.FieldOperation', '8ldnqhpr6p6rugw2q3vtznkd9r6kc1zjNM200904120000000000000000000030', '0jzx4irwi3ufftd30b5cisl20604rl7b20070427JS0000000000000000001517');
INSERT INTO metadata ( description, created_by, owner, id, create_date, seq, type, remove, site_master, locked_by, entity_domain, last_updated_by, last_update_date, key_name) VALUES ('7bbngxgp7qoegp41ip8swf5m34ruyz58NM200904120000000000000000000030', '0000000000000000000000000000001000000000000000000000000000000003', '0000000000000000000000000000001000000000000000000000000000000003', '0jzx4irwi3ufftd30b5cisl20604rl7b20070427JS0000000000000000001517', '2011-10-13 17:37:05', 3308, 'com.runwaysdk.system.metadata.MdParameter', 1, 'runwaysdk.com', NULL, NULL, '0000000000000000000000000000001000000000000000000000000000000003', '2011-10-13 17:37:05', 'com.runwaysdk.system.FieldOperationController.delete.dto');
INSERT INTO metadata_parameter ( site_master, last_updated_by, create_date, seq, locked_by, entity_domain, created_by, type, last_update_date, key_name, owner, id, parent_id, child_id) VALUES ('runwaysdk.com', '0000000000000000000000000000001000000000000000000000000000000003', '2011-10-13 17:37:05', 3309, NULL, NULL, '0000000000000000000000000000001000000000000000000000000000000003', 'com.runwaysdk.system.MetadataParameter', '2011-10-13 17:37:05', 'com.runwaysdk.system.FieldOperationController.delete.dto', '0000000000000000000000000000001000000000000000000000000000000003', '762s5adwanfgrz8kfjw4cnuaicdn98rt20070427JS0000000000000000001524', 'rcfdxoaf0s1zj88q8w0pz9sdmwgi7b2jNM200810110000000000000000000113', '0jzx4irwi3ufftd30b5cisl20604rl7b20070427JS0000000000000000001517');
INSERT INTO business_inheritance ( id, parent_id, child_id) VALUES ('slvdncg3gaymmnt77h2oqiv5xj62c86o20070926NM0000000000000000000004', '0000000000000000000000000000020600000000000000000000000000000001', 'qw3orcndphag3pbm1a8vsxygok725za300000000000000000000000000000001');
INSERT INTO class_inheritance ( id, parent_id, child_id) VALUES ('slvdncg3gaymmnt77h2oqiv5xj62c86o20070926NM0000000000000000000004', '0000000000000000000000000000020600000000000000000000000000000001', 'qw3orcndphag3pbm1a8vsxygok725za300000000000000000000000000000001');
INSERT INTO metadata_relationship ( entity_domain, site_master, last_updated_by, id, owner, locked_by, create_date, type, created_by, seq, key_name, last_update_date, parent_id, child_id) VALUES (NULL, 'runwaysdk.com', '0000000000000000000000000000001000000000000000000000000000000003', 'slvdncg3gaymmnt77h2oqiv5xj62c86o20070926NM0000000000000000000004', '0000000000000000000000000000001000000000000000000000000000000003', NULL, '2011-10-13 17:37:05', 'com.runwaysdk.system.metadata.BusinessInheritance', '0000000000000000000000000000001000000000000000000000000000000003', 3310, 'slvdncg3gaymmnt77h2oqiv5xj62c86o20070926NM0000000000000000000004', '2011-10-13 17:37:05', '0000000000000000000000000000020600000000000000000000000000000001', 'qw3orcndphag3pbm1a8vsxygok725za300000000000000000000000000000001');
INSERT INTO metadata_display_label ( default_locale, id, site_master, key_name) VALUES ('Equals', 'sfoyk8ep08mv7fvlsrszlqxdvsj1rdioNM200904120000000000000000000030', 'runwaysdk.com', 'sfoyk8ep08mv7fvlsrszlqxdvsj1rdioNM200904120000000000000000000030');
INSERT INTO field_operation ( id) VALUES ('8xu8ujnod6rxgrkodsumgxi9uefdyayrqw3orcndphag3pbm1a8vsxygok725za3');
INSERT INTO enumeration_master ( create_date, locked_by, owner, site_master, type, last_update_date, id, entity_domain, key_name, display_label, enum_name, created_by, seq, last_updated_by) VALUES ('2011-10-13 17:37:05', NULL, '0000000000000000000000000000001000000000000000000000000000000003', 'runwaysdk.com', 'com.runwaysdk.system.FieldOperation', '2011-10-13 17:37:05', '8xu8ujnod6rxgrkodsumgxi9uefdyayrqw3orcndphag3pbm1a8vsxygok725za3', NULL, 'com.runwaysdk.system.FieldOperation.EQ', 'sfoyk8ep08mv7fvlsrszlqxdvsj1rdioNM200904120000000000000000000030', 'EQ', '0000000000000000000000000000001000000000000000000000000000000003', 3311, '0000000000000000000000000000001000000000000000000000000000000003');
INSERT INTO metadata_display_label ( default_locale, id, site_master, key_name) VALUES ('Not equals', '1ufd1bji7t8phtw32wkyyzm77mulfucvNM200904120000000000000000000030', 'runwaysdk.com', '1ufd1bji7t8phtw32wkyyzm77mulfucvNM200904120000000000000000000030');
INSERT INTO field_operation ( id) VALUES ('77vuf9bzeyuheuag6t1sktzmyaapevyeqw3orcndphag3pbm1a8vsxygok725za3');
INSERT INTO enumeration_master ( create_date, locked_by, owner, site_master, type, last_update_date, id, entity_domain, key_name, display_label, enum_name, created_by, seq, last_updated_by) VALUES ('2011-10-13 17:37:05', NULL, '0000000000000000000000000000001000000000000000000000000000000003', 'runwaysdk.com', 'com.runwaysdk.system.FieldOperation', '2011-10-13 17:37:05', '77vuf9bzeyuheuag6t1sktzmyaapevyeqw3orcndphag3pbm1a8vsxygok725za3', NULL, 'com.runwaysdk.system.FieldOperation.NEQ', '1ufd1bji7t8phtw32wkyyzm77mulfucvNM200904120000000000000000000030', 'NEQ', '0000000000000000000000000000001000000000000000000000000000000003', 3312, '0000000000000000000000000000001000000000000000000000000000000003');
INSERT INTO metadata_display_label ( default_locale, id, site_master, key_name) VALUES ('Greater than', '8q81ioa3iloerdxyae5w262imu8zc6poNM200904120000000000000000000030', 'runwaysdk.com', '8q81ioa3iloerdxyae5w262imu8zc6poNM200904120000000000000000000030');
INSERT INTO field_operation ( id) VALUES ('znzh5dvixk69xggrtt05wgcthpr57rvqqw3orcndphag3pbm1a8vsxygok725za3');
INSERT INTO enumeration_master ( create_date, locked_by, owner, site_master, type, last_update_date, id, entity_domain, key_name, display_label, enum_name, created_by, seq, last_updated_by) VALUES ('2011-10-13 17:37:05', NULL, '0000000000000000000000000000001000000000000000000000000000000003', 'runwaysdk.com', 'com.runwaysdk.system.FieldOperation', '2011-10-13 17:37:05', 'znzh5dvixk69xggrtt05wgcthpr57rvqqw3orcndphag3pbm1a8vsxygok725za3', NULL, 'com.runwaysdk.system.FieldOperation.GT', '8q81ioa3iloerdxyae5w262imu8zc6poNM200904120000000000000000000030', 'GT', '0000000000000000000000000000001000000000000000000000000000000003', 3313, '0000000000000000000000000000001000000000000000000000000000000003');
INSERT INTO metadata_display_label ( default_locale, id, site_master, key_name) VALUES ('Greater than or equals', '1o2e7aiucu1p1p0tjumvhvzbrjoedmdyNM200904120000000000000000000030', 'runwaysdk.com', '1o2e7aiucu1p1p0tjumvhvzbrjoedmdyNM200904120000000000000000000030');
INSERT INTO field_operation ( id) VALUES ('sw1hzzhygqg4yfo78gzwp5doe7tfltj2qw3orcndphag3pbm1a8vsxygok725za3');
INSERT INTO enumeration_master ( create_date, locked_by, owner, site_master, type, last_update_date, id, entity_domain, key_name, display_label, enum_name, created_by, seq, last_updated_by) VALUES ('2011-10-13 17:37:05', NULL, '0000000000000000000000000000001000000000000000000000000000000003', 'runwaysdk.com', 'com.runwaysdk.system.FieldOperation', '2011-10-13 17:37:05', 'sw1hzzhygqg4yfo78gzwp5doe7tfltj2qw3orcndphag3pbm1a8vsxygok725za3', NULL, 'com.runwaysdk.system.FieldOperation.GTE', '1o2e7aiucu1p1p0tjumvhvzbrjoedmdyNM200904120000000000000000000030', 'GTE', '0000000000000000000000000000001000000000000000000000000000000003', 3314, '0000000000000000000000000000001000000000000000000000000000000003');
INSERT INTO metadata_display_label ( default_locale, id, site_master, key_name) VALUES ('Less than', 'sncd3iawj5wc0xvp5es1vdqai0k0mlfdNM200904120000000000000000000030', 'runwaysdk.com', 'sncd3iawj5wc0xvp5es1vdqai0k0mlfdNM200904120000000000000000000030');
INSERT INTO field_operation ( id) VALUES ('z4vweljd4b5ikg2h3h16fm0kjklyhs8mqw3orcndphag3pbm1a8vsxygok725za3');
INSERT INTO enumeration_master ( create_date, locked_by, owner, site_master, type, last_update_date, id, entity_domain, key_name, display_label, enum_name, created_by, seq, last_updated_by) VALUES ('2011-10-13 17:37:05', NULL, '0000000000000000000000000000001000000000000000000000000000000003', 'runwaysdk.com', 'com.runwaysdk.system.FieldOperation', '2011-10-13 17:37:05', 'z4vweljd4b5ikg2h3h16fm0kjklyhs8mqw3orcndphag3pbm1a8vsxygok725za3', NULL, 'com.runwaysdk.system.FieldOperation.LT', 'sncd3iawj5wc0xvp5es1vdqai0k0mlfdNM200904120000000000000000000030', 'LT', '0000000000000000000000000000001000000000000000000000000000000003', 3315, '0000000000000000000000000000001000000000000000000000000000000003');
INSERT INTO metadata_display_label ( default_locale, id, site_master, key_name) VALUES ('Less than or equals', 'sy9y3k3swjxoaax66nocafgerhkinjweNM200904120000000000000000000030', 'runwaysdk.com', 'sy9y3k3swjxoaax66nocafgerhkinjweNM200904120000000000000000000030');
INSERT INTO field_operation ( id) VALUES ('xdy5u6b41brqfe90lttq7o2nh2sgmaveqw3orcndphag3pbm1a8vsxygok725za3');
INSERT INTO enumeration_master ( create_date, locked_by, owner, site_master, type, last_update_date, id, entity_domain, key_name, display_label, enum_name, created_by, seq, last_updated_by) VALUES ('2011-10-13 17:37:05', NULL, '0000000000000000000000000000001000000000000000000000000000000003', 'runwaysdk.com', 'com.runwaysdk.system.FieldOperation', '2011-10-13 17:37:05', 'xdy5u6b41brqfe90lttq7o2nh2sgmaveqw3orcndphag3pbm1a8vsxygok725za3', NULL, 'com.runwaysdk.system.FieldOperation.LTE', 'sy9y3k3swjxoaax66nocafgerhkinjweNM200904120000000000000000000030', 'LTE', '0000000000000000000000000000001000000000000000000000000000000003', 3316, '0000000000000000000000000000001000000000000000000000000000000003');
INSERT INTO metadata_display_label ( default_locale, id, site_master, key_name) VALUES ('Character operation', 'qzmra5p5n8qg3zssj0wszlwhizgczo87NM200904120000000000000000000030', 'runwaysdk.com', 'qzmra5p5n8qg3zssj0wszlwhizgczo87NM200904120000000000000000000030');
INSERT INTO metadata_display_label ( default_locale, id, site_master, key_name) VALUES ('Character condition operation', '1x70xmhf7ixa8f95dozcgs8amc3dgr22NM200904120000000000000000000030', 'runwaysdk.com', '1x70xmhf7ixa8f95dozcgs8amc3dgr22NM200904120000000000000000000030');
INSERT INTO md_enumeration ( include_all, master_md_business, table_name, id) VALUES (0, 'qw3orcndphag3pbm1a8vsxygok725za300000000000000000000000000000001', 'characteroperation', 'szsrmxeudwjeyu6uej4nuz04w2lotcax00000000000000000000000000000196');
INSERT INTO md_type ( display_label, root_id, package_name, type_name, base_source, js_base, js_stub, exported, dto_source, id) VALUES ('qzmra5p5n8qg3zssj0wszlwhizgczo87NM200904120000000000000000000030', 'szsrmxeudwjeyu6uej4nuz04w2lotcax', 'com.runwaysdk.system', 'CharacterOperation', NULL, NULL, NULL, 1, NULL, 'szsrmxeudwjeyu6uej4nuz04w2lotcax00000000000000000000000000000196');
INSERT INTO metadata ( description, created_by, owner, id, create_date, seq, type, remove, site_master, locked_by, entity_domain, last_updated_by, last_update_date, key_name) VALUES ('1x70xmhf7ixa8f95dozcgs8amc3dgr22NM200904120000000000000000000030', '0000000000000000000000000000001000000000000000000000000000000003', '0000000000000000000000000000001000000000000000000000000000000003', 'szsrmxeudwjeyu6uej4nuz04w2lotcax00000000000000000000000000000196', '2011-10-13 17:37:05', 3317, 'com.runwaysdk.system.metadata.MdEnumeration', 1, 'runwaysdk.com', NULL, NULL, '0000000000000000000000000000001000000000000000000000000000000003', '2011-10-13 17:37:05', 'com.runwaysdk.system.CharacterOperation');
INSERT INTO enumeration_attribute ( id, parent_id, child_id) VALUES ('srhsi5j1uigpcyerxo351pcaeog6ql9200000000000000000000000000000212', 'qw3orcndphag3pbm1a8vsxygok725za300000000000000000000000000000001', 'szsrmxeudwjeyu6uej4nuz04w2lotcax00000000000000000000000000000196');
INSERT INTO metadata_relationship ( entity_domain, site_master, last_updated_by, id, owner, locked_by, create_date, type, created_by, seq, key_name, last_update_date, parent_id, child_id) VALUES (NULL, 'runwaysdk.com', '0000000000000000000000000000001000000000000000000000000000000003', 'srhsi5j1uigpcyerxo351pcaeog6ql9200000000000000000000000000000212', '0000000000000000000000000000001000000000000000000000000000000003', NULL, '2011-10-13 17:37:05', 'com.runwaysdk.system.metadata.EnumerationAttribute', '0000000000000000000000000000001000000000000000000000000000000003', 3318, 'com.runwaysdk.system.CharacterOperation', '2011-10-13 17:37:05', 'qw3orcndphag3pbm1a8vsxygok725za300000000000000000000000000000001', 'szsrmxeudwjeyu6uej4nuz04w2lotcax00000000000000000000000000000196');
CREATE TABLE characteroperation 
(set_id                CHAR(32) NOT NULL, 
item_id CHAR(64) NOT NULL);
CREATE UNIQUE INDEX aszsrmxeudwjeyu6uej4nuz04w2lot ON characteroperation (set_id, item_id);
INSERT INTO enumeration_attribute_item ( id, parent_id, child_id) VALUES ('zi0kl727pc9lrzttq04egnuvf47tu05p00000000000000000000000000000294', 'szsrmxeudwjeyu6uej4nuz04w2lotcax00000000000000000000000000000196', '8xu8ujnod6rxgrkodsumgxi9uefdyayrqw3orcndphag3pbm1a8vsxygok725za3');
INSERT INTO metadata_relationship ( entity_domain, site_master, last_updated_by, id, owner, locked_by, create_date, type, created_by, seq, key_name, last_update_date, parent_id, child_id) VALUES (NULL, 'runwaysdk.com', '0000000000000000000000000000001000000000000000000000000000000003', 'zi0kl727pc9lrzttq04egnuvf47tu05p00000000000000000000000000000294', '0000000000000000000000000000001000000000000000000000000000000003', NULL, '2011-10-13 17:37:05', 'com.runwaysdk.system.metadata.EnumerationAttributeItem', '0000000000000000000000000000001000000000000000000000000000000003', 3319, 'zi0kl727pc9lrzttq04egnuvf47tu05p00000000000000000000000000000294', '2011-10-13 17:37:05', 'szsrmxeudwjeyu6uej4nuz04w2lotcax00000000000000000000000000000196', '8xu8ujnod6rxgrkodsumgxi9uefdyayrqw3orcndphag3pbm1a8vsxygok725za3');
INSERT INTO enumeration_attribute_item ( id, parent_id, child_id) VALUES ('902d4r5636p7f9hlrdczanxmbcpsfd9d00000000000000000000000000000294', 'szsrmxeudwjeyu6uej4nuz04w2lotcax00000000000000000000000000000196', '77vuf9bzeyuheuag6t1sktzmyaapevyeqw3orcndphag3pbm1a8vsxygok725za3');
INSERT INTO metadata_relationship ( entity_domain, site_master, last_updated_by, id, owner, locked_by, create_date, type, created_by, seq, key_name, last_update_date, parent_id, child_id) VALUES (NULL, 'runwaysdk.com', '0000000000000000000000000000001000000000000000000000000000000003', '902d4r5636p7f9hlrdczanxmbcpsfd9d00000000000000000000000000000294', '0000000000000000000000000000001000000000000000000000000000000003', NULL, '2011-10-13 17:37:05', 'com.runwaysdk.system.metadata.EnumerationAttributeItem', '0000000000000000000000000000001000000000000000000000000000000003', 3320, '902d4r5636p7f9hlrdczanxmbcpsfd9d00000000000000000000000000000294', '2011-10-13 17:37:05', 'szsrmxeudwjeyu6uej4nuz04w2lotcax00000000000000000000000000000196', '77vuf9bzeyuheuag6t1sktzmyaapevyeqw3orcndphag3pbm1a8vsxygok725za3');
INSERT INTO metadata_display_label ( default_locale, id, site_master, key_name) VALUES ('Operation', 'zag8trh1nhw0b36hahfk41v1v0df7aa2NM200904120000000000000000000030', 'runwaysdk.com', 'zag8trh1nhw0b36hahfk41v1v0df7aa2NM200904120000000000000000000030');
INSERT INTO metadata_display_label ( default_locale, id, site_master, key_name) VALUES ('Condition operation', '01hdinsnynj25xd6aq9wwdsdtnpw3xcoNM200904120000000000000000000030', 'runwaysdk.com', '01hdinsnynj25xd6aq9wwdsdtnpw3xcoNM200904120000000000000000000030');
INSERT INTO md_enumeration ( include_all, master_md_business, table_name, id) VALUES (1, 'qw3orcndphag3pbm1a8vsxygok725za300000000000000000000000000000001', 'alloperation', '0c46qkgpl4rhtnsv3w3ou93kimna0rg300000000000000000000000000000196');
INSERT INTO md_type ( display_label, root_id, package_name, type_name, base_source, js_base, js_stub, exported, dto_source, id) VALUES ('zag8trh1nhw0b36hahfk41v1v0df7aa2NM200904120000000000000000000030', '0c46qkgpl4rhtnsv3w3ou93kimna0rg3', 'com.runwaysdk.system', 'AllOperation', NULL, NULL, NULL, 1, NULL, '0c46qkgpl4rhtnsv3w3ou93kimna0rg300000000000000000000000000000196');
INSERT INTO metadata ( description, created_by, owner, id, create_date, seq, type, remove, site_master, locked_by, entity_domain, last_updated_by, last_update_date, key_name) VALUES ('01hdinsnynj25xd6aq9wwdsdtnpw3xcoNM200904120000000000000000000030', '0000000000000000000000000000001000000000000000000000000000000003', '0000000000000000000000000000001000000000000000000000000000000003', '0c46qkgpl4rhtnsv3w3ou93kimna0rg300000000000000000000000000000196', '2011-10-13 17:37:05', 3321, 'com.runwaysdk.system.metadata.MdEnumeration', 1, 'runwaysdk.com', NULL, NULL, '0000000000000000000000000000001000000000000000000000000000000003', '2011-10-13 17:37:05', 'com.runwaysdk.system.AllOperation');
INSERT INTO enumeration_attribute ( id, parent_id, child_id) VALUES ('sc0a3aceakjtiop01z4i5ogxqi45sley00000000000000000000000000000212', 'qw3orcndphag3pbm1a8vsxygok725za300000000000000000000000000000001', '0c46qkgpl4rhtnsv3w3ou93kimna0rg300000000000000000000000000000196');
INSERT INTO metadata_relationship ( entity_domain, site_master, last_updated_by, id, owner, locked_by, create_date, type, created_by, seq, key_name, last_update_date, parent_id, child_id) VALUES (NULL, 'runwaysdk.com', '0000000000000000000000000000001000000000000000000000000000000003', 'sc0a3aceakjtiop01z4i5ogxqi45sley00000000000000000000000000000212', '0000000000000000000000000000001000000000000000000000000000000003', NULL, '2011-10-13 17:37:05', 'com.runwaysdk.system.metadata.EnumerationAttribute', '0000000000000000000000000000001000000000000000000000000000000003', 3322, 'com.runwaysdk.system.AllOperation', '2011-10-13 17:37:05', 'qw3orcndphag3pbm1a8vsxygok725za300000000000000000000000000000001', '0c46qkgpl4rhtnsv3w3ou93kimna0rg300000000000000000000000000000196');
INSERT INTO enumeration_attribute_item ( id, parent_id, child_id) VALUES ('x89nz8wlwus8plp98u0bvjcx5a7l3lb500000000000000000000000000000294', '0c46qkgpl4rhtnsv3w3ou93kimna0rg300000000000000000000000000000196', '8xu8ujnod6rxgrkodsumgxi9uefdyayrqw3orcndphag3pbm1a8vsxygok725za3');
INSERT INTO metadata_relationship ( entity_domain, site_master, last_updated_by, id, owner, locked_by, create_date, type, created_by, seq, key_name, last_update_date, parent_id, child_id) VALUES (NULL, 'runwaysdk.com', '0000000000000000000000000000001000000000000000000000000000000003', 'x89nz8wlwus8plp98u0bvjcx5a7l3lb500000000000000000000000000000294', '0000000000000000000000000000001000000000000000000000000000000003', NULL, '2011-10-13 17:37:05', 'com.runwaysdk.system.metadata.EnumerationAttributeItem', '0000000000000000000000000000001000000000000000000000000000000003', 3323, 'x89nz8wlwus8plp98u0bvjcx5a7l3lb500000000000000000000000000000294', '2011-10-13 17:37:05', '0c46qkgpl4rhtnsv3w3ou93kimna0rg300000000000000000000000000000196', '8xu8ujnod6rxgrkodsumgxi9uefdyayrqw3orcndphag3pbm1a8vsxygok725za3');
INSERT INTO enumeration_attribute_item ( id, parent_id, child_id) VALUES ('qtcda91n9ypkvrm2lhtthhpqh2fxzr0200000000000000000000000000000294', '0c46qkgpl4rhtnsv3w3ou93kimna0rg300000000000000000000000000000196', '77vuf9bzeyuheuag6t1sktzmyaapevyeqw3orcndphag3pbm1a8vsxygok725za3');
INSERT INTO metadata_relationship ( entity_domain, site_master, last_updated_by, id, owner, locked_by, create_date, type, created_by, seq, key_name, last_update_date, parent_id, child_id) VALUES (NULL, 'runwaysdk.com', '0000000000000000000000000000001000000000000000000000000000000003', 'qtcda91n9ypkvrm2lhtthhpqh2fxzr0200000000000000000000000000000294', '0000000000000000000000000000001000000000000000000000000000000003', NULL, '2011-10-13 17:37:05', 'com.runwaysdk.system.metadata.EnumerationAttributeItem', '0000000000000000000000000000001000000000000000000000000000000003', 3324, 'qtcda91n9ypkvrm2lhtthhpqh2fxzr0200000000000000000000000000000294', '2011-10-13 17:37:05', '0c46qkgpl4rhtnsv3w3ou93kimna0rg300000000000000000000000000000196', '77vuf9bzeyuheuag6t1sktzmyaapevyeqw3orcndphag3pbm1a8vsxygok725za3');
INSERT INTO enumeration_attribute_item ( id, parent_id, child_id) VALUES ('0b7qfqlcmsfbwjhmrekodz2gw16eh1iv00000000000000000000000000000294', '0c46qkgpl4rhtnsv3w3ou93kimna0rg300000000000000000000000000000196', 'znzh5dvixk69xggrtt05wgcthpr57rvqqw3orcndphag3pbm1a8vsxygok725za3');
INSERT INTO metadata_relationship ( entity_domain, site_master, last_updated_by, id, owner, locked_by, create_date, type, created_by, seq, key_name, last_update_date, parent_id, child_id) VALUES (NULL, 'runwaysdk.com', '0000000000000000000000000000001000000000000000000000000000000003', '0b7qfqlcmsfbwjhmrekodz2gw16eh1iv00000000000000000000000000000294', '0000000000000000000000000000001000000000000000000000000000000003', NULL, '2011-10-13 17:37:05', 'com.runwaysdk.system.metadata.EnumerationAttributeItem', '0000000000000000000000000000001000000000000000000000000000000003', 3325, '0b7qfqlcmsfbwjhmrekodz2gw16eh1iv00000000000000000000000000000294', '2011-10-13 17:37:05', '0c46qkgpl4rhtnsv3w3ou93kimna0rg300000000000000000000000000000196', 'znzh5dvixk69xggrtt05wgcthpr57rvqqw3orcndphag3pbm1a8vsxygok725za3');
INSERT INTO enumeration_attribute_item ( id, parent_id, child_id) VALUES ('y0kywzs8q3x7kv1qfrxkoyiama59a6cq00000000000000000000000000000294', '0c46qkgpl4rhtnsv3w3ou93kimna0rg300000000000000000000000000000196', 'sw1hzzhygqg4yfo78gzwp5doe7tfltj2qw3orcndphag3pbm1a8vsxygok725za3');
INSERT INTO metadata_relationship ( entity_domain, site_master, last_updated_by, id, owner, locked_by, create_date, type, created_by, seq, key_name, last_update_date, parent_id, child_id) VALUES (NULL, 'runwaysdk.com', '0000000000000000000000000000001000000000000000000000000000000003', 'y0kywzs8q3x7kv1qfrxkoyiama59a6cq00000000000000000000000000000294', '0000000000000000000000000000001000000000000000000000000000000003', NULL, '2011-10-13 17:37:05', 'com.runwaysdk.system.metadata.EnumerationAttributeItem', '0000000000000000000000000000001000000000000000000000000000000003', 3326, 'y0kywzs8q3x7kv1qfrxkoyiama59a6cq00000000000000000000000000000294', '2011-10-13 17:37:05', '0c46qkgpl4rhtnsv3w3ou93kimna0rg300000000000000000000000000000196', 'sw1hzzhygqg4yfo78gzwp5doe7tfltj2qw3orcndphag3pbm1a8vsxygok725za3');
INSERT INTO enumeration_attribute_item ( id, parent_id, child_id) VALUES ('scrs50dg7m9vigq4mu9z5ymwbtoiqw4s00000000000000000000000000000294', '0c46qkgpl4rhtnsv3w3ou93kimna0rg300000000000000000000000000000196', 'z4vweljd4b5ikg2h3h16fm0kjklyhs8mqw3orcndphag3pbm1a8vsxygok725za3');
INSERT INTO metadata_relationship ( entity_domain, site_master, last_updated_by, id, owner, locked_by, create_date, type, created_by, seq, key_name, last_update_date, parent_id, child_id) VALUES (NULL, 'runwaysdk.com', '0000000000000000000000000000001000000000000000000000000000000003', 'scrs50dg7m9vigq4mu9z5ymwbtoiqw4s00000000000000000000000000000294', '0000000000000000000000000000001000000000000000000000000000000003', NULL, '2011-10-13 17:37:05', 'com.runwaysdk.system.metadata.EnumerationAttributeItem', '0000000000000000000000000000001000000000000000000000000000000003', 3327, 'scrs50dg7m9vigq4mu9z5ymwbtoiqw4s00000000000000000000000000000294', '2011-10-13 17:37:05', '0c46qkgpl4rhtnsv3w3ou93kimna0rg300000000000000000000000000000196', 'z4vweljd4b5ikg2h3h16fm0kjklyhs8mqw3orcndphag3pbm1a8vsxygok725za3');
INSERT INTO enumeration_attribute_item ( id, parent_id, child_id) VALUES ('1ps27gleejl055wcnvy9884v83qg3p0400000000000000000000000000000294', '0c46qkgpl4rhtnsv3w3ou93kimna0rg300000000000000000000000000000196', 'xdy5u6b41brqfe90lttq7o2nh2sgmaveqw3orcndphag3pbm1a8vsxygok725za3');
INSERT INTO metadata_relationship ( entity_domain, site_master, last_updated_by, id, owner, locked_by, create_date, type, created_by, seq, key_name, last_update_date, parent_id, child_id) VALUES (NULL, 'runwaysdk.com', '0000000000000000000000000000001000000000000000000000000000000003', '1ps27gleejl055wcnvy9884v83qg3p0400000000000000000000000000000294', '0000000000000000000000000000001000000000000000000000000000000003', NULL, '2011-10-13 17:37:05', 'com.runwaysdk.system.metadata.EnumerationAttributeItem', '0000000000000000000000000000001000000000000000000000000000000003', 3328, '1ps27gleejl055wcnvy9884v83qg3p0400000000000000000000000000000294', '2011-10-13 17:37:05', '0c46qkgpl4rhtnsv3w3ou93kimna0rg300000000000000000000000000000196', 'xdy5u6b41brqfe90lttq7o2nh2sgmaveqw3orcndphag3pbm1a8vsxygok725za3');
CREATE TABLE alloperation 
(set_id                CHAR(32) NOT NULL, 
item_id CHAR(64) NOT NULL);
CREATE UNIQUE INDEX a0c46qkgpl4rhtnsv3w3ou93kimna0 ON alloperation (set_id, item_id);
 INSERT INTO class_cache (set_id, item_id)  VALUES  ('8vvinqdtwc7gjopw2w8vxa6cekht9h5t', '0000000000000000000000000000023100000000000000000000000000000222');
INSERT INTO metadata_display_label ( default_locale, id, site_master, key_name) VALUES ('Condition', '8gej450j39vc1juydo2paj9kmquqnnpiNM200904120000000000000000000030', 'runwaysdk.com', '8gej450j39vc1juydo2paj9kmquqnnpiNM200904120000000000000000000030');
INSERT INTO metadata_display_label ( default_locale, id, site_master, key_name) VALUES ('A condition on work flow for between fields', 'z0zbp63d0656s7wfkhkfdp8vqja4levwNM200904120000000000000000000030', 'runwaysdk.com', 'z0zbp63d0656s7wfkhkfdp8vqja4levwNM200904120000000000000000000030');
INSERT INTO md_business ( cache_algorithm, cache_algorithm_c, super_md_business, id) VALUES ('8vvinqdtwc7gjopw2w8vxa6cekht9h5t', '0000000000000000000000000000023100000000000000000000000000000222', NULL, '8cyzqex757pg9voulx8mlnxoyo8ypfal00000000000000000000000000000001');
INSERT INTO md_element ( extendable, is_abstract, id) VALUES (1, 1, '8cyzqex757pg9voulx8mlnxoyo8ypfal00000000000000000000000000000001');
INSERT INTO md_entity ( query_dto_source, query_source, cache_size, enforce_site_master, table_name, id) VALUES (NULL, NULL, 0, 1, 'field_condition', '8cyzqex757pg9voulx8mlnxoyo8ypfal00000000000000000000000000000001');
INSERT INTO md_class ( publish, stub_dto_source, stub_source, id) VALUES (1, NULL, NULL, '8cyzqex757pg9voulx8mlnxoyo8ypfal00000000000000000000000000000001');
INSERT INTO md_type ( display_label, root_id, package_name, type_name, base_source, js_base, js_stub, exported, dto_source, id) VALUES ('8gej450j39vc1juydo2paj9kmquqnnpiNM200904120000000000000000000030', '8cyzqex757pg9voulx8mlnxoyo8ypfal', 'com.runwaysdk.system.metadata', 'FieldCondition', NULL, NULL, NULL, 1, NULL, '8cyzqex757pg9voulx8mlnxoyo8ypfal00000000000000000000000000000001');
INSERT INTO metadata ( description, created_by, owner, id, create_date, seq, type, remove, site_master, locked_by, entity_domain, last_updated_by, last_update_date, key_name) VALUES ('z0zbp63d0656s7wfkhkfdp8vqja4levwNM200904120000000000000000000030', '0000000000000000000000000000001000000000000000000000000000000003', '0000000000000000000000000000001000000000000000000000000000000003', '8cyzqex757pg9voulx8mlnxoyo8ypfal00000000000000000000000000000001', '2011-10-13 17:37:05', 3329, 'com.runwaysdk.system.metadata.MdBusiness', 1, 'runwaysdk.com', NULL, NULL, '0000000000000000000000000000001000000000000000000000000000000003', '2011-10-13 17:37:05', 'com.runwaysdk.system.metadata.FieldCondition');
CREATE TABLE field_condition ( id CHAR(64) NOT NULL PRIMARY KEY );
 INSERT INTO visibilitymodifier (set_id, item_id)  VALUES  ('1qdy4tauhcqmeflqv8ibv1hp4ln71daa', '20071109NM000000000000000000000520071109NM0000000000000000000001');
INSERT INTO metadata_display_label ( default_locale, id, site_master, key_name) VALUES ('ID', 'r2p2pu8h6ti6tmamigu1as4b8rp0d37vNM200904120000000000000000000030', 'runwaysdk.com', 'r2p2pu8h6ti6tmamigu1as4b8rp0d37vNM200904120000000000000000000030');
 INSERT INTO visibilitymodifier (set_id, item_id)  VALUES  ('zlwhssxw38kfdi4hgiyp618qs8uavopd', '20071109NM000000000000000000000520071109NM0000000000000000000001');
 INSERT INTO md_attribute_indicies (set_id, item_id)  VALUES  ('qs68teesmw858lh3jyic164c9ptsdaai', '0000000000000000000000000000040900000000000000000000000000000403');
INSERT INTO metadata_display_label ( default_locale, id, site_master, key_name) VALUES ('ID of this object', 'qniq4unp8ax6sbz0y9fsbsd8cxajbw9xNM200904120000000000000000000030', 'runwaysdk.com', 'qniq4unp8ax6sbz0y9fsbsd8cxajbw9xNM200904120000000000000000000030');
INSERT INTO md_attribute_character ( default_value, database_size, id) VALUES (NULL, 64, '6zj1o3ph8t4nouuomyarm61nf1ns05bk00000000000000000000000000000138');
INSERT INTO md_attribute_char ( id) VALUES ('6zj1o3ph8t4nouuomyarm61nf1ns05bk00000000000000000000000000000138');
INSERT INTO md_attribute_primitive ( id) VALUES ('6zj1o3ph8t4nouuomyarm61nf1ns05bk00000000000000000000000000000138');
INSERT INTO md_attribute_concrete ( column_name, defining_md_class, setter_visibility, setter_visibility_c, immutable, index_name, generate_accessor, system, required, display_label, getter_visibility, getter_visibility_c, index_type, index_type_c, attribute_name, id) VALUES ('id', '8cyzqex757pg9voulx8mlnxoyo8ypfal00000000000000000000000000000001', '1qdy4tauhcqmeflqv8ibv1hp4ln71daa', '20071109NM000000000000000000000520071109NM0000000000000000000001', 0, 'adhf4ktfloszbkuvhrsbktvgk0eyli', 1, 1, 1, 'r2p2pu8h6ti6tmamigu1as4b8rp0d37vNM200904120000000000000000000030', 'zlwhssxw38kfdi4hgiyp618qs8uavopd', '20071109NM000000000000000000000520071109NM0000000000000000000001', 'qs68teesmw858lh3jyic164c9ptsdaai', '0000000000000000000000000000040900000000000000000000000000000403', 'id', '6zj1o3ph8t4nouuomyarm61nf1ns05bk00000000000000000000000000000138');
INSERT INTO md_attribute ( id) VALUES ('6zj1o3ph8t4nouuomyarm61nf1ns05bk00000000000000000000000000000138');
INSERT INTO metadata ( description, created_by, owner, id, create_date, seq, type, remove, site_master, locked_by, entity_domain, last_updated_by, last_update_date, key_name) VALUES ('qniq4unp8ax6sbz0y9fsbsd8cxajbw9xNM200904120000000000000000000030', '0000000000000000000000000000001000000000000000000000000000000003', '0000000000000000000000000000001000000000000000000000000000000003', '6zj1o3ph8t4nouuomyarm61nf1ns05bk00000000000000000000000000000138', '2011-10-13 17:37:05', 3330, 'com.runwaysdk.system.metadata.MdAttributeCharacter', 0, 'runwaysdk.com', NULL, NULL, '0000000000000000000000000000001000000000000000000000000000000003', '2011-10-13 17:37:05', 'com.runwaysdk.system.metadata.FieldCondition.id');
INSERT INTO class_attribute_concrete ( id, parent_id, child_id) VALUES ('xtxniyq01s152q5cykv6me7mbmqdjwua00000000000000000000000000000073', '8cyzqex757pg9voulx8mlnxoyo8ypfal00000000000000000000000000000001', '6zj1o3ph8t4nouuomyarm61nf1ns05bk00000000000000000000000000000138');
INSERT INTO class_attribute ( id, parent_id, child_id) VALUES ('xtxniyq01s152q5cykv6me7mbmqdjwua00000000000000000000000000000073', '8cyzqex757pg9voulx8mlnxoyo8ypfal00000000000000000000000000000001', '6zj1o3ph8t4nouuomyarm61nf1ns05bk00000000000000000000000000000138');
INSERT INTO metadata_relationship ( entity_domain, site_master, last_updated_by, id, owner, locked_by, create_date, type, created_by, seq, key_name, last_update_date, parent_id, child_id) VALUES (NULL, 'runwaysdk.com', '0000000000000000000000000000001000000000000000000000000000000003', 'xtxniyq01s152q5cykv6me7mbmqdjwua00000000000000000000000000000073', '0000000000000000000000000000001000000000000000000000000000000003', NULL, '2011-10-13 17:37:05', 'com.runwaysdk.system.metadata.ClassAttributeConcrete', '0000000000000000000000000000001000000000000000000000000000000003', 3331, 'com.runwaysdk.system.metadata.FieldCondition.id', '2011-10-13 17:37:05', '8cyzqex757pg9voulx8mlnxoyo8ypfal00000000000000000000000000000001', '6zj1o3ph8t4nouuomyarm61nf1ns05bk00000000000000000000000000000138');
 INSERT INTO visibilitymodifier (set_id, item_id)  VALUES  ('zhrnzk23a90de2mtaihksp7l6ndskrij', '20071109NM000000000000000000000520071109NM0000000000000000000001');
INSERT INTO metadata_display_label ( default_locale, id, site_master, key_name) VALUES ('Site Master', '1r4gdxzl6qk8oi34x3uj8tlsjtsmpmiqNM200904120000000000000000000030', 'runwaysdk.com', '1r4gdxzl6qk8oi34x3uj8tlsjtsmpmiqNM200904120000000000000000000030');
 INSERT INTO visibilitymodifier (set_id, item_id)  VALUES  ('1zb1aemefof34j2t4gtlqaxksh8tct78', '20071109NM000000000000000000000520071109NM0000000000000000000001');
 INSERT INTO md_attribute_indicies (set_id, item_id)  VALUES  ('29o5zpziox8fq6cuovyvjgnjpce51b4p', '0000000000000000000000000000040100000000000000000000000000000403');
INSERT INTO metadata_display_label ( default_locale, id, site_master, key_name) VALUES ('The name of the site responsible for this object', 'xxni0nu6a563wjfrwx6xf62pnweanyvqNM200904120000000000000000000030', 'runwaysdk.com', 'xxni0nu6a563wjfrwx6xf62pnweanyvqNM200904120000000000000000000030');
INSERT INTO md_attribute_character ( default_value, database_size, id) VALUES (NULL, 255, 'xy1dzv9agmm5vyyz8b6o2e1js2wb2wgi00000000000000000000000000000138');
INSERT INTO md_attribute_char ( id) VALUES ('xy1dzv9agmm5vyyz8b6o2e1js2wb2wgi00000000000000000000000000000138');
INSERT INTO md_attribute_primitive ( id) VALUES ('xy1dzv9agmm5vyyz8b6o2e1js2wb2wgi00000000000000000000000000000138');
INSERT INTO md_attribute_concrete ( column_name, defining_md_class, setter_visibility, setter_visibility_c, immutable, index_name, generate_accessor, system, required, display_label, getter_visibility, getter_visibility_c, index_type, index_type_c, attribute_name, id) VALUES ('site_master', '8cyzqex757pg9voulx8mlnxoyo8ypfal00000000000000000000000000000001', 'zhrnzk23a90de2mtaihksp7l6ndskrij', '20071109NM000000000000000000000520071109NM0000000000000000000001', 1, 'aqcztfw9b8nq35ba0jwca57qp5iap9', 1, 1, 1, '1r4gdxzl6qk8oi34x3uj8tlsjtsmpmiqNM200904120000000000000000000030', '1zb1aemefof34j2t4gtlqaxksh8tct78', '20071109NM000000000000000000000520071109NM0000000000000000000001', '29o5zpziox8fq6cuovyvjgnjpce51b4p', '0000000000000000000000000000040100000000000000000000000000000403', 'siteMaster', 'xy1dzv9agmm5vyyz8b6o2e1js2wb2wgi00000000000000000000000000000138');
INSERT INTO md_attribute ( id) VALUES ('xy1dzv9agmm5vyyz8b6o2e1js2wb2wgi00000000000000000000000000000138');
INSERT INTO metadata ( description, created_by, owner, id, create_date, seq, type, remove, site_master, locked_by, entity_domain, last_updated_by, last_update_date, key_name) VALUES ('xxni0nu6a563wjfrwx6xf62pnweanyvqNM200904120000000000000000000030', '0000000000000000000000000000001000000000000000000000000000000003', '0000000000000000000000000000001000000000000000000000000000000003', 'xy1dzv9agmm5vyyz8b6o2e1js2wb2wgi00000000000000000000000000000138', '2011-10-13 17:37:05', 3332, 'com.runwaysdk.system.metadata.MdAttributeCharacter', 0, 'runwaysdk.com', NULL, NULL, '0000000000000000000000000000001000000000000000000000000000000003', '2011-10-13 17:37:05', 'com.runwaysdk.system.metadata.FieldCondition.siteMaster');
ALTER TABLE field_condition ADD COLUMN site_master  varchar(255);
INSERT INTO class_attribute_concrete ( id, parent_id, child_id) VALUES ('23vpfqw9upgkrtxutl0fcojtuausp0t500000000000000000000000000000073', '8cyzqex757pg9voulx8mlnxoyo8ypfal00000000000000000000000000000001', 'xy1dzv9agmm5vyyz8b6o2e1js2wb2wgi00000000000000000000000000000138');
INSERT INTO class_attribute ( id, parent_id, child_id) VALUES ('23vpfqw9upgkrtxutl0fcojtuausp0t500000000000000000000000000000073', '8cyzqex757pg9voulx8mlnxoyo8ypfal00000000000000000000000000000001', 'xy1dzv9agmm5vyyz8b6o2e1js2wb2wgi00000000000000000000000000000138');
INSERT INTO metadata_relationship ( entity_domain, site_master, last_updated_by, id, owner, locked_by, create_date, type, created_by, seq, key_name, last_update_date, parent_id, child_id) VALUES (NULL, 'runwaysdk.com', '0000000000000000000000000000001000000000000000000000000000000003', '23vpfqw9upgkrtxutl0fcojtuausp0t500000000000000000000000000000073', '0000000000000000000000000000001000000000000000000000000000000003', NULL, '2011-10-13 17:37:05', 'com.runwaysdk.system.metadata.ClassAttributeConcrete', '0000000000000000000000000000001000000000000000000000000000000003', 3333, 'com.runwaysdk.system.metadata.FieldCondition.siteMaster', '2011-10-13 17:37:05', '8cyzqex757pg9voulx8mlnxoyo8ypfal00000000000000000000000000000001', 'xy1dzv9agmm5vyyz8b6o2e1js2wb2wgi00000000000000000000000000000138');
 INSERT INTO visibilitymodifier (set_id, item_id)  VALUES  ('raakbuvrdzu74hjwvuwynhco2wcmws49', '20071109NM000000000000000000000520071109NM0000000000000000000001');
INSERT INTO metadata_display_label ( default_locale, id, site_master, key_name) VALUES ('Key Name', 'xb3t3aomxk0ns29vtz63sfgmquinxkh9NM200904120000000000000000000030', 'runwaysdk.com', 'xb3t3aomxk0ns29vtz63sfgmquinxkh9NM200904120000000000000000000030');
 INSERT INTO visibilitymodifier (set_id, item_id)  VALUES  ('xrz28sv3kzb6bulgtvu6a5u3svcyav6m', '20071109NM000000000000000000000520071109NM0000000000000000000001');
 INSERT INTO md_attribute_indicies (set_id, item_id)  VALUES  ('r9y7aaeu7gosnq4famk47obuecxty8sd', '0000000000000000000000000000040900000000000000000000000000000403');
INSERT INTO metadata_display_label ( default_locale, id, site_master, key_name) VALUES ('Key which uniquely identifies each instance of this type heirarchy.', 'qs5v64x6xzixlscrmccbo0bab5rw5v23NM200904120000000000000000000030', 'runwaysdk.com', 'qs5v64x6xzixlscrmccbo0bab5rw5v23NM200904120000000000000000000030');
INSERT INTO md_attribute_character ( default_value, database_size, id) VALUES (NULL, 255, 'z1s9ia0fvbmktxgth1u4n4et5duoxk2100000000000000000000000000000138');
INSERT INTO md_attribute_char ( id) VALUES ('z1s9ia0fvbmktxgth1u4n4et5duoxk2100000000000000000000000000000138');
INSERT INTO md_attribute_primitive ( id) VALUES ('z1s9ia0fvbmktxgth1u4n4et5duoxk2100000000000000000000000000000138');
INSERT INTO md_attribute_concrete ( column_name, defining_md_class, setter_visibility, setter_visibility_c, immutable, index_name, generate_accessor, system, required, display_label, getter_visibility, getter_visibility_c, index_type, index_type_c, attribute_name, id) VALUES ('key_name', '8cyzqex757pg9voulx8mlnxoyo8ypfal00000000000000000000000000000001', 'raakbuvrdzu74hjwvuwynhco2wcmws49', '20071109NM000000000000000000000520071109NM0000000000000000000001', 0, 'af11bxr1wla6vd8yz0nid40u16qa3k', 1, 0, 1, 'xb3t3aomxk0ns29vtz63sfgmquinxkh9NM200904120000000000000000000030', 'xrz28sv3kzb6bulgtvu6a5u3svcyav6m', '20071109NM000000000000000000000520071109NM0000000000000000000001', 'r9y7aaeu7gosnq4famk47obuecxty8sd', '0000000000000000000000000000040900000000000000000000000000000403', 'keyName', 'z1s9ia0fvbmktxgth1u4n4et5duoxk2100000000000000000000000000000138');
INSERT INTO md_attribute ( id) VALUES ('z1s9ia0fvbmktxgth1u4n4et5duoxk2100000000000000000000000000000138');
INSERT INTO metadata ( description, created_by, owner, id, create_date, seq, type, remove, site_master, locked_by, entity_domain, last_updated_by, last_update_date, key_name) VALUES ('qs5v64x6xzixlscrmccbo0bab5rw5v23NM200904120000000000000000000030', '0000000000000000000000000000001000000000000000000000000000000003', '0000000000000000000000000000001000000000000000000000000000000003', 'z1s9ia0fvbmktxgth1u4n4et5duoxk2100000000000000000000000000000138', '2011-10-13 17:37:05', 3334, 'com.runwaysdk.system.metadata.MdAttributeCharacter', 1, 'runwaysdk.com', NULL, NULL, '0000000000000000000000000000001000000000000000000000000000000003', '2011-10-13 17:37:05', 'com.runwaysdk.system.metadata.FieldCondition.keyName');
ALTER TABLE field_condition ADD COLUMN key_name  varchar(255);
INSERT INTO class_attribute_concrete ( id, parent_id, child_id) VALUES ('6rf8zfy49nbn5d2uev4acnssys7828ro00000000000000000000000000000073', '8cyzqex757pg9voulx8mlnxoyo8ypfal00000000000000000000000000000001', 'z1s9ia0fvbmktxgth1u4n4et5duoxk2100000000000000000000000000000138');
INSERT INTO class_attribute ( id, parent_id, child_id) VALUES ('6rf8zfy49nbn5d2uev4acnssys7828ro00000000000000000000000000000073', '8cyzqex757pg9voulx8mlnxoyo8ypfal00000000000000000000000000000001', 'z1s9ia0fvbmktxgth1u4n4et5duoxk2100000000000000000000000000000138');
INSERT INTO metadata_relationship ( entity_domain, site_master, last_updated_by, id, owner, locked_by, create_date, type, created_by, seq, key_name, last_update_date, parent_id, child_id) VALUES (NULL, 'runwaysdk.com', '0000000000000000000000000000001000000000000000000000000000000003', '6rf8zfy49nbn5d2uev4acnssys7828ro00000000000000000000000000000073', '0000000000000000000000000000001000000000000000000000000000000003', NULL, '2011-10-13 17:37:05', 'com.runwaysdk.system.metadata.ClassAttributeConcrete', '0000000000000000000000000000001000000000000000000000000000000003', 3335, 'com.runwaysdk.system.metadata.FieldCondition.keyName', '2011-10-13 17:37:05', '8cyzqex757pg9voulx8mlnxoyo8ypfal00000000000000000000000000000001', 'z1s9ia0fvbmktxgth1u4n4et5duoxk2100000000000000000000000000000138');
CREATE UNIQUE INDEX af11bxr1wla6vd8yz0nid40u16qa3k ON field_condition (key_name);
 INSERT INTO visibilitymodifier (set_id, item_id)  VALUES  ('2efssh869vibn7m5ecxrhwf3l0qi1k73', '20071109NM000000000000000000000520071109NM0000000000000000000001');
INSERT INTO metadata_display_label ( default_locale, id, site_master, key_name) VALUES ('Last Update Date', '8rct0lbh191ubq7k6vwpduqaclpw89uyNM200904120000000000000000000030', 'runwaysdk.com', '8rct0lbh191ubq7k6vwpduqaclpw89uyNM200904120000000000000000000030');
 INSERT INTO visibilitymodifier (set_id, item_id)  VALUES  ('0mzx5eoi413xsmew7a4bcx2rwx9h3pfu', '20071109NM000000000000000000000520071109NM0000000000000000000001');
 INSERT INTO md_attribute_indicies (set_id, item_id)  VALUES  ('700t1ksc5uu4t5l5f8fnzib3hv31jmyu', '0000000000000000000000000000040100000000000000000000000000000403');
INSERT INTO metadata_display_label ( default_locale, id, site_master, key_name) VALUES ('Date and time this record was last updated', 'zo6leitpiewgdwqkn5m9ba7p3ylkwzhgNM200904120000000000000000000030', 'runwaysdk.com', 'zo6leitpiewgdwqkn5m9ba7p3ylkwzhgNM200904120000000000000000000030');
INSERT INTO md_attribute_datetime ( default_value, id) VALUES (NULL, '6nmcthijdpic1wrz2blg7e341sa8a8lr00000000000000000000000000000341');
INSERT INTO md_attribute_moment ( id) VALUES ('6nmcthijdpic1wrz2blg7e341sa8a8lr00000000000000000000000000000341');
INSERT INTO md_attribute_primitive ( id) VALUES ('6nmcthijdpic1wrz2blg7e341sa8a8lr00000000000000000000000000000341');
INSERT INTO md_attribute_concrete ( column_name, defining_md_class, setter_visibility, setter_visibility_c, immutable, index_name, generate_accessor, system, required, display_label, getter_visibility, getter_visibility_c, index_type, index_type_c, attribute_name, id) VALUES ('last_update_date', '8cyzqex757pg9voulx8mlnxoyo8ypfal00000000000000000000000000000001', '2efssh869vibn7m5ecxrhwf3l0qi1k73', '20071109NM000000000000000000000520071109NM0000000000000000000001', 0, 'abomwzmti0iglz6x3fsuohn10g0cht', 1, 1, 1, '8rct0lbh191ubq7k6vwpduqaclpw89uyNM200904120000000000000000000030', '0mzx5eoi413xsmew7a4bcx2rwx9h3pfu', '20071109NM000000000000000000000520071109NM0000000000000000000001', '700t1ksc5uu4t5l5f8fnzib3hv31jmyu', '0000000000000000000000000000040100000000000000000000000000000403', 'lastUpdateDate', '6nmcthijdpic1wrz2blg7e341sa8a8lr00000000000000000000000000000341');
INSERT INTO md_attribute ( id) VALUES ('6nmcthijdpic1wrz2blg7e341sa8a8lr00000000000000000000000000000341');
INSERT INTO metadata ( description, created_by, owner, id, create_date, seq, type, remove, site_master, locked_by, entity_domain, last_updated_by, last_update_date, key_name) VALUES ('zo6leitpiewgdwqkn5m9ba7p3ylkwzhgNM200904120000000000000000000030', '0000000000000000000000000000001000000000000000000000000000000003', '0000000000000000000000000000001000000000000000000000000000000003', '6nmcthijdpic1wrz2blg7e341sa8a8lr00000000000000000000000000000341', '2011-10-13 17:37:05', 3336, 'com.runwaysdk.system.metadata.MdAttributeDateTime', 0, 'runwaysdk.com', NULL, NULL, '0000000000000000000000000000001000000000000000000000000000000003', '2011-10-13 17:37:05', 'com.runwaysdk.system.metadata.FieldCondition.lastUpdateDate');
ALTER TABLE field_condition ADD COLUMN last_update_date  timestamp;
INSERT INTO class_attribute_concrete ( id, parent_id, child_id) VALUES ('24bgh6f0ziuhd4xyd21rryxq3aan93mj00000000000000000000000000000073', '8cyzqex757pg9voulx8mlnxoyo8ypfal00000000000000000000000000000001', '6nmcthijdpic1wrz2blg7e341sa8a8lr00000000000000000000000000000341');
INSERT INTO class_attribute ( id, parent_id, child_id) VALUES ('24bgh6f0ziuhd4xyd21rryxq3aan93mj00000000000000000000000000000073', '8cyzqex757pg9voulx8mlnxoyo8ypfal00000000000000000000000000000001', '6nmcthijdpic1wrz2blg7e341sa8a8lr00000000000000000000000000000341');
INSERT INTO metadata_relationship ( entity_domain, site_master, last_updated_by, id, owner, locked_by, create_date, type, created_by, seq, key_name, last_update_date, parent_id, child_id) VALUES (NULL, 'runwaysdk.com', '0000000000000000000000000000001000000000000000000000000000000003', '24bgh6f0ziuhd4xyd21rryxq3aan93mj00000000000000000000000000000073', '0000000000000000000000000000001000000000000000000000000000000003', NULL, '2011-10-13 17:37:05', 'com.runwaysdk.system.metadata.ClassAttributeConcrete', '0000000000000000000000000000001000000000000000000000000000000003', 3337, 'com.runwaysdk.system.metadata.FieldCondition.lastUpdateDate', '2011-10-13 17:37:05', '8cyzqex757pg9voulx8mlnxoyo8ypfal00000000000000000000000000000001', '6nmcthijdpic1wrz2blg7e341sa8a8lr00000000000000000000000000000341');
 INSERT INTO visibilitymodifier (set_id, item_id)  VALUES  ('0lbsmfs5o56s4oap6hoz54p0u7fxnomp', '20071109NM000000000000000000000520071109NM0000000000000000000001');
INSERT INTO metadata_display_label ( default_locale, id, site_master, key_name) VALUES ('Last Updated By', '742qttvodapq76tlzfqixciwgp4776k4NM200904120000000000000000000030', 'runwaysdk.com', '742qttvodapq76tlzfqixciwgp4776k4NM200904120000000000000000000030');
 INSERT INTO visibilitymodifier (set_id, item_id)  VALUES  ('0o1ukaxladc54dbqmhqe535h33qge39d', '20071109NM000000000000000000000520071109NM0000000000000000000001');
 INSERT INTO md_attribute_indicies (set_id, item_id)  VALUES  ('xjcoid83a3pvi9imze6itw00xlkqh99v', '0000000000000000000000000000040000000000000000000000000000000403');
INSERT INTO metadata_display_label ( default_locale, id, site_master, key_name) VALUES ('User who last updated this object', 'skph1f2ekxbyf6qwq2grjsp9up0h8nq2NM200904120000000000000000000030', 'runwaysdk.com', 'skph1f2ekxbyf6qwq2grjsp9up0h8nq2NM200904120000000000000000000030');
INSERT INTO md_attribute_reference ( default_value, md_business, id) VALUES (NULL, 'JS20070723000000000000000000156000000000000000000000000000000001', '8h900t5205iznwuo7gxb2qh1j71c38of00000000000000000000000000000186');
INSERT INTO md_attribute_ref ( id) VALUES ('8h900t5205iznwuo7gxb2qh1j71c38of00000000000000000000000000000186');
INSERT INTO md_attribute_concrete ( column_name, defining_md_class, setter_visibility, setter_visibility_c, immutable, index_name, generate_accessor, system, required, display_label, getter_visibility, getter_visibility_c, index_type, index_type_c, attribute_name, id) VALUES ('last_updated_by', '8cyzqex757pg9voulx8mlnxoyo8ypfal00000000000000000000000000000001', '0lbsmfs5o56s4oap6hoz54p0u7fxnomp', '20071109NM000000000000000000000520071109NM0000000000000000000001', 0, 'ao8zdohsirp18s3t1p7m8og9n5dmct', 1, 1, 1, '742qttvodapq76tlzfqixciwgp4776k4NM200904120000000000000000000030', '0o1ukaxladc54dbqmhqe535h33qge39d', '20071109NM000000000000000000000520071109NM0000000000000000000001', 'xjcoid83a3pvi9imze6itw00xlkqh99v', '0000000000000000000000000000040000000000000000000000000000000403', 'lastUpdatedBy', '8h900t5205iznwuo7gxb2qh1j71c38of00000000000000000000000000000186');
INSERT INTO md_attribute ( id) VALUES ('8h900t5205iznwuo7gxb2qh1j71c38of00000000000000000000000000000186');
INSERT INTO metadata ( description, created_by, owner, id, create_date, seq, type, remove, site_master, locked_by, entity_domain, last_updated_by, last_update_date, key_name) VALUES ('skph1f2ekxbyf6qwq2grjsp9up0h8nq2NM200904120000000000000000000030', '0000000000000000000000000000001000000000000000000000000000000003', '0000000000000000000000000000001000000000000000000000000000000003', '8h900t5205iznwuo7gxb2qh1j71c38of00000000000000000000000000000186', '2011-10-13 17:37:05', 3338, 'com.runwaysdk.system.metadata.MdAttributeReference', 0, 'runwaysdk.com', NULL, NULL, '0000000000000000000000000000001000000000000000000000000000000003', '2011-10-13 17:37:05', 'com.runwaysdk.system.metadata.FieldCondition.lastUpdatedBy');
ALTER TABLE field_condition ADD COLUMN last_updated_by  char(64);
INSERT INTO class_attribute_concrete ( id, parent_id, child_id) VALUES ('stilxv6101o0bxioifdpolc05k2ywnqs00000000000000000000000000000073', '8cyzqex757pg9voulx8mlnxoyo8ypfal00000000000000000000000000000001', '8h900t5205iznwuo7gxb2qh1j71c38of00000000000000000000000000000186');
INSERT INTO class_attribute ( id, parent_id, child_id) VALUES ('stilxv6101o0bxioifdpolc05k2ywnqs00000000000000000000000000000073', '8cyzqex757pg9voulx8mlnxoyo8ypfal00000000000000000000000000000001', '8h900t5205iznwuo7gxb2qh1j71c38of00000000000000000000000000000186');
INSERT INTO metadata_relationship ( entity_domain, site_master, last_updated_by, id, owner, locked_by, create_date, type, created_by, seq, key_name, last_update_date, parent_id, child_id) VALUES (NULL, 'runwaysdk.com', '0000000000000000000000000000001000000000000000000000000000000003', 'stilxv6101o0bxioifdpolc05k2ywnqs00000000000000000000000000000073', '0000000000000000000000000000001000000000000000000000000000000003', NULL, '2011-10-13 17:37:05', 'com.runwaysdk.system.metadata.ClassAttributeConcrete', '0000000000000000000000000000001000000000000000000000000000000003', 3339, 'com.runwaysdk.system.metadata.FieldCondition.lastUpdatedBy', '2011-10-13 17:37:05', '8cyzqex757pg9voulx8mlnxoyo8ypfal00000000000000000000000000000001', '8h900t5205iznwuo7gxb2qh1j71c38of00000000000000000000000000000186');
 INSERT INTO visibilitymodifier (set_id, item_id)  VALUES  ('r4hlpkkuxbl5zn0avvig2mn7tuk2bc6o', '20071109NM000000000000000000000520071109NM0000000000000000000001');
INSERT INTO metadata_display_label ( default_locale, id, site_master, key_name) VALUES ('Created By', 'z3daki03miavaq96b6wmg6acdf6xyp40NM200904120000000000000000000030', 'runwaysdk.com', 'z3daki03miavaq96b6wmg6acdf6xyp40NM200904120000000000000000000030');
 INSERT INTO visibilitymodifier (set_id, item_id)  VALUES  ('7985tuuj9tih115whynp8qt1afro6c8c', '20071109NM000000000000000000000520071109NM0000000000000000000001');
 INSERT INTO md_attribute_indicies (set_id, item_id)  VALUES  ('qq91rgmshb7nnf9rdckhgfxz0474bnbl', '0000000000000000000000000000040000000000000000000000000000000403');
INSERT INTO metadata_display_label ( default_locale, id, site_master, key_name) VALUES ('User that created this object', '8hmwu1t77q1bytar6kjl548hpoxujjvgNM200904120000000000000000000030', 'runwaysdk.com', '8hmwu1t77q1bytar6kjl548hpoxujjvgNM200904120000000000000000000030');
INSERT INTO md_attribute_reference ( default_value, md_business, id) VALUES (NULL, 'JS20070723000000000000000000156000000000000000000000000000000001', '8zd1gc10ibyyvn8jg3ow4vlfgft3j16300000000000000000000000000000186');
INSERT INTO md_attribute_ref ( id) VALUES ('8zd1gc10ibyyvn8jg3ow4vlfgft3j16300000000000000000000000000000186');
INSERT INTO md_attribute_concrete ( column_name, defining_md_class, setter_visibility, setter_visibility_c, immutable, index_name, generate_accessor, system, required, display_label, getter_visibility, getter_visibility_c, index_type, index_type_c, attribute_name, id) VALUES ('created_by', '8cyzqex757pg9voulx8mlnxoyo8ypfal00000000000000000000000000000001', 'r4hlpkkuxbl5zn0avvig2mn7tuk2bc6o', '20071109NM000000000000000000000520071109NM0000000000000000000001', 1, 'a92uw8psej3azzx2l6ihth9c83uug9', 1, 1, 1, 'z3daki03miavaq96b6wmg6acdf6xyp40NM200904120000000000000000000030', '7985tuuj9tih115whynp8qt1afro6c8c', '20071109NM000000000000000000000520071109NM0000000000000000000001', 'qq91rgmshb7nnf9rdckhgfxz0474bnbl', '0000000000000000000000000000040000000000000000000000000000000403', 'createdBy', '8zd1gc10ibyyvn8jg3ow4vlfgft3j16300000000000000000000000000000186');
INSERT INTO md_attribute ( id) VALUES ('8zd1gc10ibyyvn8jg3ow4vlfgft3j16300000000000000000000000000000186');
INSERT INTO metadata ( description, created_by, owner, id, create_date, seq, type, remove, site_master, locked_by, entity_domain, last_updated_by, last_update_date, key_name) VALUES ('8hmwu1t77q1bytar6kjl548hpoxujjvgNM200904120000000000000000000030', '0000000000000000000000000000001000000000000000000000000000000003', '0000000000000000000000000000001000000000000000000000000000000003', '8zd1gc10ibyyvn8jg3ow4vlfgft3j16300000000000000000000000000000186', '2011-10-13 17:37:05', 3340, 'com.runwaysdk.system.metadata.MdAttributeReference', 0, 'runwaysdk.com', NULL, NULL, '0000000000000000000000000000001000000000000000000000000000000003', '2011-10-13 17:37:05', 'com.runwaysdk.system.metadata.FieldCondition.createdBy');
ALTER TABLE field_condition ADD COLUMN created_by  char(64);
INSERT INTO class_attribute_concrete ( id, parent_id, child_id) VALUES ('smplg1f1nyplcrov6hdxqus4dqyfmakf00000000000000000000000000000073', '8cyzqex757pg9voulx8mlnxoyo8ypfal00000000000000000000000000000001', '8zd1gc10ibyyvn8jg3ow4vlfgft3j16300000000000000000000000000000186');
INSERT INTO class_attribute ( id, parent_id, child_id) VALUES ('smplg1f1nyplcrov6hdxqus4dqyfmakf00000000000000000000000000000073', '8cyzqex757pg9voulx8mlnxoyo8ypfal00000000000000000000000000000001', '8zd1gc10ibyyvn8jg3ow4vlfgft3j16300000000000000000000000000000186');
INSERT INTO metadata_relationship ( entity_domain, site_master, last_updated_by, id, owner, locked_by, create_date, type, created_by, seq, key_name, last_update_date, parent_id, child_id) VALUES (NULL, 'runwaysdk.com', '0000000000000000000000000000001000000000000000000000000000000003', 'smplg1f1nyplcrov6hdxqus4dqyfmakf00000000000000000000000000000073', '0000000000000000000000000000001000000000000000000000000000000003', NULL, '2011-10-13 17:37:05', 'com.runwaysdk.system.metadata.ClassAttributeConcrete', '0000000000000000000000000000001000000000000000000000000000000003', 3341, 'com.runwaysdk.system.metadata.FieldCondition.createdBy', '2011-10-13 17:37:05', '8cyzqex757pg9voulx8mlnxoyo8ypfal00000000000000000000000000000001', '8zd1gc10ibyyvn8jg3ow4vlfgft3j16300000000000000000000000000000186');
 INSERT INTO visibilitymodifier (set_id, item_id)  VALUES  ('yz0une69fw1wfaffei6dl7shahiwgx0v', '20071109NM000000000000000000000520071109NM0000000000000000000001');
INSERT INTO metadata_display_label ( default_locale, id, site_master, key_name) VALUES ('Locked By', '1wss8svaxdbh9qnnqvm815gxdbzxwicpNM200904120000000000000000000030', 'runwaysdk.com', '1wss8svaxdbh9qnnqvm815gxdbzxwicpNM200904120000000000000000000030');
 INSERT INTO visibilitymodifier (set_id, item_id)  VALUES  ('20b0eprjj5artd5nxbwac40b6co6twzx', '20071109NM000000000000000000000520071109NM0000000000000000000001');
 INSERT INTO md_attribute_indicies (set_id, item_id)  VALUES  ('xyug23wrmt23n0b5bon6y81jcb8lhm4t', '0000000000000000000000000000040000000000000000000000000000000403');
INSERT INTO metadata_display_label ( default_locale, id, site_master, key_name) VALUES ('User who has a write lock on this object', '71ijjd9ux2aoukqy8sr420mnokavv1feNM200904120000000000000000000030', 'runwaysdk.com', '71ijjd9ux2aoukqy8sr420mnokavv1feNM200904120000000000000000000030');
INSERT INTO md_attribute_reference ( default_value, md_business, id) VALUES (NULL, '0000000000000000000000000000000300000000000000000000000000000001', '1zom0p5qh461fg8hjf5sv2cce4lrdb3z00000000000000000000000000000186');
INSERT INTO md_attribute_ref ( id) VALUES ('1zom0p5qh461fg8hjf5sv2cce4lrdb3z00000000000000000000000000000186');
INSERT INTO md_attribute_concrete ( column_name, defining_md_class, setter_visibility, setter_visibility_c, immutable, index_name, generate_accessor, system, required, display_label, getter_visibility, getter_visibility_c, index_type, index_type_c, attribute_name, id) VALUES ('locked_by', '8cyzqex757pg9voulx8mlnxoyo8ypfal00000000000000000000000000000001', 'yz0une69fw1wfaffei6dl7shahiwgx0v', '20071109NM000000000000000000000520071109NM0000000000000000000001', 0, 'amtri4n86t2djul6n7s0zqhstnrppc', 1, 1, 0, '1wss8svaxdbh9qnnqvm815gxdbzxwicpNM200904120000000000000000000030', '20b0eprjj5artd5nxbwac40b6co6twzx', '20071109NM000000000000000000000520071109NM0000000000000000000001', 'xyug23wrmt23n0b5bon6y81jcb8lhm4t', '0000000000000000000000000000040000000000000000000000000000000403', 'lockedBy', '1zom0p5qh461fg8hjf5sv2cce4lrdb3z00000000000000000000000000000186');
INSERT INTO md_attribute ( id) VALUES ('1zom0p5qh461fg8hjf5sv2cce4lrdb3z00000000000000000000000000000186');
INSERT INTO metadata ( description, created_by, owner, id, create_date, seq, type, remove, site_master, locked_by, entity_domain, last_updated_by, last_update_date, key_name) VALUES ('71ijjd9ux2aoukqy8sr420mnokavv1feNM200904120000000000000000000030', '0000000000000000000000000000001000000000000000000000000000000003', '0000000000000000000000000000001000000000000000000000000000000003', '1zom0p5qh461fg8hjf5sv2cce4lrdb3z00000000000000000000000000000186', '2011-10-13 17:37:05', 3342, 'com.runwaysdk.system.metadata.MdAttributeReference', 0, 'runwaysdk.com', NULL, NULL, '0000000000000000000000000000001000000000000000000000000000000003', '2011-10-13 17:37:05', 'com.runwaysdk.system.metadata.FieldCondition.lockedBy');
ALTER TABLE field_condition ADD COLUMN locked_by  char(64);
INSERT INTO class_attribute_concrete ( id, parent_id, child_id) VALUES ('xt76jdq00u6s3zagqws00rlcifzd1naw00000000000000000000000000000073', '8cyzqex757pg9voulx8mlnxoyo8ypfal00000000000000000000000000000001', '1zom0p5qh461fg8hjf5sv2cce4lrdb3z00000000000000000000000000000186');
INSERT INTO class_attribute ( id, parent_id, child_id) VALUES ('xt76jdq00u6s3zagqws00rlcifzd1naw00000000000000000000000000000073', '8cyzqex757pg9voulx8mlnxoyo8ypfal00000000000000000000000000000001', '1zom0p5qh461fg8hjf5sv2cce4lrdb3z00000000000000000000000000000186');
INSERT INTO metadata_relationship ( entity_domain, site_master, last_updated_by, id, owner, locked_by, create_date, type, created_by, seq, key_name, last_update_date, parent_id, child_id) VALUES (NULL, 'runwaysdk.com', '0000000000000000000000000000001000000000000000000000000000000003', 'xt76jdq00u6s3zagqws00rlcifzd1naw00000000000000000000000000000073', '0000000000000000000000000000001000000000000000000000000000000003', NULL, '2011-10-13 17:37:05', 'com.runwaysdk.system.metadata.ClassAttributeConcrete', '0000000000000000000000000000001000000000000000000000000000000003', 3343, 'com.runwaysdk.system.metadata.FieldCondition.lockedBy', '2011-10-13 17:37:05', '8cyzqex757pg9voulx8mlnxoyo8ypfal00000000000000000000000000000001', '1zom0p5qh461fg8hjf5sv2cce4lrdb3z00000000000000000000000000000186');
 INSERT INTO visibilitymodifier (set_id, item_id)  VALUES  ('0lg0ky02das1gdrlv1qwc6t55ar6t6aa', '20071109NM000000000000000000000520071109NM0000000000000000000001');
INSERT INTO metadata_display_label ( default_locale, id, site_master, key_name) VALUES ('Create Date', '261wt7gh0h59bjrmy4u2sfrf7mf0eefwNM200904120000000000000000000030', 'runwaysdk.com', '261wt7gh0h59bjrmy4u2sfrf7mf0eefwNM200904120000000000000000000030');
 INSERT INTO visibilitymodifier (set_id, item_id)  VALUES  ('09b4d37qd1xuh4fdhqmmkg5hphk6jpct', '20071109NM000000000000000000000520071109NM0000000000000000000001');
 INSERT INTO md_attribute_indicies (set_id, item_id)  VALUES  ('1z4oe3bmw3dg2ldsi2wustppsbwq3fq4', '0000000000000000000000000000040100000000000000000000000000000403');
INSERT INTO metadata_display_label ( default_locale, id, site_master, key_name) VALUES ('Date and time this record was created', '6w2g0rb926v3759ktbfgre3ea9a4m1stNM200904120000000000000000000030', 'runwaysdk.com', '6w2g0rb926v3759ktbfgre3ea9a4m1stNM200904120000000000000000000030');
INSERT INTO md_attribute_datetime ( default_value, id) VALUES (NULL, 'sgk4yi9y7sztpveme4z46o2zv7cfwj8i00000000000000000000000000000341');
INSERT INTO md_attribute_moment ( id) VALUES ('sgk4yi9y7sztpveme4z46o2zv7cfwj8i00000000000000000000000000000341');
INSERT INTO md_attribute_primitive ( id) VALUES ('sgk4yi9y7sztpveme4z46o2zv7cfwj8i00000000000000000000000000000341');
INSERT INTO md_attribute_concrete ( column_name, defining_md_class, setter_visibility, setter_visibility_c, immutable, index_name, generate_accessor, system, required, display_label, getter_visibility, getter_visibility_c, index_type, index_type_c, attribute_name, id) VALUES ('create_date', '8cyzqex757pg9voulx8mlnxoyo8ypfal00000000000000000000000000000001', '0lg0ky02das1gdrlv1qwc6t55ar6t6aa', '20071109NM000000000000000000000520071109NM0000000000000000000001', 0, 'agu8bgmf9mfew1ekj3q5fqfod508ay', 1, 1, 1, '261wt7gh0h59bjrmy4u2sfrf7mf0eefwNM200904120000000000000000000030', '09b4d37qd1xuh4fdhqmmkg5hphk6jpct', '20071109NM000000000000000000000520071109NM0000000000000000000001', '1z4oe3bmw3dg2ldsi2wustppsbwq3fq4', '0000000000000000000000000000040100000000000000000000000000000403', 'createDate', 'sgk4yi9y7sztpveme4z46o2zv7cfwj8i00000000000000000000000000000341');
INSERT INTO md_attribute ( id) VALUES ('sgk4yi9y7sztpveme4z46o2zv7cfwj8i00000000000000000000000000000341');
INSERT INTO metadata ( description, created_by, owner, id, create_date, seq, type, remove, site_master, locked_by, entity_domain, last_updated_by, last_update_date, key_name) VALUES ('6w2g0rb926v3759ktbfgre3ea9a4m1stNM200904120000000000000000000030', '0000000000000000000000000000001000000000000000000000000000000003', '0000000000000000000000000000001000000000000000000000000000000003', 'sgk4yi9y7sztpveme4z46o2zv7cfwj8i00000000000000000000000000000341', '2011-10-13 17:37:05', 3344, 'com.runwaysdk.system.metadata.MdAttributeDateTime', 0, 'runwaysdk.com', NULL, NULL, '0000000000000000000000000000001000000000000000000000000000000003', '2011-10-13 17:37:05', 'com.runwaysdk.system.metadata.FieldCondition.createDate');
ALTER TABLE field_condition ADD COLUMN create_date  timestamp;
INSERT INTO class_attribute_concrete ( id, parent_id, child_id) VALUES ('spqmgt6qi0cy9tk6stjaejnrvps5kfof00000000000000000000000000000073', '8cyzqex757pg9voulx8mlnxoyo8ypfal00000000000000000000000000000001', 'sgk4yi9y7sztpveme4z46o2zv7cfwj8i00000000000000000000000000000341');
INSERT INTO class_attribute ( id, parent_id, child_id) VALUES ('spqmgt6qi0cy9tk6stjaejnrvps5kfof00000000000000000000000000000073', '8cyzqex757pg9voulx8mlnxoyo8ypfal00000000000000000000000000000001', 'sgk4yi9y7sztpveme4z46o2zv7cfwj8i00000000000000000000000000000341');
INSERT INTO metadata_relationship ( entity_domain, site_master, last_updated_by, id, owner, locked_by, create_date, type, created_by, seq, key_name, last_update_date, parent_id, child_id) VALUES (NULL, 'runwaysdk.com', '0000000000000000000000000000001000000000000000000000000000000003', 'spqmgt6qi0cy9tk6stjaejnrvps5kfof00000000000000000000000000000073', '0000000000000000000000000000001000000000000000000000000000000003', NULL, '2011-10-13 17:37:05', 'com.runwaysdk.system.metadata.ClassAttributeConcrete', '0000000000000000000000000000001000000000000000000000000000000003', 3345, 'com.runwaysdk.system.metadata.FieldCondition.createDate', '2011-10-13 17:37:05', '8cyzqex757pg9voulx8mlnxoyo8ypfal00000000000000000000000000000001', 'sgk4yi9y7sztpveme4z46o2zv7cfwj8i00000000000000000000000000000341');
 INSERT INTO visibilitymodifier (set_id, item_id)  VALUES  ('8s4pv19ixd1mqkejotdozgviaeis8h3w', '20071109NM000000000000000000000520071109NM0000000000000000000001');
INSERT INTO metadata_display_label ( default_locale, id, site_master, key_name) VALUES ('Owner', 'scbavs1zvbp2htjixwvh987kjaio20bcNM200904120000000000000000000030', 'runwaysdk.com', 'scbavs1zvbp2htjixwvh987kjaio20bcNM200904120000000000000000000030');
 INSERT INTO visibilitymodifier (set_id, item_id)  VALUES  ('8j1bbr2od1b12nvlr863k05l6ak9futz', '20071109NM000000000000000000000520071109NM0000000000000000000001');
 INSERT INTO md_attribute_indicies (set_id, item_id)  VALUES  ('xvdqguix4r2nmltlpqzd2ln9znip514g', '0000000000000000000000000000040000000000000000000000000000000403');
INSERT INTO metadata_display_label ( default_locale, id, site_master, key_name) VALUES ('A reference to the user who own this object', 'ziql1az2wolbyvd2z66tbg1egb0qke4jNM200904120000000000000000000030', 'runwaysdk.com', 'ziql1az2wolbyvd2z66tbg1egb0qke4jNM200904120000000000000000000030');
INSERT INTO md_attribute_reference ( default_value, md_business, id) VALUES (NULL, '0000000000000000000000000000051600000000000000000000000000000001', '6x6muuw5xnzerk6zmri2b0zcljtm6wqa00000000000000000000000000000186');
INSERT INTO md_attribute_ref ( id) VALUES ('6x6muuw5xnzerk6zmri2b0zcljtm6wqa00000000000000000000000000000186');
INSERT INTO md_attribute_concrete ( column_name, defining_md_class, setter_visibility, setter_visibility_c, immutable, index_name, generate_accessor, system, required, display_label, getter_visibility, getter_visibility_c, index_type, index_type_c, attribute_name, id) VALUES ('owner', '8cyzqex757pg9voulx8mlnxoyo8ypfal00000000000000000000000000000001', '8s4pv19ixd1mqkejotdozgviaeis8h3w', '20071109NM000000000000000000000520071109NM0000000000000000000001', 0, 'agkq4zkj3rnii6hkall5h81c5in1i1', 1, 0, 1, 'scbavs1zvbp2htjixwvh987kjaio20bcNM200904120000000000000000000030', '8j1bbr2od1b12nvlr863k05l6ak9futz', '20071109NM000000000000000000000520071109NM0000000000000000000001', 'xvdqguix4r2nmltlpqzd2ln9znip514g', '0000000000000000000000000000040000000000000000000000000000000403', 'owner', '6x6muuw5xnzerk6zmri2b0zcljtm6wqa00000000000000000000000000000186');
INSERT INTO md_attribute ( id) VALUES ('6x6muuw5xnzerk6zmri2b0zcljtm6wqa00000000000000000000000000000186');
INSERT INTO metadata ( description, created_by, owner, id, create_date, seq, type, remove, site_master, locked_by, entity_domain, last_updated_by, last_update_date, key_name) VALUES ('ziql1az2wolbyvd2z66tbg1egb0qke4jNM200904120000000000000000000030', '0000000000000000000000000000001000000000000000000000000000000003', '0000000000000000000000000000001000000000000000000000000000000003', '6x6muuw5xnzerk6zmri2b0zcljtm6wqa00000000000000000000000000000186', '2011-10-13 17:37:05', 3346, 'com.runwaysdk.system.metadata.MdAttributeReference', 0, 'runwaysdk.com', NULL, NULL, '0000000000000000000000000000001000000000000000000000000000000003', '2011-10-13 17:37:05', 'com.runwaysdk.system.metadata.FieldCondition.owner');
ALTER TABLE field_condition ADD COLUMN owner  char(64);
INSERT INTO class_attribute_concrete ( id, parent_id, child_id) VALUES ('8hn60q57dmckke8bm43dpxvthgha52vy00000000000000000000000000000073', '8cyzqex757pg9voulx8mlnxoyo8ypfal00000000000000000000000000000001', '6x6muuw5xnzerk6zmri2b0zcljtm6wqa00000000000000000000000000000186');
INSERT INTO class_attribute ( id, parent_id, child_id) VALUES ('8hn60q57dmckke8bm43dpxvthgha52vy00000000000000000000000000000073', '8cyzqex757pg9voulx8mlnxoyo8ypfal00000000000000000000000000000001', '6x6muuw5xnzerk6zmri2b0zcljtm6wqa00000000000000000000000000000186');
INSERT INTO metadata_relationship ( entity_domain, site_master, last_updated_by, id, owner, locked_by, create_date, type, created_by, seq, key_name, last_update_date, parent_id, child_id) VALUES (NULL, 'runwaysdk.com', '0000000000000000000000000000001000000000000000000000000000000003', '8hn60q57dmckke8bm43dpxvthgha52vy00000000000000000000000000000073', '0000000000000000000000000000001000000000000000000000000000000003', NULL, '2011-10-13 17:37:05', 'com.runwaysdk.system.metadata.ClassAttributeConcrete', '0000000000000000000000000000001000000000000000000000000000000003', 3347, 'com.runwaysdk.system.metadata.FieldCondition.owner', '2011-10-13 17:37:05', '8cyzqex757pg9voulx8mlnxoyo8ypfal00000000000000000000000000000001', '6x6muuw5xnzerk6zmri2b0zcljtm6wqa00000000000000000000000000000186');
 INSERT INTO visibilitymodifier (set_id, item_id)  VALUES  ('z4rwf0xq5vpkgbzk43p1oeyic2ttr5ho', '20071109NM000000000000000000000520071109NM0000000000000000000001');
INSERT INTO metadata_display_label ( default_locale, id, site_master, key_name) VALUES ('Type', '0mrmneuqzpp9w05f0vxphed4y1goesyxNM200904120000000000000000000030', 'runwaysdk.com', '0mrmneuqzpp9w05f0vxphed4y1goesyxNM200904120000000000000000000030');
 INSERT INTO visibilitymodifier (set_id, item_id)  VALUES  ('qp2hhbeyfkkoudefsc2pmvt3e2hwth4d', '20071109NM000000000000000000000520071109NM0000000000000000000001');
 INSERT INTO md_attribute_indicies (set_id, item_id)  VALUES  ('8mxi0mme86tg5hnml8n10yewihumb2a0', '0000000000000000000000000000040100000000000000000000000000000403');
INSERT INTO metadata_display_label ( default_locale, id, site_master, key_name) VALUES ('Fully qualified type of this object', 'z5jrmvq8pe3gk9uoxzutchai0zyaozyeNM200904120000000000000000000030', 'runwaysdk.com', 'z5jrmvq8pe3gk9uoxzutchai0zyaozyeNM200904120000000000000000000030');
INSERT INTO md_attribute_character ( default_value, database_size, id) VALUES (NULL, 255, '1zriaccke70rjhzoekhe5478z8ikoz3900000000000000000000000000000138');
INSERT INTO md_attribute_char ( id) VALUES ('1zriaccke70rjhzoekhe5478z8ikoz3900000000000000000000000000000138');
INSERT INTO md_attribute_primitive ( id) VALUES ('1zriaccke70rjhzoekhe5478z8ikoz3900000000000000000000000000000138');
INSERT INTO md_attribute_concrete ( column_name, defining_md_class, setter_visibility, setter_visibility_c, immutable, index_name, generate_accessor, system, required, display_label, getter_visibility, getter_visibility_c, index_type, index_type_c, attribute_name, id) VALUES ('type', '8cyzqex757pg9voulx8mlnxoyo8ypfal00000000000000000000000000000001', 'z4rwf0xq5vpkgbzk43p1oeyic2ttr5ho', '20071109NM000000000000000000000520071109NM0000000000000000000001', 1, 'adhih9gbp5xznrsehpx9yph6pmmmsg', 1, 1, 1, '0mrmneuqzpp9w05f0vxphed4y1goesyxNM200904120000000000000000000030', 'qp2hhbeyfkkoudefsc2pmvt3e2hwth4d', '20071109NM000000000000000000000520071109NM0000000000000000000001', '8mxi0mme86tg5hnml8n10yewihumb2a0', '0000000000000000000000000000040100000000000000000000000000000403', 'type', '1zriaccke70rjhzoekhe5478z8ikoz3900000000000000000000000000000138');
INSERT INTO md_attribute ( id) VALUES ('1zriaccke70rjhzoekhe5478z8ikoz3900000000000000000000000000000138');
INSERT INTO metadata ( description, created_by, owner, id, create_date, seq, type, remove, site_master, locked_by, entity_domain, last_updated_by, last_update_date, key_name) VALUES ('z5jrmvq8pe3gk9uoxzutchai0zyaozyeNM200904120000000000000000000030', '0000000000000000000000000000001000000000000000000000000000000003', '0000000000000000000000000000001000000000000000000000000000000003', '1zriaccke70rjhzoekhe5478z8ikoz3900000000000000000000000000000138', '2011-10-13 17:37:05', 3348, 'com.runwaysdk.system.metadata.MdAttributeCharacter', 0, 'runwaysdk.com', NULL, NULL, '0000000000000000000000000000001000000000000000000000000000000003', '2011-10-13 17:37:05', 'com.runwaysdk.system.metadata.FieldCondition.type');
ALTER TABLE field_condition ADD COLUMN type  varchar(255);
INSERT INTO class_attribute_concrete ( id, parent_id, child_id) VALUES ('91jdn39rxz7n48lqy459owyfdgghbn2600000000000000000000000000000073', '8cyzqex757pg9voulx8mlnxoyo8ypfal00000000000000000000000000000001', '1zriaccke70rjhzoekhe5478z8ikoz3900000000000000000000000000000138');
INSERT INTO class_attribute ( id, parent_id, child_id) VALUES ('91jdn39rxz7n48lqy459owyfdgghbn2600000000000000000000000000000073', '8cyzqex757pg9voulx8mlnxoyo8ypfal00000000000000000000000000000001', '1zriaccke70rjhzoekhe5478z8ikoz3900000000000000000000000000000138');
INSERT INTO metadata_relationship ( entity_domain, site_master, last_updated_by, id, owner, locked_by, create_date, type, created_by, seq, key_name, last_update_date, parent_id, child_id) VALUES (NULL, 'runwaysdk.com', '0000000000000000000000000000001000000000000000000000000000000003', '91jdn39rxz7n48lqy459owyfdgghbn2600000000000000000000000000000073', '0000000000000000000000000000001000000000000000000000000000000003', NULL, '2011-10-13 17:37:05', 'com.runwaysdk.system.metadata.ClassAttributeConcrete', '0000000000000000000000000000001000000000000000000000000000000003', 3349, 'com.runwaysdk.system.metadata.FieldCondition.type', '2011-10-13 17:37:05', '8cyzqex757pg9voulx8mlnxoyo8ypfal00000000000000000000000000000001', '1zriaccke70rjhzoekhe5478z8ikoz3900000000000000000000000000000138');
 INSERT INTO visibilitymodifier (set_id, item_id)  VALUES  ('xislu2qp70qpc4zf1oznqluk0pke5d2w', '20071109NM000000000000000000000520071109NM0000000000000000000001');
INSERT INTO metadata_display_label ( default_locale, id, site_master, key_name) VALUES ('Entity Domain', '6y9pjvr4nmxqs049rxjrhckiy8crzmfkNM200904120000000000000000000030', 'runwaysdk.com', '6y9pjvr4nmxqs049rxjrhckiy8crzmfkNM200904120000000000000000000030');
 INSERT INTO visibilitymodifier (set_id, item_id)  VALUES  ('sb2osco0vzetxi31lc1qsi90b9gyj2aq', '20071109NM000000000000000000000520071109NM0000000000000000000001');
 INSERT INTO md_attribute_indicies (set_id, item_id)  VALUES  ('2bygfc4nezi5dssuezcpzlnud6dqdbbn', '0000000000000000000000000000040100000000000000000000000000000403');
INSERT INTO metadata_display_label ( default_locale, id, site_master, key_name) VALUES ('The Domain of this entity', 'sanwrtcev6s84b8yipbhqfya5mcax7hpNM200904120000000000000000000030', 'runwaysdk.com', 'sanwrtcev6s84b8yipbhqfya5mcax7hpNM200904120000000000000000000030');
INSERT INTO md_attribute_reference ( default_value, md_business, id) VALUES (NULL, 'NM20081011000000000000000000011100000000000000000000000000000001', '0d7e52dga1ab2xu3qdyfr03j5a7zgxry00000000000000000000000000000186');
INSERT INTO md_attribute_ref ( id) VALUES ('0d7e52dga1ab2xu3qdyfr03j5a7zgxry00000000000000000000000000000186');
INSERT INTO md_attribute_concrete ( column_name, defining_md_class, setter_visibility, setter_visibility_c, immutable, index_name, generate_accessor, system, required, display_label, getter_visibility, getter_visibility_c, index_type, index_type_c, attribute_name, id) VALUES ('entity_domain', '8cyzqex757pg9voulx8mlnxoyo8ypfal00000000000000000000000000000001', 'xislu2qp70qpc4zf1oznqluk0pke5d2w', '20071109NM000000000000000000000520071109NM0000000000000000000001', 0, 'a2pni98wyok4b3kqg8q2v8y6tdrgd4', 1, 0, 0, '6y9pjvr4nmxqs049rxjrhckiy8crzmfkNM200904120000000000000000000030', 'sb2osco0vzetxi31lc1qsi90b9gyj2aq', '20071109NM000000000000000000000520071109NM0000000000000000000001', '2bygfc4nezi5dssuezcpzlnud6dqdbbn', '0000000000000000000000000000040100000000000000000000000000000403', 'entityDomain', '0d7e52dga1ab2xu3qdyfr03j5a7zgxry00000000000000000000000000000186');
INSERT INTO md_attribute ( id) VALUES ('0d7e52dga1ab2xu3qdyfr03j5a7zgxry00000000000000000000000000000186');
INSERT INTO metadata ( description, created_by, owner, id, create_date, seq, type, remove, site_master, locked_by, entity_domain, last_updated_by, last_update_date, key_name) VALUES ('sanwrtcev6s84b8yipbhqfya5mcax7hpNM200904120000000000000000000030', '0000000000000000000000000000001000000000000000000000000000000003', '0000000000000000000000000000001000000000000000000000000000000003', '0d7e52dga1ab2xu3qdyfr03j5a7zgxry00000000000000000000000000000186', '2011-10-13 17:37:05', 3350, 'com.runwaysdk.system.metadata.MdAttributeReference', 1, 'runwaysdk.com', NULL, NULL, '0000000000000000000000000000001000000000000000000000000000000003', '2011-10-13 17:37:05', 'com.runwaysdk.system.metadata.FieldCondition.entityDomain');
ALTER TABLE field_condition ADD COLUMN entity_domain  char(64);
INSERT INTO class_attribute_concrete ( id, parent_id, child_id) VALUES ('xj0f47hxvm7e4xk3u37f0j6sum9gthed00000000000000000000000000000073', '8cyzqex757pg9voulx8mlnxoyo8ypfal00000000000000000000000000000001', '0d7e52dga1ab2xu3qdyfr03j5a7zgxry00000000000000000000000000000186');
INSERT INTO class_attribute ( id, parent_id, child_id) VALUES ('xj0f47hxvm7e4xk3u37f0j6sum9gthed00000000000000000000000000000073', '8cyzqex757pg9voulx8mlnxoyo8ypfal00000000000000000000000000000001', '0d7e52dga1ab2xu3qdyfr03j5a7zgxry00000000000000000000000000000186');
INSERT INTO metadata_relationship ( entity_domain, site_master, last_updated_by, id, owner, locked_by, create_date, type, created_by, seq, key_name, last_update_date, parent_id, child_id) VALUES (NULL, 'runwaysdk.com', '0000000000000000000000000000001000000000000000000000000000000003', 'xj0f47hxvm7e4xk3u37f0j6sum9gthed00000000000000000000000000000073', '0000000000000000000000000000001000000000000000000000000000000003', NULL, '2011-10-13 17:37:05', 'com.runwaysdk.system.metadata.ClassAttributeConcrete', '0000000000000000000000000000001000000000000000000000000000000003', 3351, 'com.runwaysdk.system.metadata.FieldCondition.entityDomain', '2011-10-13 17:37:05', '8cyzqex757pg9voulx8mlnxoyo8ypfal00000000000000000000000000000001', '0d7e52dga1ab2xu3qdyfr03j5a7zgxry00000000000000000000000000000186');
 INSERT INTO visibilitymodifier (set_id, item_id)  VALUES  ('t0z7hz9xuge8aes1b6chchrmltojqdby', '20071109NM000000000000000000000520071109NM0000000000000000000001');
INSERT INTO metadata_display_label ( default_locale, id, site_master, key_name) VALUES ('Sequence', '1twmouaqrih2zze9p4a2wqfqmqc8ur81NM200904120000000000000000000030', 'runwaysdk.com', '1twmouaqrih2zze9p4a2wqfqmqc8ur81NM200904120000000000000000000030');
 INSERT INTO visibilitymodifier (set_id, item_id)  VALUES  ('xwsphvpursqebx2fo2wh8xz9at6od4vd', '20071109NM000000000000000000000520071109NM0000000000000000000001');
 INSERT INTO md_attribute_indicies (set_id, item_id)  VALUES  ('srgxl5yn60vpayoc07c7vbuibqhh4t63', '0000000000000000000000000000040100000000000000000000000000000403');
INSERT INTO metadata_display_label ( default_locale, id, site_master, key_name) VALUES ('Sequence number is incremented every time this object is updated', 'z66wcfjqxlnc5m4cznxhh2xvvtzska2qNM200904120000000000000000000030', 'runwaysdk.com', 'z66wcfjqxlnc5m4cznxhh2xvvtzska2qNM200904120000000000000000000030');
INSERT INTO md_attribute_long ( end_range, default_value, start_range, id) VALUES (NULL, NULL, NULL, '0ezuylarje4d3tpe62lpu43o2jpaidn200000000000000000000000000000338');
INSERT INTO md_attribute_int ( id) VALUES ('0ezuylarje4d3tpe62lpu43o2jpaidn200000000000000000000000000000338');
INSERT INTO md_attribute_number ( reject_negative, reject_zero, reject_positive, id) VALUES (1, 0, 0, '0ezuylarje4d3tpe62lpu43o2jpaidn200000000000000000000000000000338');
INSERT INTO md_attribute_primitive ( id) VALUES ('0ezuylarje4d3tpe62lpu43o2jpaidn200000000000000000000000000000338');
INSERT INTO md_attribute_concrete ( column_name, defining_md_class, setter_visibility, setter_visibility_c, immutable, index_name, generate_accessor, system, required, display_label, getter_visibility, getter_visibility_c, index_type, index_type_c, attribute_name, id) VALUES ('seq', '8cyzqex757pg9voulx8mlnxoyo8ypfal00000000000000000000000000000001', 't0z7hz9xuge8aes1b6chchrmltojqdby', '20071109NM000000000000000000000520071109NM0000000000000000000001', 0, 'aqqsbw7xrpco7dqc5ytj8kinb6wv74', 1, 1, 1, '1twmouaqrih2zze9p4a2wqfqmqc8ur81NM200904120000000000000000000030', 'xwsphvpursqebx2fo2wh8xz9at6od4vd', '20071109NM000000000000000000000520071109NM0000000000000000000001', 'srgxl5yn60vpayoc07c7vbuibqhh4t63', '0000000000000000000000000000040100000000000000000000000000000403', 'seq', '0ezuylarje4d3tpe62lpu43o2jpaidn200000000000000000000000000000338');
INSERT INTO md_attribute ( id) VALUES ('0ezuylarje4d3tpe62lpu43o2jpaidn200000000000000000000000000000338');
INSERT INTO metadata ( description, created_by, owner, id, create_date, seq, type, remove, site_master, locked_by, entity_domain, last_updated_by, last_update_date, key_name) VALUES ('z66wcfjqxlnc5m4cznxhh2xvvtzska2qNM200904120000000000000000000030', '0000000000000000000000000000001000000000000000000000000000000003', '0000000000000000000000000000001000000000000000000000000000000003', '0ezuylarje4d3tpe62lpu43o2jpaidn200000000000000000000000000000338', '2011-10-13 17:37:05', 3352, 'com.runwaysdk.system.metadata.MdAttributeLong', 0, 'runwaysdk.com', NULL, NULL, '0000000000000000000000000000001000000000000000000000000000000003', '2011-10-13 17:37:05', 'com.runwaysdk.system.metadata.FieldCondition.seq');
ALTER TABLE field_condition ADD COLUMN seq  bigint;
INSERT INTO class_attribute_concrete ( id, parent_id, child_id) VALUES ('xcu6upbqw69o6zbh1u1bu4pf3183emvc00000000000000000000000000000073', '8cyzqex757pg9voulx8mlnxoyo8ypfal00000000000000000000000000000001', '0ezuylarje4d3tpe62lpu43o2jpaidn200000000000000000000000000000338');
INSERT INTO class_attribute ( id, parent_id, child_id) VALUES ('xcu6upbqw69o6zbh1u1bu4pf3183emvc00000000000000000000000000000073', '8cyzqex757pg9voulx8mlnxoyo8ypfal00000000000000000000000000000001', '0ezuylarje4d3tpe62lpu43o2jpaidn200000000000000000000000000000338');
INSERT INTO metadata_relationship ( entity_domain, site_master, last_updated_by, id, owner, locked_by, create_date, type, created_by, seq, key_name, last_update_date, parent_id, child_id) VALUES (NULL, 'runwaysdk.com', '0000000000000000000000000000001000000000000000000000000000000003', 'xcu6upbqw69o6zbh1u1bu4pf3183emvc00000000000000000000000000000073', '0000000000000000000000000000001000000000000000000000000000000003', NULL, '2011-10-13 17:37:05', 'com.runwaysdk.system.metadata.ClassAttributeConcrete', '0000000000000000000000000000001000000000000000000000000000000003', 3353, 'com.runwaysdk.system.metadata.FieldCondition.seq', '2011-10-13 17:37:05', '8cyzqex757pg9voulx8mlnxoyo8ypfal00000000000000000000000000000001', '0ezuylarje4d3tpe62lpu43o2jpaidn200000000000000000000000000000338');
INSERT INTO metadata_display_label ( default_locale, id, site_master, key_name) VALUES (NULL, '0fawux71kgg867ozc49l9eohp2v79hjbNM200904120000000000000000000030', 'runwaysdk.com', '0fawux71kgg867ozc49l9eohp2v79hjbNM200904120000000000000000000030');
INSERT INTO metadata_display_label ( default_locale, id, site_master, key_name) VALUES (NULL, '6w3n7ojg8xy5jij5zq3kdoxxppu2iv9kNM200904120000000000000000000030', 'runwaysdk.com', '6w3n7ojg8xy5jij5zq3kdoxxppu2iv9kNM200904120000000000000000000030');
INSERT INTO md_controller ( stub_source, id) VALUES (NULL, '03ij748ulne25jne35zg7kkzh5u83hybNM200810110000000000000000000112');
INSERT INTO md_type ( display_label, root_id, package_name, type_name, base_source, js_base, js_stub, exported, dto_source, id) VALUES ('0fawux71kgg867ozc49l9eohp2v79hjbNM200904120000000000000000000030', '03ij748ulne25jne35zg7kkzh5u83hyb', 'com.runwaysdk.system.metadata', 'FieldConditionController', NULL, NULL, NULL, 1, NULL, '03ij748ulne25jne35zg7kkzh5u83hybNM200810110000000000000000000112');
INSERT INTO metadata ( description, created_by, owner, id, create_date, seq, type, remove, site_master, locked_by, entity_domain, last_updated_by, last_update_date, key_name) VALUES ('6w3n7ojg8xy5jij5zq3kdoxxppu2iv9kNM200904120000000000000000000030', '0000000000000000000000000000001000000000000000000000000000000003', '0000000000000000000000000000001000000000000000000000000000000003', '03ij748ulne25jne35zg7kkzh5u83hybNM200810110000000000000000000112', '2011-10-13 17:37:05', 3354, 'com.runwaysdk.system.metadata.MdController', 1, 'runwaysdk.com', NULL, NULL, '0000000000000000000000000000001000000000000000000000000000000003', '2011-10-13 17:37:05', 'com.runwaysdk.system.metadata.FieldConditionController');
INSERT INTO metadata_display_label ( default_locale, id, site_master, key_name) VALUES ('View Page', 'sz31od0mydbfrrdz1cplp8vgmr7xozukNM200904120000000000000000000030', 'runwaysdk.com', 'sz31od0mydbfrrdz1cplp8vgmr7xozukNM200904120000000000000000000030');
INSERT INTO metadata_display_label ( default_locale, id, site_master, key_name) VALUES ('Loads a ViewAll query for a specific page into the request object', '0plqbkndcfx2okide9koxib6rrs9o3z3NM200904120000000000000000000030', 'runwaysdk.com', '0plqbkndcfx2okide9koxib6rrs9o3z3NM200904120000000000000000000030');
INSERT INTO md_action ( is_query, enclosing_md_controller, is_post, action_name, display_label, id) VALUES (1, '03ij748ulne25jne35zg7kkzh5u83hybNM200810110000000000000000000112', 0, 'viewPage', 'sz31od0mydbfrrdz1cplp8vgmr7xozukNM200904120000000000000000000030', '0bfpgkxy9s4tw2hix1xgwipzj5kmqsyzNM200810110000000000000000000113');
INSERT INTO metadata ( description, created_by, owner, id, create_date, seq, type, remove, site_master, locked_by, entity_domain, last_updated_by, last_update_date, key_name) VALUES ('0plqbkndcfx2okide9koxib6rrs9o3z3NM200904120000000000000000000030', '0000000000000000000000000000001000000000000000000000000000000003', '0000000000000000000000000000001000000000000000000000000000000003', '0bfpgkxy9s4tw2hix1xgwipzj5kmqsyzNM200810110000000000000000000113', '2011-10-13 17:37:05', 3355, 'com.runwaysdk.system.metadata.MdAction', 1, 'runwaysdk.com', NULL, NULL, '0000000000000000000000000000001000000000000000000000000000000003', '2011-10-13 17:37:05', 'com.runwaysdk.system.metadata.FieldConditionController.viewPage');
INSERT INTO controller_action ( key_name, locked_by, id, owner, entity_domain, created_by, type, last_update_date, create_date, seq, last_updated_by, site_master, parent_id, child_id) VALUES ('com.runwaysdk.system.metadata.FieldConditionController.viewPage', NULL, '6xk2ygbjy579ei1d7rpl8gr3f8s1ivfwJS200807230000000000000000111111', '0000000000000000000000000000001000000000000000000000000000000003', NULL, '0000000000000000000000000000001000000000000000000000000000000003', 'com.runwaysdk.system.ControllerAction', '2011-10-13 17:37:05', '2011-10-13 17:37:05', 3356, '0000000000000000000000000000001000000000000000000000000000000003', 'runwaysdk.com', '03ij748ulne25jne35zg7kkzh5u83hybNM200810110000000000000000000112', '0bfpgkxy9s4tw2hix1xgwipzj5kmqsyzNM200810110000000000000000000113');
INSERT INTO metadata_display_label ( default_locale, id, site_master, key_name) VALUES ('Sort Attribute', '1uf1ot0fynhhumjxmpgkgzo15nift33mNM200904120000000000000000000030', 'runwaysdk.com', '1uf1ot0fynhhumjxmpgkgzo15nift33mNM200904120000000000000000000030');
INSERT INTO metadata_display_label ( default_locale, id, site_master, key_name) VALUES (NULL, '1rzj8q6j2hi47tti34rlxhjflwxgriv9NM200904120000000000000000000030', 'runwaysdk.com', '1rzj8q6j2hi47tti34rlxhjflwxgriv9NM200904120000000000000000000030');
INSERT INTO md_parameter ( metadata, parameter_order, parameter_name, parameter_type, display_label, id) VALUES ('0bfpgkxy9s4tw2hix1xgwipzj5kmqsyzNM200810110000000000000000000113', -4, 'sortAttribute', 'java.lang.String', '1uf1ot0fynhhumjxmpgkgzo15nift33mNM200904120000000000000000000030', 'ra2rcd52lnx0tb8hkooak95moqoq7ie820070427JS0000000000000000001517');
INSERT INTO metadata ( description, created_by, owner, id, create_date, seq, type, remove, site_master, locked_by, entity_domain, last_updated_by, last_update_date, key_name) VALUES ('1rzj8q6j2hi47tti34rlxhjflwxgriv9NM200904120000000000000000000030', '0000000000000000000000000000001000000000000000000000000000000003', '0000000000000000000000000000001000000000000000000000000000000003', 'ra2rcd52lnx0tb8hkooak95moqoq7ie820070427JS0000000000000000001517', '2011-10-13 17:37:05', 3357, 'com.runwaysdk.system.metadata.MdParameter', 1, 'runwaysdk.com', NULL, NULL, '0000000000000000000000000000001000000000000000000000000000000003', '2011-10-13 17:37:05', 'com.runwaysdk.system.metadata.FieldConditionController.viewPage.sortAttribute');
INSERT INTO metadata_parameter ( site_master, last_updated_by, create_date, seq, locked_by, entity_domain, created_by, type, last_update_date, key_name, owner, id, parent_id, child_id) VALUES ('runwaysdk.com', '0000000000000000000000000000001000000000000000000000000000000003', '2011-10-13 17:37:05', 3358, NULL, NULL, '0000000000000000000000000000001000000000000000000000000000000003', 'com.runwaysdk.system.MetadataParameter', '2011-10-13 17:37:05', 'com.runwaysdk.system.metadata.FieldConditionController.viewPage.sortAttribute', '0000000000000000000000000000001000000000000000000000000000000003', 'szjwzithfkr4m7tu3pa4v38c03fs44ps20070427JS0000000000000000001524', '0bfpgkxy9s4tw2hix1xgwipzj5kmqsyzNM200810110000000000000000000113', 'ra2rcd52lnx0tb8hkooak95moqoq7ie820070427JS0000000000000000001517');
INSERT INTO metadata_display_label ( default_locale, id, site_master, key_name) VALUES ('Is Ascending', 'r0syd9zxce2fedax87cmk3gfil29zv7zNM200904120000000000000000000030', 'runwaysdk.com', 'r0syd9zxce2fedax87cmk3gfil29zv7zNM200904120000000000000000000030');
INSERT INTO metadata_display_label ( default_locale, id, site_master, key_name) VALUES (NULL, 'za8zf5fk77e9z93ptargwe4heewg6a9dNM200904120000000000000000000030', 'runwaysdk.com', 'za8zf5fk77e9z93ptargwe4heewg6a9dNM200904120000000000000000000030');
INSERT INTO md_parameter ( metadata, parameter_order, parameter_name, parameter_type, display_label, id) VALUES ('0bfpgkxy9s4tw2hix1xgwipzj5kmqsyzNM200810110000000000000000000113', -3, 'isAscending', 'java.lang.Boolean', 'r0syd9zxce2fedax87cmk3gfil29zv7zNM200904120000000000000000000030', '6uq69ninmsh9ouik202fkedy32w2b2fi20070427JS0000000000000000001517');
INSERT INTO metadata ( description, created_by, owner, id, create_date, seq, type, remove, site_master, locked_by, entity_domain, last_updated_by, last_update_date, key_name) VALUES ('za8zf5fk77e9z93ptargwe4heewg6a9dNM200904120000000000000000000030', '0000000000000000000000000000001000000000000000000000000000000003', '0000000000000000000000000000001000000000000000000000000000000003', '6uq69ninmsh9ouik202fkedy32w2b2fi20070427JS0000000000000000001517', '2011-10-13 17:37:05', 3359, 'com.runwaysdk.system.metadata.MdParameter', 1, 'runwaysdk.com', NULL, NULL, '0000000000000000000000000000001000000000000000000000000000000003', '2011-10-13 17:37:05', 'com.runwaysdk.system.metadata.FieldConditionController.viewPage.isAscending');
INSERT INTO metadata_parameter ( site_master, last_updated_by, create_date, seq, locked_by, entity_domain, created_by, type, last_update_date, key_name, owner, id, parent_id, child_id) VALUES ('runwaysdk.com', '0000000000000000000000000000001000000000000000000000000000000003', '2011-10-13 17:37:05', 3360, NULL, NULL, '0000000000000000000000000000001000000000000000000000000000000003', 'com.runwaysdk.system.MetadataParameter', '2011-10-13 17:37:05', 'com.runwaysdk.system.metadata.FieldConditionController.viewPage.isAscending', '0000000000000000000000000000001000000000000000000000000000000003', 'xhvqxlwjc9kz7u25sopqcbwbfzmwo11r20070427JS0000000000000000001524', '0bfpgkxy9s4tw2hix1xgwipzj5kmqsyzNM200810110000000000000000000113', '6uq69ninmsh9ouik202fkedy32w2b2fi20070427JS0000000000000000001517');
INSERT INTO metadata_display_label ( default_locale, id, site_master, key_name) VALUES ('Page Size', '8fdsrhp1gxxsbw7q6ohir0pd67smtdmhNM200904120000000000000000000030', 'runwaysdk.com', '8fdsrhp1gxxsbw7q6ohir0pd67smtdmhNM200904120000000000000000000030');
INSERT INTO metadata_display_label ( default_locale, id, site_master, key_name) VALUES (NULL, '0oeheiqw0jji5ejv7xswni2fj4z3autdNM200904120000000000000000000030', 'runwaysdk.com', '0oeheiqw0jji5ejv7xswni2fj4z3autdNM200904120000000000000000000030');
INSERT INTO md_parameter ( metadata, parameter_order, parameter_name, parameter_type, display_label, id) VALUES ('0bfpgkxy9s4tw2hix1xgwipzj5kmqsyzNM200810110000000000000000000113', -2, 'pageSize', 'java.lang.Integer', '8fdsrhp1gxxsbw7q6ohir0pd67smtdmhNM200904120000000000000000000030', 'yxtyt7ejugkl9mtf44ybo5af7umzkzzy20070427JS0000000000000000001517');
INSERT INTO metadata ( description, created_by, owner, id, create_date, seq, type, remove, site_master, locked_by, entity_domain, last_updated_by, last_update_date, key_name) VALUES ('0oeheiqw0jji5ejv7xswni2fj4z3autdNM200904120000000000000000000030', '0000000000000000000000000000001000000000000000000000000000000003', '0000000000000000000000000000001000000000000000000000000000000003', 'yxtyt7ejugkl9mtf44ybo5af7umzkzzy20070427JS0000000000000000001517', '2011-10-13 17:37:05', 3361, 'com.runwaysdk.system.metadata.MdParameter', 1, 'runwaysdk.com', NULL, NULL, '0000000000000000000000000000001000000000000000000000000000000003', '2011-10-13 17:37:05', 'com.runwaysdk.system.metadata.FieldConditionController.viewPage.pageSize');
INSERT INTO metadata_parameter ( site_master, last_updated_by, create_date, seq, locked_by, entity_domain, created_by, type, last_update_date, key_name, owner, id, parent_id, child_id) VALUES ('runwaysdk.com', '0000000000000000000000000000001000000000000000000000000000000003', '2011-10-13 17:37:05', 3362, NULL, NULL, '0000000000000000000000000000001000000000000000000000000000000003', 'com.runwaysdk.system.MetadataParameter', '2011-10-13 17:37:05', 'com.runwaysdk.system.metadata.FieldConditionController.viewPage.pageSize', '0000000000000000000000000000001000000000000000000000000000000003', '6r1lmg7yfhyhs4dhzb44vchm05zgzvp720070427JS0000000000000000001524', '0bfpgkxy9s4tw2hix1xgwipzj5kmqsyzNM200810110000000000000000000113', 'yxtyt7ejugkl9mtf44ybo5af7umzkzzy20070427JS0000000000000000001517');
INSERT INTO metadata_display_label ( default_locale, id, site_master, key_name) VALUES ('Page Number', '6xi39s15ewts5252xfn6r0sr95xr7t4oNM200904120000000000000000000030', 'runwaysdk.com', '6xi39s15ewts5252xfn6r0sr95xr7t4oNM200904120000000000000000000030');
INSERT INTO metadata_display_label ( default_locale, id, site_master, key_name) VALUES (NULL, '6zb7k3tgwdgbekorjw9lf1su7xcsevdmNM200904120000000000000000000030', 'runwaysdk.com', '6zb7k3tgwdgbekorjw9lf1su7xcsevdmNM200904120000000000000000000030');
INSERT INTO md_parameter ( metadata, parameter_order, parameter_name, parameter_type, display_label, id) VALUES ('0bfpgkxy9s4tw2hix1xgwipzj5kmqsyzNM200810110000000000000000000113', -1, 'pageNumber', 'java.lang.Integer', '6xi39s15ewts5252xfn6r0sr95xr7t4oNM200904120000000000000000000030', 'scuhluyvbij6jpp5ylklg6a3t8tx3y5x20070427JS0000000000000000001517');
INSERT INTO metadata ( description, created_by, owner, id, create_date, seq, type, remove, site_master, locked_by, entity_domain, last_updated_by, last_update_date, key_name) VALUES ('6zb7k3tgwdgbekorjw9lf1su7xcsevdmNM200904120000000000000000000030', '0000000000000000000000000000001000000000000000000000000000000003', '0000000000000000000000000000001000000000000000000000000000000003', 'scuhluyvbij6jpp5ylklg6a3t8tx3y5x20070427JS0000000000000000001517', '2011-10-13 17:37:05', 3363, 'com.runwaysdk.system.metadata.MdParameter', 1, 'runwaysdk.com', NULL, NULL, '0000000000000000000000000000001000000000000000000000000000000003', '2011-10-13 17:37:05', 'com.runwaysdk.system.metadata.FieldConditionController.viewPage.pageNumber');
INSERT INTO metadata_parameter ( site_master, last_updated_by, create_date, seq, locked_by, entity_domain, created_by, type, last_update_date, key_name, owner, id, parent_id, child_id) VALUES ('runwaysdk.com', '0000000000000000000000000000001000000000000000000000000000000003', '2011-10-13 17:37:05', 3364, NULL, NULL, '0000000000000000000000000000001000000000000000000000000000000003', 'com.runwaysdk.system.MetadataParameter', '2011-10-13 17:37:05', 'com.runwaysdk.system.metadata.FieldConditionController.viewPage.pageNumber', '0000000000000000000000000000001000000000000000000000000000000003', 'z5u0mh9abyr94hapebzkz2dvey3ztiuu20070427JS0000000000000000001524', '0bfpgkxy9s4tw2hix1xgwipzj5kmqsyzNM200810110000000000000000000113', 'scuhluyvbij6jpp5ylklg6a3t8tx3y5x20070427JS0000000000000000001517');
INSERT INTO metadata_display_label ( default_locale, id, site_master, key_name) VALUES ('View All', 'xvnxg3bp424uhj0stw5jt9x6qs4tgxqgNM200904120000000000000000000030', 'runwaysdk.com', 'xvnxg3bp424uhj0stw5jt9x6qs4tgxqgNM200904120000000000000000000030');
INSERT INTO metadata_display_label ( default_locale, id, site_master, key_name) VALUES ('Loads a ViewAll query with the default settings', 'sdkh1obnrz2wf08p19ci37cm875mmf19NM200904120000000000000000000030', 'runwaysdk.com', 'sdkh1obnrz2wf08p19ci37cm875mmf19NM200904120000000000000000000030');
INSERT INTO md_action ( is_query, enclosing_md_controller, is_post, action_name, display_label, id) VALUES (0, '03ij748ulne25jne35zg7kkzh5u83hybNM200810110000000000000000000112', 0, 'viewAll', 'xvnxg3bp424uhj0stw5jt9x6qs4tgxqgNM200904120000000000000000000030', '7ejyy4yukqu69toug1nwv7goc9jedjv0NM200810110000000000000000000113');
INSERT INTO metadata ( description, created_by, owner, id, create_date, seq, type, remove, site_master, locked_by, entity_domain, last_updated_by, last_update_date, key_name) VALUES ('sdkh1obnrz2wf08p19ci37cm875mmf19NM200904120000000000000000000030', '0000000000000000000000000000001000000000000000000000000000000003', '0000000000000000000000000000001000000000000000000000000000000003', '7ejyy4yukqu69toug1nwv7goc9jedjv0NM200810110000000000000000000113', '2011-10-13 17:37:05', 3365, 'com.runwaysdk.system.metadata.MdAction', 1, 'runwaysdk.com', NULL, NULL, '0000000000000000000000000000001000000000000000000000000000000003', '2011-10-13 17:37:05', 'com.runwaysdk.system.metadata.FieldConditionController.viewAll');
INSERT INTO controller_action ( key_name, locked_by, id, owner, entity_domain, created_by, type, last_update_date, create_date, seq, last_updated_by, site_master, parent_id, child_id) VALUES ('com.runwaysdk.system.metadata.FieldConditionController.viewAll', NULL, 'r5dgzekpsx3meauf7u4o2i0goiddhth4JS200807230000000000000000111111', '0000000000000000000000000000001000000000000000000000000000000003', NULL, '0000000000000000000000000000001000000000000000000000000000000003', 'com.runwaysdk.system.ControllerAction', '2011-10-13 17:37:05', '2011-10-13 17:37:05', 3366, '0000000000000000000000000000001000000000000000000000000000000003', 'runwaysdk.com', '03ij748ulne25jne35zg7kkzh5u83hybNM200810110000000000000000000112', '7ejyy4yukqu69toug1nwv7goc9jedjv0NM200810110000000000000000000113');
INSERT INTO metadata_display_label ( default_locale, id, site_master, key_name) VALUES ('View', 'zmeugggxwywq1nma1ef16q6bwwrscxafNM200904120000000000000000000030', 'runwaysdk.com', 'zmeugggxwywq1nma1ef16q6bwwrscxafNM200904120000000000000000000030');
INSERT INTO metadata_display_label ( default_locale, id, site_master, key_name) VALUES ('View an existing instance of com.runwaysdk.system.metadata.FieldCondition', '0tb8u1zmomuc7rq0cy9bbb73m1nnvu0yNM200904120000000000000000000030', 'runwaysdk.com', '0tb8u1zmomuc7rq0cy9bbb73m1nnvu0yNM200904120000000000000000000030');
INSERT INTO md_action ( is_query, enclosing_md_controller, is_post, action_name, display_label, id) VALUES (0, '03ij748ulne25jne35zg7kkzh5u83hybNM200810110000000000000000000112', 0, 'view', 'zmeugggxwywq1nma1ef16q6bwwrscxafNM200904120000000000000000000030', '90pa1xo3x1n7fbiul4gnmafd5dr60g5pNM200810110000000000000000000113');
INSERT INTO metadata ( description, created_by, owner, id, create_date, seq, type, remove, site_master, locked_by, entity_domain, last_updated_by, last_update_date, key_name) VALUES ('0tb8u1zmomuc7rq0cy9bbb73m1nnvu0yNM200904120000000000000000000030', '0000000000000000000000000000001000000000000000000000000000000003', '0000000000000000000000000000001000000000000000000000000000000003', '90pa1xo3x1n7fbiul4gnmafd5dr60g5pNM200810110000000000000000000113', '2011-10-13 17:37:05', 3367, 'com.runwaysdk.system.metadata.MdAction', 1, 'runwaysdk.com', NULL, NULL, '0000000000000000000000000000001000000000000000000000000000000003', '2011-10-13 17:37:05', 'com.runwaysdk.system.metadata.FieldConditionController.view');
INSERT INTO controller_action ( key_name, locked_by, id, owner, entity_domain, created_by, type, last_update_date, create_date, seq, last_updated_by, site_master, parent_id, child_id) VALUES ('com.runwaysdk.system.metadata.FieldConditionController.view', NULL, '75wq3e3953cnhdjvmmn8t896q32okjfgJS200807230000000000000000111111', '0000000000000000000000000000001000000000000000000000000000000003', NULL, '0000000000000000000000000000001000000000000000000000000000000003', 'com.runwaysdk.system.ControllerAction', '2011-10-13 17:37:05', '2011-10-13 17:37:05', 3368, '0000000000000000000000000000001000000000000000000000000000000003', 'runwaysdk.com', '03ij748ulne25jne35zg7kkzh5u83hybNM200810110000000000000000000112', '90pa1xo3x1n7fbiul4gnmafd5dr60g5pNM200810110000000000000000000113');
INSERT INTO metadata_display_label ( default_locale, id, site_master, key_name) VALUES ('Parameter: com.runwaysdk.system.metadata.FieldCondition - id', 'xi89x61akzmkds4sj6dr29sjpgm36tg9NM200904120000000000000000000030', 'runwaysdk.com', 'xi89x61akzmkds4sj6dr29sjpgm36tg9NM200904120000000000000000000030');
INSERT INTO metadata_display_label ( default_locale, id, site_master, key_name) VALUES ('Id of com.runwaysdk.system.metadata.FieldCondition to view.', '1qdwx6kwu8dkx1xryf98peqxepqmgv1oNM200904120000000000000000000030', 'runwaysdk.com', '1qdwx6kwu8dkx1xryf98peqxepqmgv1oNM200904120000000000000000000030');
INSERT INTO md_parameter ( metadata, parameter_order, parameter_name, parameter_type, display_label, id) VALUES ('90pa1xo3x1n7fbiul4gnmafd5dr60g5pNM200810110000000000000000000113', 0, 'id', 'java.lang.String', 'xi89x61akzmkds4sj6dr29sjpgm36tg9NM200904120000000000000000000030', 'si1016us8xx69s5u4dkb4m0r4bzmju7420070427JS0000000000000000001517');
INSERT INTO metadata ( description, created_by, owner, id, create_date, seq, type, remove, site_master, locked_by, entity_domain, last_updated_by, last_update_date, key_name) VALUES ('1qdwx6kwu8dkx1xryf98peqxepqmgv1oNM200904120000000000000000000030', '0000000000000000000000000000001000000000000000000000000000000003', '0000000000000000000000000000001000000000000000000000000000000003', 'si1016us8xx69s5u4dkb4m0r4bzmju7420070427JS0000000000000000001517', '2011-10-13 17:37:05', 3369, 'com.runwaysdk.system.metadata.MdParameter', 1, 'runwaysdk.com', NULL, NULL, '0000000000000000000000000000001000000000000000000000000000000003', '2011-10-13 17:37:05', 'com.runwaysdk.system.metadata.FieldConditionController.view.id');
INSERT INTO metadata_parameter ( site_master, last_updated_by, create_date, seq, locked_by, entity_domain, created_by, type, last_update_date, key_name, owner, id, parent_id, child_id) VALUES ('runwaysdk.com', '0000000000000000000000000000001000000000000000000000000000000003', '2011-10-13 17:37:05', 3370, NULL, NULL, '0000000000000000000000000000001000000000000000000000000000000003', 'com.runwaysdk.system.MetadataParameter', '2011-10-13 17:37:05', 'com.runwaysdk.system.metadata.FieldConditionController.view.id', '0000000000000000000000000000001000000000000000000000000000000003', 'r2cyvoydinzv8lj0qzvglfdjw60c50wq20070427JS0000000000000000001524', '90pa1xo3x1n7fbiul4gnmafd5dr60g5pNM200810110000000000000000000113', 'si1016us8xx69s5u4dkb4m0r4bzmju7420070427JS0000000000000000001517');
INSERT INTO metadata_display_label ( default_locale, id, site_master, key_name) VALUES ('Create', '8sr4mh9spdg9qil88ib4ihea7093ddbiNM200904120000000000000000000030', 'runwaysdk.com', '8sr4mh9spdg9qil88ib4ihea7093ddbiNM200904120000000000000000000030');
INSERT INTO metadata_display_label ( default_locale, id, site_master, key_name) VALUES ('Applys a new instance of com.runwaysdk.system.metadata.FieldCondition', 's9a9jm4gd6hrrsbltkrsm0t8gxm7xezrNM200904120000000000000000000030', 'runwaysdk.com', 's9a9jm4gd6hrrsbltkrsm0t8gxm7xezrNM200904120000000000000000000030');
INSERT INTO md_action ( is_query, enclosing_md_controller, is_post, action_name, display_label, id) VALUES (0, '03ij748ulne25jne35zg7kkzh5u83hybNM200810110000000000000000000112', 1, 'create', '8sr4mh9spdg9qil88ib4ihea7093ddbiNM200904120000000000000000000030', '09b4bmj66m44hn87t636og7jxrenxme6NM200810110000000000000000000113');
INSERT INTO metadata ( description, created_by, owner, id, create_date, seq, type, remove, site_master, locked_by, entity_domain, last_updated_by, last_update_date, key_name) VALUES ('s9a9jm4gd6hrrsbltkrsm0t8gxm7xezrNM200904120000000000000000000030', '0000000000000000000000000000001000000000000000000000000000000003', '0000000000000000000000000000001000000000000000000000000000000003', '09b4bmj66m44hn87t636og7jxrenxme6NM200810110000000000000000000113', '2011-10-13 17:37:05', 3371, 'com.runwaysdk.system.metadata.MdAction', 1, 'runwaysdk.com', NULL, NULL, '0000000000000000000000000000001000000000000000000000000000000003', '2011-10-13 17:37:05', 'com.runwaysdk.system.metadata.FieldConditionController.create');
INSERT INTO controller_action ( key_name, locked_by, id, owner, entity_domain, created_by, type, last_update_date, create_date, seq, last_updated_by, site_master, parent_id, child_id) VALUES ('com.runwaysdk.system.metadata.FieldConditionController.create', NULL, 'z3r7degnv6cqf7i22q186ob9lrkiukfsJS200807230000000000000000111111', '0000000000000000000000000000001000000000000000000000000000000003', NULL, '0000000000000000000000000000001000000000000000000000000000000003', 'com.runwaysdk.system.ControllerAction', '2011-10-13 17:37:05', '2011-10-13 17:37:05', 3372, '0000000000000000000000000000001000000000000000000000000000000003', 'runwaysdk.com', '03ij748ulne25jne35zg7kkzh5u83hybNM200810110000000000000000000112', '09b4bmj66m44hn87t636og7jxrenxme6NM200810110000000000000000000113');
INSERT INTO metadata_display_label ( default_locale, id, site_master, key_name) VALUES ('Parameter: com.runwaysdk.system.metadata.FieldCondition', '76ql9nf3qjmbh5y08jerteikqrknz991NM200904120000000000000000000030', 'runwaysdk.com', '76ql9nf3qjmbh5y08jerteikqrknz991NM200904120000000000000000000030');
INSERT INTO metadata_display_label ( default_locale, id, site_master, key_name) VALUES ('com.runwaysdk.system.metadata.FieldCondition to apply to the database', '8pqqanseskbsfsdkuqhnqorax74gr58lNM200904120000000000000000000030', 'runwaysdk.com', '8pqqanseskbsfsdkuqhnqorax74gr58lNM200904120000000000000000000030');
INSERT INTO md_parameter ( metadata, parameter_order, parameter_name, parameter_type, display_label, id) VALUES ('09b4bmj66m44hn87t636og7jxrenxme6NM200810110000000000000000000113', 0, 'dto', 'com.runwaysdk.system.metadata.FieldCondition', '76ql9nf3qjmbh5y08jerteikqrknz991NM200904120000000000000000000030', '9179zdwhbdb4vo5bs6qcd4sgj09tyxwb20070427JS0000000000000000001517');
INSERT INTO metadata ( description, created_by, owner, id, create_date, seq, type, remove, site_master, locked_by, entity_domain, last_updated_by, last_update_date, key_name) VALUES ('8pqqanseskbsfsdkuqhnqorax74gr58lNM200904120000000000000000000030', '0000000000000000000000000000001000000000000000000000000000000003', '0000000000000000000000000000001000000000000000000000000000000003', '9179zdwhbdb4vo5bs6qcd4sgj09tyxwb20070427JS0000000000000000001517', '2011-10-13 17:37:05', 3373, 'com.runwaysdk.system.metadata.MdParameter', 1, 'runwaysdk.com', NULL, NULL, '0000000000000000000000000000001000000000000000000000000000000003', '2011-10-13 17:37:05', 'com.runwaysdk.system.metadata.FieldConditionController.create.dto');
INSERT INTO metadata_parameter ( site_master, last_updated_by, create_date, seq, locked_by, entity_domain, created_by, type, last_update_date, key_name, owner, id, parent_id, child_id) VALUES ('runwaysdk.com', '0000000000000000000000000000001000000000000000000000000000000003', '2011-10-13 17:37:05', 3374, NULL, NULL, '0000000000000000000000000000001000000000000000000000000000000003', 'com.runwaysdk.system.MetadataParameter', '2011-10-13 17:37:05', 'com.runwaysdk.system.metadata.FieldConditionController.create.dto', '0000000000000000000000000000001000000000000000000000000000000003', '70kw8kebaqkqnai23tudm5nllqg5gicd20070427JS0000000000000000001524', '09b4bmj66m44hn87t636og7jxrenxme6NM200810110000000000000000000113', '9179zdwhbdb4vo5bs6qcd4sgj09tyxwb20070427JS0000000000000000001517');
INSERT INTO metadata_display_label ( default_locale, id, site_master, key_name) VALUES ('edit', 'yyvk3t3e858bgsrc79ay70tznrb9jkvxNM200904120000000000000000000030', 'runwaysdk.com', 'yyvk3t3e858bgsrc79ay70tznrb9jkvxNM200904120000000000000000000030');
INSERT INTO metadata_display_label ( default_locale, id, site_master, key_name) VALUES ('Applys an existing instance of com.runwaysdk.system.metadata.FieldCondition', '0lubgez4uw311ecszfk7w6mzk0fwwy9uNM200904120000000000000000000030', 'runwaysdk.com', '0lubgez4uw311ecszfk7w6mzk0fwwy9uNM200904120000000000000000000030');
INSERT INTO md_action ( is_query, enclosing_md_controller, is_post, action_name, display_label, id) VALUES (0, '03ij748ulne25jne35zg7kkzh5u83hybNM200810110000000000000000000112', 0, 'edit', 'yyvk3t3e858bgsrc79ay70tznrb9jkvxNM200904120000000000000000000030', 'zbpqs8bqvqxczun03erz6h4aucl1e2r4NM200810110000000000000000000113');
INSERT INTO metadata ( description, created_by, owner, id, create_date, seq, type, remove, site_master, locked_by, entity_domain, last_updated_by, last_update_date, key_name) VALUES ('0lubgez4uw311ecszfk7w6mzk0fwwy9uNM200904120000000000000000000030', '0000000000000000000000000000001000000000000000000000000000000003', '0000000000000000000000000000001000000000000000000000000000000003', 'zbpqs8bqvqxczun03erz6h4aucl1e2r4NM200810110000000000000000000113', '2011-10-13 17:37:05', 3375, 'com.runwaysdk.system.metadata.MdAction', 1, 'runwaysdk.com', NULL, NULL, '0000000000000000000000000000001000000000000000000000000000000003', '2011-10-13 17:37:05', 'com.runwaysdk.system.metadata.FieldConditionController.edit');
INSERT INTO controller_action ( key_name, locked_by, id, owner, entity_domain, created_by, type, last_update_date, create_date, seq, last_updated_by, site_master, parent_id, child_id) VALUES ('com.runwaysdk.system.metadata.FieldConditionController.edit', NULL, 'xnou7bl4bukqqziqr9r92je106f2ipwoJS200807230000000000000000111111', '0000000000000000000000000000001000000000000000000000000000000003', NULL, '0000000000000000000000000000001000000000000000000000000000000003', 'com.runwaysdk.system.ControllerAction', '2011-10-13 17:37:05', '2011-10-13 17:37:05', 3376, '0000000000000000000000000000001000000000000000000000000000000003', 'runwaysdk.com', '03ij748ulne25jne35zg7kkzh5u83hybNM200810110000000000000000000112', 'zbpqs8bqvqxczun03erz6h4aucl1e2r4NM200810110000000000000000000113');
INSERT INTO metadata_display_label ( default_locale, id, site_master, key_name) VALUES ('Parameter: com.runwaysdk.system.metadata.FieldCondition', 'spgfih24yx225wpio3p2mh6rzqk5f5n3NM200904120000000000000000000030', 'runwaysdk.com', 'spgfih24yx225wpio3p2mh6rzqk5f5n3NM200904120000000000000000000030');
INSERT INTO metadata_display_label ( default_locale, id, site_master, key_name) VALUES ('com.runwaysdk.system.metadata.FieldCondition to apply to the database', '0cz8lmzt5rc8w92vd21bbrv1u8ii13nrNM200904120000000000000000000030', 'runwaysdk.com', '0cz8lmzt5rc8w92vd21bbrv1u8ii13nrNM200904120000000000000000000030');
INSERT INTO md_parameter ( metadata, parameter_order, parameter_name, parameter_type, display_label, id) VALUES ('zbpqs8bqvqxczun03erz6h4aucl1e2r4NM200810110000000000000000000113', 0, 'id', 'java.lang.String', 'spgfih24yx225wpio3p2mh6rzqk5f5n3NM200904120000000000000000000030', 'xplx2srk4ot6zhfuub9zo0sf1q7bssfw20070427JS0000000000000000001517');
INSERT INTO metadata ( description, created_by, owner, id, create_date, seq, type, remove, site_master, locked_by, entity_domain, last_updated_by, last_update_date, key_name) VALUES ('0cz8lmzt5rc8w92vd21bbrv1u8ii13nrNM200904120000000000000000000030', '0000000000000000000000000000001000000000000000000000000000000003', '0000000000000000000000000000001000000000000000000000000000000003', 'xplx2srk4ot6zhfuub9zo0sf1q7bssfw20070427JS0000000000000000001517', '2011-10-13 17:37:05', 3377, 'com.runwaysdk.system.metadata.MdParameter', 1, 'runwaysdk.com', NULL, NULL, '0000000000000000000000000000001000000000000000000000000000000003', '2011-10-13 17:37:05', 'com.runwaysdk.system.metadata.FieldConditionController.edit.id');
INSERT INTO metadata_parameter ( site_master, last_updated_by, create_date, seq, locked_by, entity_domain, created_by, type, last_update_date, key_name, owner, id, parent_id, child_id) VALUES ('runwaysdk.com', '0000000000000000000000000000001000000000000000000000000000000003', '2011-10-13 17:37:05', 3378, NULL, NULL, '0000000000000000000000000000001000000000000000000000000000000003', 'com.runwaysdk.system.MetadataParameter', '2011-10-13 17:37:05', 'com.runwaysdk.system.metadata.FieldConditionController.edit.id', '0000000000000000000000000000001000000000000000000000000000000003', '0tavyw7kg5awj05p4i0tjae9jwbk8gfd20070427JS0000000000000000001524', 'zbpqs8bqvqxczun03erz6h4aucl1e2r4NM200810110000000000000000000113', 'xplx2srk4ot6zhfuub9zo0sf1q7bssfw20070427JS0000000000000000001517');
INSERT INTO metadata_display_label ( default_locale, id, site_master, key_name) VALUES ('update', 'r3a0oqxq5grnzaizgjmioh0pgt8ctbmtNM200904120000000000000000000030', 'runwaysdk.com', 'r3a0oqxq5grnzaizgjmioh0pgt8ctbmtNM200904120000000000000000000030');
INSERT INTO metadata_display_label ( default_locale, id, site_master, key_name) VALUES ('Applys an existing instance of com.runwaysdk.system.metadata.FieldCondition', '2ehiwv4wocy47mvulf58tv7h2r7b7foqNM200904120000000000000000000030', 'runwaysdk.com', '2ehiwv4wocy47mvulf58tv7h2r7b7foqNM200904120000000000000000000030');
INSERT INTO md_action ( is_query, enclosing_md_controller, is_post, action_name, display_label, id) VALUES (0, '03ij748ulne25jne35zg7kkzh5u83hybNM200810110000000000000000000112', 1, 'update', 'r3a0oqxq5grnzaizgjmioh0pgt8ctbmtNM200904120000000000000000000030', '0bf79kf87r41kitg0zep6e01ounfeq1mNM200810110000000000000000000113');
INSERT INTO metadata ( description, created_by, owner, id, create_date, seq, type, remove, site_master, locked_by, entity_domain, last_updated_by, last_update_date, key_name) VALUES ('2ehiwv4wocy47mvulf58tv7h2r7b7foqNM200904120000000000000000000030', '0000000000000000000000000000001000000000000000000000000000000003', '0000000000000000000000000000001000000000000000000000000000000003', '0bf79kf87r41kitg0zep6e01ounfeq1mNM200810110000000000000000000113', '2011-10-13 17:37:05', 3379, 'com.runwaysdk.system.metadata.MdAction', 1, 'runwaysdk.com', NULL, NULL, '0000000000000000000000000000001000000000000000000000000000000003', '2011-10-13 17:37:05', 'com.runwaysdk.system.metadata.FieldConditionController.update');
INSERT INTO controller_action ( key_name, locked_by, id, owner, entity_domain, created_by, type, last_update_date, create_date, seq, last_updated_by, site_master, parent_id, child_id) VALUES ('com.runwaysdk.system.metadata.FieldConditionController.update', NULL, '2ana0s9jr5optgtegzsbbubboicktmj5JS200807230000000000000000111111', '0000000000000000000000000000001000000000000000000000000000000003', NULL, '0000000000000000000000000000001000000000000000000000000000000003', 'com.runwaysdk.system.ControllerAction', '2011-10-13 17:37:05', '2011-10-13 17:37:05', 3380, '0000000000000000000000000000001000000000000000000000000000000003', 'runwaysdk.com', '03ij748ulne25jne35zg7kkzh5u83hybNM200810110000000000000000000112', '0bf79kf87r41kitg0zep6e01ounfeq1mNM200810110000000000000000000113');
INSERT INTO metadata_display_label ( default_locale, id, site_master, key_name) VALUES ('Parameter: com.runwaysdk.system.metadata.FieldCondition - dto', 'quajkz8wtpe6l9j3lh1ghvxg67m8xttsNM200904120000000000000000000030', 'runwaysdk.com', 'quajkz8wtpe6l9j3lh1ghvxg67m8xttsNM200904120000000000000000000030');
INSERT INTO metadata_display_label ( default_locale, id, site_master, key_name) VALUES ('com.runwaysdk.system.metadata.FieldCondition to apply to the database', '0mnkpe8uq0mlazpg6g9rgqj391cy2umvNM200904120000000000000000000030', 'runwaysdk.com', '0mnkpe8uq0mlazpg6g9rgqj391cy2umvNM200904120000000000000000000030');
INSERT INTO md_parameter ( metadata, parameter_order, parameter_name, parameter_type, display_label, id) VALUES ('0bf79kf87r41kitg0zep6e01ounfeq1mNM200810110000000000000000000113', 0, 'dto', 'com.runwaysdk.system.metadata.FieldCondition', 'quajkz8wtpe6l9j3lh1ghvxg67m8xttsNM200904120000000000000000000030', '090ktck6u7w00sz4xcsv3hyd3978tx0a20070427JS0000000000000000001517');
INSERT INTO metadata ( description, created_by, owner, id, create_date, seq, type, remove, site_master, locked_by, entity_domain, last_updated_by, last_update_date, key_name) VALUES ('0mnkpe8uq0mlazpg6g9rgqj391cy2umvNM200904120000000000000000000030', '0000000000000000000000000000001000000000000000000000000000000003', '0000000000000000000000000000001000000000000000000000000000000003', '090ktck6u7w00sz4xcsv3hyd3978tx0a20070427JS0000000000000000001517', '2011-10-13 17:37:05', 3381, 'com.runwaysdk.system.metadata.MdParameter', 1, 'runwaysdk.com', NULL, NULL, '0000000000000000000000000000001000000000000000000000000000000003', '2011-10-13 17:37:05', 'com.runwaysdk.system.metadata.FieldConditionController.update.dto');
INSERT INTO metadata_parameter ( site_master, last_updated_by, create_date, seq, locked_by, entity_domain, created_by, type, last_update_date, key_name, owner, id, parent_id, child_id) VALUES ('runwaysdk.com', '0000000000000000000000000000001000000000000000000000000000000003', '2011-10-13 17:37:05', 3382, NULL, NULL, '0000000000000000000000000000001000000000000000000000000000000003', 'com.runwaysdk.system.MetadataParameter', '2011-10-13 17:37:05', 'com.runwaysdk.system.metadata.FieldConditionController.update.dto', '0000000000000000000000000000001000000000000000000000000000000003', 'xlerjekpq3w7h3fwrmflts6zrcuyduiz20070427JS0000000000000000001524', '0bf79kf87r41kitg0zep6e01ounfeq1mNM200810110000000000000000000113', '090ktck6u7w00sz4xcsv3hyd3978tx0a20070427JS0000000000000000001517');
INSERT INTO metadata_display_label ( default_locale, id, site_master, key_name) VALUES ('cancel', 'sm2jzsy8bzx4g3pc50sswqit8jxmkk02NM200904120000000000000000000030', 'runwaysdk.com', 'sm2jzsy8bzx4g3pc50sswqit8jxmkk02NM200904120000000000000000000030');
INSERT INTO metadata_display_label ( default_locale, id, site_master, key_name) VALUES ('Unlocks an instance com.runwaysdk.system.metadata.FieldCondition', '8pt9mr8xuody6esycvk5ja5t9frjh1e1NM200904120000000000000000000030', 'runwaysdk.com', '8pt9mr8xuody6esycvk5ja5t9frjh1e1NM200904120000000000000000000030');
INSERT INTO md_action ( is_query, enclosing_md_controller, is_post, action_name, display_label, id) VALUES (0, '03ij748ulne25jne35zg7kkzh5u83hybNM200810110000000000000000000112', 1, 'cancel', 'sm2jzsy8bzx4g3pc50sswqit8jxmkk02NM200904120000000000000000000030', 'slgh31zldswrlwcdtibntbm2y2d5cproNM200810110000000000000000000113');
INSERT INTO metadata ( description, created_by, owner, id, create_date, seq, type, remove, site_master, locked_by, entity_domain, last_updated_by, last_update_date, key_name) VALUES ('8pt9mr8xuody6esycvk5ja5t9frjh1e1NM200904120000000000000000000030', '0000000000000000000000000000001000000000000000000000000000000003', '0000000000000000000000000000001000000000000000000000000000000003', 'slgh31zldswrlwcdtibntbm2y2d5cproNM200810110000000000000000000113', '2011-10-13 17:37:05', 3383, 'com.runwaysdk.system.metadata.MdAction', 1, 'runwaysdk.com', NULL, NULL, '0000000000000000000000000000001000000000000000000000000000000003', '2011-10-13 17:37:05', 'com.runwaysdk.system.metadata.FieldConditionController.cancel');
INSERT INTO controller_action ( key_name, locked_by, id, owner, entity_domain, created_by, type, last_update_date, create_date, seq, last_updated_by, site_master, parent_id, child_id) VALUES ('com.runwaysdk.system.metadata.FieldConditionController.cancel', NULL, '911j5ffhfgvt5n00ncus8vwcmspxof9tJS200807230000000000000000111111', '0000000000000000000000000000001000000000000000000000000000000003', NULL, '0000000000000000000000000000001000000000000000000000000000000003', 'com.runwaysdk.system.ControllerAction', '2011-10-13 17:37:05', '2011-10-13 17:37:05', 3384, '0000000000000000000000000000001000000000000000000000000000000003', 'runwaysdk.com', '03ij748ulne25jne35zg7kkzh5u83hybNM200810110000000000000000000112', 'slgh31zldswrlwcdtibntbm2y2d5cproNM200810110000000000000000000113');
INSERT INTO metadata_display_label ( default_locale, id, site_master, key_name) VALUES ('Parameter: com.runwaysdk.system.metadata.FieldCondition - dto', 'r1nzg0wqog3ht8irxjcuix3r0iym2zhzNM200904120000000000000000000030', 'runwaysdk.com', 'r1nzg0wqog3ht8irxjcuix3r0iym2zhzNM200904120000000000000000000030');
INSERT INTO metadata_display_label ( default_locale, id, site_master, key_name) VALUES ('com.runwaysdk.system.metadata.FieldCondition to unlock', 'zblj5nmanzh1zky9e707iswvai3245wrNM200904120000000000000000000030', 'runwaysdk.com', 'zblj5nmanzh1zky9e707iswvai3245wrNM200904120000000000000000000030');
INSERT INTO md_parameter ( metadata, parameter_order, parameter_name, parameter_type, display_label, id) VALUES ('slgh31zldswrlwcdtibntbm2y2d5cproNM200810110000000000000000000113', 0, 'dto', 'com.runwaysdk.system.metadata.FieldCondition', 'r1nzg0wqog3ht8irxjcuix3r0iym2zhzNM200904120000000000000000000030', '08l4ok6cu8t7e9wiggbkwbrb1mqh7dlk20070427JS0000000000000000001517');
INSERT INTO metadata ( description, created_by, owner, id, create_date, seq, type, remove, site_master, locked_by, entity_domain, last_updated_by, last_update_date, key_name) VALUES ('zblj5nmanzh1zky9e707iswvai3245wrNM200904120000000000000000000030', '0000000000000000000000000000001000000000000000000000000000000003', '0000000000000000000000000000001000000000000000000000000000000003', '08l4ok6cu8t7e9wiggbkwbrb1mqh7dlk20070427JS0000000000000000001517', '2011-10-13 17:37:05', 3385, 'com.runwaysdk.system.metadata.MdParameter', 1, 'runwaysdk.com', NULL, NULL, '0000000000000000000000000000001000000000000000000000000000000003', '2011-10-13 17:37:05', 'com.runwaysdk.system.metadata.FieldConditionController.cancel.dto');
INSERT INTO metadata_parameter ( site_master, last_updated_by, create_date, seq, locked_by, entity_domain, created_by, type, last_update_date, key_name, owner, id, parent_id, child_id) VALUES ('runwaysdk.com', '0000000000000000000000000000001000000000000000000000000000000003', '2011-10-13 17:37:05', 3386, NULL, NULL, '0000000000000000000000000000001000000000000000000000000000000003', 'com.runwaysdk.system.MetadataParameter', '2011-10-13 17:37:05', 'com.runwaysdk.system.metadata.FieldConditionController.cancel.dto', '0000000000000000000000000000001000000000000000000000000000000003', 'qzww85c7ssirteadnyfru0jddrgppyuo20070427JS0000000000000000001524', 'slgh31zldswrlwcdtibntbm2y2d5cproNM200810110000000000000000000113', '08l4ok6cu8t7e9wiggbkwbrb1mqh7dlk20070427JS0000000000000000001517');
INSERT INTO metadata_display_label ( default_locale, id, site_master, key_name) VALUES ('delete', '746iix965u0i3ne48etjvm5qvlqtmldxNM200904120000000000000000000030', 'runwaysdk.com', '746iix965u0i3ne48etjvm5qvlqtmldxNM200904120000000000000000000030');
INSERT INTO metadata_display_label ( default_locale, id, site_master, key_name) VALUES ('Delete an instance of com.runwaysdk.system.metadata.FieldCondition', '0pu3hfj721ltpxhv037l2j0le0lx92keNM200904120000000000000000000030', 'runwaysdk.com', '0pu3hfj721ltpxhv037l2j0le0lx92keNM200904120000000000000000000030');
INSERT INTO md_action ( is_query, enclosing_md_controller, is_post, action_name, display_label, id) VALUES (0, '03ij748ulne25jne35zg7kkzh5u83hybNM200810110000000000000000000112', 1, 'delete', '746iix965u0i3ne48etjvm5qvlqtmldxNM200904120000000000000000000030', 'z3bvyh7queyjpdskyz57b4kmv20kemyyNM200810110000000000000000000113');
INSERT INTO metadata ( description, created_by, owner, id, create_date, seq, type, remove, site_master, locked_by, entity_domain, last_updated_by, last_update_date, key_name) VALUES ('0pu3hfj721ltpxhv037l2j0le0lx92keNM200904120000000000000000000030', '0000000000000000000000000000001000000000000000000000000000000003', '0000000000000000000000000000001000000000000000000000000000000003', 'z3bvyh7queyjpdskyz57b4kmv20kemyyNM200810110000000000000000000113', '2011-10-13 17:37:05', 3387, 'com.runwaysdk.system.metadata.MdAction', 1, 'runwaysdk.com', NULL, NULL, '0000000000000000000000000000001000000000000000000000000000000003', '2011-10-13 17:37:05', 'com.runwaysdk.system.metadata.FieldConditionController.delete');
INSERT INTO controller_action ( key_name, locked_by, id, owner, entity_domain, created_by, type, last_update_date, create_date, seq, last_updated_by, site_master, parent_id, child_id) VALUES ('com.runwaysdk.system.metadata.FieldConditionController.delete', NULL, '01yxdq3ftnzxszuod5pyr0nk10a0xgskJS200807230000000000000000111111', '0000000000000000000000000000001000000000000000000000000000000003', NULL, '0000000000000000000000000000001000000000000000000000000000000003', 'com.runwaysdk.system.ControllerAction', '2011-10-13 17:37:05', '2011-10-13 17:37:05', 3388, '0000000000000000000000000000001000000000000000000000000000000003', 'runwaysdk.com', '03ij748ulne25jne35zg7kkzh5u83hybNM200810110000000000000000000112', 'z3bvyh7queyjpdskyz57b4kmv20kemyyNM200810110000000000000000000113');
INSERT INTO metadata_display_label ( default_locale, id, site_master, key_name) VALUES ('Parameter: com.runwaysdk.system.metadata.FieldCondition - dto', 'sv52muwfbkw7axsyntui7o7lc36ke1ivNM200904120000000000000000000030', 'runwaysdk.com', 'sv52muwfbkw7axsyntui7o7lc36ke1ivNM200904120000000000000000000030');
INSERT INTO metadata_display_label ( default_locale, id, site_master, key_name) VALUES ('com.runwaysdk.system.metadata.FieldCondition to delete', '6pqlprsnpmmnsxxikee6zf8s6lidkk3dNM200904120000000000000000000030', 'runwaysdk.com', '6pqlprsnpmmnsxxikee6zf8s6lidkk3dNM200904120000000000000000000030');
INSERT INTO md_parameter ( metadata, parameter_order, parameter_name, parameter_type, display_label, id) VALUES ('z3bvyh7queyjpdskyz57b4kmv20kemyyNM200810110000000000000000000113', 0, 'dto', 'com.runwaysdk.system.metadata.FieldCondition', 'sv52muwfbkw7axsyntui7o7lc36ke1ivNM200904120000000000000000000030', '8shqeisy56minxyuvx1n5r1m7qwarhhb20070427JS0000000000000000001517');
INSERT INTO metadata ( description, created_by, owner, id, create_date, seq, type, remove, site_master, locked_by, entity_domain, last_updated_by, last_update_date, key_name) VALUES ('6pqlprsnpmmnsxxikee6zf8s6lidkk3dNM200904120000000000000000000030', '0000000000000000000000000000001000000000000000000000000000000003', '0000000000000000000000000000001000000000000000000000000000000003', '8shqeisy56minxyuvx1n5r1m7qwarhhb20070427JS0000000000000000001517', '2011-10-13 17:37:05', 3389, 'com.runwaysdk.system.metadata.MdParameter', 1, 'runwaysdk.com', NULL, NULL, '0000000000000000000000000000001000000000000000000000000000000003', '2011-10-13 17:37:05', 'com.runwaysdk.system.metadata.FieldConditionController.delete.dto');
INSERT INTO metadata_parameter ( site_master, last_updated_by, create_date, seq, locked_by, entity_domain, created_by, type, last_update_date, key_name, owner, id, parent_id, child_id) VALUES ('runwaysdk.com', '0000000000000000000000000000001000000000000000000000000000000003', '2011-10-13 17:37:05', 3390, NULL, NULL, '0000000000000000000000000000001000000000000000000000000000000003', 'com.runwaysdk.system.MetadataParameter', '2011-10-13 17:37:05', 'com.runwaysdk.system.metadata.FieldConditionController.delete.dto', '0000000000000000000000000000001000000000000000000000000000000003', 'sgrkdwekxtwxtndkrvotu7yzft478k7z20070427JS0000000000000000001524', 'z3bvyh7queyjpdskyz57b4kmv20kemyyNM200810110000000000000000000113', '8shqeisy56minxyuvx1n5r1m7qwarhhb20070427JS0000000000000000001517');
 INSERT INTO class_cache (set_id, item_id)  VALUES  ('0qhdwpgou9vc7zq2p802h9cz8v9uqvqh', '0000000000000000000000000000023100000000000000000000000000000222');
INSERT INTO metadata_display_label ( default_locale, id, site_master, key_name) VALUES ('Composite Condition', 'shak6s9jy6kudznw73utdpl8cvno7adgNM200904120000000000000000000030', 'runwaysdk.com', 'shak6s9jy6kudznw73utdpl8cvno7adgNM200904120000000000000000000030');
INSERT INTO metadata_display_label ( default_locale, id, site_master, key_name) VALUES ('A composite of two conditions', '6z1rw9uhw5f2aqgq9dmk9xsegzxglwihNM200904120000000000000000000030', 'runwaysdk.com', '6z1rw9uhw5f2aqgq9dmk9xsegzxglwihNM200904120000000000000000000030');
INSERT INTO md_business ( cache_algorithm, cache_algorithm_c, super_md_business, id) VALUES ('0qhdwpgou9vc7zq2p802h9cz8v9uqvqh', '0000000000000000000000000000023100000000000000000000000000000222', '8cyzqex757pg9voulx8mlnxoyo8ypfal00000000000000000000000000000001', 'saigf4a2wts52t7fqu0tapwfuawuu94100000000000000000000000000000001');
INSERT INTO md_element ( extendable, is_abstract, id) VALUES (1, 1, 'saigf4a2wts52t7fqu0tapwfuawuu94100000000000000000000000000000001');
INSERT INTO md_entity ( query_dto_source, query_source, cache_size, enforce_site_master, table_name, id) VALUES (NULL, NULL, 0, 1, 'composite_field_condition', 'saigf4a2wts52t7fqu0tapwfuawuu94100000000000000000000000000000001');
INSERT INTO md_class ( publish, stub_dto_source, stub_source, id) VALUES (1, NULL, NULL, 'saigf4a2wts52t7fqu0tapwfuawuu94100000000000000000000000000000001');
INSERT INTO md_type ( display_label, root_id, package_name, type_name, base_source, js_base, js_stub, exported, dto_source, id) VALUES ('shak6s9jy6kudznw73utdpl8cvno7adgNM200904120000000000000000000030', 'saigf4a2wts52t7fqu0tapwfuawuu941', 'com.runwaysdk.system.metadata', 'CompositeFieldCondition', NULL, NULL, NULL, 1, NULL, 'saigf4a2wts52t7fqu0tapwfuawuu94100000000000000000000000000000001');
INSERT INTO metadata ( description, created_by, owner, id, create_date, seq, type, remove, site_master, locked_by, entity_domain, last_updated_by, last_update_date, key_name) VALUES ('6z1rw9uhw5f2aqgq9dmk9xsegzxglwihNM200904120000000000000000000030', '0000000000000000000000000000001000000000000000000000000000000003', '0000000000000000000000000000001000000000000000000000000000000003', 'saigf4a2wts52t7fqu0tapwfuawuu94100000000000000000000000000000001', '2011-10-13 17:37:05', 3391, 'com.runwaysdk.system.metadata.MdBusiness', 1, 'runwaysdk.com', NULL, NULL, '0000000000000000000000000000001000000000000000000000000000000003', '2011-10-13 17:37:05', 'com.runwaysdk.system.metadata.CompositeFieldCondition');
CREATE TABLE composite_field_condition ( id CHAR(64) NOT NULL PRIMARY KEY );
INSERT INTO metadata_display_label ( default_locale, id, site_master, key_name) VALUES (NULL, 'qorwvjx6llngmx4oznrjbaf9s7hq2ps5NM200904120000000000000000000030', 'runwaysdk.com', 'qorwvjx6llngmx4oznrjbaf9s7hq2ps5NM200904120000000000000000000030');
INSERT INTO metadata_display_label ( default_locale, id, site_master, key_name) VALUES (NULL, '7faop0ao92dg4dwybyvc4qp5xiodet5vNM200904120000000000000000000030', 'runwaysdk.com', '7faop0ao92dg4dwybyvc4qp5xiodet5vNM200904120000000000000000000030');
INSERT INTO md_controller ( stub_source, id) VALUES (NULL, '8h4ap3keot3pblvyrzbpe7xp171xfeonNM200810110000000000000000000112');
INSERT INTO md_type ( display_label, root_id, package_name, type_name, base_source, js_base, js_stub, exported, dto_source, id) VALUES ('qorwvjx6llngmx4oznrjbaf9s7hq2ps5NM200904120000000000000000000030', '8h4ap3keot3pblvyrzbpe7xp171xfeon', 'com.runwaysdk.system.metadata', 'CompositeFieldConditionController', NULL, NULL, NULL, 1, NULL, '8h4ap3keot3pblvyrzbpe7xp171xfeonNM200810110000000000000000000112');
INSERT INTO metadata ( description, created_by, owner, id, create_date, seq, type, remove, site_master, locked_by, entity_domain, last_updated_by, last_update_date, key_name) VALUES ('7faop0ao92dg4dwybyvc4qp5xiodet5vNM200904120000000000000000000030', '0000000000000000000000000000001000000000000000000000000000000003', '0000000000000000000000000000001000000000000000000000000000000003', '8h4ap3keot3pblvyrzbpe7xp171xfeonNM200810110000000000000000000112', '2011-10-13 17:37:05', 3392, 'com.runwaysdk.system.metadata.MdController', 1, 'runwaysdk.com', NULL, NULL, '0000000000000000000000000000001000000000000000000000000000000003', '2011-10-13 17:37:05', 'com.runwaysdk.system.metadata.CompositeFieldConditionController');
INSERT INTO metadata_display_label ( default_locale, id, site_master, key_name) VALUES ('View Page', '0icodzx2k4q71j06ycg6fnv05tte0bnwNM200904120000000000000000000030', 'runwaysdk.com', '0icodzx2k4q71j06ycg6fnv05tte0bnwNM200904120000000000000000000030');
INSERT INTO metadata_display_label ( default_locale, id, site_master, key_name) VALUES ('Loads a ViewAll query for a specific page into the request object', '8fsm4fqy82dm02hfnxhrgaygav8s1sjtNM200904120000000000000000000030', 'runwaysdk.com', '8fsm4fqy82dm02hfnxhrgaygav8s1sjtNM200904120000000000000000000030');
INSERT INTO md_action ( is_query, enclosing_md_controller, is_post, action_name, display_label, id) VALUES (1, '8h4ap3keot3pblvyrzbpe7xp171xfeonNM200810110000000000000000000112', 0, 'viewPage', '0icodzx2k4q71j06ycg6fnv05tte0bnwNM200904120000000000000000000030', 'qnk2pd14bj8cbgngwtyuutv1zvaqjk3oNM200810110000000000000000000113');
INSERT INTO metadata ( description, created_by, owner, id, create_date, seq, type, remove, site_master, locked_by, entity_domain, last_updated_by, last_update_date, key_name) VALUES ('8fsm4fqy82dm02hfnxhrgaygav8s1sjtNM200904120000000000000000000030', '0000000000000000000000000000001000000000000000000000000000000003', '0000000000000000000000000000001000000000000000000000000000000003', 'qnk2pd14bj8cbgngwtyuutv1zvaqjk3oNM200810110000000000000000000113', '2011-10-13 17:37:05', 3393, 'com.runwaysdk.system.metadata.MdAction', 1, 'runwaysdk.com', NULL, NULL, '0000000000000000000000000000001000000000000000000000000000000003', '2011-10-13 17:37:05', 'com.runwaysdk.system.metadata.CompositeFieldConditionController.viewPage');
INSERT INTO controller_action ( key_name, locked_by, id, owner, entity_domain, created_by, type, last_update_date, create_date, seq, last_updated_by, site_master, parent_id, child_id) VALUES ('com.runwaysdk.system.metadata.CompositeFieldConditionController.viewPage', NULL, 'qmfqjzu7v2r71yxepmq15wt88qnj4r58JS200807230000000000000000111111', '0000000000000000000000000000001000000000000000000000000000000003', NULL, '0000000000000000000000000000001000000000000000000000000000000003', 'com.runwaysdk.system.ControllerAction', '2011-10-13 17:37:05', '2011-10-13 17:37:05', 3394, '0000000000000000000000000000001000000000000000000000000000000003', 'runwaysdk.com', '8h4ap3keot3pblvyrzbpe7xp171xfeonNM200810110000000000000000000112', 'qnk2pd14bj8cbgngwtyuutv1zvaqjk3oNM200810110000000000000000000113');
INSERT INTO metadata_display_label ( default_locale, id, site_master, key_name) VALUES ('Sort Attribute', '7f0cp9gue2seylv03oq0zmavojfq9a89NM200904120000000000000000000030', 'runwaysdk.com', '7f0cp9gue2seylv03oq0zmavojfq9a89NM200904120000000000000000000030');
INSERT INTO metadata_display_label ( default_locale, id, site_master, key_name) VALUES (NULL, 'rauhjtjkdl69aptpr407qcifdapkj3piNM200904120000000000000000000030', 'runwaysdk.com', 'rauhjtjkdl69aptpr407qcifdapkj3piNM200904120000000000000000000030');
INSERT INTO md_parameter ( metadata, parameter_order, parameter_name, parameter_type, display_label, id) VALUES ('qnk2pd14bj8cbgngwtyuutv1zvaqjk3oNM200810110000000000000000000113', -4, 'sortAttribute', 'java.lang.String', '7f0cp9gue2seylv03oq0zmavojfq9a89NM200904120000000000000000000030', 'schh4wtph6k6rbjx81stf8maej121p2n20070427JS0000000000000000001517');
INSERT INTO metadata ( description, created_by, owner, id, create_date, seq, type, remove, site_master, locked_by, entity_domain, last_updated_by, last_update_date, key_name) VALUES ('rauhjtjkdl69aptpr407qcifdapkj3piNM200904120000000000000000000030', '0000000000000000000000000000001000000000000000000000000000000003', '0000000000000000000000000000001000000000000000000000000000000003', 'schh4wtph6k6rbjx81stf8maej121p2n20070427JS0000000000000000001517', '2011-10-13 17:37:05', 3395, 'com.runwaysdk.system.metadata.MdParameter', 1, 'runwaysdk.com', NULL, NULL, '0000000000000000000000000000001000000000000000000000000000000003', '2011-10-13 17:37:05', 'com.runwaysdk.system.metadata.CompositeFieldConditionController.viewPage.sortAttribute');
INSERT INTO metadata_parameter ( site_master, last_updated_by, create_date, seq, locked_by, entity_domain, created_by, type, last_update_date, key_name, owner, id, parent_id, child_id) VALUES ('runwaysdk.com', '0000000000000000000000000000001000000000000000000000000000000003', '2011-10-13 17:37:05', 3396, NULL, NULL, '0000000000000000000000000000001000000000000000000000000000000003', 'com.runwaysdk.system.MetadataParameter', '2011-10-13 17:37:05', 'com.runwaysdk.system.metadata.CompositeFieldConditionController.viewPage.sortAttribute', '0000000000000000000000000000001000000000000000000000000000000003', '8w8wzh2hmj2h03gz3mnqg5ox5xkplb3820070427JS0000000000000000001524', 'qnk2pd14bj8cbgngwtyuutv1zvaqjk3oNM200810110000000000000000000113', 'schh4wtph6k6rbjx81stf8maej121p2n20070427JS0000000000000000001517');
INSERT INTO metadata_display_label ( default_locale, id, site_master, key_name) VALUES ('Is Ascending', 'z4vzbokq3hsxsrscs585w5yaqi88qcqxNM200904120000000000000000000030', 'runwaysdk.com', 'z4vzbokq3hsxsrscs585w5yaqi88qcqxNM200904120000000000000000000030');
INSERT INTO metadata_display_label ( default_locale, id, site_master, key_name) VALUES (NULL, 'xtcon2x75siyi4qyle2l607m44cowzjvNM200904120000000000000000000030', 'runwaysdk.com', 'xtcon2x75siyi4qyle2l607m44cowzjvNM200904120000000000000000000030');
INSERT INTO md_parameter ( metadata, parameter_order, parameter_name, parameter_type, display_label, id) VALUES ('qnk2pd14bj8cbgngwtyuutv1zvaqjk3oNM200810110000000000000000000113', -3, 'isAscending', 'java.lang.Boolean', 'z4vzbokq3hsxsrscs585w5yaqi88qcqxNM200904120000000000000000000030', 'z1fb199mih4t49hoy1eodgkanb0xalrx20070427JS0000000000000000001517');
INSERT INTO metadata ( description, created_by, owner, id, create_date, seq, type, remove, site_master, locked_by, entity_domain, last_updated_by, last_update_date, key_name) VALUES ('xtcon2x75siyi4qyle2l607m44cowzjvNM200904120000000000000000000030', '0000000000000000000000000000001000000000000000000000000000000003', '0000000000000000000000000000001000000000000000000000000000000003', 'z1fb199mih4t49hoy1eodgkanb0xalrx20070427JS0000000000000000001517', '2011-10-13 17:37:05', 3397, 'com.runwaysdk.system.metadata.MdParameter', 1, 'runwaysdk.com', NULL, NULL, '0000000000000000000000000000001000000000000000000000000000000003', '2011-10-13 17:37:05', 'com.runwaysdk.system.metadata.CompositeFieldConditionController.viewPage.isAscending');
INSERT INTO metadata_parameter ( site_master, last_updated_by, create_date, seq, locked_by, entity_domain, created_by, type, last_update_date, key_name, owner, id, parent_id, child_id) VALUES ('runwaysdk.com', '0000000000000000000000000000001000000000000000000000000000000003', '2011-10-13 17:37:05', 3398, NULL, NULL, '0000000000000000000000000000001000000000000000000000000000000003', 'com.runwaysdk.system.MetadataParameter', '2011-10-13 17:37:05', 'com.runwaysdk.system.metadata.CompositeFieldConditionController.viewPage.isAscending', '0000000000000000000000000000001000000000000000000000000000000003', '756gf7c4m1tc5y9m1lqofq99vbf8xcrf20070427JS0000000000000000001524', 'qnk2pd14bj8cbgngwtyuutv1zvaqjk3oNM200810110000000000000000000113', 'z1fb199mih4t49hoy1eodgkanb0xalrx20070427JS0000000000000000001517');
INSERT INTO metadata_display_label ( default_locale, id, site_master, key_name) VALUES ('Page Size', 'swh6orqashegbe3ck6fnb2tq1iajwz87NM200904120000000000000000000030', 'runwaysdk.com', 'swh6orqashegbe3ck6fnb2tq1iajwz87NM200904120000000000000000000030');
INSERT INTO metadata_display_label ( default_locale, id, site_master, key_name) VALUES (NULL, '0khexbgj8v2ftolgtf0cklkzw6re3o5oNM200904120000000000000000000030', 'runwaysdk.com', '0khexbgj8v2ftolgtf0cklkzw6re3o5oNM200904120000000000000000000030');
INSERT INTO md_parameter ( metadata, parameter_order, parameter_name, parameter_type, display_label, id) VALUES ('qnk2pd14bj8cbgngwtyuutv1zvaqjk3oNM200810110000000000000000000113', -2, 'pageSize', 'java.lang.Integer', 'swh6orqashegbe3ck6fnb2tq1iajwz87NM200904120000000000000000000030', '24y5k4h3tuoyn91lnxdycv2knwiq34zp20070427JS0000000000000000001517');
INSERT INTO metadata ( description, created_by, owner, id, create_date, seq, type, remove, site_master, locked_by, entity_domain, last_updated_by, last_update_date, key_name) VALUES ('0khexbgj8v2ftolgtf0cklkzw6re3o5oNM200904120000000000000000000030', '0000000000000000000000000000001000000000000000000000000000000003', '0000000000000000000000000000001000000000000000000000000000000003', '24y5k4h3tuoyn91lnxdycv2knwiq34zp20070427JS0000000000000000001517', '2011-10-13 17:37:05', 3399, 'com.runwaysdk.system.metadata.MdParameter', 1, 'runwaysdk.com', NULL, NULL, '0000000000000000000000000000001000000000000000000000000000000003', '2011-10-13 17:37:05', 'com.runwaysdk.system.metadata.CompositeFieldConditionController.viewPage.pageSize');
INSERT INTO metadata_parameter ( site_master, last_updated_by, create_date, seq, locked_by, entity_domain, created_by, type, last_update_date, key_name, owner, id, parent_id, child_id) VALUES ('runwaysdk.com', '0000000000000000000000000000001000000000000000000000000000000003', '2011-10-13 17:37:05', 3400, NULL, NULL, '0000000000000000000000000000001000000000000000000000000000000003', 'com.runwaysdk.system.MetadataParameter', '2011-10-13 17:37:05', 'com.runwaysdk.system.metadata.CompositeFieldConditionController.viewPage.pageSize', '0000000000000000000000000000001000000000000000000000000000000003', '7118s1uakfdo4l6r8660groweccvwvqu20070427JS0000000000000000001524', 'qnk2pd14bj8cbgngwtyuutv1zvaqjk3oNM200810110000000000000000000113', '24y5k4h3tuoyn91lnxdycv2knwiq34zp20070427JS0000000000000000001517');
INSERT INTO metadata_display_label ( default_locale, id, site_master, key_name) VALUES ('Page Number', 'sm1yudjp3lqopcbtf2p8jdb328sr59aaNM200904120000000000000000000030', 'runwaysdk.com', 'sm1yudjp3lqopcbtf2p8jdb328sr59aaNM200904120000000000000000000030');
INSERT INTO metadata_display_label ( default_locale, id, site_master, key_name) VALUES (NULL, 'xul9yk792jt4oop6kv81v9jocm64b10dNM200904120000000000000000000030', 'runwaysdk.com', 'xul9yk792jt4oop6kv81v9jocm64b10dNM200904120000000000000000000030');
INSERT INTO md_parameter ( metadata, parameter_order, parameter_name, parameter_type, display_label, id) VALUES ('qnk2pd14bj8cbgngwtyuutv1zvaqjk3oNM200810110000000000000000000113', -1, 'pageNumber', 'java.lang.Integer', 'sm1yudjp3lqopcbtf2p8jdb328sr59aaNM200904120000000000000000000030', 'r1c42muiq9jwfdcamecqpu8gtxmmbqji20070427JS0000000000000000001517');
INSERT INTO metadata ( description, created_by, owner, id, create_date, seq, type, remove, site_master, locked_by, entity_domain, last_updated_by, last_update_date, key_name) VALUES ('xul9yk792jt4oop6kv81v9jocm64b10dNM200904120000000000000000000030', '0000000000000000000000000000001000000000000000000000000000000003', '0000000000000000000000000000001000000000000000000000000000000003', 'r1c42muiq9jwfdcamecqpu8gtxmmbqji20070427JS0000000000000000001517', '2011-10-13 17:37:05', 3401, 'com.runwaysdk.system.metadata.MdParameter', 1, 'runwaysdk.com', NULL, NULL, '0000000000000000000000000000001000000000000000000000000000000003', '2011-10-13 17:37:05', 'com.runwaysdk.system.metadata.CompositeFieldConditionController.viewPage.pageNumber');
INSERT INTO metadata_parameter ( site_master, last_updated_by, create_date, seq, locked_by, entity_domain, created_by, type, last_update_date, key_name, owner, id, parent_id, child_id) VALUES ('runwaysdk.com', '0000000000000000000000000000001000000000000000000000000000000003', '2011-10-13 17:37:05', 3402, NULL, NULL, '0000000000000000000000000000001000000000000000000000000000000003', 'com.runwaysdk.system.MetadataParameter', '2011-10-13 17:37:05', 'com.runwaysdk.system.metadata.CompositeFieldConditionController.viewPage.pageNumber', '0000000000000000000000000000001000000000000000000000000000000003', '8fxe8j9600dollt381xdldb3m468le6r20070427JS0000000000000000001524', 'qnk2pd14bj8cbgngwtyuutv1zvaqjk3oNM200810110000000000000000000113', 'r1c42muiq9jwfdcamecqpu8gtxmmbqji20070427JS0000000000000000001517');
INSERT INTO metadata_display_label ( default_locale, id, site_master, key_name) VALUES ('View All', '711gy9k04u0p1nkl4tkfhp7c20xzvemrNM200904120000000000000000000030', 'runwaysdk.com', '711gy9k04u0p1nkl4tkfhp7c20xzvemrNM200904120000000000000000000030');
INSERT INTO metadata_display_label ( default_locale, id, site_master, key_name) VALUES ('Loads a ViewAll query with the default settings', 'xuqhujb6q4ezdxnb76laudbgepsh9d8iNM200904120000000000000000000030', 'runwaysdk.com', 'xuqhujb6q4ezdxnb76laudbgepsh9d8iNM200904120000000000000000000030');
INSERT INTO md_action ( is_query, enclosing_md_controller, is_post, action_name, display_label, id) VALUES (0, '8h4ap3keot3pblvyrzbpe7xp171xfeonNM200810110000000000000000000112', 0, 'viewAll', '711gy9k04u0p1nkl4tkfhp7c20xzvemrNM200904120000000000000000000030', 'spb1vcopcvlae6c5c982q8nylbtaw46rNM200810110000000000000000000113');
INSERT INTO metadata ( description, created_by, owner, id, create_date, seq, type, remove, site_master, locked_by, entity_domain, last_updated_by, last_update_date, key_name) VALUES ('xuqhujb6q4ezdxnb76laudbgepsh9d8iNM200904120000000000000000000030', '0000000000000000000000000000001000000000000000000000000000000003', '0000000000000000000000000000001000000000000000000000000000000003', 'spb1vcopcvlae6c5c982q8nylbtaw46rNM200810110000000000000000000113', '2011-10-13 17:37:05', 3403, 'com.runwaysdk.system.metadata.MdAction', 1, 'runwaysdk.com', NULL, NULL, '0000000000000000000000000000001000000000000000000000000000000003', '2011-10-13 17:37:05', 'com.runwaysdk.system.metadata.CompositeFieldConditionController.viewAll');
INSERT INTO controller_action ( key_name, locked_by, id, owner, entity_domain, created_by, type, last_update_date, create_date, seq, last_updated_by, site_master, parent_id, child_id) VALUES ('com.runwaysdk.system.metadata.CompositeFieldConditionController.viewAll', NULL, '8xbey3zdho9qfphd3agj2otp2k7vox1nJS200807230000000000000000111111', '0000000000000000000000000000001000000000000000000000000000000003', NULL, '0000000000000000000000000000001000000000000000000000000000000003', 'com.runwaysdk.system.ControllerAction', '2011-10-13 17:37:05', '2011-10-13 17:37:05', 3404, '0000000000000000000000000000001000000000000000000000000000000003', 'runwaysdk.com', '8h4ap3keot3pblvyrzbpe7xp171xfeonNM200810110000000000000000000112', 'spb1vcopcvlae6c5c982q8nylbtaw46rNM200810110000000000000000000113');
INSERT INTO metadata_display_label ( default_locale, id, site_master, key_name) VALUES ('View', 'z96vdp8guvdillc0tp74tbwixlddv8rpNM200904120000000000000000000030', 'runwaysdk.com', 'z96vdp8guvdillc0tp74tbwixlddv8rpNM200904120000000000000000000030');
INSERT INTO metadata_display_label ( default_locale, id, site_master, key_name) VALUES ('View an existing instance of com.runwaysdk.system.metadata.CompositeFieldCondition', 'xg36fysq1fdrfpmmth7h7ewher7gsxkiNM200904120000000000000000000030', 'runwaysdk.com', 'xg36fysq1fdrfpmmth7h7ewher7gsxkiNM200904120000000000000000000030');
INSERT INTO md_action ( is_query, enclosing_md_controller, is_post, action_name, display_label, id) VALUES (0, '8h4ap3keot3pblvyrzbpe7xp171xfeonNM200810110000000000000000000112', 0, 'view', 'z96vdp8guvdillc0tp74tbwixlddv8rpNM200904120000000000000000000030', '0sf2lie757kk8sdlothe3x7deh2t1cu1NM200810110000000000000000000113');
INSERT INTO metadata ( description, created_by, owner, id, create_date, seq, type, remove, site_master, locked_by, entity_domain, last_updated_by, last_update_date, key_name) VALUES ('xg36fysq1fdrfpmmth7h7ewher7gsxkiNM200904120000000000000000000030', '0000000000000000000000000000001000000000000000000000000000000003', '0000000000000000000000000000001000000000000000000000000000000003', '0sf2lie757kk8sdlothe3x7deh2t1cu1NM200810110000000000000000000113', '2011-10-13 17:37:05', 3405, 'com.runwaysdk.system.metadata.MdAction', 1, 'runwaysdk.com', NULL, NULL, '0000000000000000000000000000001000000000000000000000000000000003', '2011-10-13 17:37:05', 'com.runwaysdk.system.metadata.CompositeFieldConditionController.view');
INSERT INTO controller_action ( key_name, locked_by, id, owner, entity_domain, created_by, type, last_update_date, create_date, seq, last_updated_by, site_master, parent_id, child_id) VALUES ('com.runwaysdk.system.metadata.CompositeFieldConditionController.view', NULL, 'xhq3wp2h0qj6kkyc5opuy1w4bec9mwcbJS200807230000000000000000111111', '0000000000000000000000000000001000000000000000000000000000000003', NULL, '0000000000000000000000000000001000000000000000000000000000000003', 'com.runwaysdk.system.ControllerAction', '2011-10-13 17:37:05', '2011-10-13 17:37:05', 3406, '0000000000000000000000000000001000000000000000000000000000000003', 'runwaysdk.com', '8h4ap3keot3pblvyrzbpe7xp171xfeonNM200810110000000000000000000112', '0sf2lie757kk8sdlothe3x7deh2t1cu1NM200810110000000000000000000113');
INSERT INTO metadata_display_label ( default_locale, id, site_master, key_name) VALUES ('Parameter: com.runwaysdk.system.metadata.CompositeFieldCondition - id', '8eeb5urk4k6bkge5798be7bk812ktft9NM200904120000000000000000000030', 'runwaysdk.com', '8eeb5urk4k6bkge5798be7bk812ktft9NM200904120000000000000000000030');
INSERT INTO metadata_display_label ( default_locale, id, site_master, key_name) VALUES ('Id of com.runwaysdk.system.metadata.CompositeFieldCondition to view.', 'xd6nifg31kdf4n9lwo6d2xylsecvycq8NM200904120000000000000000000030', 'runwaysdk.com', 'xd6nifg31kdf4n9lwo6d2xylsecvycq8NM200904120000000000000000000030');
INSERT INTO md_parameter ( metadata, parameter_order, parameter_name, parameter_type, display_label, id) VALUES ('0sf2lie757kk8sdlothe3x7deh2t1cu1NM200810110000000000000000000113', 0, 'id', 'java.lang.String', '8eeb5urk4k6bkge5798be7bk812ktft9NM200904120000000000000000000030', '0qan2mo2krmkffiq1xr3l3o4uzu0gt7f20070427JS0000000000000000001517');
INSERT INTO metadata ( description, created_by, owner, id, create_date, seq, type, remove, site_master, locked_by, entity_domain, last_updated_by, last_update_date, key_name) VALUES ('xd6nifg31kdf4n9lwo6d2xylsecvycq8NM200904120000000000000000000030', '0000000000000000000000000000001000000000000000000000000000000003', '0000000000000000000000000000001000000000000000000000000000000003', '0qan2mo2krmkffiq1xr3l3o4uzu0gt7f20070427JS0000000000000000001517', '2011-10-13 17:37:05', 3407, 'com.runwaysdk.system.metadata.MdParameter', 1, 'runwaysdk.com', NULL, NULL, '0000000000000000000000000000001000000000000000000000000000000003', '2011-10-13 17:37:05', 'com.runwaysdk.system.metadata.CompositeFieldConditionController.view.id');
INSERT INTO metadata_parameter ( site_master, last_updated_by, create_date, seq, locked_by, entity_domain, created_by, type, last_update_date, key_name, owner, id, parent_id, child_id) VALUES ('runwaysdk.com', '0000000000000000000000000000001000000000000000000000000000000003', '2011-10-13 17:37:05', 3408, NULL, NULL, '0000000000000000000000000000001000000000000000000000000000000003', 'com.runwaysdk.system.MetadataParameter', '2011-10-13 17:37:05', 'com.runwaysdk.system.metadata.CompositeFieldConditionController.view.id', '0000000000000000000000000000001000000000000000000000000000000003', '23b0trnrgbqjtiabc8sgysy4g37r2dvx20070427JS0000000000000000001524', '0sf2lie757kk8sdlothe3x7deh2t1cu1NM200810110000000000000000000113', '0qan2mo2krmkffiq1xr3l3o4uzu0gt7f20070427JS0000000000000000001517');
INSERT INTO metadata_display_label ( default_locale, id, site_master, key_name) VALUES ('Create', 'sd0bvioeoilba6jot0kmnjjwqh8ih8xlNM200904120000000000000000000030', 'runwaysdk.com', 'sd0bvioeoilba6jot0kmnjjwqh8ih8xlNM200904120000000000000000000030');
INSERT INTO metadata_display_label ( default_locale, id, site_master, key_name) VALUES ('Applys a new instance of com.runwaysdk.system.metadata.CompositeFieldCondition', 'qztb00846al5vfqfbyl1im0pqt2cfc4uNM200904120000000000000000000030', 'runwaysdk.com', 'qztb00846al5vfqfbyl1im0pqt2cfc4uNM200904120000000000000000000030');
INSERT INTO md_action ( is_query, enclosing_md_controller, is_post, action_name, display_label, id) VALUES (0, '8h4ap3keot3pblvyrzbpe7xp171xfeonNM200810110000000000000000000112', 1, 'create', 'sd0bvioeoilba6jot0kmnjjwqh8ih8xlNM200904120000000000000000000030', '1pbd8chd33zi9oq6n3szjf17ljigywl0NM200810110000000000000000000113');
INSERT INTO metadata ( description, created_by, owner, id, create_date, seq, type, remove, site_master, locked_by, entity_domain, last_updated_by, last_update_date, key_name) VALUES ('qztb00846al5vfqfbyl1im0pqt2cfc4uNM200904120000000000000000000030', '0000000000000000000000000000001000000000000000000000000000000003', '0000000000000000000000000000001000000000000000000000000000000003', '1pbd8chd33zi9oq6n3szjf17ljigywl0NM200810110000000000000000000113', '2011-10-13 17:37:05', 3409, 'com.runwaysdk.system.metadata.MdAction', 1, 'runwaysdk.com', NULL, NULL, '0000000000000000000000000000001000000000000000000000000000000003', '2011-10-13 17:37:05', 'com.runwaysdk.system.metadata.CompositeFieldConditionController.create');
INSERT INTO controller_action ( key_name, locked_by, id, owner, entity_domain, created_by, type, last_update_date, create_date, seq, last_updated_by, site_master, parent_id, child_id) VALUES ('com.runwaysdk.system.metadata.CompositeFieldConditionController.create', NULL, '8ovsoxmllwo33tiupz6n8hnyc8xeo5zbJS200807230000000000000000111111', '0000000000000000000000000000001000000000000000000000000000000003', NULL, '0000000000000000000000000000001000000000000000000000000000000003', 'com.runwaysdk.system.ControllerAction', '2011-10-13 17:37:05', '2011-10-13 17:37:05', 3410, '0000000000000000000000000000001000000000000000000000000000000003', 'runwaysdk.com', '8h4ap3keot3pblvyrzbpe7xp171xfeonNM200810110000000000000000000112', '1pbd8chd33zi9oq6n3szjf17ljigywl0NM200810110000000000000000000113');
INSERT INTO metadata_display_label ( default_locale, id, site_master, key_name) VALUES ('Parameter: com.runwaysdk.system.metadata.CompositeFieldCondition', '0d8o0s12gm4igzdn312wa1y11g5t2jhuNM200904120000000000000000000030', 'runwaysdk.com', '0d8o0s12gm4igzdn312wa1y11g5t2jhuNM200904120000000000000000000030');
INSERT INTO metadata_display_label ( default_locale, id, site_master, key_name) VALUES ('com.runwaysdk.system.metadata.CompositeFieldCondition to apply to the database', 'z1pt5je7n8eq4aqea3ckpdk3ru14sc4mNM200904120000000000000000000030', 'runwaysdk.com', 'z1pt5je7n8eq4aqea3ckpdk3ru14sc4mNM200904120000000000000000000030');
INSERT INTO md_parameter ( metadata, parameter_order, parameter_name, parameter_type, display_label, id) VALUES ('1pbd8chd33zi9oq6n3szjf17ljigywl0NM200810110000000000000000000113', 0, 'dto', 'com.runwaysdk.system.metadata.CompositeFieldCondition', '0d8o0s12gm4igzdn312wa1y11g5t2jhuNM200904120000000000000000000030', '1v61br2mi7w6q4qohmuo2hnjd581ylpo20070427JS0000000000000000001517');
INSERT INTO metadata ( description, created_by, owner, id, create_date, seq, type, remove, site_master, locked_by, entity_domain, last_updated_by, last_update_date, key_name) VALUES ('z1pt5je7n8eq4aqea3ckpdk3ru14sc4mNM200904120000000000000000000030', '0000000000000000000000000000001000000000000000000000000000000003', '0000000000000000000000000000001000000000000000000000000000000003', '1v61br2mi7w6q4qohmuo2hnjd581ylpo20070427JS0000000000000000001517', '2011-10-13 17:37:05', 3411, 'com.runwaysdk.system.metadata.MdParameter', 1, 'runwaysdk.com', NULL, NULL, '0000000000000000000000000000001000000000000000000000000000000003', '2011-10-13 17:37:05', 'com.runwaysdk.system.metadata.CompositeFieldConditionController.create.dto');
INSERT INTO metadata_parameter ( site_master, last_updated_by, create_date, seq, locked_by, entity_domain, created_by, type, last_update_date, key_name, owner, id, parent_id, child_id) VALUES ('runwaysdk.com', '0000000000000000000000000000001000000000000000000000000000000003', '2011-10-13 17:37:05', 3412, NULL, NULL, '0000000000000000000000000000001000000000000000000000000000000003', 'com.runwaysdk.system.MetadataParameter', '2011-10-13 17:37:05', 'com.runwaysdk.system.metadata.CompositeFieldConditionController.create.dto', '0000000000000000000000000000001000000000000000000000000000000003', '1wi40ijm86mdoskfaokarlmlhryid8e820070427JS0000000000000000001524', '1pbd8chd33zi9oq6n3szjf17ljigywl0NM200810110000000000000000000113', '1v61br2mi7w6q4qohmuo2hnjd581ylpo20070427JS0000000000000000001517');
INSERT INTO metadata_display_label ( default_locale, id, site_master, key_name) VALUES ('edit', 'z768aon3y7esflveu3snzvua24n1nrx0NM200904120000000000000000000030', 'runwaysdk.com', 'z768aon3y7esflveu3snzvua24n1nrx0NM200904120000000000000000000030');
INSERT INTO metadata_display_label ( default_locale, id, site_master, key_name) VALUES ('Applys an existing instance of com.runwaysdk.system.metadata.CompositeFieldCondition', '91khee1rz3vqzhw40sbljgc1jfrle34xNM200904120000000000000000000030', 'runwaysdk.com', '91khee1rz3vqzhw40sbljgc1jfrle34xNM200904120000000000000000000030');
INSERT INTO md_action ( is_query, enclosing_md_controller, is_post, action_name, display_label, id) VALUES (0, '8h4ap3keot3pblvyrzbpe7xp171xfeonNM200810110000000000000000000112', 0, 'edit', 'z768aon3y7esflveu3snzvua24n1nrx0NM200904120000000000000000000030', '78bbwu6vgxwqf9p58lq7w00ws788im9dNM200810110000000000000000000113');
INSERT INTO metadata ( description, created_by, owner, id, create_date, seq, type, remove, site_master, locked_by, entity_domain, last_updated_by, last_update_date, key_name) VALUES ('91khee1rz3vqzhw40sbljgc1jfrle34xNM200904120000000000000000000030', '0000000000000000000000000000001000000000000000000000000000000003', '0000000000000000000000000000001000000000000000000000000000000003', '78bbwu6vgxwqf9p58lq7w00ws788im9dNM200810110000000000000000000113', '2011-10-13 17:37:05', 3413, 'com.runwaysdk.system.metadata.MdAction', 1, 'runwaysdk.com', NULL, NULL, '0000000000000000000000000000001000000000000000000000000000000003', '2011-10-13 17:37:05', 'com.runwaysdk.system.metadata.CompositeFieldConditionController.edit');
INSERT INTO controller_action ( key_name, locked_by, id, owner, entity_domain, created_by, type, last_update_date, create_date, seq, last_updated_by, site_master, parent_id, child_id) VALUES ('com.runwaysdk.system.metadata.CompositeFieldConditionController.edit', NULL, 'rb9wis9egcxqcqaabwnb6dw2vpk16nkzJS200807230000000000000000111111', '0000000000000000000000000000001000000000000000000000000000000003', NULL, '0000000000000000000000000000001000000000000000000000000000000003', 'com.runwaysdk.system.ControllerAction', '2011-10-13 17:37:05', '2011-10-13 17:37:05', 3414, '0000000000000000000000000000001000000000000000000000000000000003', 'runwaysdk.com', '8h4ap3keot3pblvyrzbpe7xp171xfeonNM200810110000000000000000000112', '78bbwu6vgxwqf9p58lq7w00ws788im9dNM200810110000000000000000000113');
INSERT INTO metadata_display_label ( default_locale, id, site_master, key_name) VALUES ('Parameter: com.runwaysdk.system.metadata.CompositeFieldCondition', '6zbz73jnw22eefaxoo14wzeehwcw1m8bNM200904120000000000000000000030', 'runwaysdk.com', '6zbz73jnw22eefaxoo14wzeehwcw1m8bNM200904120000000000000000000030');
INSERT INTO metadata_display_label ( default_locale, id, site_master, key_name) VALUES ('com.runwaysdk.system.metadata.CompositeFieldCondition to apply to the database', '8bgg30o2heedmaoqyljlyq5m32khy8axNM200904120000000000000000000030', 'runwaysdk.com', '8bgg30o2heedmaoqyljlyq5m32khy8axNM200904120000000000000000000030');
INSERT INTO md_parameter ( metadata, parameter_order, parameter_name, parameter_type, display_label, id) VALUES ('78bbwu6vgxwqf9p58lq7w00ws788im9dNM200810110000000000000000000113', 0, 'id', 'java.lang.String', '6zbz73jnw22eefaxoo14wzeehwcw1m8bNM200904120000000000000000000030', '7gvmyxufe0l2tojd94ck4vudkknyvl7020070427JS0000000000000000001517');
INSERT INTO metadata ( description, created_by, owner, id, create_date, seq, type, remove, site_master, locked_by, entity_domain, last_updated_by, last_update_date, key_name) VALUES ('8bgg30o2heedmaoqyljlyq5m32khy8axNM200904120000000000000000000030', '0000000000000000000000000000001000000000000000000000000000000003', '0000000000000000000000000000001000000000000000000000000000000003', '7gvmyxufe0l2tojd94ck4vudkknyvl7020070427JS0000000000000000001517', '2011-10-13 17:37:05', 3415, 'com.runwaysdk.system.metadata.MdParameter', 1, 'runwaysdk.com', NULL, NULL, '0000000000000000000000000000001000000000000000000000000000000003', '2011-10-13 17:37:05', 'com.runwaysdk.system.metadata.CompositeFieldConditionController.edit.id');
INSERT INTO metadata_parameter ( site_master, last_updated_by, create_date, seq, locked_by, entity_domain, created_by, type, last_update_date, key_name, owner, id, parent_id, child_id) VALUES ('runwaysdk.com', '0000000000000000000000000000001000000000000000000000000000000003', '2011-10-13 17:37:05', 3416, NULL, NULL, '0000000000000000000000000000001000000000000000000000000000000003', 'com.runwaysdk.system.MetadataParameter', '2011-10-13 17:37:05', 'com.runwaysdk.system.metadata.CompositeFieldConditionController.edit.id', '0000000000000000000000000000001000000000000000000000000000000003', 'qxl6lbrevmway34ohshcz6d5g446ywmh20070427JS0000000000000000001524', '78bbwu6vgxwqf9p58lq7w00ws788im9dNM200810110000000000000000000113', '7gvmyxufe0l2tojd94ck4vudkknyvl7020070427JS0000000000000000001517');
INSERT INTO metadata_display_label ( default_locale, id, site_master, key_name) VALUES ('update', '8furbfyhwrmbx5ynximmua7i68jss9hnNM200904120000000000000000000030', 'runwaysdk.com', '8furbfyhwrmbx5ynximmua7i68jss9hnNM200904120000000000000000000030');
INSERT INTO metadata_display_label ( default_locale, id, site_master, key_name) VALUES ('Applys an existing instance of com.runwaysdk.system.metadata.CompositeFieldCondition', '7ch293b7ll8cdumg1me9qyzfxhery022NM200904120000000000000000000030', 'runwaysdk.com', '7ch293b7ll8cdumg1me9qyzfxhery022NM200904120000000000000000000030');
INSERT INTO md_action ( is_query, enclosing_md_controller, is_post, action_name, display_label, id) VALUES (0, '8h4ap3keot3pblvyrzbpe7xp171xfeonNM200810110000000000000000000112', 1, 'update', '8furbfyhwrmbx5ynximmua7i68jss9hnNM200904120000000000000000000030', 'rdjwjfp7vpfgh9jfv1i6785i7otwa098NM200810110000000000000000000113');
INSERT INTO metadata ( description, created_by, owner, id, create_date, seq, type, remove, site_master, locked_by, entity_domain, last_updated_by, last_update_date, key_name) VALUES ('7ch293b7ll8cdumg1me9qyzfxhery022NM200904120000000000000000000030', '0000000000000000000000000000001000000000000000000000000000000003', '0000000000000000000000000000001000000000000000000000000000000003', 'rdjwjfp7vpfgh9jfv1i6785i7otwa098NM200810110000000000000000000113', '2011-10-13 17:37:05', 3417, 'com.runwaysdk.system.metadata.MdAction', 1, 'runwaysdk.com', NULL, NULL, '0000000000000000000000000000001000000000000000000000000000000003', '2011-10-13 17:37:05', 'com.runwaysdk.system.metadata.CompositeFieldConditionController.update');
INSERT INTO controller_action ( key_name, locked_by, id, owner, entity_domain, created_by, type, last_update_date, create_date, seq, last_updated_by, site_master, parent_id, child_id) VALUES ('com.runwaysdk.system.metadata.CompositeFieldConditionController.update', NULL, '0j5c0fpbxr5kj733cym8mpnbwjqxe9kyJS200807230000000000000000111111', '0000000000000000000000000000001000000000000000000000000000000003', NULL, '0000000000000000000000000000001000000000000000000000000000000003', 'com.runwaysdk.system.ControllerAction', '2011-10-13 17:37:05', '2011-10-13 17:37:05', 3418, '0000000000000000000000000000001000000000000000000000000000000003', 'runwaysdk.com', '8h4ap3keot3pblvyrzbpe7xp171xfeonNM200810110000000000000000000112', 'rdjwjfp7vpfgh9jfv1i6785i7otwa098NM200810110000000000000000000113');
INSERT INTO metadata_display_label ( default_locale, id, site_master, key_name) VALUES ('Parameter: com.runwaysdk.system.metadata.CompositeFieldCondition - dto', '72klq17bt1tm32n4yw88ddfkdz25f9xsNM200904120000000000000000000030', 'runwaysdk.com', '72klq17bt1tm32n4yw88ddfkdz25f9xsNM200904120000000000000000000030');
INSERT INTO metadata_display_label ( default_locale, id, site_master, key_name) VALUES ('com.runwaysdk.system.metadata.CompositeFieldCondition to apply to the database', 'zkposv7td4o4ovbdrxxoqpxwwrihbeevNM200904120000000000000000000030', 'runwaysdk.com', 'zkposv7td4o4ovbdrxxoqpxwwrihbeevNM200904120000000000000000000030');
INSERT INTO md_parameter ( metadata, parameter_order, parameter_name, parameter_type, display_label, id) VALUES ('rdjwjfp7vpfgh9jfv1i6785i7otwa098NM200810110000000000000000000113', 0, 'dto', 'com.runwaysdk.system.metadata.CompositeFieldCondition', '72klq17bt1tm32n4yw88ddfkdz25f9xsNM200904120000000000000000000030', '6rn2osffchq5icpa6ly8yn4eyjwj1s2u20070427JS0000000000000000001517');
INSERT INTO metadata ( description, created_by, owner, id, create_date, seq, type, remove, site_master, locked_by, entity_domain, last_updated_by, last_update_date, key_name) VALUES ('zkposv7td4o4ovbdrxxoqpxwwrihbeevNM200904120000000000000000000030', '0000000000000000000000000000001000000000000000000000000000000003', '0000000000000000000000000000001000000000000000000000000000000003', '6rn2osffchq5icpa6ly8yn4eyjwj1s2u20070427JS0000000000000000001517', '2011-10-13 17:37:05', 3419, 'com.runwaysdk.system.metadata.MdParameter', 1, 'runwaysdk.com', NULL, NULL, '0000000000000000000000000000001000000000000000000000000000000003', '2011-10-13 17:37:05', 'com.runwaysdk.system.metadata.CompositeFieldConditionController.update.dto');
INSERT INTO metadata_parameter ( site_master, last_updated_by, create_date, seq, locked_by, entity_domain, created_by, type, last_update_date, key_name, owner, id, parent_id, child_id) VALUES ('runwaysdk.com', '0000000000000000000000000000001000000000000000000000000000000003', '2011-10-13 17:37:05', 3420, NULL, NULL, '0000000000000000000000000000001000000000000000000000000000000003', 'com.runwaysdk.system.MetadataParameter', '2011-10-13 17:37:05', 'com.runwaysdk.system.metadata.CompositeFieldConditionController.update.dto', '0000000000000000000000000000001000000000000000000000000000000003', 'qwdlmpz39v43rni31u15ikibh9omnun420070427JS0000000000000000001524', 'rdjwjfp7vpfgh9jfv1i6785i7otwa098NM200810110000000000000000000113', '6rn2osffchq5icpa6ly8yn4eyjwj1s2u20070427JS0000000000000000001517');
INSERT INTO metadata_display_label ( default_locale, id, site_master, key_name) VALUES ('cancel', 'z4hthht3o8c0eqt4m7va6twe6prhk3vkNM200904120000000000000000000030', 'runwaysdk.com', 'z4hthht3o8c0eqt4m7va6twe6prhk3vkNM200904120000000000000000000030');
INSERT INTO metadata_display_label ( default_locale, id, site_master, key_name) VALUES ('Unlocks an instance com.runwaysdk.system.metadata.CompositeFieldCondition', '0692tctfmqjp4ldfgp1owz1upauv8at9NM200904120000000000000000000030', 'runwaysdk.com', '0692tctfmqjp4ldfgp1owz1upauv8at9NM200904120000000000000000000030');
INSERT INTO md_action ( is_query, enclosing_md_controller, is_post, action_name, display_label, id) VALUES (0, '8h4ap3keot3pblvyrzbpe7xp171xfeonNM200810110000000000000000000112', 1, 'cancel', 'z4hthht3o8c0eqt4m7va6twe6prhk3vkNM200904120000000000000000000030', '0myui15rj7k13fxncz6h1os354otwznoNM200810110000000000000000000113');
INSERT INTO metadata ( description, created_by, owner, id, create_date, seq, type, remove, site_master, locked_by, entity_domain, last_updated_by, last_update_date, key_name) VALUES ('0692tctfmqjp4ldfgp1owz1upauv8at9NM200904120000000000000000000030', '0000000000000000000000000000001000000000000000000000000000000003', '0000000000000000000000000000001000000000000000000000000000000003', '0myui15rj7k13fxncz6h1os354otwznoNM200810110000000000000000000113', '2011-10-13 17:37:05', 3421, 'com.runwaysdk.system.metadata.MdAction', 1, 'runwaysdk.com', NULL, NULL, '0000000000000000000000000000001000000000000000000000000000000003', '2011-10-13 17:37:05', 'com.runwaysdk.system.metadata.CompositeFieldConditionController.cancel');
INSERT INTO controller_action ( key_name, locked_by, id, owner, entity_domain, created_by, type, last_update_date, create_date, seq, last_updated_by, site_master, parent_id, child_id) VALUES ('com.runwaysdk.system.metadata.CompositeFieldConditionController.cancel', NULL, '2bw16wza3b4l3igtg9ovr3qa5id75qnsJS200807230000000000000000111111', '0000000000000000000000000000001000000000000000000000000000000003', NULL, '0000000000000000000000000000001000000000000000000000000000000003', 'com.runwaysdk.system.ControllerAction', '2011-10-13 17:37:05', '2011-10-13 17:37:05', 3422, '0000000000000000000000000000001000000000000000000000000000000003', 'runwaysdk.com', '8h4ap3keot3pblvyrzbpe7xp171xfeonNM200810110000000000000000000112', '0myui15rj7k13fxncz6h1os354otwznoNM200810110000000000000000000113');
INSERT INTO metadata_display_label ( default_locale, id, site_master, key_name) VALUES ('Parameter: com.runwaysdk.system.metadata.CompositeFieldCondition - dto', 'xerah7ass533t1t4vukps7fd8sc8wkteNM200904120000000000000000000030', 'runwaysdk.com', 'xerah7ass533t1t4vukps7fd8sc8wkteNM200904120000000000000000000030');
INSERT INTO metadata_display_label ( default_locale, id, site_master, key_name) VALUES ('com.runwaysdk.system.metadata.CompositeFieldCondition to unlock', 'se2m7s8as3scqwy13ercspmetljwlewzNM200904120000000000000000000030', 'runwaysdk.com', 'se2m7s8as3scqwy13ercspmetljwlewzNM200904120000000000000000000030');
INSERT INTO md_parameter ( metadata, parameter_order, parameter_name, parameter_type, display_label, id) VALUES ('0myui15rj7k13fxncz6h1os354otwznoNM200810110000000000000000000113', 0, 'dto', 'com.runwaysdk.system.metadata.CompositeFieldCondition', 'xerah7ass533t1t4vukps7fd8sc8wkteNM200904120000000000000000000030', 'znwarw8c7ndi6aook9ucdtx33tbt9a1120070427JS0000000000000000001517');
INSERT INTO metadata ( description, created_by, owner, id, create_date, seq, type, remove, site_master, locked_by, entity_domain, last_updated_by, last_update_date, key_name) VALUES ('se2m7s8as3scqwy13ercspmetljwlewzNM200904120000000000000000000030', '0000000000000000000000000000001000000000000000000000000000000003', '0000000000000000000000000000001000000000000000000000000000000003', 'znwarw8c7ndi6aook9ucdtx33tbt9a1120070427JS0000000000000000001517', '2011-10-13 17:37:05', 3423, 'com.runwaysdk.system.metadata.MdParameter', 1, 'runwaysdk.com', NULL, NULL, '0000000000000000000000000000001000000000000000000000000000000003', '2011-10-13 17:37:05', 'com.runwaysdk.system.metadata.CompositeFieldConditionController.cancel.dto');
INSERT INTO metadata_parameter ( site_master, last_updated_by, create_date, seq, locked_by, entity_domain, created_by, type, last_update_date, key_name, owner, id, parent_id, child_id) VALUES ('runwaysdk.com', '0000000000000000000000000000001000000000000000000000000000000003', '2011-10-13 17:37:05', 3424, NULL, NULL, '0000000000000000000000000000001000000000000000000000000000000003', 'com.runwaysdk.system.MetadataParameter', '2011-10-13 17:37:05', 'com.runwaysdk.system.metadata.CompositeFieldConditionController.cancel.dto', '0000000000000000000000000000001000000000000000000000000000000003', 'xdhorsh6epg4ubrf6myneae856evxzqb20070427JS0000000000000000001524', '0myui15rj7k13fxncz6h1os354otwznoNM200810110000000000000000000113', 'znwarw8c7ndi6aook9ucdtx33tbt9a1120070427JS0000000000000000001517');
INSERT INTO metadata_display_label ( default_locale, id, site_master, key_name) VALUES ('delete', 'zcgqf82mjqe1e6b80znit3gczxcdtnwcNM200904120000000000000000000030', 'runwaysdk.com', 'zcgqf82mjqe1e6b80znit3gczxcdtnwcNM200904120000000000000000000030');
INSERT INTO metadata_display_label ( default_locale, id, site_master, key_name) VALUES ('Delete an instance of com.runwaysdk.system.metadata.CompositeFieldCondition', 'xtwom2ehbrb35rbuj6mgjmv5kyfokt1mNM200904120000000000000000000030', 'runwaysdk.com', 'xtwom2ehbrb35rbuj6mgjmv5kyfokt1mNM200904120000000000000000000030');
INSERT INTO md_action ( is_query, enclosing_md_controller, is_post, action_name, display_label, id) VALUES (0, '8h4ap3keot3pblvyrzbpe7xp171xfeonNM200810110000000000000000000112', 1, 'delete', 'zcgqf82mjqe1e6b80znit3gczxcdtnwcNM200904120000000000000000000030', 's9eokxw7ax4c8bq5rsdikq60qasf84blNM200810110000000000000000000113');
INSERT INTO metadata ( description, created_by, owner, id, create_date, seq, type, remove, site_master, locked_by, entity_domain, last_updated_by, last_update_date, key_name) VALUES ('xtwom2ehbrb35rbuj6mgjmv5kyfokt1mNM200904120000000000000000000030', '0000000000000000000000000000001000000000000000000000000000000003', '0000000000000000000000000000001000000000000000000000000000000003', 's9eokxw7ax4c8bq5rsdikq60qasf84blNM200810110000000000000000000113', '2011-10-13 17:37:05', 3425, 'com.runwaysdk.system.metadata.MdAction', 1, 'runwaysdk.com', NULL, NULL, '0000000000000000000000000000001000000000000000000000000000000003', '2011-10-13 17:37:05', 'com.runwaysdk.system.metadata.CompositeFieldConditionController.delete');
INSERT INTO controller_action ( key_name, locked_by, id, owner, entity_domain, created_by, type, last_update_date, create_date, seq, last_updated_by, site_master, parent_id, child_id) VALUES ('com.runwaysdk.system.metadata.CompositeFieldConditionController.delete', NULL, 'z0859pzrzuxfzcgoiux4kn3v7b52cvvtJS200807230000000000000000111111', '0000000000000000000000000000001000000000000000000000000000000003', NULL, '0000000000000000000000000000001000000000000000000000000000000003', 'com.runwaysdk.system.ControllerAction', '2011-10-13 17:37:05', '2011-10-13 17:37:05', 3426, '0000000000000000000000000000001000000000000000000000000000000003', 'runwaysdk.com', '8h4ap3keot3pblvyrzbpe7xp171xfeonNM200810110000000000000000000112', 's9eokxw7ax4c8bq5rsdikq60qasf84blNM200810110000000000000000000113');
INSERT INTO metadata_display_label ( default_locale, id, site_master, key_name) VALUES ('Parameter: com.runwaysdk.system.metadata.CompositeFieldCondition - dto', 'xzpf13fvi1pwmh90zaw6o75vo3q1e02lNM200904120000000000000000000030', 'runwaysdk.com', 'xzpf13fvi1pwmh90zaw6o75vo3q1e02lNM200904120000000000000000000030');
INSERT INTO metadata_display_label ( default_locale, id, site_master, key_name) VALUES ('com.runwaysdk.system.metadata.CompositeFieldCondition to delete', 'zh8dcxq6ad4hqqpdnxh9d65x7hy95ynsNM200904120000000000000000000030', 'runwaysdk.com', 'zh8dcxq6ad4hqqpdnxh9d65x7hy95ynsNM200904120000000000000000000030');
INSERT INTO md_parameter ( metadata, parameter_order, parameter_name, parameter_type, display_label, id) VALUES ('s9eokxw7ax4c8bq5rsdikq60qasf84blNM200810110000000000000000000113', 0, 'dto', 'com.runwaysdk.system.metadata.CompositeFieldCondition', 'xzpf13fvi1pwmh90zaw6o75vo3q1e02lNM200904120000000000000000000030', 'rbeigsvcilytspgzd2kyqqvgae7u0ezq20070427JS0000000000000000001517');
INSERT INTO metadata ( description, created_by, owner, id, create_date, seq, type, remove, site_master, locked_by, entity_domain, last_updated_by, last_update_date, key_name) VALUES ('zh8dcxq6ad4hqqpdnxh9d65x7hy95ynsNM200904120000000000000000000030', '0000000000000000000000000000001000000000000000000000000000000003', '0000000000000000000000000000001000000000000000000000000000000003', 'rbeigsvcilytspgzd2kyqqvgae7u0ezq20070427JS0000000000000000001517', '2011-10-13 17:37:05', 3427, 'com.runwaysdk.system.metadata.MdParameter', 1, 'runwaysdk.com', NULL, NULL, '0000000000000000000000000000001000000000000000000000000000000003', '2011-10-13 17:37:05', 'com.runwaysdk.system.metadata.CompositeFieldConditionController.delete.dto');
INSERT INTO metadata_parameter ( site_master, last_updated_by, create_date, seq, locked_by, entity_domain, created_by, type, last_update_date, key_name, owner, id, parent_id, child_id) VALUES ('runwaysdk.com', '0000000000000000000000000000001000000000000000000000000000000003', '2011-10-13 17:37:05', 3428, NULL, NULL, '0000000000000000000000000000001000000000000000000000000000000003', 'com.runwaysdk.system.MetadataParameter', '2011-10-13 17:37:05', 'com.runwaysdk.system.metadata.CompositeFieldConditionController.delete.dto', '0000000000000000000000000000001000000000000000000000000000000003', '8fl1l9ga9ovoc4r10g3ttyswyjwlptoz20070427JS0000000000000000001524', 's9eokxw7ax4c8bq5rsdikq60qasf84blNM200810110000000000000000000113', 'rbeigsvcilytspgzd2kyqqvgae7u0ezq20070427JS0000000000000000001517');
INSERT INTO business_inheritance ( id, parent_id, child_id) VALUES ('z7tjdi6k0y8m9rb08o59r21e8ql6q15k20070926NM0000000000000000000004', '8cyzqex757pg9voulx8mlnxoyo8ypfal00000000000000000000000000000001', 'saigf4a2wts52t7fqu0tapwfuawuu94100000000000000000000000000000001');
INSERT INTO class_inheritance ( id, parent_id, child_id) VALUES ('z7tjdi6k0y8m9rb08o59r21e8ql6q15k20070926NM0000000000000000000004', '8cyzqex757pg9voulx8mlnxoyo8ypfal00000000000000000000000000000001', 'saigf4a2wts52t7fqu0tapwfuawuu94100000000000000000000000000000001');
INSERT INTO metadata_relationship ( entity_domain, site_master, last_updated_by, id, owner, locked_by, create_date, type, created_by, seq, key_name, last_update_date, parent_id, child_id) VALUES (NULL, 'runwaysdk.com', '0000000000000000000000000000001000000000000000000000000000000003', 'z7tjdi6k0y8m9rb08o59r21e8ql6q15k20070926NM0000000000000000000004', '0000000000000000000000000000001000000000000000000000000000000003', NULL, '2011-10-13 17:37:05', 'com.runwaysdk.system.metadata.BusinessInheritance', '0000000000000000000000000000001000000000000000000000000000000003', 3429, 'z7tjdi6k0y8m9rb08o59r21e8ql6q15k20070926NM0000000000000000000004', '2011-10-13 17:37:05', '8cyzqex757pg9voulx8mlnxoyo8ypfal00000000000000000000000000000001', 'saigf4a2wts52t7fqu0tapwfuawuu94100000000000000000000000000000001');
 INSERT INTO visibilitymodifier (set_id, item_id)  VALUES  ('r7zn81hrz3xcrraz7xxgfsmfdm8wzg0o', '20071109NM000000000000000000000520071109NM0000000000000000000001');
INSERT INTO metadata_display_label ( default_locale, id, site_master, key_name) VALUES ('First Condition', 'xaek3c8dzmx2ibladyydc392z1zc96tcNM200904120000000000000000000030', 'runwaysdk.com', 'xaek3c8dzmx2ibladyydc392z1zc96tcNM200904120000000000000000000030');
 INSERT INTO visibilitymodifier (set_id, item_id)  VALUES  ('7d2rxglgp4n6hp0h5ia33yj0hy9imjx0', '20071109NM000000000000000000000520071109NM0000000000000000000001');
 INSERT INTO md_attribute_indicies (set_id, item_id)  VALUES  ('0rke28y3m1ea7e3cj5wifo9l46mokex5', '0000000000000000000000000000040100000000000000000000000000000403');
INSERT INTO metadata_display_label ( default_locale, id, site_master, key_name) VALUES ('First condition of a composite condition', '6w2svpe3uwzbvsxatm16chc93md50uz3NM200904120000000000000000000030', 'runwaysdk.com', '6w2svpe3uwzbvsxatm16chc93md50uz3NM200904120000000000000000000030');
INSERT INTO md_attribute_reference ( default_value, md_business, id) VALUES (NULL, '8cyzqex757pg9voulx8mlnxoyo8ypfal00000000000000000000000000000001', 'syf1twumhu1c03wpcei2zs3lvjo6my2i00000000000000000000000000000186');
INSERT INTO md_attribute_ref ( id) VALUES ('syf1twumhu1c03wpcei2zs3lvjo6my2i00000000000000000000000000000186');
INSERT INTO md_attribute_concrete ( column_name, defining_md_class, setter_visibility, setter_visibility_c, immutable, index_name, generate_accessor, system, required, display_label, getter_visibility, getter_visibility_c, index_type, index_type_c, attribute_name, id) VALUES ('first_condition', 'saigf4a2wts52t7fqu0tapwfuawuu94100000000000000000000000000000001', 'r7zn81hrz3xcrraz7xxgfsmfdm8wzg0o', '20071109NM000000000000000000000520071109NM0000000000000000000001', 0, 'a5gap4p3k4rjs5t46ftowznvve6oig', 1, 0, 1, 'xaek3c8dzmx2ibladyydc392z1zc96tcNM200904120000000000000000000030', '7d2rxglgp4n6hp0h5ia33yj0hy9imjx0', '20071109NM000000000000000000000520071109NM0000000000000000000001', '0rke28y3m1ea7e3cj5wifo9l46mokex5', '0000000000000000000000000000040100000000000000000000000000000403', 'firstCondition', 'syf1twumhu1c03wpcei2zs3lvjo6my2i00000000000000000000000000000186');
INSERT INTO md_attribute ( id) VALUES ('syf1twumhu1c03wpcei2zs3lvjo6my2i00000000000000000000000000000186');
INSERT INTO metadata ( description, created_by, owner, id, create_date, seq, type, remove, site_master, locked_by, entity_domain, last_updated_by, last_update_date, key_name) VALUES ('6w2svpe3uwzbvsxatm16chc93md50uz3NM200904120000000000000000000030', '0000000000000000000000000000001000000000000000000000000000000003', '0000000000000000000000000000001000000000000000000000000000000003', 'syf1twumhu1c03wpcei2zs3lvjo6my2i00000000000000000000000000000186', '2011-10-13 17:37:05', 3430, 'com.runwaysdk.system.metadata.MdAttributeReference', 1, 'runwaysdk.com', NULL, NULL, '0000000000000000000000000000001000000000000000000000000000000003', '2011-10-13 17:37:05', 'com.runwaysdk.system.metadata.CompositeFieldCondition.firstCondition');
ALTER TABLE composite_field_condition ADD COLUMN first_condition  char(64);
INSERT INTO class_attribute_concrete ( id, parent_id, child_id) VALUES ('0b298845being6boyl9tyhr8bh0ajkx100000000000000000000000000000073', 'saigf4a2wts52t7fqu0tapwfuawuu94100000000000000000000000000000001', 'syf1twumhu1c03wpcei2zs3lvjo6my2i00000000000000000000000000000186');
INSERT INTO class_attribute ( id, parent_id, child_id) VALUES ('0b298845being6boyl9tyhr8bh0ajkx100000000000000000000000000000073', 'saigf4a2wts52t7fqu0tapwfuawuu94100000000000000000000000000000001', 'syf1twumhu1c03wpcei2zs3lvjo6my2i00000000000000000000000000000186');
INSERT INTO metadata_relationship ( entity_domain, site_master, last_updated_by, id, owner, locked_by, create_date, type, created_by, seq, key_name, last_update_date, parent_id, child_id) VALUES (NULL, 'runwaysdk.com', '0000000000000000000000000000001000000000000000000000000000000003', '0b298845being6boyl9tyhr8bh0ajkx100000000000000000000000000000073', '0000000000000000000000000000001000000000000000000000000000000003', NULL, '2011-10-13 17:37:05', 'com.runwaysdk.system.metadata.ClassAttributeConcrete', '0000000000000000000000000000001000000000000000000000000000000003', 3431, 'com.runwaysdk.system.metadata.CompositeFieldCondition.firstCondition', '2011-10-13 17:37:05', 'saigf4a2wts52t7fqu0tapwfuawuu94100000000000000000000000000000001', 'syf1twumhu1c03wpcei2zs3lvjo6my2i00000000000000000000000000000186');
 INSERT INTO visibilitymodifier (set_id, item_id)  VALUES  ('son8i5s5r27t9unqkw389dq2zyk41qdv', '20071109NM000000000000000000000520071109NM0000000000000000000001');
INSERT INTO metadata_display_label ( default_locale, id, site_master, key_name) VALUES ('Second Condition', '0l4apb1ojes0itn7hcy7fzyuna05nlchNM200904120000000000000000000030', 'runwaysdk.com', '0l4apb1ojes0itn7hcy7fzyuna05nlchNM200904120000000000000000000030');
 INSERT INTO visibilitymodifier (set_id, item_id)  VALUES  ('ras3460wuz4g2ka2whaodqa0b4n9ywl5', '20071109NM000000000000000000000520071109NM0000000000000000000001');
 INSERT INTO md_attribute_indicies (set_id, item_id)  VALUES  ('sy3w7l71jv9th4pssc2s62dkd2ytx4qk', '0000000000000000000000000000040100000000000000000000000000000403');
INSERT INTO metadata_display_label ( default_locale, id, site_master, key_name) VALUES ('Second condition of a composite condition', 'sbhyogrhjnu9n8z862tuce3avl4f2qgnNM200904120000000000000000000030', 'runwaysdk.com', 'sbhyogrhjnu9n8z862tuce3avl4f2qgnNM200904120000000000000000000030');
INSERT INTO md_attribute_reference ( default_value, md_business, id) VALUES (NULL, '8cyzqex757pg9voulx8mlnxoyo8ypfal00000000000000000000000000000001', 'r5s4izl9p3e0gp3bivpgxfl1g26cvfzy00000000000000000000000000000186');
INSERT INTO md_attribute_ref ( id) VALUES ('r5s4izl9p3e0gp3bivpgxfl1g26cvfzy00000000000000000000000000000186');
INSERT INTO md_attribute_concrete ( column_name, defining_md_class, setter_visibility, setter_visibility_c, immutable, index_name, generate_accessor, system, required, display_label, getter_visibility, getter_visibility_c, index_type, index_type_c, attribute_name, id) VALUES ('second_condition', 'saigf4a2wts52t7fqu0tapwfuawuu94100000000000000000000000000000001', 'son8i5s5r27t9unqkw389dq2zyk41qdv', '20071109NM000000000000000000000520071109NM0000000000000000000001', 0, 'ae0vhruhmnffdmaq703zm3vbc6tfcy', 1, 0, 1, '0l4apb1ojes0itn7hcy7fzyuna05nlchNM200904120000000000000000000030', 'ras3460wuz4g2ka2whaodqa0b4n9ywl5', '20071109NM000000000000000000000520071109NM0000000000000000000001', 'sy3w7l71jv9th4pssc2s62dkd2ytx4qk', '0000000000000000000000000000040100000000000000000000000000000403', 'secondCondition', 'r5s4izl9p3e0gp3bivpgxfl1g26cvfzy00000000000000000000000000000186');
INSERT INTO md_attribute ( id) VALUES ('r5s4izl9p3e0gp3bivpgxfl1g26cvfzy00000000000000000000000000000186');
INSERT INTO metadata ( description, created_by, owner, id, create_date, seq, type, remove, site_master, locked_by, entity_domain, last_updated_by, last_update_date, key_name) VALUES ('sbhyogrhjnu9n8z862tuce3avl4f2qgnNM200904120000000000000000000030', '0000000000000000000000000000001000000000000000000000000000000003', '0000000000000000000000000000001000000000000000000000000000000003', 'r5s4izl9p3e0gp3bivpgxfl1g26cvfzy00000000000000000000000000000186', '2011-10-13 17:37:05', 3432, 'com.runwaysdk.system.metadata.MdAttributeReference', 1, 'runwaysdk.com', NULL, NULL, '0000000000000000000000000000001000000000000000000000000000000003', '2011-10-13 17:37:05', 'com.runwaysdk.system.metadata.CompositeFieldCondition.secondCondition');
ALTER TABLE composite_field_condition ADD COLUMN second_condition  char(64);
INSERT INTO class_attribute_concrete ( id, parent_id, child_id) VALUES ('zo2md5n88gak2h0hyrnfkkyjw18gpox700000000000000000000000000000073', 'saigf4a2wts52t7fqu0tapwfuawuu94100000000000000000000000000000001', 'r5s4izl9p3e0gp3bivpgxfl1g26cvfzy00000000000000000000000000000186');
INSERT INTO class_attribute ( id, parent_id, child_id) VALUES ('zo2md5n88gak2h0hyrnfkkyjw18gpox700000000000000000000000000000073', 'saigf4a2wts52t7fqu0tapwfuawuu94100000000000000000000000000000001', 'r5s4izl9p3e0gp3bivpgxfl1g26cvfzy00000000000000000000000000000186');
INSERT INTO metadata_relationship ( entity_domain, site_master, last_updated_by, id, owner, locked_by, create_date, type, created_by, seq, key_name, last_update_date, parent_id, child_id) VALUES (NULL, 'runwaysdk.com', '0000000000000000000000000000001000000000000000000000000000000003', 'zo2md5n88gak2h0hyrnfkkyjw18gpox700000000000000000000000000000073', '0000000000000000000000000000001000000000000000000000000000000003', NULL, '2011-10-13 17:37:05', 'com.runwaysdk.system.metadata.ClassAttributeConcrete', '0000000000000000000000000000001000000000000000000000000000000003', 3433, 'com.runwaysdk.system.metadata.CompositeFieldCondition.secondCondition', '2011-10-13 17:37:05', 'saigf4a2wts52t7fqu0tapwfuawuu94100000000000000000000000000000001', 'r5s4izl9p3e0gp3bivpgxfl1g26cvfzy00000000000000000000000000000186');
 INSERT INTO class_cache (set_id, item_id)  VALUES  ('sgg166v0phkmysshrljtiwetupb4tsuy', '0000000000000000000000000000023100000000000000000000000000000222');
INSERT INTO metadata_display_label ( default_locale, id, site_master, key_name) VALUES ('And Condition', '6tiqhhojtcjbap6qubqzd54pfv61x197NM200904120000000000000000000030', 'runwaysdk.com', '6tiqhhojtcjbap6qubqzd54pfv61x197NM200904120000000000000000000030');
INSERT INTO metadata_display_label ( default_locale, id, site_master, key_name) VALUES ('An AND condition', 'rc7o69d6oh5um338bqi01bd7j037vsttNM200904120000000000000000000030', 'runwaysdk.com', 'rc7o69d6oh5um338bqi01bd7j037vsttNM200904120000000000000000000030');
INSERT INTO md_business ( cache_algorithm, cache_algorithm_c, super_md_business, id) VALUES ('sgg166v0phkmysshrljtiwetupb4tsuy', '0000000000000000000000000000023100000000000000000000000000000222', 'saigf4a2wts52t7fqu0tapwfuawuu94100000000000000000000000000000001', 'xz38ui24k0xnlofuv58kpbf87mom9ovz00000000000000000000000000000001');
INSERT INTO md_element ( extendable, is_abstract, id) VALUES (1, 0, 'xz38ui24k0xnlofuv58kpbf87mom9ovz00000000000000000000000000000001');
INSERT INTO md_entity ( query_dto_source, query_source, cache_size, enforce_site_master, table_name, id) VALUES (NULL, NULL, 0, 1, 'and_field_condition', 'xz38ui24k0xnlofuv58kpbf87mom9ovz00000000000000000000000000000001');
INSERT INTO md_class ( publish, stub_dto_source, stub_source, id) VALUES (1, NULL, NULL, 'xz38ui24k0xnlofuv58kpbf87mom9ovz00000000000000000000000000000001');
INSERT INTO md_type ( display_label, root_id, package_name, type_name, base_source, js_base, js_stub, exported, dto_source, id) VALUES ('6tiqhhojtcjbap6qubqzd54pfv61x197NM200904120000000000000000000030', 'xz38ui24k0xnlofuv58kpbf87mom9ovz', 'com.runwaysdk.system.metadata', 'AndFieldCondition', NULL, NULL, NULL, 1, NULL, 'xz38ui24k0xnlofuv58kpbf87mom9ovz00000000000000000000000000000001');
INSERT INTO metadata ( description, created_by, owner, id, create_date, seq, type, remove, site_master, locked_by, entity_domain, last_updated_by, last_update_date, key_name) VALUES ('rc7o69d6oh5um338bqi01bd7j037vsttNM200904120000000000000000000030', '0000000000000000000000000000001000000000000000000000000000000003', '0000000000000000000000000000001000000000000000000000000000000003', 'xz38ui24k0xnlofuv58kpbf87mom9ovz00000000000000000000000000000001', '2011-10-13 17:37:05', 3434, 'com.runwaysdk.system.metadata.MdBusiness', 1, 'runwaysdk.com', NULL, NULL, '0000000000000000000000000000001000000000000000000000000000000003', '2011-10-13 17:37:05', 'com.runwaysdk.system.metadata.AndFieldCondition');
CREATE TABLE and_field_condition ( id CHAR(64) NOT NULL PRIMARY KEY );
INSERT INTO metadata_display_label ( default_locale, id, site_master, key_name) VALUES (NULL, '90okv9pku3q2hpko86oklizc1ycm66h3NM200904120000000000000000000030', 'runwaysdk.com', '90okv9pku3q2hpko86oklizc1ycm66h3NM200904120000000000000000000030');
INSERT INTO metadata_display_label ( default_locale, id, site_master, key_name) VALUES (NULL, '7b32fjfwtfy9f510vcyfb2rqv6djeej5NM200904120000000000000000000030', 'runwaysdk.com', '7b32fjfwtfy9f510vcyfb2rqv6djeej5NM200904120000000000000000000030');
INSERT INTO md_controller ( stub_source, id) VALUES (NULL, 'syalogd6glxdxewk8llc0m1aphg9plhiNM200810110000000000000000000112');
INSERT INTO md_type ( display_label, root_id, package_name, type_name, base_source, js_base, js_stub, exported, dto_source, id) VALUES ('90okv9pku3q2hpko86oklizc1ycm66h3NM200904120000000000000000000030', 'syalogd6glxdxewk8llc0m1aphg9plhi', 'com.runwaysdk.system.metadata', 'AndFieldConditionController', NULL, NULL, NULL, 1, NULL, 'syalogd6glxdxewk8llc0m1aphg9plhiNM200810110000000000000000000112');
INSERT INTO metadata ( description, created_by, owner, id, create_date, seq, type, remove, site_master, locked_by, entity_domain, last_updated_by, last_update_date, key_name) VALUES ('7b32fjfwtfy9f510vcyfb2rqv6djeej5NM200904120000000000000000000030', '0000000000000000000000000000001000000000000000000000000000000003', '0000000000000000000000000000001000000000000000000000000000000003', 'syalogd6glxdxewk8llc0m1aphg9plhiNM200810110000000000000000000112', '2011-10-13 17:37:05', 3435, 'com.runwaysdk.system.metadata.MdController', 1, 'runwaysdk.com', NULL, NULL, '0000000000000000000000000000001000000000000000000000000000000003', '2011-10-13 17:37:05', 'com.runwaysdk.system.metadata.AndFieldConditionController');
INSERT INTO metadata_display_label ( default_locale, id, site_master, key_name) VALUES ('View Page', '24fq8ym8842pf12jcy6ky6c6knjulaphNM200904120000000000000000000030', 'runwaysdk.com', '24fq8ym8842pf12jcy6ky6c6knjulaphNM200904120000000000000000000030');
INSERT INTO metadata_display_label ( default_locale, id, site_master, key_name) VALUES ('Loads a ViewAll query for a specific page into the request object', 'y1bkzc6d2efw8q5i1s5dhrsq0nktjsfhNM200904120000000000000000000030', 'runwaysdk.com', 'y1bkzc6d2efw8q5i1s5dhrsq0nktjsfhNM200904120000000000000000000030');
INSERT INTO md_action ( is_query, enclosing_md_controller, is_post, action_name, display_label, id) VALUES (1, 'syalogd6glxdxewk8llc0m1aphg9plhiNM200810110000000000000000000112', 0, 'viewPage', '24fq8ym8842pf12jcy6ky6c6knjulaphNM200904120000000000000000000030', '8l7zox3y2miohnky3hzrsezqeg0dxcbhNM200810110000000000000000000113');
INSERT INTO metadata ( description, created_by, owner, id, create_date, seq, type, remove, site_master, locked_by, entity_domain, last_updated_by, last_update_date, key_name) VALUES ('y1bkzc6d2efw8q5i1s5dhrsq0nktjsfhNM200904120000000000000000000030', '0000000000000000000000000000001000000000000000000000000000000003', '0000000000000000000000000000001000000000000000000000000000000003', '8l7zox3y2miohnky3hzrsezqeg0dxcbhNM200810110000000000000000000113', '2011-10-13 17:37:05', 3436, 'com.runwaysdk.system.metadata.MdAction', 1, 'runwaysdk.com', NULL, NULL, '0000000000000000000000000000001000000000000000000000000000000003', '2011-10-13 17:37:05', 'com.runwaysdk.system.metadata.AndFieldConditionController.viewPage');
INSERT INTO controller_action ( key_name, locked_by, id, owner, entity_domain, created_by, type, last_update_date, create_date, seq, last_updated_by, site_master, parent_id, child_id) VALUES ('com.runwaysdk.system.metadata.AndFieldConditionController.viewPage', NULL, 'qyx17rskkdq347vcddiugve3v9eq3sp1JS200807230000000000000000111111', '0000000000000000000000000000001000000000000000000000000000000003', NULL, '0000000000000000000000000000001000000000000000000000000000000003', 'com.runwaysdk.system.ControllerAction', '2011-10-13 17:37:05', '2011-10-13 17:37:05', 3437, '0000000000000000000000000000001000000000000000000000000000000003', 'runwaysdk.com', 'syalogd6glxdxewk8llc0m1aphg9plhiNM200810110000000000000000000112', '8l7zox3y2miohnky3hzrsezqeg0dxcbhNM200810110000000000000000000113');
INSERT INTO metadata_display_label ( default_locale, id, site_master, key_name) VALUES ('Sort Attribute', '1s99ay1c2k6kgor0aiclmeggi9jzxcgiNM200904120000000000000000000030', 'runwaysdk.com', '1s99ay1c2k6kgor0aiclmeggi9jzxcgiNM200904120000000000000000000030');
INSERT INTO metadata_display_label ( default_locale, id, site_master, key_name) VALUES (NULL, '8fw2xcqtiu5jdnybmpdvivqv96jqzyqlNM200904120000000000000000000030', 'runwaysdk.com', '8fw2xcqtiu5jdnybmpdvivqv96jqzyqlNM200904120000000000000000000030');
INSERT INTO md_parameter ( metadata, parameter_order, parameter_name, parameter_type, display_label, id) VALUES ('8l7zox3y2miohnky3hzrsezqeg0dxcbhNM200810110000000000000000000113', -4, 'sortAttribute', 'java.lang.String', '1s99ay1c2k6kgor0aiclmeggi9jzxcgiNM200904120000000000000000000030', '2bjqqxemhrfg15xutmbi7yduscyw9ycb20070427JS0000000000000000001517');
INSERT INTO metadata ( description, created_by, owner, id, create_date, seq, type, remove, site_master, locked_by, entity_domain, last_updated_by, last_update_date, key_name) VALUES ('8fw2xcqtiu5jdnybmpdvivqv96jqzyqlNM200904120000000000000000000030', '0000000000000000000000000000001000000000000000000000000000000003', '0000000000000000000000000000001000000000000000000000000000000003', '2bjqqxemhrfg15xutmbi7yduscyw9ycb20070427JS0000000000000000001517', '2011-10-13 17:37:05', 3438, 'com.runwaysdk.system.metadata.MdParameter', 1, 'runwaysdk.com', NULL, NULL, '0000000000000000000000000000001000000000000000000000000000000003', '2011-10-13 17:37:05', 'com.runwaysdk.system.metadata.AndFieldConditionController.viewPage.sortAttribute');
INSERT INTO metadata_parameter ( site_master, last_updated_by, create_date, seq, locked_by, entity_domain, created_by, type, last_update_date, key_name, owner, id, parent_id, child_id) VALUES ('runwaysdk.com', '0000000000000000000000000000001000000000000000000000000000000003', '2011-10-13 17:37:05', 3439, NULL, NULL, '0000000000000000000000000000001000000000000000000000000000000003', 'com.runwaysdk.system.MetadataParameter', '2011-10-13 17:37:05', 'com.runwaysdk.system.metadata.AndFieldConditionController.viewPage.sortAttribute', '0000000000000000000000000000001000000000000000000000000000000003', '23ilsjwbo6j9frcv1v7qfcgnrlovcovh20070427JS0000000000000000001524', '8l7zox3y2miohnky3hzrsezqeg0dxcbhNM200810110000000000000000000113', '2bjqqxemhrfg15xutmbi7yduscyw9ycb20070427JS0000000000000000001517');
INSERT INTO metadata_display_label ( default_locale, id, site_master, key_name) VALUES ('Is Ascending', 'zn8siloixsb0nwvm7gm4rnsjs61wprdlNM200904120000000000000000000030', 'runwaysdk.com', 'zn8siloixsb0nwvm7gm4rnsjs61wprdlNM200904120000000000000000000030');
INSERT INTO metadata_display_label ( default_locale, id, site_master, key_name) VALUES (NULL, 'qqc5dg9gefqbxdh50guj6uxnf0omttevNM200904120000000000000000000030', 'runwaysdk.com', 'qqc5dg9gefqbxdh50guj6uxnf0omttevNM200904120000000000000000000030');
INSERT INTO md_parameter ( metadata, parameter_order, parameter_name, parameter_type, display_label, id) VALUES ('8l7zox3y2miohnky3hzrsezqeg0dxcbhNM200810110000000000000000000113', -3, 'isAscending', 'java.lang.Boolean', 'zn8siloixsb0nwvm7gm4rnsjs61wprdlNM200904120000000000000000000030', 'xkmmjlu76eku7vbfakf6pi9528yzc6cy20070427JS0000000000000000001517');
INSERT INTO metadata ( description, created_by, owner, id, create_date, seq, type, remove, site_master, locked_by, entity_domain, last_updated_by, last_update_date, key_name) VALUES ('qqc5dg9gefqbxdh50guj6uxnf0omttevNM200904120000000000000000000030', '0000000000000000000000000000001000000000000000000000000000000003', '0000000000000000000000000000001000000000000000000000000000000003', 'xkmmjlu76eku7vbfakf6pi9528yzc6cy20070427JS0000000000000000001517', '2011-10-13 17:37:05', 3440, 'com.runwaysdk.system.metadata.MdParameter', 1, 'runwaysdk.com', NULL, NULL, '0000000000000000000000000000001000000000000000000000000000000003', '2011-10-13 17:37:05', 'com.runwaysdk.system.metadata.AndFieldConditionController.viewPage.isAscending');
INSERT INTO metadata_parameter ( site_master, last_updated_by, create_date, seq, locked_by, entity_domain, created_by, type, last_update_date, key_name, owner, id, parent_id, child_id) VALUES ('runwaysdk.com', '0000000000000000000000000000001000000000000000000000000000000003', '2011-10-13 17:37:05', 3441, NULL, NULL, '0000000000000000000000000000001000000000000000000000000000000003', 'com.runwaysdk.system.MetadataParameter', '2011-10-13 17:37:05', 'com.runwaysdk.system.metadata.AndFieldConditionController.viewPage.isAscending', '0000000000000000000000000000001000000000000000000000000000000003', 'yw5m92ofc87w9gz5s05b4z36s8sxrio820070427JS0000000000000000001524', '8l7zox3y2miohnky3hzrsezqeg0dxcbhNM200810110000000000000000000113', 'xkmmjlu76eku7vbfakf6pi9528yzc6cy20070427JS0000000000000000001517');
INSERT INTO metadata_display_label ( default_locale, id, site_master, key_name) VALUES ('Page Size', 'xz7921bdyr4qa6s8d7l4mfjmqi8h8qkaNM200904120000000000000000000030', 'runwaysdk.com', 'xz7921bdyr4qa6s8d7l4mfjmqi8h8qkaNM200904120000000000000000000030');
INSERT INTO metadata_display_label ( default_locale, id, site_master, key_name) VALUES (NULL, 'sm39359drowspiiraki5j1asen3sfluoNM200904120000000000000000000030', 'runwaysdk.com', 'sm39359drowspiiraki5j1asen3sfluoNM200904120000000000000000000030');
INSERT INTO md_parameter ( metadata, parameter_order, parameter_name, parameter_type, display_label, id) VALUES ('8l7zox3y2miohnky3hzrsezqeg0dxcbhNM200810110000000000000000000113', -2, 'pageSize', 'java.lang.Integer', 'xz7921bdyr4qa6s8d7l4mfjmqi8h8qkaNM200904120000000000000000000030', 'xrrr9l0yf2avvzv7s40u6a69938fbama20070427JS0000000000000000001517');
INSERT INTO metadata ( description, created_by, owner, id, create_date, seq, type, remove, site_master, locked_by, entity_domain, last_updated_by, last_update_date, key_name) VALUES ('sm39359drowspiiraki5j1asen3sfluoNM200904120000000000000000000030', '0000000000000000000000000000001000000000000000000000000000000003', '0000000000000000000000000000001000000000000000000000000000000003', 'xrrr9l0yf2avvzv7s40u6a69938fbama20070427JS0000000000000000001517', '2011-10-13 17:37:05', 3442, 'com.runwaysdk.system.metadata.MdParameter', 1, 'runwaysdk.com', NULL, NULL, '0000000000000000000000000000001000000000000000000000000000000003', '2011-10-13 17:37:05', 'com.runwaysdk.system.metadata.AndFieldConditionController.viewPage.pageSize');
INSERT INTO metadata_parameter ( site_master, last_updated_by, create_date, seq, locked_by, entity_domain, created_by, type, last_update_date, key_name, owner, id, parent_id, child_id) VALUES ('runwaysdk.com', '0000000000000000000000000000001000000000000000000000000000000003', '2011-10-13 17:37:05', 3443, NULL, NULL, '0000000000000000000000000000001000000000000000000000000000000003', 'com.runwaysdk.system.MetadataParameter', '2011-10-13 17:37:05', 'com.runwaysdk.system.metadata.AndFieldConditionController.viewPage.pageSize', '0000000000000000000000000000001000000000000000000000000000000003', 'z3msvgqxiwojt0bd4e09x0opo4n5risr20070427JS0000000000000000001524', '8l7zox3y2miohnky3hzrsezqeg0dxcbhNM200810110000000000000000000113', 'xrrr9l0yf2avvzv7s40u6a69938fbama20070427JS0000000000000000001517');
INSERT INTO metadata_display_label ( default_locale, id, site_master, key_name) VALUES ('Page Number', 'xrnd4uo6ilw4d1v03nqt30me9muh7tgcNM200904120000000000000000000030', 'runwaysdk.com', 'xrnd4uo6ilw4d1v03nqt30me9muh7tgcNM200904120000000000000000000030');
INSERT INTO metadata_display_label ( default_locale, id, site_master, key_name) VALUES (NULL, '8stvitm7cycs6nhjvt8lnvc2ed4ea208NM200904120000000000000000000030', 'runwaysdk.com', '8stvitm7cycs6nhjvt8lnvc2ed4ea208NM200904120000000000000000000030');
INSERT INTO md_parameter ( metadata, parameter_order, parameter_name, parameter_type, display_label, id) VALUES ('8l7zox3y2miohnky3hzrsezqeg0dxcbhNM200810110000000000000000000113', -1, 'pageNumber', 'java.lang.Integer', 'xrnd4uo6ilw4d1v03nqt30me9muh7tgcNM200904120000000000000000000030', 'srkyxedww0rftvaap48cob158szacyt620070427JS0000000000000000001517');
INSERT INTO metadata ( description, created_by, owner, id, create_date, seq, type, remove, site_master, locked_by, entity_domain, last_updated_by, last_update_date, key_name) VALUES ('8stvitm7cycs6nhjvt8lnvc2ed4ea208NM200904120000000000000000000030', '0000000000000000000000000000001000000000000000000000000000000003', '0000000000000000000000000000001000000000000000000000000000000003', 'srkyxedww0rftvaap48cob158szacyt620070427JS0000000000000000001517', '2011-10-13 17:37:05', 3444, 'com.runwaysdk.system.metadata.MdParameter', 1, 'runwaysdk.com', NULL, NULL, '0000000000000000000000000000001000000000000000000000000000000003', '2011-10-13 17:37:05', 'com.runwaysdk.system.metadata.AndFieldConditionController.viewPage.pageNumber');
INSERT INTO metadata_parameter ( site_master, last_updated_by, create_date, seq, locked_by, entity_domain, created_by, type, last_update_date, key_name, owner, id, parent_id, child_id) VALUES ('runwaysdk.com', '0000000000000000000000000000001000000000000000000000000000000003', '2011-10-13 17:37:05', 3445, NULL, NULL, '0000000000000000000000000000001000000000000000000000000000000003', 'com.runwaysdk.system.MetadataParameter', '2011-10-13 17:37:05', 'com.runwaysdk.system.metadata.AndFieldConditionController.viewPage.pageNumber', '0000000000000000000000000000001000000000000000000000000000000003', 'r3hwulk97khkqzw34wawdps2n2upyvwv20070427JS0000000000000000001524', '8l7zox3y2miohnky3hzrsezqeg0dxcbhNM200810110000000000000000000113', 'srkyxedww0rftvaap48cob158szacyt620070427JS0000000000000000001517');
INSERT INTO metadata_display_label ( default_locale, id, site_master, key_name) VALUES ('View All', 't20p8vdrwodqyozfe555dtjpdor6p9qmNM200904120000000000000000000030', 'runwaysdk.com', 't20p8vdrwodqyozfe555dtjpdor6p9qmNM200904120000000000000000000030');
INSERT INTO metadata_display_label ( default_locale, id, site_master, key_name) VALUES ('Loads a ViewAll query with the default settings', '6p8wxs6og810ai0gonj7a5xal16t6nz8NM200904120000000000000000000030', 'runwaysdk.com', '6p8wxs6og810ai0gonj7a5xal16t6nz8NM200904120000000000000000000030');
INSERT INTO md_action ( is_query, enclosing_md_controller, is_post, action_name, display_label, id) VALUES (0, 'syalogd6glxdxewk8llc0m1aphg9plhiNM200810110000000000000000000112', 0, 'viewAll', 't20p8vdrwodqyozfe555dtjpdor6p9qmNM200904120000000000000000000030', '0pbbdird7gh80iawm3fh0j7fz91wc22pNM200810110000000000000000000113');
INSERT INTO metadata ( description, created_by, owner, id, create_date, seq, type, remove, site_master, locked_by, entity_domain, last_updated_by, last_update_date, key_name) VALUES ('6p8wxs6og810ai0gonj7a5xal16t6nz8NM200904120000000000000000000030', '0000000000000000000000000000001000000000000000000000000000000003', '0000000000000000000000000000001000000000000000000000000000000003', '0pbbdird7gh80iawm3fh0j7fz91wc22pNM200810110000000000000000000113', '2011-10-13 17:37:05', 3446, 'com.runwaysdk.system.metadata.MdAction', 1, 'runwaysdk.com', NULL, NULL, '0000000000000000000000000000001000000000000000000000000000000003', '2011-10-13 17:37:05', 'com.runwaysdk.system.metadata.AndFieldConditionController.viewAll');
INSERT INTO controller_action ( key_name, locked_by, id, owner, entity_domain, created_by, type, last_update_date, create_date, seq, last_updated_by, site_master, parent_id, child_id) VALUES ('com.runwaysdk.system.metadata.AndFieldConditionController.viewAll', NULL, 'xt3e5j3kh16pbmnxx752us1g8cnr6l83JS200807230000000000000000111111', '0000000000000000000000000000001000000000000000000000000000000003', NULL, '0000000000000000000000000000001000000000000000000000000000000003', 'com.runwaysdk.system.ControllerAction', '2011-10-13 17:37:05', '2011-10-13 17:37:05', 3447, '0000000000000000000000000000001000000000000000000000000000000003', 'runwaysdk.com', 'syalogd6glxdxewk8llc0m1aphg9plhiNM200810110000000000000000000112', '0pbbdird7gh80iawm3fh0j7fz91wc22pNM200810110000000000000000000113');
INSERT INTO metadata_display_label ( default_locale, id, site_master, key_name) VALUES ('View', '0mong6gbd5i5ctdbimje01zd1hkpgl2mNM200904120000000000000000000030', 'runwaysdk.com', '0mong6gbd5i5ctdbimje01zd1hkpgl2mNM200904120000000000000000000030');
INSERT INTO metadata_display_label ( default_locale, id, site_master, key_name) VALUES ('View an existing instance of com.runwaysdk.system.metadata.AndFieldCondition', '0d00aas5pmigtij3y3hewckhf081t65sNM200904120000000000000000000030', 'runwaysdk.com', '0d00aas5pmigtij3y3hewckhf081t65sNM200904120000000000000000000030');
INSERT INTO md_action ( is_query, enclosing_md_controller, is_post, action_name, display_label, id) VALUES (0, 'syalogd6glxdxewk8llc0m1aphg9plhiNM200810110000000000000000000112', 0, 'view', '0mong6gbd5i5ctdbimje01zd1hkpgl2mNM200904120000000000000000000030', '8ypunx720b7lqnj9a1ndd19ehxmvqss7NM200810110000000000000000000113');
INSERT INTO metadata ( description, created_by, owner, id, create_date, seq, type, remove, site_master, locked_by, entity_domain, last_updated_by, last_update_date, key_name) VALUES ('0d00aas5pmigtij3y3hewckhf081t65sNM200904120000000000000000000030', '0000000000000000000000000000001000000000000000000000000000000003', '0000000000000000000000000000001000000000000000000000000000000003', '8ypunx720b7lqnj9a1ndd19ehxmvqss7NM200810110000000000000000000113', '2011-10-13 17:37:05', 3448, 'com.runwaysdk.system.metadata.MdAction', 1, 'runwaysdk.com', NULL, NULL, '0000000000000000000000000000001000000000000000000000000000000003', '2011-10-13 17:37:05', 'com.runwaysdk.system.metadata.AndFieldConditionController.view');
INSERT INTO controller_action ( key_name, locked_by, id, owner, entity_domain, created_by, type, last_update_date, create_date, seq, last_updated_by, site_master, parent_id, child_id) VALUES ('com.runwaysdk.system.metadata.AndFieldConditionController.view', NULL, '00ig3hkoyxu26cbptjkuqlj16c3nl7csJS200807230000000000000000111111', '0000000000000000000000000000001000000000000000000000000000000003', NULL, '0000000000000000000000000000001000000000000000000000000000000003', 'com.runwaysdk.system.ControllerAction', '2011-10-13 17:37:05', '2011-10-13 17:37:05', 3449, '0000000000000000000000000000001000000000000000000000000000000003', 'runwaysdk.com', 'syalogd6glxdxewk8llc0m1aphg9plhiNM200810110000000000000000000112', '8ypunx720b7lqnj9a1ndd19ehxmvqss7NM200810110000000000000000000113');
INSERT INTO metadata_display_label ( default_locale, id, site_master, key_name) VALUES ('Parameter: com.runwaysdk.system.metadata.AndFieldCondition - id', '0hlkfgfs12odhq1yxclh0xlm2bd3quwcNM200904120000000000000000000030', 'runwaysdk.com', '0hlkfgfs12odhq1yxclh0xlm2bd3quwcNM200904120000000000000000000030');
INSERT INTO metadata_display_label ( default_locale, id, site_master, key_name) VALUES ('Id of com.runwaysdk.system.metadata.AndFieldCondition to view.', 'qqlfo6oz8rkr06mk2ksb6l74t79j0oweNM200904120000000000000000000030', 'runwaysdk.com', 'qqlfo6oz8rkr06mk2ksb6l74t79j0oweNM200904120000000000000000000030');
INSERT INTO md_parameter ( metadata, parameter_order, parameter_name, parameter_type, display_label, id) VALUES ('8ypunx720b7lqnj9a1ndd19ehxmvqss7NM200810110000000000000000000113', 0, 'id', 'java.lang.String', '0hlkfgfs12odhq1yxclh0xlm2bd3quwcNM200904120000000000000000000030', '8hv3opzkp2p2qawdbz5vammpnulslzs620070427JS0000000000000000001517');
INSERT INTO metadata ( description, created_by, owner, id, create_date, seq, type, remove, site_master, locked_by, entity_domain, last_updated_by, last_update_date, key_name) VALUES ('qqlfo6oz8rkr06mk2ksb6l74t79j0oweNM200904120000000000000000000030', '0000000000000000000000000000001000000000000000000000000000000003', '0000000000000000000000000000001000000000000000000000000000000003', '8hv3opzkp2p2qawdbz5vammpnulslzs620070427JS0000000000000000001517', '2011-10-13 17:37:05', 3450, 'com.runwaysdk.system.metadata.MdParameter', 1, 'runwaysdk.com', NULL, NULL, '0000000000000000000000000000001000000000000000000000000000000003', '2011-10-13 17:37:05', 'com.runwaysdk.system.metadata.AndFieldConditionController.view.id');
INSERT INTO metadata_parameter ( site_master, last_updated_by, create_date, seq, locked_by, entity_domain, created_by, type, last_update_date, key_name, owner, id, parent_id, child_id) VALUES ('runwaysdk.com', '0000000000000000000000000000001000000000000000000000000000000003', '2011-10-13 17:37:05', 3451, NULL, NULL, '0000000000000000000000000000001000000000000000000000000000000003', 'com.runwaysdk.system.MetadataParameter', '2011-10-13 17:37:05', 'com.runwaysdk.system.metadata.AndFieldConditionController.view.id', '0000000000000000000000000000001000000000000000000000000000000003', 'qsoaeotbkfrrsd0x6wwy66oig2t24maa20070427JS0000000000000000001524', '8ypunx720b7lqnj9a1ndd19ehxmvqss7NM200810110000000000000000000113', '8hv3opzkp2p2qawdbz5vammpnulslzs620070427JS0000000000000000001517');
INSERT INTO metadata_display_label ( default_locale, id, site_master, key_name) VALUES ('New Instance', '2hhdelopgdrwvat50d7f9bsncp41tr2mNM200904120000000000000000000030', 'runwaysdk.com', '2hhdelopgdrwvat50d7f9bsncp41tr2mNM200904120000000000000000000030');
INSERT INTO metadata_display_label ( default_locale, id, site_master, key_name) VALUES ('Loads a new instance of com.runwaysdk.system.metadata.AndFieldCondition into the request object', '2e8r306jsgxito8frkfrgkc2fsulw003NM200904120000000000000000000030', 'runwaysdk.com', '2e8r306jsgxito8frkfrgkc2fsulw003NM200904120000000000000000000030');
INSERT INTO md_action ( is_query, enclosing_md_controller, is_post, action_name, display_label, id) VALUES (0, 'syalogd6glxdxewk8llc0m1aphg9plhiNM200810110000000000000000000112', 0, 'newInstance', '2hhdelopgdrwvat50d7f9bsncp41tr2mNM200904120000000000000000000030', '7a7089oediudfsvq6xjckjdk6llqfgvrNM200810110000000000000000000113');
INSERT INTO metadata ( description, created_by, owner, id, create_date, seq, type, remove, site_master, locked_by, entity_domain, last_updated_by, last_update_date, key_name) VALUES ('2e8r306jsgxito8frkfrgkc2fsulw003NM200904120000000000000000000030', '0000000000000000000000000000001000000000000000000000000000000003', '0000000000000000000000000000001000000000000000000000000000000003', '7a7089oediudfsvq6xjckjdk6llqfgvrNM200810110000000000000000000113', '2011-10-13 17:37:05', 3452, 'com.runwaysdk.system.metadata.MdAction', 1, 'runwaysdk.com', NULL, NULL, '0000000000000000000000000000001000000000000000000000000000000003', '2011-10-13 17:37:05', 'com.runwaysdk.system.metadata.AndFieldConditionController.newInstance');
INSERT INTO controller_action ( key_name, locked_by, id, owner, entity_domain, created_by, type, last_update_date, create_date, seq, last_updated_by, site_master, parent_id, child_id) VALUES ('com.runwaysdk.system.metadata.AndFieldConditionController.newInstance', NULL, '26rgjuuig3i1l6eubnn1f13aoml8kw2pJS200807230000000000000000111111', '0000000000000000000000000000001000000000000000000000000000000003', NULL, '0000000000000000000000000000001000000000000000000000000000000003', 'com.runwaysdk.system.ControllerAction', '2011-10-13 17:37:05', '2011-10-13 17:37:05', 3453, '0000000000000000000000000000001000000000000000000000000000000003', 'runwaysdk.com', 'syalogd6glxdxewk8llc0m1aphg9plhiNM200810110000000000000000000112', '7a7089oediudfsvq6xjckjdk6llqfgvrNM200810110000000000000000000113');
INSERT INTO metadata_display_label ( default_locale, id, site_master, key_name) VALUES ('Create', '0filywt3js5i2fojcwxbb5byo4cpmczlNM200904120000000000000000000030', 'runwaysdk.com', '0filywt3js5i2fojcwxbb5byo4cpmczlNM200904120000000000000000000030');
INSERT INTO metadata_display_label ( default_locale, id, site_master, key_name) VALUES ('Applys a new instance of com.runwaysdk.system.metadata.AndFieldCondition', '1uo7i4hng0p3mw5oe1fgkdnlefum9htoNM200904120000000000000000000030', 'runwaysdk.com', '1uo7i4hng0p3mw5oe1fgkdnlefum9htoNM200904120000000000000000000030');
INSERT INTO md_action ( is_query, enclosing_md_controller, is_post, action_name, display_label, id) VALUES (0, 'syalogd6glxdxewk8llc0m1aphg9plhiNM200810110000000000000000000112', 1, 'create', '0filywt3js5i2fojcwxbb5byo4cpmczlNM200904120000000000000000000030', '099aovt63ustd5zo0rdk3xbh8m4dommbNM200810110000000000000000000113');
INSERT INTO metadata ( description, created_by, owner, id, create_date, seq, type, remove, site_master, locked_by, entity_domain, last_updated_by, last_update_date, key_name) VALUES ('1uo7i4hng0p3mw5oe1fgkdnlefum9htoNM200904120000000000000000000030', '0000000000000000000000000000001000000000000000000000000000000003', '0000000000000000000000000000001000000000000000000000000000000003', '099aovt63ustd5zo0rdk3xbh8m4dommbNM200810110000000000000000000113', '2011-10-13 17:37:05', 3454, 'com.runwaysdk.system.metadata.MdAction', 1, 'runwaysdk.com', NULL, NULL, '0000000000000000000000000000001000000000000000000000000000000003', '2011-10-13 17:37:05', 'com.runwaysdk.system.metadata.AndFieldConditionController.create');
INSERT INTO controller_action ( key_name, locked_by, id, owner, entity_domain, created_by, type, last_update_date, create_date, seq, last_updated_by, site_master, parent_id, child_id) VALUES ('com.runwaysdk.system.metadata.AndFieldConditionController.create', NULL, 'qy7lqd8cw3rk5t0ur2rxql7ejk23xz51JS200807230000000000000000111111', '0000000000000000000000000000001000000000000000000000000000000003', NULL, '0000000000000000000000000000001000000000000000000000000000000003', 'com.runwaysdk.system.ControllerAction', '2011-10-13 17:37:05', '2011-10-13 17:37:05', 3455, '0000000000000000000000000000001000000000000000000000000000000003', 'runwaysdk.com', 'syalogd6glxdxewk8llc0m1aphg9plhiNM200810110000000000000000000112', '099aovt63ustd5zo0rdk3xbh8m4dommbNM200810110000000000000000000113');
INSERT INTO metadata_display_label ( default_locale, id, site_master, key_name) VALUES ('Parameter: com.runwaysdk.system.metadata.AndFieldCondition', '1wi1qqm3kchwxpymhng8kmfzrmocfzpaNM200904120000000000000000000030', 'runwaysdk.com', '1wi1qqm3kchwxpymhng8kmfzrmocfzpaNM200904120000000000000000000030');
INSERT INTO metadata_display_label ( default_locale, id, site_master, key_name) VALUES ('com.runwaysdk.system.metadata.AndFieldCondition to apply to the database', '8fgxw6a0qustcatzmbncyu4t9ppqwezmNM200904120000000000000000000030', 'runwaysdk.com', '8fgxw6a0qustcatzmbncyu4t9ppqwezmNM200904120000000000000000000030');
INSERT INTO md_parameter ( metadata, parameter_order, parameter_name, parameter_type, display_label, id) VALUES ('099aovt63ustd5zo0rdk3xbh8m4dommbNM200810110000000000000000000113', 0, 'dto', 'com.runwaysdk.system.metadata.AndFieldCondition', '1wi1qqm3kchwxpymhng8kmfzrmocfzpaNM200904120000000000000000000030', 'r2tcne8ofpetetk4wtkz51bjn79tw1mr20070427JS0000000000000000001517');
INSERT INTO metadata ( description, created_by, owner, id, create_date, seq, type, remove, site_master, locked_by, entity_domain, last_updated_by, last_update_date, key_name) VALUES ('8fgxw6a0qustcatzmbncyu4t9ppqwezmNM200904120000000000000000000030', '0000000000000000000000000000001000000000000000000000000000000003', '0000000000000000000000000000001000000000000000000000000000000003', 'r2tcne8ofpetetk4wtkz51bjn79tw1mr20070427JS0000000000000000001517', '2011-10-13 17:37:05', 3456, 'com.runwaysdk.system.metadata.MdParameter', 1, 'runwaysdk.com', NULL, NULL, '0000000000000000000000000000001000000000000000000000000000000003', '2011-10-13 17:37:05', 'com.runwaysdk.system.metadata.AndFieldConditionController.create.dto');
INSERT INTO metadata_parameter ( site_master, last_updated_by, create_date, seq, locked_by, entity_domain, created_by, type, last_update_date, key_name, owner, id, parent_id, child_id) VALUES ('runwaysdk.com', '0000000000000000000000000000001000000000000000000000000000000003', '2011-10-13 17:37:05', 3457, NULL, NULL, '0000000000000000000000000000001000000000000000000000000000000003', 'com.runwaysdk.system.MetadataParameter', '2011-10-13 17:37:05', 'com.runwaysdk.system.metadata.AndFieldConditionController.create.dto', '0000000000000000000000000000001000000000000000000000000000000003', '25y0v0m6j5bw75agomm3v1tnokbyyauf20070427JS0000000000000000001524', '099aovt63ustd5zo0rdk3xbh8m4dommbNM200810110000000000000000000113', 'r2tcne8ofpetetk4wtkz51bjn79tw1mr20070427JS0000000000000000001517');
INSERT INTO metadata_display_label ( default_locale, id, site_master, key_name) VALUES ('edit', '0lujycdid633m60cmtxcctpfwtt1w06mNM200904120000000000000000000030', 'runwaysdk.com', '0lujycdid633m60cmtxcctpfwtt1w06mNM200904120000000000000000000030');
INSERT INTO metadata_display_label ( default_locale, id, site_master, key_name) VALUES ('Applys an existing instance of com.runwaysdk.system.metadata.AndFieldCondition', 'zkh8cufm79ogak0xl09pjwtxp7geaab8NM200904120000000000000000000030', 'runwaysdk.com', 'zkh8cufm79ogak0xl09pjwtxp7geaab8NM200904120000000000000000000030');
INSERT INTO md_action ( is_query, enclosing_md_controller, is_post, action_name, display_label, id) VALUES (0, 'syalogd6glxdxewk8llc0m1aphg9plhiNM200810110000000000000000000112', 0, 'edit', '0lujycdid633m60cmtxcctpfwtt1w06mNM200904120000000000000000000030', 'r3ljt5oteyw9jut3yfjwct08g58ane2aNM200810110000000000000000000113');
INSERT INTO metadata ( description, created_by, owner, id, create_date, seq, type, remove, site_master, locked_by, entity_domain, last_updated_by, last_update_date, key_name) VALUES ('zkh8cufm79ogak0xl09pjwtxp7geaab8NM200904120000000000000000000030', '0000000000000000000000000000001000000000000000000000000000000003', '0000000000000000000000000000001000000000000000000000000000000003', 'r3ljt5oteyw9jut3yfjwct08g58ane2aNM200810110000000000000000000113', '2011-10-13 17:37:05', 3458, 'com.runwaysdk.system.metadata.MdAction', 1, 'runwaysdk.com', NULL, NULL, '0000000000000000000000000000001000000000000000000000000000000003', '2011-10-13 17:37:05', 'com.runwaysdk.system.metadata.AndFieldConditionController.edit');
INSERT INTO controller_action ( key_name, locked_by, id, owner, entity_domain, created_by, type, last_update_date, create_date, seq, last_updated_by, site_master, parent_id, child_id) VALUES ('com.runwaysdk.system.metadata.AndFieldConditionController.edit', NULL, '1o5sjwuwt4ksv9s8ail96bsy9c4muhokJS200807230000000000000000111111', '0000000000000000000000000000001000000000000000000000000000000003', NULL, '0000000000000000000000000000001000000000000000000000000000000003', 'com.runwaysdk.system.ControllerAction', '2011-10-13 17:37:05', '2011-10-13 17:37:05', 3459, '0000000000000000000000000000001000000000000000000000000000000003', 'runwaysdk.com', 'syalogd6glxdxewk8llc0m1aphg9plhiNM200810110000000000000000000112', 'r3ljt5oteyw9jut3yfjwct08g58ane2aNM200810110000000000000000000113');
INSERT INTO metadata_display_label ( default_locale, id, site_master, key_name) VALUES ('Parameter: com.runwaysdk.system.metadata.AndFieldCondition', 'sj1t7gjq2e1sycp7uez3adyx6wlaltnuNM200904120000000000000000000030', 'runwaysdk.com', 'sj1t7gjq2e1sycp7uez3adyx6wlaltnuNM200904120000000000000000000030');
INSERT INTO metadata_display_label ( default_locale, id, site_master, key_name) VALUES ('com.runwaysdk.system.metadata.AndFieldCondition to apply to the database', 'szf1vhiytqwimceb6viko9buonv7cd3sNM200904120000000000000000000030', 'runwaysdk.com', 'szf1vhiytqwimceb6viko9buonv7cd3sNM200904120000000000000000000030');
INSERT INTO md_parameter ( metadata, parameter_order, parameter_name, parameter_type, display_label, id) VALUES ('r3ljt5oteyw9jut3yfjwct08g58ane2aNM200810110000000000000000000113', 0, 'id', 'java.lang.String', 'sj1t7gjq2e1sycp7uez3adyx6wlaltnuNM200904120000000000000000000030', '73ou2iuy4fziu67l72uvdt3jne9z4sfy20070427JS0000000000000000001517');
INSERT INTO metadata ( description, created_by, owner, id, create_date, seq, type, remove, site_master, locked_by, entity_domain, last_updated_by, last_update_date, key_name) VALUES ('szf1vhiytqwimceb6viko9buonv7cd3sNM200904120000000000000000000030', '0000000000000000000000000000001000000000000000000000000000000003', '0000000000000000000000000000001000000000000000000000000000000003', '73ou2iuy4fziu67l72uvdt3jne9z4sfy20070427JS0000000000000000001517', '2011-10-13 17:37:05', 3460, 'com.runwaysdk.system.metadata.MdParameter', 1, 'runwaysdk.com', NULL, NULL, '0000000000000000000000000000001000000000000000000000000000000003', '2011-10-13 17:37:05', 'com.runwaysdk.system.metadata.AndFieldConditionController.edit.id');
INSERT INTO metadata_parameter ( site_master, last_updated_by, create_date, seq, locked_by, entity_domain, created_by, type, last_update_date, key_name, owner, id, parent_id, child_id) VALUES ('runwaysdk.com', '0000000000000000000000000000001000000000000000000000000000000003', '2011-10-13 17:37:05', 3461, NULL, NULL, '0000000000000000000000000000001000000000000000000000000000000003', 'com.runwaysdk.system.MetadataParameter', '2011-10-13 17:37:05', 'com.runwaysdk.system.metadata.AndFieldConditionController.edit.id', '0000000000000000000000000000001000000000000000000000000000000003', 'zlxet9dkc2ujm6os0fkqy6cl961o95bg20070427JS0000000000000000001524', 'r3ljt5oteyw9jut3yfjwct08g58ane2aNM200810110000000000000000000113', '73ou2iuy4fziu67l72uvdt3jne9z4sfy20070427JS0000000000000000001517');
INSERT INTO metadata_display_label ( default_locale, id, site_master, key_name) VALUES ('update', '8stiqe8zm4ho9u9zxk4a6r0eipi7snc7NM200904120000000000000000000030', 'runwaysdk.com', '8stiqe8zm4ho9u9zxk4a6r0eipi7snc7NM200904120000000000000000000030');
INSERT INTO metadata_display_label ( default_locale, id, site_master, key_name) VALUES ('Applys an existing instance of com.runwaysdk.system.metadata.AndFieldCondition', 'skjkb3asict8vnn70szgvo1l9tuwujeyNM200904120000000000000000000030', 'runwaysdk.com', 'skjkb3asict8vnn70szgvo1l9tuwujeyNM200904120000000000000000000030');
INSERT INTO md_action ( is_query, enclosing_md_controller, is_post, action_name, display_label, id) VALUES (0, 'syalogd6glxdxewk8llc0m1aphg9plhiNM200810110000000000000000000112', 1, 'update', '8stiqe8zm4ho9u9zxk4a6r0eipi7snc7NM200904120000000000000000000030', 'spkeukq2iewzcikp06i3a2vhx9s5z9k4NM200810110000000000000000000113');
INSERT INTO metadata ( description, created_by, owner, id, create_date, seq, type, remove, site_master, locked_by, entity_domain, last_updated_by, last_update_date, key_name) VALUES ('skjkb3asict8vnn70szgvo1l9tuwujeyNM200904120000000000000000000030', '0000000000000000000000000000001000000000000000000000000000000003', '0000000000000000000000000000001000000000000000000000000000000003', 'spkeukq2iewzcikp06i3a2vhx9s5z9k4NM200810110000000000000000000113', '2011-10-13 17:37:05', 3462, 'com.runwaysdk.system.metadata.MdAction', 1, 'runwaysdk.com', NULL, NULL, '0000000000000000000000000000001000000000000000000000000000000003', '2011-10-13 17:37:05', 'com.runwaysdk.system.metadata.AndFieldConditionController.update');
INSERT INTO controller_action ( key_name, locked_by, id, owner, entity_domain, created_by, type, last_update_date, create_date, seq, last_updated_by, site_master, parent_id, child_id) VALUES ('com.runwaysdk.system.metadata.AndFieldConditionController.update', NULL, '8g48nloet07k9ybponrtt36n7s3jtlivJS200807230000000000000000111111', '0000000000000000000000000000001000000000000000000000000000000003', NULL, '0000000000000000000000000000001000000000000000000000000000000003', 'com.runwaysdk.system.ControllerAction', '2011-10-13 17:37:05', '2011-10-13 17:37:05', 3463, '0000000000000000000000000000001000000000000000000000000000000003', 'runwaysdk.com', 'syalogd6glxdxewk8llc0m1aphg9plhiNM200810110000000000000000000112', 'spkeukq2iewzcikp06i3a2vhx9s5z9k4NM200810110000000000000000000113');
INSERT INTO metadata_display_label ( default_locale, id, site_master, key_name) VALUES ('Parameter: com.runwaysdk.system.metadata.AndFieldCondition - dto', 'rdxnor5vt8wjdf46385229gldqcdqstiNM200904120000000000000000000030', 'runwaysdk.com', 'rdxnor5vt8wjdf46385229gldqcdqstiNM200904120000000000000000000030');
INSERT INTO metadata_display_label ( default_locale, id, site_master, key_name) VALUES ('com.runwaysdk.system.metadata.AndFieldCondition to apply to the database', '6zzy3l6sxvkpj8f6bjv6y3fjxe389x5iNM200904120000000000000000000030', 'runwaysdk.com', '6zzy3l6sxvkpj8f6bjv6y3fjxe389x5iNM200904120000000000000000000030');
INSERT INTO md_parameter ( metadata, parameter_order, parameter_name, parameter_type, display_label, id) VALUES ('spkeukq2iewzcikp06i3a2vhx9s5z9k4NM200810110000000000000000000113', 0, 'dto', 'com.runwaysdk.system.metadata.AndFieldCondition', 'rdxnor5vt8wjdf46385229gldqcdqstiNM200904120000000000000000000030', 'sgitmtlibmtsqkawh2q0l5uteca9twov20070427JS0000000000000000001517');
INSERT INTO metadata ( description, created_by, owner, id, create_date, seq, type, remove, site_master, locked_by, entity_domain, last_updated_by, last_update_date, key_name) VALUES ('6zzy3l6sxvkpj8f6bjv6y3fjxe389x5iNM200904120000000000000000000030', '0000000000000000000000000000001000000000000000000000000000000003', '0000000000000000000000000000001000000000000000000000000000000003', 'sgitmtlibmtsqkawh2q0l5uteca9twov20070427JS0000000000000000001517', '2011-10-13 17:37:05', 3464, 'com.runwaysdk.system.metadata.MdParameter', 1, 'runwaysdk.com', NULL, NULL, '0000000000000000000000000000001000000000000000000000000000000003', '2011-10-13 17:37:05', 'com.runwaysdk.system.metadata.AndFieldConditionController.update.dto');
INSERT INTO metadata_parameter ( site_master, last_updated_by, create_date, seq, locked_by, entity_domain, created_by, type, last_update_date, key_name, owner, id, parent_id, child_id) VALUES ('runwaysdk.com', '0000000000000000000000000000001000000000000000000000000000000003', '2011-10-13 17:37:05', 3465, NULL, NULL, '0000000000000000000000000000001000000000000000000000000000000003', 'com.runwaysdk.system.MetadataParameter', '2011-10-13 17:37:05', 'com.runwaysdk.system.metadata.AndFieldConditionController.update.dto', '0000000000000000000000000000001000000000000000000000000000000003', '72ddwx56apvlgivhxonb1q2i759d12n220070427JS0000000000000000001524', 'spkeukq2iewzcikp06i3a2vhx9s5z9k4NM200810110000000000000000000113', 'sgitmtlibmtsqkawh2q0l5uteca9twov20070427JS0000000000000000001517');
INSERT INTO metadata_display_label ( default_locale, id, site_master, key_name) VALUES ('cancel', 'qox1l0ist2fmd5mw1zrxiju5e27qmxkbNM200904120000000000000000000030', 'runwaysdk.com', 'qox1l0ist2fmd5mw1zrxiju5e27qmxkbNM200904120000000000000000000030');
INSERT INTO metadata_display_label ( default_locale, id, site_master, key_name) VALUES ('Unlocks an instance com.runwaysdk.system.metadata.AndFieldCondition', '6zp20jffk5m80f8hkjqarr6hvfugxk8vNM200904120000000000000000000030', 'runwaysdk.com', '6zp20jffk5m80f8hkjqarr6hvfugxk8vNM200904120000000000000000000030');
INSERT INTO md_action ( is_query, enclosing_md_controller, is_post, action_name, display_label, id) VALUES (0, 'syalogd6glxdxewk8llc0m1aphg9plhiNM200810110000000000000000000112', 1, 'cancel', 'qox1l0ist2fmd5mw1zrxiju5e27qmxkbNM200904120000000000000000000030', '8uh8vvj76yejgg59a9zkvet24o3nreowNM200810110000000000000000000113');
INSERT INTO metadata ( description, created_by, owner, id, create_date, seq, type, remove, site_master, locked_by, entity_domain, last_updated_by, last_update_date, key_name) VALUES ('6zp20jffk5m80f8hkjqarr6hvfugxk8vNM200904120000000000000000000030', '0000000000000000000000000000001000000000000000000000000000000003', '0000000000000000000000000000001000000000000000000000000000000003', '8uh8vvj76yejgg59a9zkvet24o3nreowNM200810110000000000000000000113', '2011-10-13 17:37:05', 3466, 'com.runwaysdk.system.metadata.MdAction', 1, 'runwaysdk.com', NULL, NULL, '0000000000000000000000000000001000000000000000000000000000000003', '2011-10-13 17:37:05', 'com.runwaysdk.system.metadata.AndFieldConditionController.cancel');
INSERT INTO controller_action ( key_name, locked_by, id, owner, entity_domain, created_by, type, last_update_date, create_date, seq, last_updated_by, site_master, parent_id, child_id) VALUES ('com.runwaysdk.system.metadata.AndFieldConditionController.cancel', NULL, '8m75m9om2sew5x2df918be0ku1ov5l3rJS200807230000000000000000111111', '0000000000000000000000000000001000000000000000000000000000000003', NULL, '0000000000000000000000000000001000000000000000000000000000000003', 'com.runwaysdk.system.ControllerAction', '2011-10-13 17:37:05', '2011-10-13 17:37:05', 3467, '0000000000000000000000000000001000000000000000000000000000000003', 'runwaysdk.com', 'syalogd6glxdxewk8llc0m1aphg9plhiNM200810110000000000000000000112', '8uh8vvj76yejgg59a9zkvet24o3nreowNM200810110000000000000000000113');
INSERT INTO metadata_display_label ( default_locale, id, site_master, key_name) VALUES ('Parameter: com.runwaysdk.system.metadata.AndFieldCondition - dto', '8ye82r93nl7feh5th66ltbj4wc40dowaNM200904120000000000000000000030', 'runwaysdk.com', '8ye82r93nl7feh5th66ltbj4wc40dowaNM200904120000000000000000000030');
INSERT INTO metadata_display_label ( default_locale, id, site_master, key_name) VALUES ('com.runwaysdk.system.metadata.AndFieldCondition to unlock', '8sqdh7zbndbyffwpym9rak4l4h9q7fb8NM200904120000000000000000000030', 'runwaysdk.com', '8sqdh7zbndbyffwpym9rak4l4h9q7fb8NM200904120000000000000000000030');
INSERT INTO md_parameter ( metadata, parameter_order, parameter_name, parameter_type, display_label, id) VALUES ('8uh8vvj76yejgg59a9zkvet24o3nreowNM200810110000000000000000000113', 0, 'dto', 'com.runwaysdk.system.metadata.AndFieldCondition', '8ye82r93nl7feh5th66ltbj4wc40dowaNM200904120000000000000000000030', 'xckqkhifc64jkz4ah7b2qrv9m0ugnsva20070427JS0000000000000000001517');
INSERT INTO metadata ( description, created_by, owner, id, create_date, seq, type, remove, site_master, locked_by, entity_domain, last_updated_by, last_update_date, key_name) VALUES ('8sqdh7zbndbyffwpym9rak4l4h9q7fb8NM200904120000000000000000000030', '0000000000000000000000000000001000000000000000000000000000000003', '0000000000000000000000000000001000000000000000000000000000000003', 'xckqkhifc64jkz4ah7b2qrv9m0ugnsva20070427JS0000000000000000001517', '2011-10-13 17:37:05', 3468, 'com.runwaysdk.system.metadata.MdParameter', 1, 'runwaysdk.com', NULL, NULL, '0000000000000000000000000000001000000000000000000000000000000003', '2011-10-13 17:37:05', 'com.runwaysdk.system.metadata.AndFieldConditionController.cancel.dto');
INSERT INTO metadata_parameter ( site_master, last_updated_by, create_date, seq, locked_by, entity_domain, created_by, type, last_update_date, key_name, owner, id, parent_id, child_id) VALUES ('runwaysdk.com', '0000000000000000000000000000001000000000000000000000000000000003', '2011-10-13 17:37:05', 3469, NULL, NULL, '0000000000000000000000000000001000000000000000000000000000000003', 'com.runwaysdk.system.MetadataParameter', '2011-10-13 17:37:05', 'com.runwaysdk.system.metadata.AndFieldConditionController.cancel.dto', '0000000000000000000000000000001000000000000000000000000000000003', '8o0m6aajxmhu4l7p4hfkbnsxx2yrg2k420070427JS0000000000000000001524', '8uh8vvj76yejgg59a9zkvet24o3nreowNM200810110000000000000000000113', 'xckqkhifc64jkz4ah7b2qrv9m0ugnsva20070427JS0000000000000000001517');
INSERT INTO metadata_display_label ( default_locale, id, site_master, key_name) VALUES ('delete', 'zorytx4wgpx85svtfe49m4f0ava1wy9rNM200904120000000000000000000030', 'runwaysdk.com', 'zorytx4wgpx85svtfe49m4f0ava1wy9rNM200904120000000000000000000030');
INSERT INTO metadata_display_label ( default_locale, id, site_master, key_name) VALUES ('Delete an instance of com.runwaysdk.system.metadata.AndFieldCondition', '6wue7ndw5lrqseblv078g3mj79hrjjsvNM200904120000000000000000000030', 'runwaysdk.com', '6wue7ndw5lrqseblv078g3mj79hrjjsvNM200904120000000000000000000030');
INSERT INTO md_action ( is_query, enclosing_md_controller, is_post, action_name, display_label, id) VALUES (0, 'syalogd6glxdxewk8llc0m1aphg9plhiNM200810110000000000000000000112', 1, 'delete', 'zorytx4wgpx85svtfe49m4f0ava1wy9rNM200904120000000000000000000030', 'zo4ea07c95qiqbjuh238mbtoubsl3n7kNM200810110000000000000000000113');
INSERT INTO metadata ( description, created_by, owner, id, create_date, seq, type, remove, site_master, locked_by, entity_domain, last_updated_by, last_update_date, key_name) VALUES ('6wue7ndw5lrqseblv078g3mj79hrjjsvNM200904120000000000000000000030', '0000000000000000000000000000001000000000000000000000000000000003', '0000000000000000000000000000001000000000000000000000000000000003', 'zo4ea07c95qiqbjuh238mbtoubsl3n7kNM200810110000000000000000000113', '2011-10-13 17:37:05', 3470, 'com.runwaysdk.system.metadata.MdAction', 1, 'runwaysdk.com', NULL, NULL, '0000000000000000000000000000001000000000000000000000000000000003', '2011-10-13 17:37:05', 'com.runwaysdk.system.metadata.AndFieldConditionController.delete');
INSERT INTO controller_action ( key_name, locked_by, id, owner, entity_domain, created_by, type, last_update_date, create_date, seq, last_updated_by, site_master, parent_id, child_id) VALUES ('com.runwaysdk.system.metadata.AndFieldConditionController.delete', NULL, '0clp1lby4dzewqq88qgsxezo6xgrnboeJS200807230000000000000000111111', '0000000000000000000000000000001000000000000000000000000000000003', NULL, '0000000000000000000000000000001000000000000000000000000000000003', 'com.runwaysdk.system.ControllerAction', '2011-10-13 17:37:05', '2011-10-13 17:37:05', 3471, '0000000000000000000000000000001000000000000000000000000000000003', 'runwaysdk.com', 'syalogd6glxdxewk8llc0m1aphg9plhiNM200810110000000000000000000112', 'zo4ea07c95qiqbjuh238mbtoubsl3n7kNM200810110000000000000000000113');
INSERT INTO metadata_display_label ( default_locale, id, site_master, key_name) VALUES ('Parameter: com.runwaysdk.system.metadata.AndFieldCondition - dto', '2hgzs9f3t861d0y0jtgxyuppeugan6z4NM200904120000000000000000000030', 'runwaysdk.com', '2hgzs9f3t861d0y0jtgxyuppeugan6z4NM200904120000000000000000000030');
INSERT INTO metadata_display_label ( default_locale, id, site_master, key_name) VALUES ('com.runwaysdk.system.metadata.AndFieldCondition to delete', '6s1z9qtjw80pi8gw1a9tw9dkaxtkbb3xNM200904120000000000000000000030', 'runwaysdk.com', '6s1z9qtjw80pi8gw1a9tw9dkaxtkbb3xNM200904120000000000000000000030');
INSERT INTO md_parameter ( metadata, parameter_order, parameter_name, parameter_type, display_label, id) VALUES ('zo4ea07c95qiqbjuh238mbtoubsl3n7kNM200810110000000000000000000113', 0, 'dto', 'com.runwaysdk.system.metadata.AndFieldCondition', '2hgzs9f3t861d0y0jtgxyuppeugan6z4NM200904120000000000000000000030', 'rdgwtpwcb81y4ht0pt1raynup32g8su320070427JS0000000000000000001517');
INSERT INTO metadata ( description, created_by, owner, id, create_date, seq, type, remove, site_master, locked_by, entity_domain, last_updated_by, last_update_date, key_name) VALUES ('6s1z9qtjw80pi8gw1a9tw9dkaxtkbb3xNM200904120000000000000000000030', '0000000000000000000000000000001000000000000000000000000000000003', '0000000000000000000000000000001000000000000000000000000000000003', 'rdgwtpwcb81y4ht0pt1raynup32g8su320070427JS0000000000000000001517', '2011-10-13 17:37:05', 3472, 'com.runwaysdk.system.metadata.MdParameter', 1, 'runwaysdk.com', NULL, NULL, '0000000000000000000000000000001000000000000000000000000000000003', '2011-10-13 17:37:05', 'com.runwaysdk.system.metadata.AndFieldConditionController.delete.dto');
INSERT INTO metadata_parameter ( site_master, last_updated_by, create_date, seq, locked_by, entity_domain, created_by, type, last_update_date, key_name, owner, id, parent_id, child_id) VALUES ('runwaysdk.com', '0000000000000000000000000000001000000000000000000000000000000003', '2011-10-13 17:37:05', 3473, NULL, NULL, '0000000000000000000000000000001000000000000000000000000000000003', 'com.runwaysdk.system.MetadataParameter', '2011-10-13 17:37:05', 'com.runwaysdk.system.metadata.AndFieldConditionController.delete.dto', '0000000000000000000000000000001000000000000000000000000000000003', 'sq3u3gvgx5yq95oe2mjz6pw1tgmi8d8h20070427JS0000000000000000001524', 'zo4ea07c95qiqbjuh238mbtoubsl3n7kNM200810110000000000000000000113', 'rdgwtpwcb81y4ht0pt1raynup32g8su320070427JS0000000000000000001517');
INSERT INTO business_inheritance ( id, parent_id, child_id) VALUES ('xjxwhe8gs3p1n3npw4r0utwu26clbte320070926NM0000000000000000000004', 'saigf4a2wts52t7fqu0tapwfuawuu94100000000000000000000000000000001', 'xz38ui24k0xnlofuv58kpbf87mom9ovz00000000000000000000000000000001');
INSERT INTO class_inheritance ( id, parent_id, child_id) VALUES ('xjxwhe8gs3p1n3npw4r0utwu26clbte320070926NM0000000000000000000004', 'saigf4a2wts52t7fqu0tapwfuawuu94100000000000000000000000000000001', 'xz38ui24k0xnlofuv58kpbf87mom9ovz00000000000000000000000000000001');
INSERT INTO metadata_relationship ( entity_domain, site_master, last_updated_by, id, owner, locked_by, create_date, type, created_by, seq, key_name, last_update_date, parent_id, child_id) VALUES (NULL, 'runwaysdk.com', '0000000000000000000000000000001000000000000000000000000000000003', 'xjxwhe8gs3p1n3npw4r0utwu26clbte320070926NM0000000000000000000004', '0000000000000000000000000000001000000000000000000000000000000003', NULL, '2011-10-13 17:37:05', 'com.runwaysdk.system.metadata.BusinessInheritance', '0000000000000000000000000000001000000000000000000000000000000003', 3474, 'xjxwhe8gs3p1n3npw4r0utwu26clbte320070926NM0000000000000000000004', '2011-10-13 17:37:05', 'saigf4a2wts52t7fqu0tapwfuawuu94100000000000000000000000000000001', 'xz38ui24k0xnlofuv58kpbf87mom9ovz00000000000000000000000000000001');
 INSERT INTO class_cache (set_id, item_id)  VALUES  ('smqzlrbx9lr94a5kk92nkkybmm6112li', '0000000000000000000000000000023100000000000000000000000000000222');
INSERT INTO metadata_display_label ( default_locale, id, site_master, key_name) VALUES ('Character condition', 'sv7ownelru5bg3sdetabeqy4sk4vioinNM200904120000000000000000000030', 'runwaysdk.com', 'sv7ownelru5bg3sdetabeqy4sk4vioinNM200904120000000000000000000030');
INSERT INTO metadata_display_label ( default_locale, id, site_master, key_name) VALUES ('A condition which check a field value again a simple string', 's9uw98kvfkxzl3dubz4zhkvjyaf2uptrNM200904120000000000000000000030', 'runwaysdk.com', 's9uw98kvfkxzl3dubz4zhkvjyaf2uptrNM200904120000000000000000000030');
INSERT INTO md_business ( cache_algorithm, cache_algorithm_c, super_md_business, id) VALUES ('smqzlrbx9lr94a5kk92nkkybmm6112li', '0000000000000000000000000000023100000000000000000000000000000222', '8cyzqex757pg9voulx8mlnxoyo8ypfal00000000000000000000000000000001', '8rprhvi6wvv8bwd4b6au4eudw29i60z400000000000000000000000000000001');
INSERT INTO md_element ( extendable, is_abstract, id) VALUES (1, 0, '8rprhvi6wvv8bwd4b6au4eudw29i60z400000000000000000000000000000001');
INSERT INTO md_entity ( query_dto_source, query_source, cache_size, enforce_site_master, table_name, id) VALUES (NULL, NULL, 0, 1, 'character_condition', '8rprhvi6wvv8bwd4b6au4eudw29i60z400000000000000000000000000000001');
INSERT INTO md_class ( publish, stub_dto_source, stub_source, id) VALUES (1, NULL, NULL, '8rprhvi6wvv8bwd4b6au4eudw29i60z400000000000000000000000000000001');
INSERT INTO md_type ( display_label, root_id, package_name, type_name, base_source, js_base, js_stub, exported, dto_source, id) VALUES ('sv7ownelru5bg3sdetabeqy4sk4vioinNM200904120000000000000000000030', '8rprhvi6wvv8bwd4b6au4eudw29i60z4', 'com.runwaysdk.system.metadata', 'CharacterCondition', NULL, NULL, NULL, 1, NULL, '8rprhvi6wvv8bwd4b6au4eudw29i60z400000000000000000000000000000001');
INSERT INTO metadata ( description, created_by, owner, id, create_date, seq, type, remove, site_master, locked_by, entity_domain, last_updated_by, last_update_date, key_name) VALUES ('s9uw98kvfkxzl3dubz4zhkvjyaf2uptrNM200904120000000000000000000030', '0000000000000000000000000000001000000000000000000000000000000003', '0000000000000000000000000000001000000000000000000000000000000003', '8rprhvi6wvv8bwd4b6au4eudw29i60z400000000000000000000000000000001', '2011-10-13 17:37:05', 3475, 'com.runwaysdk.system.metadata.MdBusiness', 1, 'runwaysdk.com', NULL, NULL, '0000000000000000000000000000001000000000000000000000000000000003', '2011-10-13 17:37:05', 'com.runwaysdk.system.metadata.CharacterCondition');
CREATE TABLE character_condition ( id CHAR(64) NOT NULL PRIMARY KEY );
INSERT INTO metadata_display_label ( default_locale, id, site_master, key_name) VALUES (NULL, 'zmc8fep0shvt9i92pcglp09d15l2hpf4NM200904120000000000000000000030', 'runwaysdk.com', 'zmc8fep0shvt9i92pcglp09d15l2hpf4NM200904120000000000000000000030');
INSERT INTO metadata_display_label ( default_locale, id, site_master, key_name) VALUES (NULL, 'r40aw8tv1j6feentjk3fjc40sq4tq5gkNM200904120000000000000000000030', 'runwaysdk.com', 'r40aw8tv1j6feentjk3fjc40sq4tq5gkNM200904120000000000000000000030');
INSERT INTO md_controller ( stub_source, id) VALUES (NULL, '2c8m6qtt4s4f2bk2lz190x4kjmx77scmNM200810110000000000000000000112');
INSERT INTO md_type ( display_label, root_id, package_name, type_name, base_source, js_base, js_stub, exported, dto_source, id) VALUES ('zmc8fep0shvt9i92pcglp09d15l2hpf4NM200904120000000000000000000030', '2c8m6qtt4s4f2bk2lz190x4kjmx77scm', 'com.runwaysdk.system.metadata', 'CharacterConditionController', NULL, NULL, NULL, 1, NULL, '2c8m6qtt4s4f2bk2lz190x4kjmx77scmNM200810110000000000000000000112');
INSERT INTO metadata ( description, created_by, owner, id, create_date, seq, type, remove, site_master, locked_by, entity_domain, last_updated_by, last_update_date, key_name) VALUES ('r40aw8tv1j6feentjk3fjc40sq4tq5gkNM200904120000000000000000000030', '0000000000000000000000000000001000000000000000000000000000000003', '0000000000000000000000000000001000000000000000000000000000000003', '2c8m6qtt4s4f2bk2lz190x4kjmx77scmNM200810110000000000000000000112', '2011-10-13 17:37:05', 3476, 'com.runwaysdk.system.metadata.MdController', 1, 'runwaysdk.com', NULL, NULL, '0000000000000000000000000000001000000000000000000000000000000003', '2011-10-13 17:37:05', 'com.runwaysdk.system.metadata.CharacterConditionController');
INSERT INTO metadata_display_label ( default_locale, id, site_master, key_name) VALUES ('View Page', '8kg0zws7zs68zh3330gw8gipwq16p7dhNM200904120000000000000000000030', 'runwaysdk.com', '8kg0zws7zs68zh3330gw8gipwq16p7dhNM200904120000000000000000000030');
INSERT INTO metadata_display_label ( default_locale, id, site_master, key_name) VALUES ('Loads a ViewAll query for a specific page into the request object', 'xj65f5ug6a10lmod397qqwg5o9j4ai4bNM200904120000000000000000000030', 'runwaysdk.com', 'xj65f5ug6a10lmod397qqwg5o9j4ai4bNM200904120000000000000000000030');
INSERT INTO md_action ( is_query, enclosing_md_controller, is_post, action_name, display_label, id) VALUES (1, '2c8m6qtt4s4f2bk2lz190x4kjmx77scmNM200810110000000000000000000112', 0, 'viewPage', '8kg0zws7zs68zh3330gw8gipwq16p7dhNM200904120000000000000000000030', 'sj427um6d382tklqy8rwou9chlhpwt1tNM200810110000000000000000000113');
INSERT INTO metadata ( description, created_by, owner, id, create_date, seq, type, remove, site_master, locked_by, entity_domain, last_updated_by, last_update_date, key_name) VALUES ('xj65f5ug6a10lmod397qqwg5o9j4ai4bNM200904120000000000000000000030', '0000000000000000000000000000001000000000000000000000000000000003', '0000000000000000000000000000001000000000000000000000000000000003', 'sj427um6d382tklqy8rwou9chlhpwt1tNM200810110000000000000000000113', '2011-10-13 17:37:05', 3477, 'com.runwaysdk.system.metadata.MdAction', 1, 'runwaysdk.com', NULL, NULL, '0000000000000000000000000000001000000000000000000000000000000003', '2011-10-13 17:37:05', 'com.runwaysdk.system.metadata.CharacterConditionController.viewPage');
INSERT INTO controller_action ( key_name, locked_by, id, owner, entity_domain, created_by, type, last_update_date, create_date, seq, last_updated_by, site_master, parent_id, child_id) VALUES ('com.runwaysdk.system.metadata.CharacterConditionController.viewPage', NULL, '03rfmvbr1s63weo3kar3fd45unoiou9bJS200807230000000000000000111111', '0000000000000000000000000000001000000000000000000000000000000003', NULL, '0000000000000000000000000000001000000000000000000000000000000003', 'com.runwaysdk.system.ControllerAction', '2011-10-13 17:37:05', '2011-10-13 17:37:05', 3478, '0000000000000000000000000000001000000000000000000000000000000003', 'runwaysdk.com', '2c8m6qtt4s4f2bk2lz190x4kjmx77scmNM200810110000000000000000000112', 'sj427um6d382tklqy8rwou9chlhpwt1tNM200810110000000000000000000113');
INSERT INTO metadata_display_label ( default_locale, id, site_master, key_name) VALUES ('Sort Attribute', 'rcvbarxh5xddpo38tyxasq40dotsuc05NM200904120000000000000000000030', 'runwaysdk.com', 'rcvbarxh5xddpo38tyxasq40dotsuc05NM200904120000000000000000000030');
INSERT INTO metadata_display_label ( default_locale, id, site_master, key_name) VALUES (NULL, 'qxws7jmydcz6h3ndju4x62wg17grgx0yNM200904120000000000000000000030', 'runwaysdk.com', 'qxws7jmydcz6h3ndju4x62wg17grgx0yNM200904120000000000000000000030');
INSERT INTO md_parameter ( metadata, parameter_order, parameter_name, parameter_type, display_label, id) VALUES ('sj427um6d382tklqy8rwou9chlhpwt1tNM200810110000000000000000000113', -4, 'sortAttribute', 'java.lang.String', 'rcvbarxh5xddpo38tyxasq40dotsuc05NM200904120000000000000000000030', 'ziijd9pm8bo3zcllrwfr16abni3kv71m20070427JS0000000000000000001517');
INSERT INTO metadata ( description, created_by, owner, id, create_date, seq, type, remove, site_master, locked_by, entity_domain, last_updated_by, last_update_date, key_name) VALUES ('qxws7jmydcz6h3ndju4x62wg17grgx0yNM200904120000000000000000000030', '0000000000000000000000000000001000000000000000000000000000000003', '0000000000000000000000000000001000000000000000000000000000000003', 'ziijd9pm8bo3zcllrwfr16abni3kv71m20070427JS0000000000000000001517', '2011-10-13 17:37:05', 3479, 'com.runwaysdk.system.metadata.MdParameter', 1, 'runwaysdk.com', NULL, NULL, '0000000000000000000000000000001000000000000000000000000000000003', '2011-10-13 17:37:05', 'com.runwaysdk.system.metadata.CharacterConditionController.viewPage.sortAttribute');
INSERT INTO metadata_parameter ( site_master, last_updated_by, create_date, seq, locked_by, entity_domain, created_by, type, last_update_date, key_name, owner, id, parent_id, child_id) VALUES ('runwaysdk.com', '0000000000000000000000000000001000000000000000000000000000000003', '2011-10-13 17:37:05', 3480, NULL, NULL, '0000000000000000000000000000001000000000000000000000000000000003', 'com.runwaysdk.system.MetadataParameter', '2011-10-13 17:37:05', 'com.runwaysdk.system.metadata.CharacterConditionController.viewPage.sortAttribute', '0000000000000000000000000000001000000000000000000000000000000003', 'r08x0xwspu8mwxvz4f5kzif6yw7zazbu20070427JS0000000000000000001524', 'sj427um6d382tklqy8rwou9chlhpwt1tNM200810110000000000000000000113', 'ziijd9pm8bo3zcllrwfr16abni3kv71m20070427JS0000000000000000001517');
INSERT INTO metadata_display_label ( default_locale, id, site_master, key_name) VALUES ('Is Ascending', '909ff0hxvg32zth6p7i346xalutuyidmNM200904120000000000000000000030', 'runwaysdk.com', '909ff0hxvg32zth6p7i346xalutuyidmNM200904120000000000000000000030');
INSERT INTO metadata_display_label ( default_locale, id, site_master, key_name) VALUES (NULL, '913dj3c2p1y0jh5v51psl58u9q8rp12vNM200904120000000000000000000030', 'runwaysdk.com', '913dj3c2p1y0jh5v51psl58u9q8rp12vNM200904120000000000000000000030');
INSERT INTO md_parameter ( metadata, parameter_order, parameter_name, parameter_type, display_label, id) VALUES ('sj427um6d382tklqy8rwou9chlhpwt1tNM200810110000000000000000000113', -3, 'isAscending', 'java.lang.Boolean', '909ff0hxvg32zth6p7i346xalutuyidmNM200904120000000000000000000030', '7d8t4o5uc634oxxgm6zmomrnhh8w3ffk20070427JS0000000000000000001517');
INSERT INTO metadata ( description, created_by, owner, id, create_date, seq, type, remove, site_master, locked_by, entity_domain, last_updated_by, last_update_date, key_name) VALUES ('913dj3c2p1y0jh5v51psl58u9q8rp12vNM200904120000000000000000000030', '0000000000000000000000000000001000000000000000000000000000000003', '0000000000000000000000000000001000000000000000000000000000000003', '7d8t4o5uc634oxxgm6zmomrnhh8w3ffk20070427JS0000000000000000001517', '2011-10-13 17:37:05', 3481, 'com.runwaysdk.system.metadata.MdParameter', 1, 'runwaysdk.com', NULL, NULL, '0000000000000000000000000000001000000000000000000000000000000003', '2011-10-13 17:37:05', 'com.runwaysdk.system.metadata.CharacterConditionController.viewPage.isAscending');
INSERT INTO metadata_parameter ( site_master, last_updated_by, create_date, seq, locked_by, entity_domain, created_by, type, last_update_date, key_name, owner, id, parent_id, child_id) VALUES ('runwaysdk.com', '0000000000000000000000000000001000000000000000000000000000000003', '2011-10-13 17:37:05', 3482, NULL, NULL, '0000000000000000000000000000001000000000000000000000000000000003', 'com.runwaysdk.system.MetadataParameter', '2011-10-13 17:37:05', 'com.runwaysdk.system.metadata.CharacterConditionController.viewPage.isAscending', '0000000000000000000000000000001000000000000000000000000000000003', 'swxfyml67d1jeca081ia3di4p53kb1r920070427JS0000000000000000001524', 'sj427um6d382tklqy8rwou9chlhpwt1tNM200810110000000000000000000113', '7d8t4o5uc634oxxgm6zmomrnhh8w3ffk20070427JS0000000000000000001517');
INSERT INTO metadata_display_label ( default_locale, id, site_master, key_name) VALUES ('Page Size', 'xz8caof5sl8b4nl6sfey4qgrtvgbwylcNM200904120000000000000000000030', 'runwaysdk.com', 'xz8caof5sl8b4nl6sfey4qgrtvgbwylcNM200904120000000000000000000030');
INSERT INTO metadata_display_label ( default_locale, id, site_master, key_name) VALUES (NULL, 'xwlm3n40r7hxmen2gmilfjdb4mrdiimsNM200904120000000000000000000030', 'runwaysdk.com', 'xwlm3n40r7hxmen2gmilfjdb4mrdiimsNM200904120000000000000000000030');
INSERT INTO md_parameter ( metadata, parameter_order, parameter_name, parameter_type, display_label, id) VALUES ('sj427um6d382tklqy8rwou9chlhpwt1tNM200810110000000000000000000113', -2, 'pageSize', 'java.lang.Integer', 'xz8caof5sl8b4nl6sfey4qgrtvgbwylcNM200904120000000000000000000030', 'sghfx8razobgts0kyxknutz7ydxph9rh20070427JS0000000000000000001517');
INSERT INTO metadata ( description, created_by, owner, id, create_date, seq, type, remove, site_master, locked_by, entity_domain, last_updated_by, last_update_date, key_name) VALUES ('xwlm3n40r7hxmen2gmilfjdb4mrdiimsNM200904120000000000000000000030', '0000000000000000000000000000001000000000000000000000000000000003', '0000000000000000000000000000001000000000000000000000000000000003', 'sghfx8razobgts0kyxknutz7ydxph9rh20070427JS0000000000000000001517', '2011-10-13 17:37:05', 3483, 'com.runwaysdk.system.metadata.MdParameter', 1, 'runwaysdk.com', NULL, NULL, '0000000000000000000000000000001000000000000000000000000000000003', '2011-10-13 17:37:05', 'com.runwaysdk.system.metadata.CharacterConditionController.viewPage.pageSize');
INSERT INTO metadata_parameter ( site_master, last_updated_by, create_date, seq, locked_by, entity_domain, created_by, type, last_update_date, key_name, owner, id, parent_id, child_id) VALUES ('runwaysdk.com', '0000000000000000000000000000001000000000000000000000000000000003', '2011-10-13 17:37:05', 3484, NULL, NULL, '0000000000000000000000000000001000000000000000000000000000000003', 'com.runwaysdk.system.MetadataParameter', '2011-10-13 17:37:05', 'com.runwaysdk.system.metadata.CharacterConditionController.viewPage.pageSize', '0000000000000000000000000000001000000000000000000000000000000003', 't0rl76nymxrufwxxtkouo6l00qmwemph20070427JS0000000000000000001524', 'sj427um6d382tklqy8rwou9chlhpwt1tNM200810110000000000000000000113', 'sghfx8razobgts0kyxknutz7ydxph9rh20070427JS0000000000000000001517');
INSERT INTO metadata_display_label ( default_locale, id, site_master, key_name) VALUES ('Page Number', 'z94g761juuivioc6p8x6zxk56h0mhds5NM200904120000000000000000000030', 'runwaysdk.com', 'z94g761juuivioc6p8x6zxk56h0mhds5NM200904120000000000000000000030');
INSERT INTO metadata_display_label ( default_locale, id, site_master, key_name) VALUES (NULL, 'sxcqppr093c8nuedxdnwtf1ksk6gd6inNM200904120000000000000000000030', 'runwaysdk.com', 'sxcqppr093c8nuedxdnwtf1ksk6gd6inNM200904120000000000000000000030');
INSERT INTO md_parameter ( metadata, parameter_order, parameter_name, parameter_type, display_label, id) VALUES ('sj427um6d382tklqy8rwou9chlhpwt1tNM200810110000000000000000000113', -1, 'pageNumber', 'java.lang.Integer', 'z94g761juuivioc6p8x6zxk56h0mhds5NM200904120000000000000000000030', '1swc2q03he6s7fifcwr920w4j0rf4ga120070427JS0000000000000000001517');
INSERT INTO metadata ( description, created_by, owner, id, create_date, seq, type, remove, site_master, locked_by, entity_domain, last_updated_by, last_update_date, key_name) VALUES ('sxcqppr093c8nuedxdnwtf1ksk6gd6inNM200904120000000000000000000030', '0000000000000000000000000000001000000000000000000000000000000003', '0000000000000000000000000000001000000000000000000000000000000003', '1swc2q03he6s7fifcwr920w4j0rf4ga120070427JS0000000000000000001517', '2011-10-13 17:37:05', 3485, 'com.runwaysdk.system.metadata.MdParameter', 1, 'runwaysdk.com', NULL, NULL, '0000000000000000000000000000001000000000000000000000000000000003', '2011-10-13 17:37:05', 'com.runwaysdk.system.metadata.CharacterConditionController.viewPage.pageNumber');
INSERT INTO metadata_parameter ( site_master, last_updated_by, create_date, seq, locked_by, entity_domain, created_by, type, last_update_date, key_name, owner, id, parent_id, child_id) VALUES ('runwaysdk.com', '0000000000000000000000000000001000000000000000000000000000000003', '2011-10-13 17:37:05', 3486, NULL, NULL, '0000000000000000000000000000001000000000000000000000000000000003', 'com.runwaysdk.system.MetadataParameter', '2011-10-13 17:37:05', 'com.runwaysdk.system.metadata.CharacterConditionController.viewPage.pageNumber', '0000000000000000000000000000001000000000000000000000000000000003', '2bhxb0g753nkxdbdsootnis7lhhjxbl720070427JS0000000000000000001524', 'sj427um6d382tklqy8rwou9chlhpwt1tNM200810110000000000000000000113', '1swc2q03he6s7fifcwr920w4j0rf4ga120070427JS0000000000000000001517');
INSERT INTO metadata_display_label ( default_locale, id, site_master, key_name) VALUES ('View All', '6xte4b6cl597j26df02usvc744rsxe7gNM200904120000000000000000000030', 'runwaysdk.com', '6xte4b6cl597j26df02usvc744rsxe7gNM200904120000000000000000000030');
INSERT INTO metadata_display_label ( default_locale, id, site_master, key_name) VALUES ('Loads a ViewAll query with the default settings', 'ywohtbf3tnkmouxs8zd0hlifkwz3wwriNM200904120000000000000000000030', 'runwaysdk.com', 'ywohtbf3tnkmouxs8zd0hlifkwz3wwriNM200904120000000000000000000030');
INSERT INTO md_action ( is_query, enclosing_md_controller, is_post, action_name, display_label, id) VALUES (0, '2c8m6qtt4s4f2bk2lz190x4kjmx77scmNM200810110000000000000000000112', 0, 'viewAll', '6xte4b6cl597j26df02usvc744rsxe7gNM200904120000000000000000000030', 'qrbf5k6luklmx4ov53u8c8l6neogviy9NM200810110000000000000000000113');
INSERT INTO metadata ( description, created_by, owner, id, create_date, seq, type, remove, site_master, locked_by, entity_domain, last_updated_by, last_update_date, key_name) VALUES ('ywohtbf3tnkmouxs8zd0hlifkwz3wwriNM200904120000000000000000000030', '0000000000000000000000000000001000000000000000000000000000000003', '0000000000000000000000000000001000000000000000000000000000000003', 'qrbf5k6luklmx4ov53u8c8l6neogviy9NM200810110000000000000000000113', '2011-10-13 17:37:05', 3487, 'com.runwaysdk.system.metadata.MdAction', 1, 'runwaysdk.com', NULL, NULL, '0000000000000000000000000000001000000000000000000000000000000003', '2011-10-13 17:37:05', 'com.runwaysdk.system.metadata.CharacterConditionController.viewAll');
INSERT INTO controller_action ( key_name, locked_by, id, owner, entity_domain, created_by, type, last_update_date, create_date, seq, last_updated_by, site_master, parent_id, child_id) VALUES ('com.runwaysdk.system.metadata.CharacterConditionController.viewAll', NULL, '72gvqh1hphqu5vutf79ea71t6d19swxeJS200807230000000000000000111111', '0000000000000000000000000000001000000000000000000000000000000003', NULL, '0000000000000000000000000000001000000000000000000000000000000003', 'com.runwaysdk.system.ControllerAction', '2011-10-13 17:37:05', '2011-10-13 17:37:05', 3488, '0000000000000000000000000000001000000000000000000000000000000003', 'runwaysdk.com', '2c8m6qtt4s4f2bk2lz190x4kjmx77scmNM200810110000000000000000000112', 'qrbf5k6luklmx4ov53u8c8l6neogviy9NM200810110000000000000000000113');
INSERT INTO metadata_display_label ( default_locale, id, site_master, key_name) VALUES ('View', 'qrlxbv3udqw651kaqeqr9a4lfasjfyejNM200904120000000000000000000030', 'runwaysdk.com', 'qrlxbv3udqw651kaqeqr9a4lfasjfyejNM200904120000000000000000000030');
INSERT INTO metadata_display_label ( default_locale, id, site_master, key_name) VALUES ('View an existing instance of com.runwaysdk.system.metadata.CharacterCondition', 'xot9nknyr6xb1zye370owtel5ilsbpbbNM200904120000000000000000000030', 'runwaysdk.com', 'xot9nknyr6xb1zye370owtel5ilsbpbbNM200904120000000000000000000030');
INSERT INTO md_action ( is_query, enclosing_md_controller, is_post, action_name, display_label, id) VALUES (0, '2c8m6qtt4s4f2bk2lz190x4kjmx77scmNM200810110000000000000000000112', 0, 'view', 'qrlxbv3udqw651kaqeqr9a4lfasjfyejNM200904120000000000000000000030', '8qeyws8kmzucbqcbil1qk6fgtrfk1py1NM200810110000000000000000000113');
INSERT INTO metadata ( description, created_by, owner, id, create_date, seq, type, remove, site_master, locked_by, entity_domain, last_updated_by, last_update_date, key_name) VALUES ('xot9nknyr6xb1zye370owtel5ilsbpbbNM200904120000000000000000000030', '0000000000000000000000000000001000000000000000000000000000000003', '0000000000000000000000000000001000000000000000000000000000000003', '8qeyws8kmzucbqcbil1qk6fgtrfk1py1NM200810110000000000000000000113', '2011-10-13 17:37:05', 3489, 'com.runwaysdk.system.metadata.MdAction', 1, 'runwaysdk.com', NULL, NULL, '0000000000000000000000000000001000000000000000000000000000000003', '2011-10-13 17:37:05', 'com.runwaysdk.system.metadata.CharacterConditionController.view');
INSERT INTO controller_action ( key_name, locked_by, id, owner, entity_domain, created_by, type, last_update_date, create_date, seq, last_updated_by, site_master, parent_id, child_id) VALUES ('com.runwaysdk.system.metadata.CharacterConditionController.view', NULL, 'sfnntnmvbdw0hom5mrh76bz5bqknk3xsJS200807230000000000000000111111', '0000000000000000000000000000001000000000000000000000000000000003', NULL, '0000000000000000000000000000001000000000000000000000000000000003', 'com.runwaysdk.system.ControllerAction', '2011-10-13 17:37:05', '2011-10-13 17:37:05', 3490, '0000000000000000000000000000001000000000000000000000000000000003', 'runwaysdk.com', '2c8m6qtt4s4f2bk2lz190x4kjmx77scmNM200810110000000000000000000112', '8qeyws8kmzucbqcbil1qk6fgtrfk1py1NM200810110000000000000000000113');
INSERT INTO metadata_display_label ( default_locale, id, site_master, key_name) VALUES ('Parameter: com.runwaysdk.system.metadata.CharacterCondition - id', 'r13fgzfmqri5si79qkoj9f9bm5r3pkvrNM200904120000000000000000000030', 'runwaysdk.com', 'r13fgzfmqri5si79qkoj9f9bm5r3pkvrNM200904120000000000000000000030');
INSERT INTO metadata_display_label ( default_locale, id, site_master, key_name) VALUES ('Id of com.runwaysdk.system.metadata.CharacterCondition to view.', '0nphdps93cb2jnwrkt7pp7j4san5ihoxNM200904120000000000000000000030', 'runwaysdk.com', '0nphdps93cb2jnwrkt7pp7j4san5ihoxNM200904120000000000000000000030');
INSERT INTO md_parameter ( metadata, parameter_order, parameter_name, parameter_type, display_label, id) VALUES ('8qeyws8kmzucbqcbil1qk6fgtrfk1py1NM200810110000000000000000000113', 0, 'id', 'java.lang.String', 'r13fgzfmqri5si79qkoj9f9bm5r3pkvrNM200904120000000000000000000030', '0kz11lahe1tz7qu6ikys44h1x5ztox4o20070427JS0000000000000000001517');
INSERT INTO metadata ( description, created_by, owner, id, create_date, seq, type, remove, site_master, locked_by, entity_domain, last_updated_by, last_update_date, key_name) VALUES ('0nphdps93cb2jnwrkt7pp7j4san5ihoxNM200904120000000000000000000030', '0000000000000000000000000000001000000000000000000000000000000003', '0000000000000000000000000000001000000000000000000000000000000003', '0kz11lahe1tz7qu6ikys44h1x5ztox4o20070427JS0000000000000000001517', '2011-10-13 17:37:05', 3491, 'com.runwaysdk.system.metadata.MdParameter', 1, 'runwaysdk.com', NULL, NULL, '0000000000000000000000000000001000000000000000000000000000000003', '2011-10-13 17:37:05', 'com.runwaysdk.system.metadata.CharacterConditionController.view.id');
INSERT INTO metadata_parameter ( site_master, last_updated_by, create_date, seq, locked_by, entity_domain, created_by, type, last_update_date, key_name, owner, id, parent_id, child_id) VALUES ('runwaysdk.com', '0000000000000000000000000000001000000000000000000000000000000003', '2011-10-13 17:37:05', 3492, NULL, NULL, '0000000000000000000000000000001000000000000000000000000000000003', 'com.runwaysdk.system.MetadataParameter', '2011-10-13 17:37:05', 'com.runwaysdk.system.metadata.CharacterConditionController.view.id', '0000000000000000000000000000001000000000000000000000000000000003', '8ls0et38ftn8ftokv49vidrzl59iodj520070427JS0000000000000000001524', '8qeyws8kmzucbqcbil1qk6fgtrfk1py1NM200810110000000000000000000113', '0kz11lahe1tz7qu6ikys44h1x5ztox4o20070427JS0000000000000000001517');
INSERT INTO metadata_display_label ( default_locale, id, site_master, key_name) VALUES ('New Instance', '0tg53z6960455h4bluv3genv319vda2tNM200904120000000000000000000030', 'runwaysdk.com', '0tg53z6960455h4bluv3genv319vda2tNM200904120000000000000000000030');
INSERT INTO metadata_display_label ( default_locale, id, site_master, key_name) VALUES ('Loads a new instance of com.runwaysdk.system.metadata.CharacterCondition into the request object', 'z14snk36k4ow774yh26fg71qi6g15q41NM200904120000000000000000000030', 'runwaysdk.com', 'z14snk36k4ow774yh26fg71qi6g15q41NM200904120000000000000000000030');
INSERT INTO md_action ( is_query, enclosing_md_controller, is_post, action_name, display_label, id) VALUES (0, '2c8m6qtt4s4f2bk2lz190x4kjmx77scmNM200810110000000000000000000112', 0, 'newInstance', '0tg53z6960455h4bluv3genv319vda2tNM200904120000000000000000000030', 'qxjqsx0e957gtw1amavgi9iwvdu3nh1bNM200810110000000000000000000113');
INSERT INTO metadata ( description, created_by, owner, id, create_date, seq, type, remove, site_master, locked_by, entity_domain, last_updated_by, last_update_date, key_name) VALUES ('z14snk36k4ow774yh26fg71qi6g15q41NM200904120000000000000000000030', '0000000000000000000000000000001000000000000000000000000000000003', '0000000000000000000000000000001000000000000000000000000000000003', 'qxjqsx0e957gtw1amavgi9iwvdu3nh1bNM200810110000000000000000000113', '2011-10-13 17:37:05', 3493, 'com.runwaysdk.system.metadata.MdAction', 1, 'runwaysdk.com', NULL, NULL, '0000000000000000000000000000001000000000000000000000000000000003', '2011-10-13 17:37:05', 'com.runwaysdk.system.metadata.CharacterConditionController.newInstance');
INSERT INTO controller_action ( key_name, locked_by, id, owner, entity_domain, created_by, type, last_update_date, create_date, seq, last_updated_by, site_master, parent_id, child_id) VALUES ('com.runwaysdk.system.metadata.CharacterConditionController.newInstance', NULL, 'xkmrj9qg1bpb6618ot1c2j646xy5dgaqJS200807230000000000000000111111', '0000000000000000000000000000001000000000000000000000000000000003', NULL, '0000000000000000000000000000001000000000000000000000000000000003', 'com.runwaysdk.system.ControllerAction', '2011-10-13 17:37:05', '2011-10-13 17:37:05', 3494, '0000000000000000000000000000001000000000000000000000000000000003', 'runwaysdk.com', '2c8m6qtt4s4f2bk2lz190x4kjmx77scmNM200810110000000000000000000112', 'qxjqsx0e957gtw1amavgi9iwvdu3nh1bNM200810110000000000000000000113');
INSERT INTO metadata_display_label ( default_locale, id, site_master, key_name) VALUES ('Create', '27bhcezop7q9kfru2fm1zc6zohlnik10NM200904120000000000000000000030', 'runwaysdk.com', '27bhcezop7q9kfru2fm1zc6zohlnik10NM200904120000000000000000000030');
INSERT INTO metadata_display_label ( default_locale, id, site_master, key_name) VALUES ('Applys a new instance of com.runwaysdk.system.metadata.CharacterCondition', '0a3zt5elwib3hxkb2hxwlae49ry4dn1qNM200904120000000000000000000030', 'runwaysdk.com', '0a3zt5elwib3hxkb2hxwlae49ry4dn1qNM200904120000000000000000000030');
INSERT INTO md_action ( is_query, enclosing_md_controller, is_post, action_name, display_label, id) VALUES (0, '2c8m6qtt4s4f2bk2lz190x4kjmx77scmNM200810110000000000000000000112', 1, 'create', '27bhcezop7q9kfru2fm1zc6zohlnik10NM200904120000000000000000000030', '0m25nbef1736fhein2499ur0kq7rheasNM200810110000000000000000000113');
INSERT INTO metadata ( description, created_by, owner, id, create_date, seq, type, remove, site_master, locked_by, entity_domain, last_updated_by, last_update_date, key_name) VALUES ('0a3zt5elwib3hxkb2hxwlae49ry4dn1qNM200904120000000000000000000030', '0000000000000000000000000000001000000000000000000000000000000003', '0000000000000000000000000000001000000000000000000000000000000003', '0m25nbef1736fhein2499ur0kq7rheasNM200810110000000000000000000113', '2011-10-13 17:37:05', 3495, 'com.runwaysdk.system.metadata.MdAction', 1, 'runwaysdk.com', NULL, NULL, '0000000000000000000000000000001000000000000000000000000000000003', '2011-10-13 17:37:05', 'com.runwaysdk.system.metadata.CharacterConditionController.create');
INSERT INTO controller_action ( key_name, locked_by, id, owner, entity_domain, created_by, type, last_update_date, create_date, seq, last_updated_by, site_master, parent_id, child_id) VALUES ('com.runwaysdk.system.metadata.CharacterConditionController.create', NULL, '8dgcjgdwahjo29d5sfvm90nq83osay8cJS200807230000000000000000111111', '0000000000000000000000000000001000000000000000000000000000000003', NULL, '0000000000000000000000000000001000000000000000000000000000000003', 'com.runwaysdk.system.ControllerAction', '2011-10-13 17:37:05', '2011-10-13 17:37:05', 3496, '0000000000000000000000000000001000000000000000000000000000000003', 'runwaysdk.com', '2c8m6qtt4s4f2bk2lz190x4kjmx77scmNM200810110000000000000000000112', '0m25nbef1736fhein2499ur0kq7rheasNM200810110000000000000000000113');
INSERT INTO metadata_display_label ( default_locale, id, site_master, key_name) VALUES ('Parameter: com.runwaysdk.system.metadata.CharacterCondition', 'stxjlfkj61biax3xiqoh0ho5tmhsujiwNM200904120000000000000000000030', 'runwaysdk.com', 'stxjlfkj61biax3xiqoh0ho5tmhsujiwNM200904120000000000000000000030');
INSERT INTO metadata_display_label ( default_locale, id, site_master, key_name) VALUES ('com.runwaysdk.system.metadata.CharacterCondition to apply to the database', '1vriybp4ovca25ryx7biqbyuqtmkew78NM200904120000000000000000000030', 'runwaysdk.com', '1vriybp4ovca25ryx7biqbyuqtmkew78NM200904120000000000000000000030');
INSERT INTO md_parameter ( metadata, parameter_order, parameter_name, parameter_type, display_label, id) VALUES ('0m25nbef1736fhein2499ur0kq7rheasNM200810110000000000000000000113', 0, 'dto', 'com.runwaysdk.system.metadata.CharacterCondition', 'stxjlfkj61biax3xiqoh0ho5tmhsujiwNM200904120000000000000000000030', '77ynvkr9t76nlls6uy0dtxmbks42f0xz20070427JS0000000000000000001517');
INSERT INTO metadata ( description, created_by, owner, id, create_date, seq, type, remove, site_master, locked_by, entity_domain, last_updated_by, last_update_date, key_name) VALUES ('1vriybp4ovca25ryx7biqbyuqtmkew78NM200904120000000000000000000030', '0000000000000000000000000000001000000000000000000000000000000003', '0000000000000000000000000000001000000000000000000000000000000003', '77ynvkr9t76nlls6uy0dtxmbks42f0xz20070427JS0000000000000000001517', '2011-10-13 17:37:05', 3497, 'com.runwaysdk.system.metadata.MdParameter', 1, 'runwaysdk.com', NULL, NULL, '0000000000000000000000000000001000000000000000000000000000000003', '2011-10-13 17:37:05', 'com.runwaysdk.system.metadata.CharacterConditionController.create.dto');
INSERT INTO metadata_parameter ( site_master, last_updated_by, create_date, seq, locked_by, entity_domain, created_by, type, last_update_date, key_name, owner, id, parent_id, child_id) VALUES ('runwaysdk.com', '0000000000000000000000000000001000000000000000000000000000000003', '2011-10-13 17:37:05', 3498, NULL, NULL, '0000000000000000000000000000001000000000000000000000000000000003', 'com.runwaysdk.system.MetadataParameter', '2011-10-13 17:37:05', 'com.runwaysdk.system.metadata.CharacterConditionController.create.dto', '0000000000000000000000000000001000000000000000000000000000000003', 'xspu795i1ash1eg8cfksi6lh4t48vzln20070427JS0000000000000000001524', '0m25nbef1736fhein2499ur0kq7rheasNM200810110000000000000000000113', '77ynvkr9t76nlls6uy0dtxmbks42f0xz20070427JS0000000000000000001517');
INSERT INTO metadata_display_label ( default_locale, id, site_master, key_name) VALUES ('edit', '1wr7bwnb9w17rqv2wcxyy0rmpxgekz5rNM200904120000000000000000000030', 'runwaysdk.com', '1wr7bwnb9w17rqv2wcxyy0rmpxgekz5rNM200904120000000000000000000030');
INSERT INTO metadata_display_label ( default_locale, id, site_master, key_name) VALUES ('Applys an existing instance of com.runwaysdk.system.metadata.CharacterCondition', '733hwru0hk00zcg243518trq0kzkirnaNM200904120000000000000000000030', 'runwaysdk.com', '733hwru0hk00zcg243518trq0kzkirnaNM200904120000000000000000000030');
INSERT INTO md_action ( is_query, enclosing_md_controller, is_post, action_name, display_label, id) VALUES (0, '2c8m6qtt4s4f2bk2lz190x4kjmx77scmNM200810110000000000000000000112', 0, 'edit', '1wr7bwnb9w17rqv2wcxyy0rmpxgekz5rNM200904120000000000000000000030', '75llnsj9r5klookv98oygmca6nngns9uNM200810110000000000000000000113');
INSERT INTO metadata ( description, created_by, owner, id, create_date, seq, type, remove, site_master, locked_by, entity_domain, last_updated_by, last_update_date, key_name) VALUES ('733hwru0hk00zcg243518trq0kzkirnaNM200904120000000000000000000030', '0000000000000000000000000000001000000000000000000000000000000003', '0000000000000000000000000000001000000000000000000000000000000003', '75llnsj9r5klookv98oygmca6nngns9uNM200810110000000000000000000113', '2011-10-13 17:37:05', 3499, 'com.runwaysdk.system.metadata.MdAction', 1, 'runwaysdk.com', NULL, NULL, '0000000000000000000000000000001000000000000000000000000000000003', '2011-10-13 17:37:05', 'com.runwaysdk.system.metadata.CharacterConditionController.edit');
INSERT INTO controller_action ( key_name, locked_by, id, owner, entity_domain, created_by, type, last_update_date, create_date, seq, last_updated_by, site_master, parent_id, child_id) VALUES ('com.runwaysdk.system.metadata.CharacterConditionController.edit', NULL, '7g8nk84wq7942o38qvm8bsq7kdytxopcJS200807230000000000000000111111', '0000000000000000000000000000001000000000000000000000000000000003', NULL, '0000000000000000000000000000001000000000000000000000000000000003', 'com.runwaysdk.system.ControllerAction', '2011-10-13 17:37:05', '2011-10-13 17:37:05', 3500, '0000000000000000000000000000001000000000000000000000000000000003', 'runwaysdk.com', '2c8m6qtt4s4f2bk2lz190x4kjmx77scmNM200810110000000000000000000112', '75llnsj9r5klookv98oygmca6nngns9uNM200810110000000000000000000113');
INSERT INTO metadata_display_label ( default_locale, id, site_master, key_name) VALUES ('Parameter: com.runwaysdk.system.metadata.CharacterCondition', 'r03rrcnt4217caa6sq157s5806ug4wtnNM200904120000000000000000000030', 'runwaysdk.com', 'r03rrcnt4217caa6sq157s5806ug4wtnNM200904120000000000000000000030');
INSERT INTO metadata_display_label ( default_locale, id, site_master, key_name) VALUES ('com.runwaysdk.system.metadata.CharacterCondition to apply to the database', '0r0qijznounrt7q8i24rtxqg11y1h9qjNM200904120000000000000000000030', 'runwaysdk.com', '0r0qijznounrt7q8i24rtxqg11y1h9qjNM200904120000000000000000000030');
INSERT INTO md_parameter ( metadata, parameter_order, parameter_name, parameter_type, display_label, id) VALUES ('75llnsj9r5klookv98oygmca6nngns9uNM200810110000000000000000000113', 0, 'id', 'java.lang.String', 'r03rrcnt4217caa6sq157s5806ug4wtnNM200904120000000000000000000030', 'zmvpe4i8hew9nonmxoym6g2e4t44mef720070427JS0000000000000000001517');
INSERT INTO metadata ( description, created_by, owner, id, create_date, seq, type, remove, site_master, locked_by, entity_domain, last_updated_by, last_update_date, key_name) VALUES ('0r0qijznounrt7q8i24rtxqg11y1h9qjNM200904120000000000000000000030', '0000000000000000000000000000001000000000000000000000000000000003', '0000000000000000000000000000001000000000000000000000000000000003', 'zmvpe4i8hew9nonmxoym6g2e4t44mef720070427JS0000000000000000001517', '2011-10-13 17:37:05', 3501, 'com.runwaysdk.system.metadata.MdParameter', 1, 'runwaysdk.com', NULL, NULL, '0000000000000000000000000000001000000000000000000000000000000003', '2011-10-13 17:37:05', 'com.runwaysdk.system.metadata.CharacterConditionController.edit.id');
INSERT INTO metadata_parameter ( site_master, last_updated_by, create_date, seq, locked_by, entity_domain, created_by, type, last_update_date, key_name, owner, id, parent_id, child_id) VALUES ('runwaysdk.com', '0000000000000000000000000000001000000000000000000000000000000003', '2011-10-13 17:37:05', 3502, NULL, NULL, '0000000000000000000000000000001000000000000000000000000000000003', 'com.runwaysdk.system.MetadataParameter', '2011-10-13 17:37:05', 'com.runwaysdk.system.metadata.CharacterConditionController.edit.id', '0000000000000000000000000000001000000000000000000000000000000003', '8tujx9nsogkejelbkbw53qeshjlqz76i20070427JS0000000000000000001524', '75llnsj9r5klookv98oygmca6nngns9uNM200810110000000000000000000113', 'zmvpe4i8hew9nonmxoym6g2e4t44mef720070427JS0000000000000000001517');
INSERT INTO metadata_display_label ( default_locale, id, site_master, key_name) VALUES ('update', 'zk455tn75jpdj8knylsrqvhaym0wli19NM200904120000000000000000000030', 'runwaysdk.com', 'zk455tn75jpdj8knylsrqvhaym0wli19NM200904120000000000000000000030');
INSERT INTO metadata_display_label ( default_locale, id, site_master, key_name) VALUES ('Applys an existing instance of com.runwaysdk.system.metadata.CharacterCondition', 'y0a60s27ytjydoqno1alkvo282ulyvw3NM200904120000000000000000000030', 'runwaysdk.com', 'y0a60s27ytjydoqno1alkvo282ulyvw3NM200904120000000000000000000030');
INSERT INTO md_action ( is_query, enclosing_md_controller, is_post, action_name, display_label, id) VALUES (0, '2c8m6qtt4s4f2bk2lz190x4kjmx77scmNM200810110000000000000000000112', 1, 'update', 'zk455tn75jpdj8knylsrqvhaym0wli19NM200904120000000000000000000030', 'seurr1uqypzkhqpnbsmnx6t63nkn6fckNM200810110000000000000000000113');
INSERT INTO metadata ( description, created_by, owner, id, create_date, seq, type, remove, site_master, locked_by, entity_domain, last_updated_by, last_update_date, key_name) VALUES ('y0a60s27ytjydoqno1alkvo282ulyvw3NM200904120000000000000000000030', '0000000000000000000000000000001000000000000000000000000000000003', '0000000000000000000000000000001000000000000000000000000000000003', 'seurr1uqypzkhqpnbsmnx6t63nkn6fckNM200810110000000000000000000113', '2011-10-13 17:37:05', 3503, 'com.runwaysdk.system.metadata.MdAction', 1, 'runwaysdk.com', NULL, NULL, '0000000000000000000000000000001000000000000000000000000000000003', '2011-10-13 17:37:05', 'com.runwaysdk.system.metadata.CharacterConditionController.update');
INSERT INTO controller_action ( key_name, locked_by, id, owner, entity_domain, created_by, type, last_update_date, create_date, seq, last_updated_by, site_master, parent_id, child_id) VALUES ('com.runwaysdk.system.metadata.CharacterConditionController.update', NULL, 'zgi1lxbhi3a82w3c7aqlg0xgyivr23xiJS200807230000000000000000111111', '0000000000000000000000000000001000000000000000000000000000000003', NULL, '0000000000000000000000000000001000000000000000000000000000000003', 'com.runwaysdk.system.ControllerAction', '2011-10-13 17:37:05', '2011-10-13 17:37:05', 3504, '0000000000000000000000000000001000000000000000000000000000000003', 'runwaysdk.com', '2c8m6qtt4s4f2bk2lz190x4kjmx77scmNM200810110000000000000000000112', 'seurr1uqypzkhqpnbsmnx6t63nkn6fckNM200810110000000000000000000113');
INSERT INTO metadata_display_label ( default_locale, id, site_master, key_name) VALUES ('Parameter: com.runwaysdk.system.metadata.CharacterCondition - dto', 'qmjr5txl0idm7l1ejo4gpfm7ue4l1vwcNM200904120000000000000000000030', 'runwaysdk.com', 'qmjr5txl0idm7l1ejo4gpfm7ue4l1vwcNM200904120000000000000000000030');
INSERT INTO metadata_display_label ( default_locale, id, site_master, key_name) VALUES ('com.runwaysdk.system.metadata.CharacterCondition to apply to the database', '2c0920s842xyjmzys9rl0ebr9zvvhxmbNM200904120000000000000000000030', 'runwaysdk.com', '2c0920s842xyjmzys9rl0ebr9zvvhxmbNM200904120000000000000000000030');
INSERT INTO md_parameter ( metadata, parameter_order, parameter_name, parameter_type, display_label, id) VALUES ('seurr1uqypzkhqpnbsmnx6t63nkn6fckNM200810110000000000000000000113', 0, 'dto', 'com.runwaysdk.system.metadata.CharacterCondition', 'qmjr5txl0idm7l1ejo4gpfm7ue4l1vwcNM200904120000000000000000000030', 'r63h33yhtelj6s2gd4gbnvqv8nsqubro20070427JS0000000000000000001517');
INSERT INTO metadata ( description, created_by, owner, id, create_date, seq, type, remove, site_master, locked_by, entity_domain, last_updated_by, last_update_date, key_name) VALUES ('2c0920s842xyjmzys9rl0ebr9zvvhxmbNM200904120000000000000000000030', '0000000000000000000000000000001000000000000000000000000000000003', '0000000000000000000000000000001000000000000000000000000000000003', 'r63h33yhtelj6s2gd4gbnvqv8nsqubro20070427JS0000000000000000001517', '2011-10-13 17:37:05', 3505, 'com.runwaysdk.system.metadata.MdParameter', 1, 'runwaysdk.com', NULL, NULL, '0000000000000000000000000000001000000000000000000000000000000003', '2011-10-13 17:37:05', 'com.runwaysdk.system.metadata.CharacterConditionController.update.dto');
INSERT INTO metadata_parameter ( site_master, last_updated_by, create_date, seq, locked_by, entity_domain, created_by, type, last_update_date, key_name, owner, id, parent_id, child_id) VALUES ('runwaysdk.com', '0000000000000000000000000000001000000000000000000000000000000003', '2011-10-13 17:37:05', 3506, NULL, NULL, '0000000000000000000000000000001000000000000000000000000000000003', 'com.runwaysdk.system.MetadataParameter', '2011-10-13 17:37:05', 'com.runwaysdk.system.metadata.CharacterConditionController.update.dto', '0000000000000000000000000000001000000000000000000000000000000003', 'sfkzougg3fotkrae8og9dmtivelie36e20070427JS0000000000000000001524', 'seurr1uqypzkhqpnbsmnx6t63nkn6fckNM200810110000000000000000000113', 'r63h33yhtelj6s2gd4gbnvqv8nsqubro20070427JS0000000000000000001517');
INSERT INTO metadata_display_label ( default_locale, id, site_master, key_name) VALUES ('cancel', 'rc6ymnop6do90fyxkcs1gg5hetdmjj8uNM200904120000000000000000000030', 'runwaysdk.com', 'rc6ymnop6do90fyxkcs1gg5hetdmjj8uNM200904120000000000000000000030');
INSERT INTO metadata_display_label ( default_locale, id, site_master, key_name) VALUES ('Unlocks an instance com.runwaysdk.system.metadata.CharacterCondition', '8mijqqoseh8echmnsdjxa7aokn9b260nNM200904120000000000000000000030', 'runwaysdk.com', '8mijqqoseh8echmnsdjxa7aokn9b260nNM200904120000000000000000000030');
INSERT INTO md_action ( is_query, enclosing_md_controller, is_post, action_name, display_label, id) VALUES (0, '2c8m6qtt4s4f2bk2lz190x4kjmx77scmNM200810110000000000000000000112', 1, 'cancel', 'rc6ymnop6do90fyxkcs1gg5hetdmjj8uNM200904120000000000000000000030', '28dcga8hs8v8g9w4ppiq8bcrzm4ep0ybNM200810110000000000000000000113');
INSERT INTO metadata ( description, created_by, owner, id, create_date, seq, type, remove, site_master, locked_by, entity_domain, last_updated_by, last_update_date, key_name) VALUES ('8mijqqoseh8echmnsdjxa7aokn9b260nNM200904120000000000000000000030', '0000000000000000000000000000001000000000000000000000000000000003', '0000000000000000000000000000001000000000000000000000000000000003', '28dcga8hs8v8g9w4ppiq8bcrzm4ep0ybNM200810110000000000000000000113', '2011-10-13 17:37:05', 3507, 'com.runwaysdk.system.metadata.MdAction', 1, 'runwaysdk.com', NULL, NULL, '0000000000000000000000000000001000000000000000000000000000000003', '2011-10-13 17:37:05', 'com.runwaysdk.system.metadata.CharacterConditionController.cancel');
INSERT INTO controller_action ( key_name, locked_by, id, owner, entity_domain, created_by, type, last_update_date, create_date, seq, last_updated_by, site_master, parent_id, child_id) VALUES ('com.runwaysdk.system.metadata.CharacterConditionController.cancel', NULL, '6wb6igrg9pnpor0ufzs4666xfgqi95ebJS200807230000000000000000111111', '0000000000000000000000000000001000000000000000000000000000000003', NULL, '0000000000000000000000000000001000000000000000000000000000000003', 'com.runwaysdk.system.ControllerAction', '2011-10-13 17:37:05', '2011-10-13 17:37:05', 3508, '0000000000000000000000000000001000000000000000000000000000000003', 'runwaysdk.com', '2c8m6qtt4s4f2bk2lz190x4kjmx77scmNM200810110000000000000000000112', '28dcga8hs8v8g9w4ppiq8bcrzm4ep0ybNM200810110000000000000000000113');
INSERT INTO metadata_display_label ( default_locale, id, site_master, key_name) VALUES ('Parameter: com.runwaysdk.system.metadata.CharacterCondition - dto', '1q6rpjnt5fxaf94cs4lv2l30k0kb4edeNM200904120000000000000000000030', 'runwaysdk.com', '1q6rpjnt5fxaf94cs4lv2l30k0kb4edeNM200904120000000000000000000030');
INSERT INTO metadata_display_label ( default_locale, id, site_master, key_name) VALUES ('com.runwaysdk.system.metadata.CharacterCondition to unlock', 'xpo9omv5er7yhoeljnpu015vman2x4wfNM200904120000000000000000000030', 'runwaysdk.com', 'xpo9omv5er7yhoeljnpu015vman2x4wfNM200904120000000000000000000030');
INSERT INTO md_parameter ( metadata, parameter_order, parameter_name, parameter_type, display_label, id) VALUES ('28dcga8hs8v8g9w4ppiq8bcrzm4ep0ybNM200810110000000000000000000113', 0, 'dto', 'com.runwaysdk.system.metadata.CharacterCondition', '1q6rpjnt5fxaf94cs4lv2l30k0kb4edeNM200904120000000000000000000030', 'st35qqaclqz67c1x7ddah7zc7helhh6g20070427JS0000000000000000001517');
INSERT INTO metadata ( description, created_by, owner, id, create_date, seq, type, remove, site_master, locked_by, entity_domain, last_updated_by, last_update_date, key_name) VALUES ('xpo9omv5er7yhoeljnpu015vman2x4wfNM200904120000000000000000000030', '0000000000000000000000000000001000000000000000000000000000000003', '0000000000000000000000000000001000000000000000000000000000000003', 'st35qqaclqz67c1x7ddah7zc7helhh6g20070427JS0000000000000000001517', '2011-10-13 17:37:05', 3509, 'com.runwaysdk.system.metadata.MdParameter', 1, 'runwaysdk.com', NULL, NULL, '0000000000000000000000000000001000000000000000000000000000000003', '2011-10-13 17:37:05', 'com.runwaysdk.system.metadata.CharacterConditionController.cancel.dto');
INSERT INTO metadata_parameter ( site_master, last_updated_by, create_date, seq, locked_by, entity_domain, created_by, type, last_update_date, key_name, owner, id, parent_id, child_id) VALUES ('runwaysdk.com', '0000000000000000000000000000001000000000000000000000000000000003', '2011-10-13 17:37:05', 3510, NULL, NULL, '0000000000000000000000000000001000000000000000000000000000000003', 'com.runwaysdk.system.MetadataParameter', '2011-10-13 17:37:05', 'com.runwaysdk.system.metadata.CharacterConditionController.cancel.dto', '0000000000000000000000000000001000000000000000000000000000000003', '900opkl1m7ktpnakq300n53yzbhpdw0p20070427JS0000000000000000001524', '28dcga8hs8v8g9w4ppiq8bcrzm4ep0ybNM200810110000000000000000000113', 'st35qqaclqz67c1x7ddah7zc7helhh6g20070427JS0000000000000000001517');
INSERT INTO metadata_display_label ( default_locale, id, site_master, key_name) VALUES ('delete', 'sggi2vllmxm8a3vz3uf6dbfwmbymfj28NM200904120000000000000000000030', 'runwaysdk.com', 'sggi2vllmxm8a3vz3uf6dbfwmbymfj28NM200904120000000000000000000030');
INSERT INTO metadata_display_label ( default_locale, id, site_master, key_name) VALUES ('Delete an instance of com.runwaysdk.system.metadata.CharacterCondition', 'sdv4m9r0vy6jw3kwj5c0qv8xi4vhhykpNM200904120000000000000000000030', 'runwaysdk.com', 'sdv4m9r0vy6jw3kwj5c0qv8xi4vhhykpNM200904120000000000000000000030');
INSERT INTO md_action ( is_query, enclosing_md_controller, is_post, action_name, display_label, id) VALUES (0, '2c8m6qtt4s4f2bk2lz190x4kjmx77scmNM200810110000000000000000000112', 1, 'delete', 'sggi2vllmxm8a3vz3uf6dbfwmbymfj28NM200904120000000000000000000030', 'z533gwvjscsb7pr0poptd4md2berx4gwNM200810110000000000000000000113');
INSERT INTO metadata ( description, created_by, owner, id, create_date, seq, type, remove, site_master, locked_by, entity_domain, last_updated_by, last_update_date, key_name) VALUES ('sdv4m9r0vy6jw3kwj5c0qv8xi4vhhykpNM200904120000000000000000000030', '0000000000000000000000000000001000000000000000000000000000000003', '0000000000000000000000000000001000000000000000000000000000000003', 'z533gwvjscsb7pr0poptd4md2berx4gwNM200810110000000000000000000113', '2011-10-13 17:37:05', 3511, 'com.runwaysdk.system.metadata.MdAction', 1, 'runwaysdk.com', NULL, NULL, '0000000000000000000000000000001000000000000000000000000000000003', '2011-10-13 17:37:05', 'com.runwaysdk.system.metadata.CharacterConditionController.delete');
INSERT INTO controller_action ( key_name, locked_by, id, owner, entity_domain, created_by, type, last_update_date, create_date, seq, last_updated_by, site_master, parent_id, child_id) VALUES ('com.runwaysdk.system.metadata.CharacterConditionController.delete', NULL, '7406etc9757ss3iduuuqdhzgynyklicmJS200807230000000000000000111111', '0000000000000000000000000000001000000000000000000000000000000003', NULL, '0000000000000000000000000000001000000000000000000000000000000003', 'com.runwaysdk.system.ControllerAction', '2011-10-13 17:37:05', '2011-10-13 17:37:05', 3512, '0000000000000000000000000000001000000000000000000000000000000003', 'runwaysdk.com', '2c8m6qtt4s4f2bk2lz190x4kjmx77scmNM200810110000000000000000000112', 'z533gwvjscsb7pr0poptd4md2berx4gwNM200810110000000000000000000113');
INSERT INTO metadata_display_label ( default_locale, id, site_master, key_name) VALUES ('Parameter: com.runwaysdk.system.metadata.CharacterCondition - dto', 'ssdy3kcxa24vcjli9jkh0316p3x3vxahNM200904120000000000000000000030', 'runwaysdk.com', 'ssdy3kcxa24vcjli9jkh0316p3x3vxahNM200904120000000000000000000030');
INSERT INTO metadata_display_label ( default_locale, id, site_master, key_name) VALUES ('com.runwaysdk.system.metadata.CharacterCondition to delete', 'sxklhnff493b6nyophv4jvnp6yjmmhbmNM200904120000000000000000000030', 'runwaysdk.com', 'sxklhnff493b6nyophv4jvnp6yjmmhbmNM200904120000000000000000000030');
INSERT INTO md_parameter ( metadata, parameter_order, parameter_name, parameter_type, display_label, id) VALUES ('z533gwvjscsb7pr0poptd4md2berx4gwNM200810110000000000000000000113', 0, 'dto', 'com.runwaysdk.system.metadata.CharacterCondition', 'ssdy3kcxa24vcjli9jkh0316p3x3vxahNM200904120000000000000000000030', 'xi92tisnqdfdee0i5ic06qk6ubs84qie20070427JS0000000000000000001517');
INSERT INTO metadata ( description, created_by, owner, id, create_date, seq, type, remove, site_master, locked_by, entity_domain, last_updated_by, last_update_date, key_name) VALUES ('sxklhnff493b6nyophv4jvnp6yjmmhbmNM200904120000000000000000000030', '0000000000000000000000000000001000000000000000000000000000000003', '0000000000000000000000000000001000000000000000000000000000000003', 'xi92tisnqdfdee0i5ic06qk6ubs84qie20070427JS0000000000000000001517', '2011-10-13 17:37:05', 3513, 'com.runwaysdk.system.metadata.MdParameter', 1, 'runwaysdk.com', NULL, NULL, '0000000000000000000000000000001000000000000000000000000000000003', '2011-10-13 17:37:05', 'com.runwaysdk.system.metadata.CharacterConditionController.delete.dto');
INSERT INTO metadata_parameter ( site_master, last_updated_by, create_date, seq, locked_by, entity_domain, created_by, type, last_update_date, key_name, owner, id, parent_id, child_id) VALUES ('runwaysdk.com', '0000000000000000000000000000001000000000000000000000000000000003', '2011-10-13 17:37:05', 3514, NULL, NULL, '0000000000000000000000000000001000000000000000000000000000000003', 'com.runwaysdk.system.MetadataParameter', '2011-10-13 17:37:05', 'com.runwaysdk.system.metadata.CharacterConditionController.delete.dto', '0000000000000000000000000000001000000000000000000000000000000003', '05f8omwifo119fptnllartmtfykoee7q20070427JS0000000000000000001524', 'z533gwvjscsb7pr0poptd4md2berx4gwNM200810110000000000000000000113', 'xi92tisnqdfdee0i5ic06qk6ubs84qie20070427JS0000000000000000001517');
INSERT INTO business_inheritance ( id, parent_id, child_id) VALUES ('zest8599zwywv8hv20l47xr6hv5hsojv20070926NM0000000000000000000004', '8cyzqex757pg9voulx8mlnxoyo8ypfal00000000000000000000000000000001', '8rprhvi6wvv8bwd4b6au4eudw29i60z400000000000000000000000000000001');
INSERT INTO class_inheritance ( id, parent_id, child_id) VALUES ('zest8599zwywv8hv20l47xr6hv5hsojv20070926NM0000000000000000000004', '8cyzqex757pg9voulx8mlnxoyo8ypfal00000000000000000000000000000001', '8rprhvi6wvv8bwd4b6au4eudw29i60z400000000000000000000000000000001');
INSERT INTO metadata_relationship ( entity_domain, site_master, last_updated_by, id, owner, locked_by, create_date, type, created_by, seq, key_name, last_update_date, parent_id, child_id) VALUES (NULL, 'runwaysdk.com', '0000000000000000000000000000001000000000000000000000000000000003', 'zest8599zwywv8hv20l47xr6hv5hsojv20070926NM0000000000000000000004', '0000000000000000000000000000001000000000000000000000000000000003', NULL, '2011-10-13 17:37:05', 'com.runwaysdk.system.metadata.BusinessInheritance', '0000000000000000000000000000001000000000000000000000000000000003', 3515, 'zest8599zwywv8hv20l47xr6hv5hsojv20070926NM0000000000000000000004', '2011-10-13 17:37:05', '8cyzqex757pg9voulx8mlnxoyo8ypfal00000000000000000000000000000001', '8rprhvi6wvv8bwd4b6au4eudw29i60z400000000000000000000000000000001');
 INSERT INTO visibilitymodifier (set_id, item_id)  VALUES  ('07exkn17x4owycvww2pe9l19fl18krao', '20071109NM000000000000000000000520071109NM0000000000000000000001');
INSERT INTO metadata_display_label ( default_locale, id, site_master, key_name) VALUES ('Defining Field', '0j12sxki9rxv11ub3amalvu9o8hlfqknNM200904120000000000000000000030', 'runwaysdk.com', '0j12sxki9rxv11ub3amalvu9o8hlfqknNM200904120000000000000000000030');
 INSERT INTO visibilitymodifier (set_id, item_id)  VALUES  ('zdhj4wglhqsz3v742d53sihmb76okv2o', '20071109NM000000000000000000000520071109NM0000000000000000000001');
 INSERT INTO md_attribute_indicies (set_id, item_id)  VALUES  ('2h98ktkmikakgakj4u5ctix88qr6u1u1', '0000000000000000000000000000040100000000000000000000000000000403');
INSERT INTO metadata_display_label ( default_locale, id, site_master, key_name) VALUES ('Field upon which the criteria is checked', '7fgxroo6zn4uv7thnc0xxsmrciw7nwzlNM200904120000000000000000000030', 'runwaysdk.com', '7fgxroo6zn4uv7thnc0xxsmrciw7nwzlNM200904120000000000000000000030');
INSERT INTO md_attribute_reference ( default_value, md_business, id) VALUES (NULL, '1p8imi9p4g6xmfg82cskzb95veiiu78r00000000000000000000000000000001', 'qrw5xonifh4it8tgxb0lttq6jxhbo24c00000000000000000000000000000186');
INSERT INTO md_attribute_ref ( id) VALUES ('qrw5xonifh4it8tgxb0lttq6jxhbo24c00000000000000000000000000000186');
INSERT INTO md_attribute_concrete ( column_name, defining_md_class, setter_visibility, setter_visibility_c, immutable, index_name, generate_accessor, system, required, display_label, getter_visibility, getter_visibility_c, index_type, index_type_c, attribute_name, id) VALUES ('defining_md_field', '8rprhvi6wvv8bwd4b6au4eudw29i60z400000000000000000000000000000001', '07exkn17x4owycvww2pe9l19fl18krao', '20071109NM000000000000000000000520071109NM0000000000000000000001', 0, 'aj9fbijuo1ac186704eu92bjtssqp3', 1, 0, 1, '0j12sxki9rxv11ub3amalvu9o8hlfqknNM200904120000000000000000000030', 'zdhj4wglhqsz3v742d53sihmb76okv2o', '20071109NM000000000000000000000520071109NM0000000000000000000001', '2h98ktkmikakgakj4u5ctix88qr6u1u1', '0000000000000000000000000000040100000000000000000000000000000403', 'definingMdField', 'qrw5xonifh4it8tgxb0lttq6jxhbo24c00000000000000000000000000000186');
INSERT INTO md_attribute ( id) VALUES ('qrw5xonifh4it8tgxb0lttq6jxhbo24c00000000000000000000000000000186');
INSERT INTO metadata ( description, created_by, owner, id, create_date, seq, type, remove, site_master, locked_by, entity_domain, last_updated_by, last_update_date, key_name) VALUES ('7fgxroo6zn4uv7thnc0xxsmrciw7nwzlNM200904120000000000000000000030', '0000000000000000000000000000001000000000000000000000000000000003', '0000000000000000000000000000001000000000000000000000000000000003', 'qrw5xonifh4it8tgxb0lttq6jxhbo24c00000000000000000000000000000186', '2011-10-13 17:37:05', 3516, 'com.runwaysdk.system.metadata.MdAttributeReference', 1, 'runwaysdk.com', NULL, NULL, '0000000000000000000000000000001000000000000000000000000000000003', '2011-10-13 17:37:05', 'com.runwaysdk.system.metadata.CharacterCondition.definingMdField');
ALTER TABLE character_condition ADD COLUMN defining_md_field  char(64);
INSERT INTO class_attribute_concrete ( id, parent_id, child_id) VALUES ('xx4jomd6zg9rf7nj1x7hgjecbeyotohk00000000000000000000000000000073', '8rprhvi6wvv8bwd4b6au4eudw29i60z400000000000000000000000000000001', 'qrw5xonifh4it8tgxb0lttq6jxhbo24c00000000000000000000000000000186');
INSERT INTO class_attribute ( id, parent_id, child_id) VALUES ('xx4jomd6zg9rf7nj1x7hgjecbeyotohk00000000000000000000000000000073', '8rprhvi6wvv8bwd4b6au4eudw29i60z400000000000000000000000000000001', 'qrw5xonifh4it8tgxb0lttq6jxhbo24c00000000000000000000000000000186');
INSERT INTO metadata_relationship ( entity_domain, site_master, last_updated_by, id, owner, locked_by, create_date, type, created_by, seq, key_name, last_update_date, parent_id, child_id) VALUES (NULL, 'runwaysdk.com', '0000000000000000000000000000001000000000000000000000000000000003', 'xx4jomd6zg9rf7nj1x7hgjecbeyotohk00000000000000000000000000000073', '0000000000000000000000000000001000000000000000000000000000000003', NULL, '2011-10-13 17:37:05', 'com.runwaysdk.system.metadata.ClassAttributeConcrete', '0000000000000000000000000000001000000000000000000000000000000003', 3517, 'com.runwaysdk.system.metadata.CharacterCondition.definingMdField', '2011-10-13 17:37:05', '8rprhvi6wvv8bwd4b6au4eudw29i60z400000000000000000000000000000001', 'qrw5xonifh4it8tgxb0lttq6jxhbo24c00000000000000000000000000000186');
 INSERT INTO visibilitymodifier (set_id, item_id)  VALUES  ('xow5yax7mj1yh67acma7kovgfzbhxzml', '20071109NM000000000000000000000520071109NM0000000000000000000001');
INSERT INTO metadata_display_label ( default_locale, id, site_master, key_name) VALUES ('Value', 'zojmzttdcqpzb0odg50qlvx5wj81zn24NM200904120000000000000000000030', 'runwaysdk.com', 'zojmzttdcqpzb0odg50qlvx5wj81zn24NM200904120000000000000000000030');
 INSERT INTO visibilitymodifier (set_id, item_id)  VALUES  ('0qd6okfpdlrk0x2cmrjzmqf5yybzxngy', '20071109NM000000000000000000000520071109NM0000000000000000000001');
 INSERT INTO md_attribute_indicies (set_id, item_id)  VALUES  ('xi1lx0l30ktoatalhgh768jywde3mytl', '0000000000000000000000000000040100000000000000000000000000000403');
INSERT INTO metadata_display_label ( default_locale, id, site_master, key_name) VALUES ('Value to check against', 'xq4o5ewvdxp3skz5vihhbtfaulem6mmjNM200904120000000000000000000030', 'runwaysdk.com', 'xq4o5ewvdxp3skz5vihhbtfaulem6mmjNM200904120000000000000000000030');
INSERT INTO md_attribute_character ( default_value, database_size, id) VALUES (NULL, 2000, 's8z2r1kihje44uq2afgluyikt9yp7laz00000000000000000000000000000138');
INSERT INTO md_attribute_char ( id) VALUES ('s8z2r1kihje44uq2afgluyikt9yp7laz00000000000000000000000000000138');
INSERT INTO md_attribute_primitive ( id) VALUES ('s8z2r1kihje44uq2afgluyikt9yp7laz00000000000000000000000000000138');
INSERT INTO md_attribute_concrete ( column_name, defining_md_class, setter_visibility, setter_visibility_c, immutable, index_name, generate_accessor, system, required, display_label, getter_visibility, getter_visibility_c, index_type, index_type_c, attribute_name, id) VALUES ('fieldvalue', '8rprhvi6wvv8bwd4b6au4eudw29i60z400000000000000000000000000000001', 'xow5yax7mj1yh67acma7kovgfzbhxzml', '20071109NM000000000000000000000520071109NM0000000000000000000001', 0, 'ai3a1sbrz43qgj3n48e43q5js4kay9', 1, 0, 1, 'zojmzttdcqpzb0odg50qlvx5wj81zn24NM200904120000000000000000000030', '0qd6okfpdlrk0x2cmrjzmqf5yybzxngy', '20071109NM000000000000000000000520071109NM0000000000000000000001', 'xi1lx0l30ktoatalhgh768jywde3mytl', '0000000000000000000000000000040100000000000000000000000000000403', 'value', 's8z2r1kihje44uq2afgluyikt9yp7laz00000000000000000000000000000138');
INSERT INTO md_attribute ( id) VALUES ('s8z2r1kihje44uq2afgluyikt9yp7laz00000000000000000000000000000138');
INSERT INTO metadata ( description, created_by, owner, id, create_date, seq, type, remove, site_master, locked_by, entity_domain, last_updated_by, last_update_date, key_name) VALUES ('xq4o5ewvdxp3skz5vihhbtfaulem6mmjNM200904120000000000000000000030', '0000000000000000000000000000001000000000000000000000000000000003', '0000000000000000000000000000001000000000000000000000000000000003', 's8z2r1kihje44uq2afgluyikt9yp7laz00000000000000000000000000000138', '2011-10-13 17:37:05', 3518, 'com.runwaysdk.system.metadata.MdAttributeCharacter', 1, 'runwaysdk.com', NULL, NULL, '0000000000000000000000000000001000000000000000000000000000000003', '2011-10-13 17:37:05', 'com.runwaysdk.system.metadata.CharacterCondition.value');
ALTER TABLE character_condition ADD COLUMN fieldvalue  varchar(2000);
INSERT INTO class_attribute_concrete ( id, parent_id, child_id) VALUES ('yzd94e9h1c7y50a2m9z78mhq5vnfustz00000000000000000000000000000073', '8rprhvi6wvv8bwd4b6au4eudw29i60z400000000000000000000000000000001', 's8z2r1kihje44uq2afgluyikt9yp7laz00000000000000000000000000000138');
INSERT INTO class_attribute ( id, parent_id, child_id) VALUES ('yzd94e9h1c7y50a2m9z78mhq5vnfustz00000000000000000000000000000073', '8rprhvi6wvv8bwd4b6au4eudw29i60z400000000000000000000000000000001', 's8z2r1kihje44uq2afgluyikt9yp7laz00000000000000000000000000000138');
INSERT INTO metadata_relationship ( entity_domain, site_master, last_updated_by, id, owner, locked_by, create_date, type, created_by, seq, key_name, last_update_date, parent_id, child_id) VALUES (NULL, 'runwaysdk.com', '0000000000000000000000000000001000000000000000000000000000000003', 'yzd94e9h1c7y50a2m9z78mhq5vnfustz00000000000000000000000000000073', '0000000000000000000000000000001000000000000000000000000000000003', NULL, '2011-10-13 17:37:05', 'com.runwaysdk.system.metadata.ClassAttributeConcrete', '0000000000000000000000000000001000000000000000000000000000000003', 3519, 'com.runwaysdk.system.metadata.CharacterCondition.value', '2011-10-13 17:37:05', '8rprhvi6wvv8bwd4b6au4eudw29i60z400000000000000000000000000000001', 's8z2r1kihje44uq2afgluyikt9yp7laz00000000000000000000000000000138');
 INSERT INTO visibilitymodifier (set_id, item_id)  VALUES  ('6nf3je7do1irhej5tdk92h0ff8hso0w1', '20071109NM000000000000000000000520071109NM0000000000000000000001');
INSERT INTO metadata_display_label ( default_locale, id, site_master, key_name) VALUES ('Operation', 'qnymfeu8fq2rxjrgdlemjoiirdxb0vh8NM200904120000000000000000000030', 'runwaysdk.com', 'qnymfeu8fq2rxjrgdlemjoiirdxb0vh8NM200904120000000000000000000030');
 INSERT INTO visibilitymodifier (set_id, item_id)  VALUES  ('xo24xgg8zynagxlmf8nlu7yz70qt7z8p', '20071109NM000000000000000000000520071109NM0000000000000000000001');
 INSERT INTO md_attribute_indicies (set_id, item_id)  VALUES  ('0jnil83x93pxc72k1bfrmnes0ntew62q', '0000000000000000000000000000040100000000000000000000000000000403');
INSERT INTO metadata_display_label ( default_locale, id, site_master, key_name) VALUES ('Operation', '6tookwehoz07d2m5tvu7evy4k0gbndecNM200904120000000000000000000030', 'runwaysdk.com', '6tookwehoz07d2m5tvu7evy4k0gbndecNM200904120000000000000000000030');
INSERT INTO md_attribute_enumeration ( select_multiple, md_enumeration, default_value, cache_column_name, id) VALUES (0, 'szsrmxeudwjeyu6uej4nuz04w2lotcax00000000000000000000000000000196', NULL, 'conditionoperation_c', '7163qckf73htgr3zl8pwxstidhwm8dys00000000000000000000000000000216');
INSERT INTO md_attribute_ref ( id) VALUES ('7163qckf73htgr3zl8pwxstidhwm8dys00000000000000000000000000000216');
INSERT INTO md_attribute_concrete ( column_name, defining_md_class, setter_visibility, setter_visibility_c, immutable, index_name, generate_accessor, system, required, display_label, getter_visibility, getter_visibility_c, index_type, index_type_c, attribute_name, id) VALUES ('conditionoperation', '8rprhvi6wvv8bwd4b6au4eudw29i60z400000000000000000000000000000001', '6nf3je7do1irhej5tdk92h0ff8hso0w1', '20071109NM000000000000000000000520071109NM0000000000000000000001', 0, 'a6zeywy3h41dokfbjb987lzzv5b0qj', 1, 0, 1, 'qnymfeu8fq2rxjrgdlemjoiirdxb0vh8NM200904120000000000000000000030', 'xo24xgg8zynagxlmf8nlu7yz70qt7z8p', '20071109NM000000000000000000000520071109NM0000000000000000000001', '0jnil83x93pxc72k1bfrmnes0ntew62q', '0000000000000000000000000000040100000000000000000000000000000403', 'operation', '7163qckf73htgr3zl8pwxstidhwm8dys00000000000000000000000000000216');
INSERT INTO md_attribute ( id) VALUES ('7163qckf73htgr3zl8pwxstidhwm8dys00000000000000000000000000000216');
INSERT INTO metadata ( description, created_by, owner, id, create_date, seq, type, remove, site_master, locked_by, entity_domain, last_updated_by, last_update_date, key_name) VALUES ('6tookwehoz07d2m5tvu7evy4k0gbndecNM200904120000000000000000000030', '0000000000000000000000000000001000000000000000000000000000000003', '0000000000000000000000000000001000000000000000000000000000000003', '7163qckf73htgr3zl8pwxstidhwm8dys00000000000000000000000000000216', '2011-10-13 17:37:05', 3520, 'com.runwaysdk.system.metadata.MdAttributeEnumeration', 1, 'runwaysdk.com', NULL, NULL, '0000000000000000000000000000001000000000000000000000000000000003', '2011-10-13 17:37:05', 'com.runwaysdk.system.metadata.CharacterCondition.operation');
ALTER TABLE character_condition ADD COLUMN conditionoperation  char(32);
ALTER TABLE character_condition ADD COLUMN conditionoperation_c  text;
INSERT INTO class_attribute_concrete ( id, parent_id, child_id) VALUES ('79ewkgi020cysije7kmiwxlh65p09cf700000000000000000000000000000073', '8rprhvi6wvv8bwd4b6au4eudw29i60z400000000000000000000000000000001', '7163qckf73htgr3zl8pwxstidhwm8dys00000000000000000000000000000216');
INSERT INTO class_attribute ( id, parent_id, child_id) VALUES ('79ewkgi020cysije7kmiwxlh65p09cf700000000000000000000000000000073', '8rprhvi6wvv8bwd4b6au4eudw29i60z400000000000000000000000000000001', '7163qckf73htgr3zl8pwxstidhwm8dys00000000000000000000000000000216');
INSERT INTO metadata_relationship ( entity_domain, site_master, last_updated_by, id, owner, locked_by, create_date, type, created_by, seq, key_name, last_update_date, parent_id, child_id) VALUES (NULL, 'runwaysdk.com', '0000000000000000000000000000001000000000000000000000000000000003', '79ewkgi020cysije7kmiwxlh65p09cf700000000000000000000000000000073', '0000000000000000000000000000001000000000000000000000000000000003', NULL, '2011-10-13 17:37:05', 'com.runwaysdk.system.metadata.ClassAttributeConcrete', '0000000000000000000000000000001000000000000000000000000000000003', 3521, 'com.runwaysdk.system.metadata.CharacterCondition.operation', '2011-10-13 17:37:05', '8rprhvi6wvv8bwd4b6au4eudw29i60z400000000000000000000000000000001', '7163qckf73htgr3zl8pwxstidhwm8dys00000000000000000000000000000216');
 INSERT INTO class_cache (set_id, item_id)  VALUES  ('23h669xjvua6de4n12xlb59svnak0h64', '0000000000000000000000000000023100000000000000000000000000000222');
INSERT INTO metadata_display_label ( default_locale, id, site_master, key_name) VALUES ('Character condition', 'zht3n7acmrt4ypwqds5t465hq30yiw6gNM200904120000000000000000000030', 'runwaysdk.com', 'zht3n7acmrt4ypwqds5t465hq30yiw6gNM200904120000000000000000000030');
INSERT INTO metadata_display_label ( default_locale, id, site_master, key_name) VALUES ('A condition which check a field value again a simple string', '0l0fo11gp9jncex40i1awx67qmllh1wlNM200904120000000000000000000030', 'runwaysdk.com', '0l0fo11gp9jncex40i1awx67qmllh1wlNM200904120000000000000000000030');
INSERT INTO md_business ( cache_algorithm, cache_algorithm_c, super_md_business, id) VALUES ('23h669xjvua6de4n12xlb59svnak0h64', '0000000000000000000000000000023100000000000000000000000000000222', '8cyzqex757pg9voulx8mlnxoyo8ypfal00000000000000000000000000000001', 'scstwf3pkmjf6txcn0bvv3nx91darzee00000000000000000000000000000001');
INSERT INTO md_element ( extendable, is_abstract, id) VALUES (1, 0, 'scstwf3pkmjf6txcn0bvv3nx91darzee00000000000000000000000000000001');
INSERT INTO md_entity ( query_dto_source, query_source, cache_size, enforce_site_master, table_name, id) VALUES (NULL, NULL, 0, 1, 'date_condition', 'scstwf3pkmjf6txcn0bvv3nx91darzee00000000000000000000000000000001');
INSERT INTO md_class ( publish, stub_dto_source, stub_source, id) VALUES (1, NULL, NULL, 'scstwf3pkmjf6txcn0bvv3nx91darzee00000000000000000000000000000001');
INSERT INTO md_type ( display_label, root_id, package_name, type_name, base_source, js_base, js_stub, exported, dto_source, id) VALUES ('zht3n7acmrt4ypwqds5t465hq30yiw6gNM200904120000000000000000000030', 'scstwf3pkmjf6txcn0bvv3nx91darzee', 'com.runwaysdk.system.metadata', 'DateCondition', NULL, NULL, NULL, 1, NULL, 'scstwf3pkmjf6txcn0bvv3nx91darzee00000000000000000000000000000001');
INSERT INTO metadata ( description, created_by, owner, id, create_date, seq, type, remove, site_master, locked_by, entity_domain, last_updated_by, last_update_date, key_name) VALUES ('0l0fo11gp9jncex40i1awx67qmllh1wlNM200904120000000000000000000030', '0000000000000000000000000000001000000000000000000000000000000003', '0000000000000000000000000000001000000000000000000000000000000003', 'scstwf3pkmjf6txcn0bvv3nx91darzee00000000000000000000000000000001', '2011-10-13 17:37:05', 3522, 'com.runwaysdk.system.metadata.MdBusiness', 1, 'runwaysdk.com', NULL, NULL, '0000000000000000000000000000001000000000000000000000000000000003', '2011-10-13 17:37:05', 'com.runwaysdk.system.metadata.DateCondition');
CREATE TABLE date_condition ( id CHAR(64) NOT NULL PRIMARY KEY );
INSERT INTO metadata_display_label ( default_locale, id, site_master, key_name) VALUES (NULL, '20pl3aem6bh4nxpaneoi3156szv0q68lNM200904120000000000000000000030', 'runwaysdk.com', '20pl3aem6bh4nxpaneoi3156szv0q68lNM200904120000000000000000000030');
INSERT INTO metadata_display_label ( default_locale, id, site_master, key_name) VALUES (NULL, '763fe7etom1nsrpsbnkd9gig3gv0lm3mNM200904120000000000000000000030', 'runwaysdk.com', '763fe7etom1nsrpsbnkd9gig3gv0lm3mNM200904120000000000000000000030');
INSERT INTO md_controller ( stub_source, id) VALUES (NULL, 'smyewtk3rubjycttfrz4tmcvv9caablbNM200810110000000000000000000112');
INSERT INTO md_type ( display_label, root_id, package_name, type_name, base_source, js_base, js_stub, exported, dto_source, id) VALUES ('20pl3aem6bh4nxpaneoi3156szv0q68lNM200904120000000000000000000030', 'smyewtk3rubjycttfrz4tmcvv9caablb', 'com.runwaysdk.system.metadata', 'DateConditionController', NULL, NULL, NULL, 1, NULL, 'smyewtk3rubjycttfrz4tmcvv9caablbNM200810110000000000000000000112');
INSERT INTO metadata ( description, created_by, owner, id, create_date, seq, type, remove, site_master, locked_by, entity_domain, last_updated_by, last_update_date, key_name) VALUES ('763fe7etom1nsrpsbnkd9gig3gv0lm3mNM200904120000000000000000000030', '0000000000000000000000000000001000000000000000000000000000000003', '0000000000000000000000000000001000000000000000000000000000000003', 'smyewtk3rubjycttfrz4tmcvv9caablbNM200810110000000000000000000112', '2011-10-13 17:37:05', 3523, 'com.runwaysdk.system.metadata.MdController', 1, 'runwaysdk.com', NULL, NULL, '0000000000000000000000000000001000000000000000000000000000000003', '2011-10-13 17:37:05', 'com.runwaysdk.system.metadata.DateConditionController');
INSERT INTO metadata_display_label ( default_locale, id, site_master, key_name) VALUES ('View Page', '1u46xourgjyk4j4kxp0nmzevuilqivmwNM200904120000000000000000000030', 'runwaysdk.com', '1u46xourgjyk4j4kxp0nmzevuilqivmwNM200904120000000000000000000030');
INSERT INTO metadata_display_label ( default_locale, id, site_master, key_name) VALUES ('Loads a ViewAll query for a specific page into the request object', 'xlmnbgp1qc5v6tm6vebkn0lm32hkug6xNM200904120000000000000000000030', 'runwaysdk.com', 'xlmnbgp1qc5v6tm6vebkn0lm32hkug6xNM200904120000000000000000000030');
INSERT INTO md_action ( is_query, enclosing_md_controller, is_post, action_name, display_label, id) VALUES (1, 'smyewtk3rubjycttfrz4tmcvv9caablbNM200810110000000000000000000112', 0, 'viewPage', '1u46xourgjyk4j4kxp0nmzevuilqivmwNM200904120000000000000000000030', 'xhwjqn69j1orcuvwpuv1f0rbdu3kux36NM200810110000000000000000000113');
INSERT INTO metadata ( description, created_by, owner, id, create_date, seq, type, remove, site_master, locked_by, entity_domain, last_updated_by, last_update_date, key_name) VALUES ('xlmnbgp1qc5v6tm6vebkn0lm32hkug6xNM200904120000000000000000000030', '0000000000000000000000000000001000000000000000000000000000000003', '0000000000000000000000000000001000000000000000000000000000000003', 'xhwjqn69j1orcuvwpuv1f0rbdu3kux36NM200810110000000000000000000113', '2011-10-13 17:37:05', 3524, 'com.runwaysdk.system.metadata.MdAction', 1, 'runwaysdk.com', NULL, NULL, '0000000000000000000000000000001000000000000000000000000000000003', '2011-10-13 17:37:05', 'com.runwaysdk.system.metadata.DateConditionController.viewPage');
INSERT INTO controller_action ( key_name, locked_by, id, owner, entity_domain, created_by, type, last_update_date, create_date, seq, last_updated_by, site_master, parent_id, child_id) VALUES ('com.runwaysdk.system.metadata.DateConditionController.viewPage', NULL, '2auaglu81jjnmhek2zsh8fcxpgvw4m4mJS200807230000000000000000111111', '0000000000000000000000000000001000000000000000000000000000000003', NULL, '0000000000000000000000000000001000000000000000000000000000000003', 'com.runwaysdk.system.ControllerAction', '2011-10-13 17:37:05', '2011-10-13 17:37:05', 3525, '0000000000000000000000000000001000000000000000000000000000000003', 'runwaysdk.com', 'smyewtk3rubjycttfrz4tmcvv9caablbNM200810110000000000000000000112', 'xhwjqn69j1orcuvwpuv1f0rbdu3kux36NM200810110000000000000000000113');
INSERT INTO metadata_display_label ( default_locale, id, site_master, key_name) VALUES ('Sort Attribute', '8x7i3nd9dsagzi51k6l9zbdf0d0anmjwNM200904120000000000000000000030', 'runwaysdk.com', '8x7i3nd9dsagzi51k6l9zbdf0d0anmjwNM200904120000000000000000000030');
INSERT INTO metadata_display_label ( default_locale, id, site_master, key_name) VALUES (NULL, '0iyh5wy3e5emhs2y0yaolvzfa3sn7oqkNM200904120000000000000000000030', 'runwaysdk.com', '0iyh5wy3e5emhs2y0yaolvzfa3sn7oqkNM200904120000000000000000000030');
INSERT INTO md_parameter ( metadata, parameter_order, parameter_name, parameter_type, display_label, id) VALUES ('xhwjqn69j1orcuvwpuv1f0rbdu3kux36NM200810110000000000000000000113', -4, 'sortAttribute', 'java.lang.String', '8x7i3nd9dsagzi51k6l9zbdf0d0anmjwNM200904120000000000000000000030', '71ccd727ctrjbwv30w9yum9uepzwpl0p20070427JS0000000000000000001517');
INSERT INTO metadata ( description, created_by, owner, id, create_date, seq, type, remove, site_master, locked_by, entity_domain, last_updated_by, last_update_date, key_name) VALUES ('0iyh5wy3e5emhs2y0yaolvzfa3sn7oqkNM200904120000000000000000000030', '0000000000000000000000000000001000000000000000000000000000000003', '0000000000000000000000000000001000000000000000000000000000000003', '71ccd727ctrjbwv30w9yum9uepzwpl0p20070427JS0000000000000000001517', '2011-10-13 17:37:05', 3526, 'com.runwaysdk.system.metadata.MdParameter', 1, 'runwaysdk.com', NULL, NULL, '0000000000000000000000000000001000000000000000000000000000000003', '2011-10-13 17:37:05', 'com.runwaysdk.system.metadata.DateConditionController.viewPage.sortAttribute');
INSERT INTO metadata_parameter ( site_master, last_updated_by, create_date, seq, locked_by, entity_domain, created_by, type, last_update_date, key_name, owner, id, parent_id, child_id) VALUES ('runwaysdk.com', '0000000000000000000000000000001000000000000000000000000000000003', '2011-10-13 17:37:05', 3527, NULL, NULL, '0000000000000000000000000000001000000000000000000000000000000003', 'com.runwaysdk.system.MetadataParameter', '2011-10-13 17:37:05', 'com.runwaysdk.system.metadata.DateConditionController.viewPage.sortAttribute', '0000000000000000000000000000001000000000000000000000000000000003', '1szmz4go65y5qhe4ep6gzfdggoexr7ug20070427JS0000000000000000001524', 'xhwjqn69j1orcuvwpuv1f0rbdu3kux36NM200810110000000000000000000113', '71ccd727ctrjbwv30w9yum9uepzwpl0p20070427JS0000000000000000001517');
INSERT INTO metadata_display_label ( default_locale, id, site_master, key_name) VALUES ('Is Ascending', '72skul21424xts9dyuct2vb5xd3ypff7NM200904120000000000000000000030', 'runwaysdk.com', '72skul21424xts9dyuct2vb5xd3ypff7NM200904120000000000000000000030');
INSERT INTO metadata_display_label ( default_locale, id, site_master, key_name) VALUES (NULL, '05hrziltpeo9tu6d8g4nhpmkgve727n4NM200904120000000000000000000030', 'runwaysdk.com', '05hrziltpeo9tu6d8g4nhpmkgve727n4NM200904120000000000000000000030');
INSERT INTO md_parameter ( metadata, parameter_order, parameter_name, parameter_type, display_label, id) VALUES ('xhwjqn69j1orcuvwpuv1f0rbdu3kux36NM200810110000000000000000000113', -3, 'isAscending', 'java.lang.Boolean', '72skul21424xts9dyuct2vb5xd3ypff7NM200904120000000000000000000030', '8jnmbzx84anuj18kib7npmgrl8ysaja620070427JS0000000000000000001517');
INSERT INTO metadata ( description, created_by, owner, id, create_date, seq, type, remove, site_master, locked_by, entity_domain, last_updated_by, last_update_date, key_name) VALUES ('05hrziltpeo9tu6d8g4nhpmkgve727n4NM200904120000000000000000000030', '0000000000000000000000000000001000000000000000000000000000000003', '0000000000000000000000000000001000000000000000000000000000000003', '8jnmbzx84anuj18kib7npmgrl8ysaja620070427JS0000000000000000001517', '2011-10-13 17:37:05', 3528, 'com.runwaysdk.system.metadata.MdParameter', 1, 'runwaysdk.com', NULL, NULL, '0000000000000000000000000000001000000000000000000000000000000003', '2011-10-13 17:37:05', 'com.runwaysdk.system.metadata.DateConditionController.viewPage.isAscending');
INSERT INTO metadata_parameter ( site_master, last_updated_by, create_date, seq, locked_by, entity_domain, created_by, type, last_update_date, key_name, owner, id, parent_id, child_id) VALUES ('runwaysdk.com', '0000000000000000000000000000001000000000000000000000000000000003', '2011-10-13 17:37:05', 3529, NULL, NULL, '0000000000000000000000000000001000000000000000000000000000000003', 'com.runwaysdk.system.MetadataParameter', '2011-10-13 17:37:05', 'com.runwaysdk.system.metadata.DateConditionController.viewPage.isAscending', '0000000000000000000000000000001000000000000000000000000000000003', 'xo4vaf76u18k1r9pjnzyn9kq9lie56qe20070427JS0000000000000000001524', 'xhwjqn69j1orcuvwpuv1f0rbdu3kux36NM200810110000000000000000000113', '8jnmbzx84anuj18kib7npmgrl8ysaja620070427JS0000000000000000001517');
INSERT INTO metadata_display_label ( default_locale, id, site_master, key_name) VALUES ('Page Size', '8iqpc6lka8t0olacmqopdm1zrizux6ueNM200904120000000000000000000030', 'runwaysdk.com', '8iqpc6lka8t0olacmqopdm1zrizux6ueNM200904120000000000000000000030');
INSERT INTO metadata_display_label ( default_locale, id, site_master, key_name) VALUES (NULL, 'zj9jyrlb60aap04u2dogfqrw07trotztNM200904120000000000000000000030', 'runwaysdk.com', 'zj9jyrlb60aap04u2dogfqrw07trotztNM200904120000000000000000000030');
INSERT INTO md_parameter ( metadata, parameter_order, parameter_name, parameter_type, display_label, id) VALUES ('xhwjqn69j1orcuvwpuv1f0rbdu3kux36NM200810110000000000000000000113', -2, 'pageSize', 'java.lang.Integer', '8iqpc6lka8t0olacmqopdm1zrizux6ueNM200904120000000000000000000030', '905uvhzcsbuc1dohyd2tcmtkzjxg69ph20070427JS0000000000000000001517');
INSERT INTO metadata ( description, created_by, owner, id, create_date, seq, type, remove, site_master, locked_by, entity_domain, last_updated_by, last_update_date, key_name) VALUES ('zj9jyrlb60aap04u2dogfqrw07trotztNM200904120000000000000000000030', '0000000000000000000000000000001000000000000000000000000000000003', '0000000000000000000000000000001000000000000000000000000000000003', '905uvhzcsbuc1dohyd2tcmtkzjxg69ph20070427JS0000000000000000001517', '2011-10-13 17:37:05', 3530, 'com.runwaysdk.system.metadata.MdParameter', 1, 'runwaysdk.com', NULL, NULL, '0000000000000000000000000000001000000000000000000000000000000003', '2011-10-13 17:37:05', 'com.runwaysdk.system.metadata.DateConditionController.viewPage.pageSize');
INSERT INTO metadata_parameter ( site_master, last_updated_by, create_date, seq, locked_by, entity_domain, created_by, type, last_update_date, key_name, owner, id, parent_id, child_id) VALUES ('runwaysdk.com', '0000000000000000000000000000001000000000000000000000000000000003', '2011-10-13 17:37:05', 3531, NULL, NULL, '0000000000000000000000000000001000000000000000000000000000000003', 'com.runwaysdk.system.MetadataParameter', '2011-10-13 17:37:05', 'com.runwaysdk.system.metadata.DateConditionController.viewPage.pageSize', '0000000000000000000000000000001000000000000000000000000000000003', '2ahb8wt4jk518g4k2hhtzwly5vbqsll220070427JS0000000000000000001524', 'xhwjqn69j1orcuvwpuv1f0rbdu3kux36NM200810110000000000000000000113', '905uvhzcsbuc1dohyd2tcmtkzjxg69ph20070427JS0000000000000000001517');
INSERT INTO metadata_display_label ( default_locale, id, site_master, key_name) VALUES ('Page Number', '7ac4hch94akpt2dylh86b0jswbutoggnNM200904120000000000000000000030', 'runwaysdk.com', '7ac4hch94akpt2dylh86b0jswbutoggnNM200904120000000000000000000030');
INSERT INTO metadata_display_label ( default_locale, id, site_master, key_name) VALUES (NULL, '0448j6oxzrqtwfhezc1gi46zsw4z5sq8NM200904120000000000000000000030', 'runwaysdk.com', '0448j6oxzrqtwfhezc1gi46zsw4z5sq8NM200904120000000000000000000030');
INSERT INTO md_parameter ( metadata, parameter_order, parameter_name, parameter_type, display_label, id) VALUES ('xhwjqn69j1orcuvwpuv1f0rbdu3kux36NM200810110000000000000000000113', -1, 'pageNumber', 'java.lang.Integer', '7ac4hch94akpt2dylh86b0jswbutoggnNM200904120000000000000000000030', '08ubffw4wvp9txg7jav21iy6ib0cb0ff20070427JS0000000000000000001517');
INSERT INTO metadata ( description, created_by, owner, id, create_date, seq, type, remove, site_master, locked_by, entity_domain, last_updated_by, last_update_date, key_name) VALUES ('0448j6oxzrqtwfhezc1gi46zsw4z5sq8NM200904120000000000000000000030', '0000000000000000000000000000001000000000000000000000000000000003', '0000000000000000000000000000001000000000000000000000000000000003', '08ubffw4wvp9txg7jav21iy6ib0cb0ff20070427JS0000000000000000001517', '2011-10-13 17:37:05', 3532, 'com.runwaysdk.system.metadata.MdParameter', 1, 'runwaysdk.com', NULL, NULL, '0000000000000000000000000000001000000000000000000000000000000003', '2011-10-13 17:37:05', 'com.runwaysdk.system.metadata.DateConditionController.viewPage.pageNumber');
INSERT INTO metadata_parameter ( site_master, last_updated_by, create_date, seq, locked_by, entity_domain, created_by, type, last_update_date, key_name, owner, id, parent_id, child_id) VALUES ('runwaysdk.com', '0000000000000000000000000000001000000000000000000000000000000003', '2011-10-13 17:37:05', 3533, NULL, NULL, '0000000000000000000000000000001000000000000000000000000000000003', 'com.runwaysdk.system.MetadataParameter', '2011-10-13 17:37:05', 'com.runwaysdk.system.metadata.DateConditionController.viewPage.pageNumber', '0000000000000000000000000000001000000000000000000000000000000003', '21te3sf3lmfdzehyx2ktrjl5cp1w4jkw20070427JS0000000000000000001524', 'xhwjqn69j1orcuvwpuv1f0rbdu3kux36NM200810110000000000000000000113', '08ubffw4wvp9txg7jav21iy6ib0cb0ff20070427JS0000000000000000001517');
INSERT INTO metadata_display_label ( default_locale, id, site_master, key_name) VALUES ('View All', 's9i9pe8lvglsc74jpm64v62urbvsahesNM200904120000000000000000000030', 'runwaysdk.com', 's9i9pe8lvglsc74jpm64v62urbvsahesNM200904120000000000000000000030');
INSERT INTO metadata_display_label ( default_locale, id, site_master, key_name) VALUES ('Loads a ViewAll query with the default settings', '8n4oe8kkhbh9ddkq6f69eg4olet8kmzuNM200904120000000000000000000030', 'runwaysdk.com', '8n4oe8kkhbh9ddkq6f69eg4olet8kmzuNM200904120000000000000000000030');
INSERT INTO md_action ( is_query, enclosing_md_controller, is_post, action_name, display_label, id) VALUES (0, 'smyewtk3rubjycttfrz4tmcvv9caablbNM200810110000000000000000000112', 0, 'viewAll', 's9i9pe8lvglsc74jpm64v62urbvsahesNM200904120000000000000000000030', '24vb9lfop4qrgbcn7xf9rl6ux1d1lygqNM200810110000000000000000000113');
INSERT INTO metadata ( description, created_by, owner, id, create_date, seq, type, remove, site_master, locked_by, entity_domain, last_updated_by, last_update_date, key_name) VALUES ('8n4oe8kkhbh9ddkq6f69eg4olet8kmzuNM200904120000000000000000000030', '0000000000000000000000000000001000000000000000000000000000000003', '0000000000000000000000000000001000000000000000000000000000000003', '24vb9lfop4qrgbcn7xf9rl6ux1d1lygqNM200810110000000000000000000113', '2011-10-13 17:37:05', 3534, 'com.runwaysdk.system.metadata.MdAction', 1, 'runwaysdk.com', NULL, NULL, '0000000000000000000000000000001000000000000000000000000000000003', '2011-10-13 17:37:05', 'com.runwaysdk.system.metadata.DateConditionController.viewAll');
INSERT INTO controller_action ( key_name, locked_by, id, owner, entity_domain, created_by, type, last_update_date, create_date, seq, last_updated_by, site_master, parent_id, child_id) VALUES ('com.runwaysdk.system.metadata.DateConditionController.viewAll', NULL, '8muw87r2ezi96ozhot36qmbino7lgb7lJS200807230000000000000000111111', '0000000000000000000000000000001000000000000000000000000000000003', NULL, '0000000000000000000000000000001000000000000000000000000000000003', 'com.runwaysdk.system.ControllerAction', '2011-10-13 17:37:05', '2011-10-13 17:37:05', 3535, '0000000000000000000000000000001000000000000000000000000000000003', 'runwaysdk.com', 'smyewtk3rubjycttfrz4tmcvv9caablbNM200810110000000000000000000112', '24vb9lfop4qrgbcn7xf9rl6ux1d1lygqNM200810110000000000000000000113');
INSERT INTO metadata_display_label ( default_locale, id, site_master, key_name) VALUES ('View', '22ixktc2qyjg7d5aunb2tc31db1kdp93NM200904120000000000000000000030', 'runwaysdk.com', '22ixktc2qyjg7d5aunb2tc31db1kdp93NM200904120000000000000000000030');
INSERT INTO metadata_display_label ( default_locale, id, site_master, key_name) VALUES ('View an existing instance of com.runwaysdk.system.metadata.DateCondition', 'zog5wry6svrybomph30w7fgqx2iahfqpNM200904120000000000000000000030', 'runwaysdk.com', 'zog5wry6svrybomph30w7fgqx2iahfqpNM200904120000000000000000000030');
INSERT INTO md_action ( is_query, enclosing_md_controller, is_post, action_name, display_label, id) VALUES (0, 'smyewtk3rubjycttfrz4tmcvv9caablbNM200810110000000000000000000112', 0, 'view', '22ixktc2qyjg7d5aunb2tc31db1kdp93NM200904120000000000000000000030', 'rbj3bwplkny06a2f8ilk53elepwb9hgvNM200810110000000000000000000113');
INSERT INTO metadata ( description, created_by, owner, id, create_date, seq, type, remove, site_master, locked_by, entity_domain, last_updated_by, last_update_date, key_name) VALUES ('zog5wry6svrybomph30w7fgqx2iahfqpNM200904120000000000000000000030', '0000000000000000000000000000001000000000000000000000000000000003', '0000000000000000000000000000001000000000000000000000000000000003', 'rbj3bwplkny06a2f8ilk53elepwb9hgvNM200810110000000000000000000113', '2011-10-13 17:37:05', 3536, 'com.runwaysdk.system.metadata.MdAction', 1, 'runwaysdk.com', NULL, NULL, '0000000000000000000000000000001000000000000000000000000000000003', '2011-10-13 17:37:05', 'com.runwaysdk.system.metadata.DateConditionController.view');
INSERT INTO controller_action ( key_name, locked_by, id, owner, entity_domain, created_by, type, last_update_date, create_date, seq, last_updated_by, site_master, parent_id, child_id) VALUES ('com.runwaysdk.system.metadata.DateConditionController.view', NULL, '1ycdeh1w19t9zaqa6dlaojeygf5yzx1bJS200807230000000000000000111111', '0000000000000000000000000000001000000000000000000000000000000003', NULL, '0000000000000000000000000000001000000000000000000000000000000003', 'com.runwaysdk.system.ControllerAction', '2011-10-13 17:37:05', '2011-10-13 17:37:05', 3537, '0000000000000000000000000000001000000000000000000000000000000003', 'runwaysdk.com', 'smyewtk3rubjycttfrz4tmcvv9caablbNM200810110000000000000000000112', 'rbj3bwplkny06a2f8ilk53elepwb9hgvNM200810110000000000000000000113');
INSERT INTO metadata_display_label ( default_locale, id, site_master, key_name) VALUES ('Parameter: com.runwaysdk.system.metadata.DateCondition - id', '04qsgm6s7gfg4rbrfha69j5xloe94j87NM200904120000000000000000000030', 'runwaysdk.com', '04qsgm6s7gfg4rbrfha69j5xloe94j87NM200904120000000000000000000030');
INSERT INTO metadata_display_label ( default_locale, id, site_master, key_name) VALUES ('Id of com.runwaysdk.system.metadata.DateCondition to view.', 'sfrw25lrqzjnm701ey98gkizyom086n3NM200904120000000000000000000030', 'runwaysdk.com', 'sfrw25lrqzjnm701ey98gkizyom086n3NM200904120000000000000000000030');
INSERT INTO md_parameter ( metadata, parameter_order, parameter_name, parameter_type, display_label, id) VALUES ('rbj3bwplkny06a2f8ilk53elepwb9hgvNM200810110000000000000000000113', 0, 'id', 'java.lang.String', '04qsgm6s7gfg4rbrfha69j5xloe94j87NM200904120000000000000000000030', '72dkexctjppd38anocuq9536ql5l58s120070427JS0000000000000000001517');
INSERT INTO metadata ( description, created_by, owner, id, create_date, seq, type, remove, site_master, locked_by, entity_domain, last_updated_by, last_update_date, key_name) VALUES ('sfrw25lrqzjnm701ey98gkizyom086n3NM200904120000000000000000000030', '0000000000000000000000000000001000000000000000000000000000000003', '0000000000000000000000000000001000000000000000000000000000000003', '72dkexctjppd38anocuq9536ql5l58s120070427JS0000000000000000001517', '2011-10-13 17:37:05', 3538, 'com.runwaysdk.system.metadata.MdParameter', 1, 'runwaysdk.com', NULL, NULL, '0000000000000000000000000000001000000000000000000000000000000003', '2011-10-13 17:37:05', 'com.runwaysdk.system.metadata.DateConditionController.view.id');
INSERT INTO metadata_parameter ( site_master, last_updated_by, create_date, seq, locked_by, entity_domain, created_by, type, last_update_date, key_name, owner, id, parent_id, child_id) VALUES ('runwaysdk.com', '0000000000000000000000000000001000000000000000000000000000000003', '2011-10-13 17:37:05', 3539, NULL, NULL, '0000000000000000000000000000001000000000000000000000000000000003', 'com.runwaysdk.system.MetadataParameter', '2011-10-13 17:37:05', 'com.runwaysdk.system.metadata.DateConditionController.view.id', '0000000000000000000000000000001000000000000000000000000000000003', 'z3ur2aza6lya91u0mknhy72aggjqs3lk20070427JS0000000000000000001524', 'rbj3bwplkny06a2f8ilk53elepwb9hgvNM200810110000000000000000000113', '72dkexctjppd38anocuq9536ql5l58s120070427JS0000000000000000001517');
INSERT INTO metadata_display_label ( default_locale, id, site_master, key_name) VALUES ('New Instance', '6zqvnx7gkh4xldoyd4jj431sikjynrdhNM200904120000000000000000000030', 'runwaysdk.com', '6zqvnx7gkh4xldoyd4jj431sikjynrdhNM200904120000000000000000000030');
INSERT INTO metadata_display_label ( default_locale, id, site_master, key_name) VALUES ('Loads a new instance of com.runwaysdk.system.metadata.DateCondition into the request object', '093t7uq3o8n8zgpkbpovppw0yr5f9kbzNM200904120000000000000000000030', 'runwaysdk.com', '093t7uq3o8n8zgpkbpovppw0yr5f9kbzNM200904120000000000000000000030');
INSERT INTO md_action ( is_query, enclosing_md_controller, is_post, action_name, display_label, id) VALUES (0, 'smyewtk3rubjycttfrz4tmcvv9caablbNM200810110000000000000000000112', 0, 'newInstance', '6zqvnx7gkh4xldoyd4jj431sikjynrdhNM200904120000000000000000000030', '2amxnvodo9oyw5ymwndmyqfimz6j9p8dNM200810110000000000000000000113');
INSERT INTO metadata ( description, created_by, owner, id, create_date, seq, type, remove, site_master, locked_by, entity_domain, last_updated_by, last_update_date, key_name) VALUES ('093t7uq3o8n8zgpkbpovppw0yr5f9kbzNM200904120000000000000000000030', '0000000000000000000000000000001000000000000000000000000000000003', '0000000000000000000000000000001000000000000000000000000000000003', '2amxnvodo9oyw5ymwndmyqfimz6j9p8dNM200810110000000000000000000113', '2011-10-13 17:37:05', 3540, 'com.runwaysdk.system.metadata.MdAction', 1, 'runwaysdk.com', NULL, NULL, '0000000000000000000000000000001000000000000000000000000000000003', '2011-10-13 17:37:05', 'com.runwaysdk.system.metadata.DateConditionController.newInstance');
INSERT INTO controller_action ( key_name, locked_by, id, owner, entity_domain, created_by, type, last_update_date, create_date, seq, last_updated_by, site_master, parent_id, child_id) VALUES ('com.runwaysdk.system.metadata.DateConditionController.newInstance', NULL, 'zkrv91u7t6adxgrt7xlbt5648bjb9unnJS200807230000000000000000111111', '0000000000000000000000000000001000000000000000000000000000000003', NULL, '0000000000000000000000000000001000000000000000000000000000000003', 'com.runwaysdk.system.ControllerAction', '2011-10-13 17:37:05', '2011-10-13 17:37:05', 3541, '0000000000000000000000000000001000000000000000000000000000000003', 'runwaysdk.com', 'smyewtk3rubjycttfrz4tmcvv9caablbNM200810110000000000000000000112', '2amxnvodo9oyw5ymwndmyqfimz6j9p8dNM200810110000000000000000000113');
INSERT INTO metadata_display_label ( default_locale, id, site_master, key_name) VALUES ('Create', '039q13hsr5ougzxf7ez2nnvhisn0s74sNM200904120000000000000000000030', 'runwaysdk.com', '039q13hsr5ougzxf7ez2nnvhisn0s74sNM200904120000000000000000000030');
INSERT INTO metadata_display_label ( default_locale, id, site_master, key_name) VALUES ('Applys a new instance of com.runwaysdk.system.metadata.DateCondition', '1rhlhnudq3nlyp20efos6d9hd2jokcr6NM200904120000000000000000000030', 'runwaysdk.com', '1rhlhnudq3nlyp20efos6d9hd2jokcr6NM200904120000000000000000000030');
INSERT INTO md_action ( is_query, enclosing_md_controller, is_post, action_name, display_label, id) VALUES (0, 'smyewtk3rubjycttfrz4tmcvv9caablbNM200810110000000000000000000112', 1, 'create', '039q13hsr5ougzxf7ez2nnvhisn0s74sNM200904120000000000000000000030', '6ncbxf4083xt018081hvxjskcoav4pegNM200810110000000000000000000113');
INSERT INTO metadata ( description, created_by, owner, id, create_date, seq, type, remove, site_master, locked_by, entity_domain, last_updated_by, last_update_date, key_name) VALUES ('1rhlhnudq3nlyp20efos6d9hd2jokcr6NM200904120000000000000000000030', '0000000000000000000000000000001000000000000000000000000000000003', '0000000000000000000000000000001000000000000000000000000000000003', '6ncbxf4083xt018081hvxjskcoav4pegNM200810110000000000000000000113', '2011-10-13 17:37:05', 3542, 'com.runwaysdk.system.metadata.MdAction', 1, 'runwaysdk.com', NULL, NULL, '0000000000000000000000000000001000000000000000000000000000000003', '2011-10-13 17:37:05', 'com.runwaysdk.system.metadata.DateConditionController.create');
INSERT INTO controller_action ( key_name, locked_by, id, owner, entity_domain, created_by, type, last_update_date, create_date, seq, last_updated_by, site_master, parent_id, child_id) VALUES ('com.runwaysdk.system.metadata.DateConditionController.create', NULL, 'ql4oog71tu9gyhnsysoqttjwsxhwydg6JS200807230000000000000000111111', '0000000000000000000000000000001000000000000000000000000000000003', NULL, '0000000000000000000000000000001000000000000000000000000000000003', 'com.runwaysdk.system.ControllerAction', '2011-10-13 17:37:05', '2011-10-13 17:37:05', 3543, '0000000000000000000000000000001000000000000000000000000000000003', 'runwaysdk.com', 'smyewtk3rubjycttfrz4tmcvv9caablbNM200810110000000000000000000112', '6ncbxf4083xt018081hvxjskcoav4pegNM200810110000000000000000000113');
INSERT INTO metadata_display_label ( default_locale, id, site_master, key_name) VALUES ('Parameter: com.runwaysdk.system.metadata.DateCondition', 'z0w2ooyn85iqokupt1utv113h3qnw8t6NM200904120000000000000000000030', 'runwaysdk.com', 'z0w2ooyn85iqokupt1utv113h3qnw8t6NM200904120000000000000000000030');
INSERT INTO metadata_display_label ( default_locale, id, site_master, key_name) VALUES ('com.runwaysdk.system.metadata.DateCondition to apply to the database', 'sdihxxxboz0j8qh388wjdkqlvssby30cNM200904120000000000000000000030', 'runwaysdk.com', 'sdihxxxboz0j8qh388wjdkqlvssby30cNM200904120000000000000000000030');
INSERT INTO md_parameter ( metadata, parameter_order, parameter_name, parameter_type, display_label, id) VALUES ('6ncbxf4083xt018081hvxjskcoav4pegNM200810110000000000000000000113', 0, 'dto', 'com.runwaysdk.system.metadata.DateCondition', 'z0w2ooyn85iqokupt1utv113h3qnw8t6NM200904120000000000000000000030', 'sax20sc3hy84zvr1oz323u2sate0aquo20070427JS0000000000000000001517');
INSERT INTO metadata ( description, created_by, owner, id, create_date, seq, type, remove, site_master, locked_by, entity_domain, last_updated_by, last_update_date, key_name) VALUES ('sdihxxxboz0j8qh388wjdkqlvssby30cNM200904120000000000000000000030', '0000000000000000000000000000001000000000000000000000000000000003', '0000000000000000000000000000001000000000000000000000000000000003', 'sax20sc3hy84zvr1oz323u2sate0aquo20070427JS0000000000000000001517', '2011-10-13 17:37:05', 3544, 'com.runwaysdk.system.metadata.MdParameter', 1, 'runwaysdk.com', NULL, NULL, '0000000000000000000000000000001000000000000000000000000000000003', '2011-10-13 17:37:05', 'com.runwaysdk.system.metadata.DateConditionController.create.dto');
INSERT INTO metadata_parameter ( site_master, last_updated_by, create_date, seq, locked_by, entity_domain, created_by, type, last_update_date, key_name, owner, id, parent_id, child_id) VALUES ('runwaysdk.com', '0000000000000000000000000000001000000000000000000000000000000003', '2011-10-13 17:37:05', 3545, NULL, NULL, '0000000000000000000000000000001000000000000000000000000000000003', 'com.runwaysdk.system.MetadataParameter', '2011-10-13 17:37:05', 'com.runwaysdk.system.metadata.DateConditionController.create.dto', '0000000000000000000000000000001000000000000000000000000000000003', '269zknt6rliimz56dydpj8zpijqimrok20070427JS0000000000000000001524', '6ncbxf4083xt018081hvxjskcoav4pegNM200810110000000000000000000113', 'sax20sc3hy84zvr1oz323u2sate0aquo20070427JS0000000000000000001517');
INSERT INTO metadata_display_label ( default_locale, id, site_master, key_name) VALUES ('edit', '7esyy81dh0hvb3itwtfuwywnlo1w953jNM200904120000000000000000000030', 'runwaysdk.com', '7esyy81dh0hvb3itwtfuwywnlo1w953jNM200904120000000000000000000030');
INSERT INTO metadata_display_label ( default_locale, id, site_master, key_name) VALUES ('Applys an existing instance of com.runwaysdk.system.metadata.DateCondition', '7400g97fk4skz7dvyg8wx00mz6pvdtloNM200904120000000000000000000030', 'runwaysdk.com', '7400g97fk4skz7dvyg8wx00mz6pvdtloNM200904120000000000000000000030');
INSERT INTO md_action ( is_query, enclosing_md_controller, is_post, action_name, display_label, id) VALUES (0, 'smyewtk3rubjycttfrz4tmcvv9caablbNM200810110000000000000000000112', 0, 'edit', '7esyy81dh0hvb3itwtfuwywnlo1w953jNM200904120000000000000000000030', 'qkyj4ramssits5ugo7sxiynjuev40y0sNM200810110000000000000000000113');
INSERT INTO metadata ( description, created_by, owner, id, create_date, seq, type, remove, site_master, locked_by, entity_domain, last_updated_by, last_update_date, key_name) VALUES ('7400g97fk4skz7dvyg8wx00mz6pvdtloNM200904120000000000000000000030', '0000000000000000000000000000001000000000000000000000000000000003', '0000000000000000000000000000001000000000000000000000000000000003', 'qkyj4ramssits5ugo7sxiynjuev40y0sNM200810110000000000000000000113', '2011-10-13 17:37:05', 3546, 'com.runwaysdk.system.metadata.MdAction', 1, 'runwaysdk.com', NULL, NULL, '0000000000000000000000000000001000000000000000000000000000000003', '2011-10-13 17:37:05', 'com.runwaysdk.system.metadata.DateConditionController.edit');
INSERT INTO controller_action ( key_name, locked_by, id, owner, entity_domain, created_by, type, last_update_date, create_date, seq, last_updated_by, site_master, parent_id, child_id) VALUES ('com.runwaysdk.system.metadata.DateConditionController.edit', NULL, '7bk3vw647u492su3nfza1wjke4sl1f7bJS200807230000000000000000111111', '0000000000000000000000000000001000000000000000000000000000000003', NULL, '0000000000000000000000000000001000000000000000000000000000000003', 'com.runwaysdk.system.ControllerAction', '2011-10-13 17:37:05', '2011-10-13 17:37:05', 3547, '0000000000000000000000000000001000000000000000000000000000000003', 'runwaysdk.com', 'smyewtk3rubjycttfrz4tmcvv9caablbNM200810110000000000000000000112', 'qkyj4ramssits5ugo7sxiynjuev40y0sNM200810110000000000000000000113');
INSERT INTO metadata_display_label ( default_locale, id, site_master, key_name) VALUES ('Parameter: com.runwaysdk.system.metadata.DateCondition', 'smlcjr667bht1buoi7qzgsr9u7xe5b4vNM200904120000000000000000000030', 'runwaysdk.com', 'smlcjr667bht1buoi7qzgsr9u7xe5b4vNM200904120000000000000000000030');
INSERT INTO metadata_display_label ( default_locale, id, site_master, key_name) VALUES ('com.runwaysdk.system.metadata.DateCondition to apply to the database', 'z41r6jzso1i368zabhhcdkmknex0rbydNM200904120000000000000000000030', 'runwaysdk.com', 'z41r6jzso1i368zabhhcdkmknex0rbydNM200904120000000000000000000030');
INSERT INTO md_parameter ( metadata, parameter_order, parameter_name, parameter_type, display_label, id) VALUES ('qkyj4ramssits5ugo7sxiynjuev40y0sNM200810110000000000000000000113', 0, 'id', 'java.lang.String', 'smlcjr667bht1buoi7qzgsr9u7xe5b4vNM200904120000000000000000000030', 'z9rw5fxkpbv1xbx5s981jhc7s0rykid620070427JS0000000000000000001517');
INSERT INTO metadata ( description, created_by, owner, id, create_date, seq, type, remove, site_master, locked_by, entity_domain, last_updated_by, last_update_date, key_name) VALUES ('z41r6jzso1i368zabhhcdkmknex0rbydNM200904120000000000000000000030', '0000000000000000000000000000001000000000000000000000000000000003', '0000000000000000000000000000001000000000000000000000000000000003', 'z9rw5fxkpbv1xbx5s981jhc7s0rykid620070427JS0000000000000000001517', '2011-10-13 17:37:05', 3548, 'com.runwaysdk.system.metadata.MdParameter', 1, 'runwaysdk.com', NULL, NULL, '0000000000000000000000000000001000000000000000000000000000000003', '2011-10-13 17:37:05', 'com.runwaysdk.system.metadata.DateConditionController.edit.id');
INSERT INTO metadata_parameter ( site_master, last_updated_by, create_date, seq, locked_by, entity_domain, created_by, type, last_update_date, key_name, owner, id, parent_id, child_id) VALUES ('runwaysdk.com', '0000000000000000000000000000001000000000000000000000000000000003', '2011-10-13 17:37:05', 3549, NULL, NULL, '0000000000000000000000000000001000000000000000000000000000000003', 'com.runwaysdk.system.MetadataParameter', '2011-10-13 17:37:05', 'com.runwaysdk.system.metadata.DateConditionController.edit.id', '0000000000000000000000000000001000000000000000000000000000000003', 'qu9ps7z40uqk7epuszuau13v22vuhrgy20070427JS0000000000000000001524', 'qkyj4ramssits5ugo7sxiynjuev40y0sNM200810110000000000000000000113', 'z9rw5fxkpbv1xbx5s981jhc7s0rykid620070427JS0000000000000000001517');
INSERT INTO metadata_display_label ( default_locale, id, site_master, key_name) VALUES ('update', 'sfhl9r17dl4x0rit0is24yy4kfca662jNM200904120000000000000000000030', 'runwaysdk.com', 'sfhl9r17dl4x0rit0is24yy4kfca662jNM200904120000000000000000000030');
INSERT INTO metadata_display_label ( default_locale, id, site_master, key_name) VALUES ('Applys an existing instance of com.runwaysdk.system.metadata.DateCondition', 'xtf0cuetm4nl0qu02u7relc78bjvk03cNM200904120000000000000000000030', 'runwaysdk.com', 'xtf0cuetm4nl0qu02u7relc78bjvk03cNM200904120000000000000000000030');
INSERT INTO md_action ( is_query, enclosing_md_controller, is_post, action_name, display_label, id) VALUES (0, 'smyewtk3rubjycttfrz4tmcvv9caablbNM200810110000000000000000000112', 1, 'update', 'sfhl9r17dl4x0rit0is24yy4kfca662jNM200904120000000000000000000030', '1oz5v554vkkmny5ct8uestidi2fh125eNM200810110000000000000000000113');
INSERT INTO metadata ( description, created_by, owner, id, create_date, seq, type, remove, site_master, locked_by, entity_domain, last_updated_by, last_update_date, key_name) VALUES ('xtf0cuetm4nl0qu02u7relc78bjvk03cNM200904120000000000000000000030', '0000000000000000000000000000001000000000000000000000000000000003', '0000000000000000000000000000001000000000000000000000000000000003', '1oz5v554vkkmny5ct8uestidi2fh125eNM200810110000000000000000000113', '2011-10-13 17:37:05', 3550, 'com.runwaysdk.system.metadata.MdAction', 1, 'runwaysdk.com', NULL, NULL, '0000000000000000000000000000001000000000000000000000000000000003', '2011-10-13 17:37:05', 'com.runwaysdk.system.metadata.DateConditionController.update');
INSERT INTO controller_action ( key_name, locked_by, id, owner, entity_domain, created_by, type, last_update_date, create_date, seq, last_updated_by, site_master, parent_id, child_id) VALUES ('com.runwaysdk.system.metadata.DateConditionController.update', NULL, 'srb0zvb8zi4ipptld4cz8a6r4bqvvwv0JS200807230000000000000000111111', '0000000000000000000000000000001000000000000000000000000000000003', NULL, '0000000000000000000000000000001000000000000000000000000000000003', 'com.runwaysdk.system.ControllerAction', '2011-10-13 17:37:05', '2011-10-13 17:37:05', 3551, '0000000000000000000000000000001000000000000000000000000000000003', 'runwaysdk.com', 'smyewtk3rubjycttfrz4tmcvv9caablbNM200810110000000000000000000112', '1oz5v554vkkmny5ct8uestidi2fh125eNM200810110000000000000000000113');
INSERT INTO metadata_display_label ( default_locale, id, site_master, key_name) VALUES ('Parameter: com.runwaysdk.system.metadata.DateCondition - dto', '0bc35gm8j63jse62cym8c4sphzxx94xaNM200904120000000000000000000030', 'runwaysdk.com', '0bc35gm8j63jse62cym8c4sphzxx94xaNM200904120000000000000000000030');
INSERT INTO metadata_display_label ( default_locale, id, site_master, key_name) VALUES ('com.runwaysdk.system.metadata.DateCondition to apply to the database', '74g1zz2usbwk0n8dm73zi7r9agsvvl68NM200904120000000000000000000030', 'runwaysdk.com', '74g1zz2usbwk0n8dm73zi7r9agsvvl68NM200904120000000000000000000030');
INSERT INTO md_parameter ( metadata, parameter_order, parameter_name, parameter_type, display_label, id) VALUES ('1oz5v554vkkmny5ct8uestidi2fh125eNM200810110000000000000000000113', 0, 'dto', 'com.runwaysdk.system.metadata.DateCondition', '0bc35gm8j63jse62cym8c4sphzxx94xaNM200904120000000000000000000030', 'sfay2pcd7olq46cd97lb01vlnohi0qpo20070427JS0000000000000000001517');
INSERT INTO metadata ( description, created_by, owner, id, create_date, seq, type, remove, site_master, locked_by, entity_domain, last_updated_by, last_update_date, key_name) VALUES ('74g1zz2usbwk0n8dm73zi7r9agsvvl68NM200904120000000000000000000030', '0000000000000000000000000000001000000000000000000000000000000003', '0000000000000000000000000000001000000000000000000000000000000003', 'sfay2pcd7olq46cd97lb01vlnohi0qpo20070427JS0000000000000000001517', '2011-10-13 17:37:05', 3552, 'com.runwaysdk.system.metadata.MdParameter', 1, 'runwaysdk.com', NULL, NULL, '0000000000000000000000000000001000000000000000000000000000000003', '2011-10-13 17:37:05', 'com.runwaysdk.system.metadata.DateConditionController.update.dto');
INSERT INTO metadata_parameter ( site_master, last_updated_by, create_date, seq, locked_by, entity_domain, created_by, type, last_update_date, key_name, owner, id, parent_id, child_id) VALUES ('runwaysdk.com', '0000000000000000000000000000001000000000000000000000000000000003', '2011-10-13 17:37:05', 3553, NULL, NULL, '0000000000000000000000000000001000000000000000000000000000000003', 'com.runwaysdk.system.MetadataParameter', '2011-10-13 17:37:05', 'com.runwaysdk.system.metadata.DateConditionController.update.dto', '0000000000000000000000000000001000000000000000000000000000000003', 'zl2caflspb2m0srhoutcbdbim5l2s25820070427JS0000000000000000001524', '1oz5v554vkkmny5ct8uestidi2fh125eNM200810110000000000000000000113', 'sfay2pcd7olq46cd97lb01vlnohi0qpo20070427JS0000000000000000001517');
INSERT INTO metadata_display_label ( default_locale, id, site_master, key_name) VALUES ('cancel', '8zhbgrp00hrnepriwmapvjo7qixe8v0eNM200904120000000000000000000030', 'runwaysdk.com', '8zhbgrp00hrnepriwmapvjo7qixe8v0eNM200904120000000000000000000030');
INSERT INTO metadata_display_label ( default_locale, id, site_master, key_name) VALUES ('Unlocks an instance com.runwaysdk.system.metadata.DateCondition', '8ojmcsavzct6bgkvfge6nzgz5dmediu7NM200904120000000000000000000030', 'runwaysdk.com', '8ojmcsavzct6bgkvfge6nzgz5dmediu7NM200904120000000000000000000030');
INSERT INTO md_action ( is_query, enclosing_md_controller, is_post, action_name, display_label, id) VALUES (0, 'smyewtk3rubjycttfrz4tmcvv9caablbNM200810110000000000000000000112', 1, 'cancel', '8zhbgrp00hrnepriwmapvjo7qixe8v0eNM200904120000000000000000000030', '7bmf6ws5u1d13tto91dou0z3k2vv1ps7NM200810110000000000000000000113');
INSERT INTO metadata ( description, created_by, owner, id, create_date, seq, type, remove, site_master, locked_by, entity_domain, last_updated_by, last_update_date, key_name) VALUES ('8ojmcsavzct6bgkvfge6nzgz5dmediu7NM200904120000000000000000000030', '0000000000000000000000000000001000000000000000000000000000000003', '0000000000000000000000000000001000000000000000000000000000000003', '7bmf6ws5u1d13tto91dou0z3k2vv1ps7NM200810110000000000000000000113', '2011-10-13 17:37:05', 3554, 'com.runwaysdk.system.metadata.MdAction', 1, 'runwaysdk.com', NULL, NULL, '0000000000000000000000000000001000000000000000000000000000000003', '2011-10-13 17:37:05', 'com.runwaysdk.system.metadata.DateConditionController.cancel');
INSERT INTO controller_action ( key_name, locked_by, id, owner, entity_domain, created_by, type, last_update_date, create_date, seq, last_updated_by, site_master, parent_id, child_id) VALUES ('com.runwaysdk.system.metadata.DateConditionController.cancel', NULL, '24s92e24si0yjq1ukka2379cedfp3rlyJS200807230000000000000000111111', '0000000000000000000000000000001000000000000000000000000000000003', NULL, '0000000000000000000000000000001000000000000000000000000000000003', 'com.runwaysdk.system.ControllerAction', '2011-10-13 17:37:05', '2011-10-13 17:37:05', 3555, '0000000000000000000000000000001000000000000000000000000000000003', 'runwaysdk.com', 'smyewtk3rubjycttfrz4tmcvv9caablbNM200810110000000000000000000112', '7bmf6ws5u1d13tto91dou0z3k2vv1ps7NM200810110000000000000000000113');
INSERT INTO metadata_display_label ( default_locale, id, site_master, key_name) VALUES ('Parameter: com.runwaysdk.system.metadata.DateCondition - dto', 'rcyegkmzkhm4snodhzpn0c1pyadl56peNM200904120000000000000000000030', 'runwaysdk.com', 'rcyegkmzkhm4snodhzpn0c1pyadl56peNM200904120000000000000000000030');
INSERT INTO metadata_display_label ( default_locale, id, site_master, key_name) VALUES ('com.runwaysdk.system.metadata.DateCondition to unlock', '6uuov5mk2r53s16zwokronying2gch1vNM200904120000000000000000000030', 'runwaysdk.com', '6uuov5mk2r53s16zwokronying2gch1vNM200904120000000000000000000030');
INSERT INTO md_parameter ( metadata, parameter_order, parameter_name, parameter_type, display_label, id) VALUES ('7bmf6ws5u1d13tto91dou0z3k2vv1ps7NM200810110000000000000000000113', 0, 'dto', 'com.runwaysdk.system.metadata.DateCondition', 'rcyegkmzkhm4snodhzpn0c1pyadl56peNM200904120000000000000000000030', 'xpn15j69ehw1aceyblh3zspvr36x6lhz20070427JS0000000000000000001517');
INSERT INTO metadata ( description, created_by, owner, id, create_date, seq, type, remove, site_master, locked_by, entity_domain, last_updated_by, last_update_date, key_name) VALUES ('6uuov5mk2r53s16zwokronying2gch1vNM200904120000000000000000000030', '0000000000000000000000000000001000000000000000000000000000000003', '0000000000000000000000000000001000000000000000000000000000000003', 'xpn15j69ehw1aceyblh3zspvr36x6lhz20070427JS0000000000000000001517', '2011-10-13 17:37:05', 3556, 'com.runwaysdk.system.metadata.MdParameter', 1, 'runwaysdk.com', NULL, NULL, '0000000000000000000000000000001000000000000000000000000000000003', '2011-10-13 17:37:05', 'com.runwaysdk.system.metadata.DateConditionController.cancel.dto');
INSERT INTO metadata_parameter ( site_master, last_updated_by, create_date, seq, locked_by, entity_domain, created_by, type, last_update_date, key_name, owner, id, parent_id, child_id) VALUES ('runwaysdk.com', '0000000000000000000000000000001000000000000000000000000000000003', '2011-10-13 17:37:05', 3557, NULL, NULL, '0000000000000000000000000000001000000000000000000000000000000003', 'com.runwaysdk.system.MetadataParameter', '2011-10-13 17:37:05', 'com.runwaysdk.system.metadata.DateConditionController.cancel.dto', '0000000000000000000000000000001000000000000000000000000000000003', 'yx5e0hwa60419i85503vgn6txwb3bvy320070427JS0000000000000000001524', '7bmf6ws5u1d13tto91dou0z3k2vv1ps7NM200810110000000000000000000113', 'xpn15j69ehw1aceyblh3zspvr36x6lhz20070427JS0000000000000000001517');
INSERT INTO metadata_display_label ( default_locale, id, site_master, key_name) VALUES ('delete', 'zin4b1i6tikcvxz1xj9p2a48scozk492NM200904120000000000000000000030', 'runwaysdk.com', 'zin4b1i6tikcvxz1xj9p2a48scozk492NM200904120000000000000000000030');
INSERT INTO metadata_display_label ( default_locale, id, site_master, key_name) VALUES ('Delete an instance of com.runwaysdk.system.metadata.DateCondition', 'zftmxazyslb4ra79apso05hm5nzl4ka3NM200904120000000000000000000030', 'runwaysdk.com', 'zftmxazyslb4ra79apso05hm5nzl4ka3NM200904120000000000000000000030');
INSERT INTO md_action ( is_query, enclosing_md_controller, is_post, action_name, display_label, id) VALUES (0, 'smyewtk3rubjycttfrz4tmcvv9caablbNM200810110000000000000000000112', 1, 'delete', 'zin4b1i6tikcvxz1xj9p2a48scozk492NM200904120000000000000000000030', '7ditmljds5tvc4oxh5g216kn8noekw34NM200810110000000000000000000113');
INSERT INTO metadata ( description, created_by, owner, id, create_date, seq, type, remove, site_master, locked_by, entity_domain, last_updated_by, last_update_date, key_name) VALUES ('zftmxazyslb4ra79apso05hm5nzl4ka3NM200904120000000000000000000030', '0000000000000000000000000000001000000000000000000000000000000003', '0000000000000000000000000000001000000000000000000000000000000003', '7ditmljds5tvc4oxh5g216kn8noekw34NM200810110000000000000000000113', '2011-10-13 17:37:05', 3558, 'com.runwaysdk.system.metadata.MdAction', 1, 'runwaysdk.com', NULL, NULL, '0000000000000000000000000000001000000000000000000000000000000003', '2011-10-13 17:37:05', 'com.runwaysdk.system.metadata.DateConditionController.delete');
INSERT INTO controller_action ( key_name, locked_by, id, owner, entity_domain, created_by, type, last_update_date, create_date, seq, last_updated_by, site_master, parent_id, child_id) VALUES ('com.runwaysdk.system.metadata.DateConditionController.delete', NULL, 'stm5lmlhni6u8duqkpz147bpqmgak8gwJS200807230000000000000000111111', '0000000000000000000000000000001000000000000000000000000000000003', NULL, '0000000000000000000000000000001000000000000000000000000000000003', 'com.runwaysdk.system.ControllerAction', '2011-10-13 17:37:05', '2011-10-13 17:37:05', 3559, '0000000000000000000000000000001000000000000000000000000000000003', 'runwaysdk.com', 'smyewtk3rubjycttfrz4tmcvv9caablbNM200810110000000000000000000112', '7ditmljds5tvc4oxh5g216kn8noekw34NM200810110000000000000000000113');
INSERT INTO metadata_display_label ( default_locale, id, site_master, key_name) VALUES ('Parameter: com.runwaysdk.system.metadata.DateCondition - dto', '2btaf7fiqn3bpbjwx4b32hjucrncbpi4NM200904120000000000000000000030', 'runwaysdk.com', '2btaf7fiqn3bpbjwx4b32hjucrncbpi4NM200904120000000000000000000030');
INSERT INTO metadata_display_label ( default_locale, id, site_master, key_name) VALUES ('com.runwaysdk.system.metadata.DateCondition to delete', '0olszk3qk349r1hgsissfebkh43u2i4uNM200904120000000000000000000030', 'runwaysdk.com', '0olszk3qk349r1hgsissfebkh43u2i4uNM200904120000000000000000000030');
INSERT INTO md_parameter ( metadata, parameter_order, parameter_name, parameter_type, display_label, id) VALUES ('7ditmljds5tvc4oxh5g216kn8noekw34NM200810110000000000000000000113', 0, 'dto', 'com.runwaysdk.system.metadata.DateCondition', '2btaf7fiqn3bpbjwx4b32hjucrncbpi4NM200904120000000000000000000030', 'xymy51xt0v0dk6ve5jhi48h8lybusxor20070427JS0000000000000000001517');
INSERT INTO metadata ( description, created_by, owner, id, create_date, seq, type, remove, site_master, locked_by, entity_domain, last_updated_by, last_update_date, key_name) VALUES ('0olszk3qk349r1hgsissfebkh43u2i4uNM200904120000000000000000000030', '0000000000000000000000000000001000000000000000000000000000000003', '0000000000000000000000000000001000000000000000000000000000000003', 'xymy51xt0v0dk6ve5jhi48h8lybusxor20070427JS0000000000000000001517', '2011-10-13 17:37:05', 3560, 'com.runwaysdk.system.metadata.MdParameter', 1, 'runwaysdk.com', NULL, NULL, '0000000000000000000000000000001000000000000000000000000000000003', '2011-10-13 17:37:05', 'com.runwaysdk.system.metadata.DateConditionController.delete.dto');
INSERT INTO metadata_parameter ( site_master, last_updated_by, create_date, seq, locked_by, entity_domain, created_by, type, last_update_date, key_name, owner, id, parent_id, child_id) VALUES ('runwaysdk.com', '0000000000000000000000000000001000000000000000000000000000000003', '2011-10-13 17:37:05', 3561, NULL, NULL, '0000000000000000000000000000001000000000000000000000000000000003', 'com.runwaysdk.system.MetadataParameter', '2011-10-13 17:37:05', 'com.runwaysdk.system.metadata.DateConditionController.delete.dto', '0000000000000000000000000000001000000000000000000000000000000003', '8xmssvrn8nujpq4k2rqu09897vkm4gqa20070427JS0000000000000000001524', '7ditmljds5tvc4oxh5g216kn8noekw34NM200810110000000000000000000113', 'xymy51xt0v0dk6ve5jhi48h8lybusxor20070427JS0000000000000000001517');
INSERT INTO business_inheritance ( id, parent_id, child_id) VALUES ('0hoy6wdklev4ruqoh9h7dc4f3tbr43yi20070926NM0000000000000000000004', '8cyzqex757pg9voulx8mlnxoyo8ypfal00000000000000000000000000000001', 'scstwf3pkmjf6txcn0bvv3nx91darzee00000000000000000000000000000001');
INSERT INTO class_inheritance ( id, parent_id, child_id) VALUES ('0hoy6wdklev4ruqoh9h7dc4f3tbr43yi20070926NM0000000000000000000004', '8cyzqex757pg9voulx8mlnxoyo8ypfal00000000000000000000000000000001', 'scstwf3pkmjf6txcn0bvv3nx91darzee00000000000000000000000000000001');
INSERT INTO metadata_relationship ( entity_domain, site_master, last_updated_by, id, owner, locked_by, create_date, type, created_by, seq, key_name, last_update_date, parent_id, child_id) VALUES (NULL, 'runwaysdk.com', '0000000000000000000000000000001000000000000000000000000000000003', '0hoy6wdklev4ruqoh9h7dc4f3tbr43yi20070926NM0000000000000000000004', '0000000000000000000000000000001000000000000000000000000000000003', NULL, '2011-10-13 17:37:05', 'com.runwaysdk.system.metadata.BusinessInheritance', '0000000000000000000000000000001000000000000000000000000000000003', 3562, '0hoy6wdklev4ruqoh9h7dc4f3tbr43yi20070926NM0000000000000000000004', '2011-10-13 17:37:05', '8cyzqex757pg9voulx8mlnxoyo8ypfal00000000000000000000000000000001', 'scstwf3pkmjf6txcn0bvv3nx91darzee00000000000000000000000000000001');
 INSERT INTO visibilitymodifier (set_id, item_id)  VALUES  ('6nl62uoygv8o3ifoihou87yrb0txnfgq', '20071109NM000000000000000000000520071109NM0000000000000000000001');
INSERT INTO metadata_display_label ( default_locale, id, site_master, key_name) VALUES ('Defining Field', 'xct2wzh8xs4zujcuphwq5rpug2evh87xNM200904120000000000000000000030', 'runwaysdk.com', 'xct2wzh8xs4zujcuphwq5rpug2evh87xNM200904120000000000000000000030');
 INSERT INTO visibilitymodifier (set_id, item_id)  VALUES  ('zexfggwm5ee9xbtvblk0u79yar3ivld2', '20071109NM000000000000000000000520071109NM0000000000000000000001');
 INSERT INTO md_attribute_indicies (set_id, item_id)  VALUES  ('1rjmgbl4br7111nbve0tg0tew9hhc53j', '0000000000000000000000000000040100000000000000000000000000000403');
INSERT INTO metadata_display_label ( default_locale, id, site_master, key_name) VALUES ('Field upon which the criteria is checked', '06nl3zazgm01gypfwknjpx44ft81gdmpNM200904120000000000000000000030', 'runwaysdk.com', '06nl3zazgm01gypfwknjpx44ft81gdmpNM200904120000000000000000000030');
INSERT INTO md_attribute_reference ( default_value, md_business, id) VALUES (NULL, '1p8imi9p4g6xmfg82cskzb95veiiu78r00000000000000000000000000000001', '76j2hovdxw0r8bsxtb0wn27gfkyvu51600000000000000000000000000000186');
INSERT INTO md_attribute_ref ( id) VALUES ('76j2hovdxw0r8bsxtb0wn27gfkyvu51600000000000000000000000000000186');
INSERT INTO md_attribute_concrete ( column_name, defining_md_class, setter_visibility, setter_visibility_c, immutable, index_name, generate_accessor, system, required, display_label, getter_visibility, getter_visibility_c, index_type, index_type_c, attribute_name, id) VALUES ('defining_md_field', 'scstwf3pkmjf6txcn0bvv3nx91darzee00000000000000000000000000000001', '6nl62uoygv8o3ifoihou87yrb0txnfgq', '20071109NM000000000000000000000520071109NM0000000000000000000001', 0, 'al6kaof8fmjtm3c1ms6u3qysw7eo70', 1, 0, 1, 'xct2wzh8xs4zujcuphwq5rpug2evh87xNM200904120000000000000000000030', 'zexfggwm5ee9xbtvblk0u79yar3ivld2', '20071109NM000000000000000000000520071109NM0000000000000000000001', '1rjmgbl4br7111nbve0tg0tew9hhc53j', '0000000000000000000000000000040100000000000000000000000000000403', 'definingMdField', '76j2hovdxw0r8bsxtb0wn27gfkyvu51600000000000000000000000000000186');
INSERT INTO md_attribute ( id) VALUES ('76j2hovdxw0r8bsxtb0wn27gfkyvu51600000000000000000000000000000186');
INSERT INTO metadata ( description, created_by, owner, id, create_date, seq, type, remove, site_master, locked_by, entity_domain, last_updated_by, last_update_date, key_name) VALUES ('06nl3zazgm01gypfwknjpx44ft81gdmpNM200904120000000000000000000030', '0000000000000000000000000000001000000000000000000000000000000003', '0000000000000000000000000000001000000000000000000000000000000003', '76j2hovdxw0r8bsxtb0wn27gfkyvu51600000000000000000000000000000186', '2011-10-13 17:37:05', 3563, 'com.runwaysdk.system.metadata.MdAttributeReference', 1, 'runwaysdk.com', NULL, NULL, '0000000000000000000000000000001000000000000000000000000000000003', '2011-10-13 17:37:05', 'com.runwaysdk.system.metadata.DateCondition.definingMdField');
ALTER TABLE date_condition ADD COLUMN defining_md_field  char(64);
INSERT INTO class_attribute_concrete ( id, parent_id, child_id) VALUES ('yzga4mob1cdcefn1k340gnxkmtelwwef00000000000000000000000000000073', 'scstwf3pkmjf6txcn0bvv3nx91darzee00000000000000000000000000000001', '76j2hovdxw0r8bsxtb0wn27gfkyvu51600000000000000000000000000000186');
INSERT INTO class_attribute ( id, parent_id, child_id) VALUES ('yzga4mob1cdcefn1k340gnxkmtelwwef00000000000000000000000000000073', 'scstwf3pkmjf6txcn0bvv3nx91darzee00000000000000000000000000000001', '76j2hovdxw0r8bsxtb0wn27gfkyvu51600000000000000000000000000000186');
INSERT INTO metadata_relationship ( entity_domain, site_master, last_updated_by, id, owner, locked_by, create_date, type, created_by, seq, key_name, last_update_date, parent_id, child_id) VALUES (NULL, 'runwaysdk.com', '0000000000000000000000000000001000000000000000000000000000000003', 'yzga4mob1cdcefn1k340gnxkmtelwwef00000000000000000000000000000073', '0000000000000000000000000000001000000000000000000000000000000003', NULL, '2011-10-13 17:37:05', 'com.runwaysdk.system.metadata.ClassAttributeConcrete', '0000000000000000000000000000001000000000000000000000000000000003', 3564, 'com.runwaysdk.system.metadata.DateCondition.definingMdField', '2011-10-13 17:37:05', 'scstwf3pkmjf6txcn0bvv3nx91darzee00000000000000000000000000000001', '76j2hovdxw0r8bsxtb0wn27gfkyvu51600000000000000000000000000000186');
 INSERT INTO visibilitymodifier (set_id, item_id)  VALUES  ('xr1nd8s4ksbfk6i9b6ttlgvk71mhkr03', '20071109NM000000000000000000000520071109NM0000000000000000000001');
INSERT INTO metadata_display_label ( default_locale, id, site_master, key_name) VALUES ('Value', 'znvsnyut8976ckok5v3lxr9r664ibpxeNM200904120000000000000000000030', 'runwaysdk.com', 'znvsnyut8976ckok5v3lxr9r664ibpxeNM200904120000000000000000000030');
 INSERT INTO visibilitymodifier (set_id, item_id)  VALUES  ('xjmkyw81qmucb3obaflyvjpp5pp4glis', '20071109NM000000000000000000000520071109NM0000000000000000000001');
 INSERT INTO md_attribute_indicies (set_id, item_id)  VALUES  ('1u5cpy751553e0pll6zc8wh9orfy9ks2', '0000000000000000000000000000040100000000000000000000000000000403');
INSERT INTO metadata_display_label ( default_locale, id, site_master, key_name) VALUES ('Value to check against', 't0insww8h71xkxhf3icbyxfg9w328tcjNM200904120000000000000000000030', 'runwaysdk.com', 't0insww8h71xkxhf3icbyxfg9w328tcjNM200904120000000000000000000030');
INSERT INTO md_attribute_date ( after_today_inclusive, before_today_exclusive, before_today_inclusive, after_today_exclusive, start_date, default_value, end_date, id) VALUES (NULL, NULL, NULL, NULL, NULL, NULL, NULL, 'sll9dhbi0n2vf4wabwqb99gykt7miyfv00000000000000000000000000000340');
INSERT INTO md_attribute_moment ( id) VALUES ('sll9dhbi0n2vf4wabwqb99gykt7miyfv00000000000000000000000000000340');
INSERT INTO md_attribute_primitive ( id) VALUES ('sll9dhbi0n2vf4wabwqb99gykt7miyfv00000000000000000000000000000340');
INSERT INTO md_attribute_concrete ( column_name, defining_md_class, setter_visibility, setter_visibility_c, immutable, index_name, generate_accessor, system, required, display_label, getter_visibility, getter_visibility_c, index_type, index_type_c, attribute_name, id) VALUES ('fieldvalue', 'scstwf3pkmjf6txcn0bvv3nx91darzee00000000000000000000000000000001', 'xr1nd8s4ksbfk6i9b6ttlgvk71mhkr03', '20071109NM000000000000000000000520071109NM0000000000000000000001', 0, 'acjw46amtxdr6sm72acut01lwt0aga', 1, 0, 1, 'znvsnyut8976ckok5v3lxr9r664ibpxeNM200904120000000000000000000030', 'xjmkyw81qmucb3obaflyvjpp5pp4glis', '20071109NM000000000000000000000520071109NM0000000000000000000001', '1u5cpy751553e0pll6zc8wh9orfy9ks2', '0000000000000000000000000000040100000000000000000000000000000403', 'value', 'sll9dhbi0n2vf4wabwqb99gykt7miyfv00000000000000000000000000000340');
INSERT INTO md_attribute ( id) VALUES ('sll9dhbi0n2vf4wabwqb99gykt7miyfv00000000000000000000000000000340');
INSERT INTO metadata ( description, created_by, owner, id, create_date, seq, type, remove, site_master, locked_by, entity_domain, last_updated_by, last_update_date, key_name) VALUES ('t0insww8h71xkxhf3icbyxfg9w328tcjNM200904120000000000000000000030', '0000000000000000000000000000001000000000000000000000000000000003', '0000000000000000000000000000001000000000000000000000000000000003', 'sll9dhbi0n2vf4wabwqb99gykt7miyfv00000000000000000000000000000340', '2011-10-13 17:37:05', 3565, 'com.runwaysdk.system.metadata.MdAttributeDate', 1, 'runwaysdk.com', NULL, NULL, '0000000000000000000000000000001000000000000000000000000000000003', '2011-10-13 17:37:05', 'com.runwaysdk.system.metadata.DateCondition.value');
ALTER TABLE date_condition ADD COLUMN fieldvalue  date;
INSERT INTO class_attribute_concrete ( id, parent_id, child_id) VALUES ('7dc0cl4lk7vzxb5giqhpj0691sv7qx5000000000000000000000000000000073', 'scstwf3pkmjf6txcn0bvv3nx91darzee00000000000000000000000000000001', 'sll9dhbi0n2vf4wabwqb99gykt7miyfv00000000000000000000000000000340');
INSERT INTO class_attribute ( id, parent_id, child_id) VALUES ('7dc0cl4lk7vzxb5giqhpj0691sv7qx5000000000000000000000000000000073', 'scstwf3pkmjf6txcn0bvv3nx91darzee00000000000000000000000000000001', 'sll9dhbi0n2vf4wabwqb99gykt7miyfv00000000000000000000000000000340');
INSERT INTO metadata_relationship ( entity_domain, site_master, last_updated_by, id, owner, locked_by, create_date, type, created_by, seq, key_name, last_update_date, parent_id, child_id) VALUES (NULL, 'runwaysdk.com', '0000000000000000000000000000001000000000000000000000000000000003', '7dc0cl4lk7vzxb5giqhpj0691sv7qx5000000000000000000000000000000073', '0000000000000000000000000000001000000000000000000000000000000003', NULL, '2011-10-13 17:37:05', 'com.runwaysdk.system.metadata.ClassAttributeConcrete', '0000000000000000000000000000001000000000000000000000000000000003', 3566, 'com.runwaysdk.system.metadata.DateCondition.value', '2011-10-13 17:37:05', 'scstwf3pkmjf6txcn0bvv3nx91darzee00000000000000000000000000000001', 'sll9dhbi0n2vf4wabwqb99gykt7miyfv00000000000000000000000000000340');
 INSERT INTO visibilitymodifier (set_id, item_id)  VALUES  ('0hv2etgdfb2xx5426ipv0xbqafq8ia7w', '20071109NM000000000000000000000520071109NM0000000000000000000001');
INSERT INTO metadata_display_label ( default_locale, id, site_master, key_name) VALUES ('Operation', '90jeerbrrxtd3l2uie1ghl5ywv6hjrliNM200904120000000000000000000030', 'runwaysdk.com', '90jeerbrrxtd3l2uie1ghl5ywv6hjrliNM200904120000000000000000000030');
 INSERT INTO visibilitymodifier (set_id, item_id)  VALUES  ('8hr7txekqqzl4q3g10vhbroc25bhu3xc', '20071109NM000000000000000000000520071109NM0000000000000000000001');
 INSERT INTO md_attribute_indicies (set_id, item_id)  VALUES  ('6pcw4ukc1ruujcsseghq8e8vdmhkx3d7', '0000000000000000000000000000040100000000000000000000000000000403');
INSERT INTO metadata_display_label ( default_locale, id, site_master, key_name) VALUES ('Operation', 'z2rru0xcth5yypi6cmocnw8amp41rkzmNM200904120000000000000000000030', 'runwaysdk.com', 'z2rru0xcth5yypi6cmocnw8amp41rkzmNM200904120000000000000000000030');
INSERT INTO md_attribute_enumeration ( select_multiple, md_enumeration, default_value, cache_column_name, id) VALUES (0, '0c46qkgpl4rhtnsv3w3ou93kimna0rg300000000000000000000000000000196', NULL, 'conditionoperation_c', 'xxpcl6es8nd3gns9n8o5uk4ve28rpp7l00000000000000000000000000000216');
INSERT INTO md_attribute_ref ( id) VALUES ('xxpcl6es8nd3gns9n8o5uk4ve28rpp7l00000000000000000000000000000216');
INSERT INTO md_attribute_concrete ( column_name, defining_md_class, setter_visibility, setter_visibility_c, immutable, index_name, generate_accessor, system, required, display_label, getter_visibility, getter_visibility_c, index_type, index_type_c, attribute_name, id) VALUES ('conditionoperation', 'scstwf3pkmjf6txcn0bvv3nx91darzee00000000000000000000000000000001', '0hv2etgdfb2xx5426ipv0xbqafq8ia7w', '20071109NM000000000000000000000520071109NM0000000000000000000001', 0, 'a3ofnbbsmdinsgqv2b9jv2d3oawfjf', 1, 0, 1, '90jeerbrrxtd3l2uie1ghl5ywv6hjrliNM200904120000000000000000000030', '8hr7txekqqzl4q3g10vhbroc25bhu3xc', '20071109NM000000000000000000000520071109NM0000000000000000000001', '6pcw4ukc1ruujcsseghq8e8vdmhkx3d7', '0000000000000000000000000000040100000000000000000000000000000403', 'operation', 'xxpcl6es8nd3gns9n8o5uk4ve28rpp7l00000000000000000000000000000216');
INSERT INTO md_attribute ( id) VALUES ('xxpcl6es8nd3gns9n8o5uk4ve28rpp7l00000000000000000000000000000216');
INSERT INTO metadata ( description, created_by, owner, id, create_date, seq, type, remove, site_master, locked_by, entity_domain, last_updated_by, last_update_date, key_name) VALUES ('z2rru0xcth5yypi6cmocnw8amp41rkzmNM200904120000000000000000000030', '0000000000000000000000000000001000000000000000000000000000000003', '0000000000000000000000000000001000000000000000000000000000000003', 'xxpcl6es8nd3gns9n8o5uk4ve28rpp7l00000000000000000000000000000216', '2011-10-13 17:37:05', 3567, 'com.runwaysdk.system.metadata.MdAttributeEnumeration', 1, 'runwaysdk.com', NULL, NULL, '0000000000000000000000000000001000000000000000000000000000000003', '2011-10-13 17:37:05', 'com.runwaysdk.system.metadata.DateCondition.operation');
ALTER TABLE date_condition ADD COLUMN conditionoperation  char(32);
ALTER TABLE date_condition ADD COLUMN conditionoperation_c  text;
INSERT INTO class_attribute_concrete ( id, parent_id, child_id) VALUES ('2cxv3wxdep0i10r3q9ftq9ul9zdoofwm00000000000000000000000000000073', 'scstwf3pkmjf6txcn0bvv3nx91darzee00000000000000000000000000000001', 'xxpcl6es8nd3gns9n8o5uk4ve28rpp7l00000000000000000000000000000216');
INSERT INTO class_attribute ( id, parent_id, child_id) VALUES ('2cxv3wxdep0i10r3q9ftq9ul9zdoofwm00000000000000000000000000000073', 'scstwf3pkmjf6txcn0bvv3nx91darzee00000000000000000000000000000001', 'xxpcl6es8nd3gns9n8o5uk4ve28rpp7l00000000000000000000000000000216');
INSERT INTO metadata_relationship ( entity_domain, site_master, last_updated_by, id, owner, locked_by, create_date, type, created_by, seq, key_name, last_update_date, parent_id, child_id) VALUES (NULL, 'runwaysdk.com', '0000000000000000000000000000001000000000000000000000000000000003', '2cxv3wxdep0i10r3q9ftq9ul9zdoofwm00000000000000000000000000000073', '0000000000000000000000000000001000000000000000000000000000000003', NULL, '2011-10-13 17:37:05', 'com.runwaysdk.system.metadata.ClassAttributeConcrete', '0000000000000000000000000000001000000000000000000000000000000003', 3568, 'com.runwaysdk.system.metadata.DateCondition.operation', '2011-10-13 17:37:05', 'scstwf3pkmjf6txcn0bvv3nx91darzee00000000000000000000000000000001', 'xxpcl6es8nd3gns9n8o5uk4ve28rpp7l00000000000000000000000000000216');
 INSERT INTO class_cache (set_id, item_id)  VALUES  ('xf9qmyp7t5q1zn5jfgo306fcu1712pbc', '0000000000000000000000000000023100000000000000000000000000000222');
INSERT INTO metadata_display_label ( default_locale, id, site_master, key_name) VALUES ('Double condition', '22lia0y7y3h1za2oy66wambcv4tl3qblNM200904120000000000000000000030', 'runwaysdk.com', '22lia0y7y3h1za2oy66wambcv4tl3qblNM200904120000000000000000000030');
INSERT INTO metadata_display_label ( default_locale, id, site_master, key_name) VALUES ('A condition which check a field value against a double value', 'skeji2wcc2yhjdzlhzfes6xtp8v6id6fNM200904120000000000000000000030', 'runwaysdk.com', 'skeji2wcc2yhjdzlhzfes6xtp8v6id6fNM200904120000000000000000000030');
INSERT INTO md_business ( cache_algorithm, cache_algorithm_c, super_md_business, id) VALUES ('xf9qmyp7t5q1zn5jfgo306fcu1712pbc', '0000000000000000000000000000023100000000000000000000000000000222', '8cyzqex757pg9voulx8mlnxoyo8ypfal00000000000000000000000000000001', 'yww7u0dy8tqokn7ajm0uedf9x9dtu9jt00000000000000000000000000000001');
INSERT INTO md_element ( extendable, is_abstract, id) VALUES (1, 0, 'yww7u0dy8tqokn7ajm0uedf9x9dtu9jt00000000000000000000000000000001');
INSERT INTO md_entity ( query_dto_source, query_source, cache_size, enforce_site_master, table_name, id) VALUES (NULL, NULL, 0, 1, 'double_condition', 'yww7u0dy8tqokn7ajm0uedf9x9dtu9jt00000000000000000000000000000001');
INSERT INTO md_class ( publish, stub_dto_source, stub_source, id) VALUES (1, NULL, NULL, 'yww7u0dy8tqokn7ajm0uedf9x9dtu9jt00000000000000000000000000000001');
INSERT INTO md_type ( display_label, root_id, package_name, type_name, base_source, js_base, js_stub, exported, dto_source, id) VALUES ('22lia0y7y3h1za2oy66wambcv4tl3qblNM200904120000000000000000000030', 'yww7u0dy8tqokn7ajm0uedf9x9dtu9jt', 'com.runwaysdk.system.metadata', 'DoubleCondition', NULL, NULL, NULL, 1, NULL, 'yww7u0dy8tqokn7ajm0uedf9x9dtu9jt00000000000000000000000000000001');
INSERT INTO metadata ( description, created_by, owner, id, create_date, seq, type, remove, site_master, locked_by, entity_domain, last_updated_by, last_update_date, key_name) VALUES ('skeji2wcc2yhjdzlhzfes6xtp8v6id6fNM200904120000000000000000000030', '0000000000000000000000000000001000000000000000000000000000000003', '0000000000000000000000000000001000000000000000000000000000000003', 'yww7u0dy8tqokn7ajm0uedf9x9dtu9jt00000000000000000000000000000001', '2011-10-13 17:37:05', 3569, 'com.runwaysdk.system.metadata.MdBusiness', 1, 'runwaysdk.com', NULL, NULL, '0000000000000000000000000000001000000000000000000000000000000003', '2011-10-13 17:37:05', 'com.runwaysdk.system.metadata.DoubleCondition');
CREATE TABLE double_condition ( id CHAR(64) NOT NULL PRIMARY KEY );
INSERT INTO metadata_display_label ( default_locale, id, site_master, key_name) VALUES (NULL, '8l3ujfaj5jbpiiec4facslrg9o400s94NM200904120000000000000000000030', 'runwaysdk.com', '8l3ujfaj5jbpiiec4facslrg9o400s94NM200904120000000000000000000030');
INSERT INTO metadata_display_label ( default_locale, id, site_master, key_name) VALUES (NULL, 'xn60jgjcrsc0lhwbq36d0r1j4p819byiNM200904120000000000000000000030', 'runwaysdk.com', 'xn60jgjcrsc0lhwbq36d0r1j4p819byiNM200904120000000000000000000030');
INSERT INTO md_controller ( stub_source, id) VALUES (NULL, 'yz5k5a0zl3dsc4nomkeo22rxg2zw3effNM200810110000000000000000000112');
INSERT INTO md_type ( display_label, root_id, package_name, type_name, base_source, js_base, js_stub, exported, dto_source, id) VALUES ('8l3ujfaj5jbpiiec4facslrg9o400s94NM200904120000000000000000000030', 'yz5k5a0zl3dsc4nomkeo22rxg2zw3eff', 'com.runwaysdk.system.metadata', 'DoubleConditionController', NULL, NULL, NULL, 1, NULL, 'yz5k5a0zl3dsc4nomkeo22rxg2zw3effNM200810110000000000000000000112');
INSERT INTO metadata ( description, created_by, owner, id, create_date, seq, type, remove, site_master, locked_by, entity_domain, last_updated_by, last_update_date, key_name) VALUES ('xn60jgjcrsc0lhwbq36d0r1j4p819byiNM200904120000000000000000000030', '0000000000000000000000000000001000000000000000000000000000000003', '0000000000000000000000000000001000000000000000000000000000000003', 'yz5k5a0zl3dsc4nomkeo22rxg2zw3effNM200810110000000000000000000112', '2011-10-13 17:37:05', 3570, 'com.runwaysdk.system.metadata.MdController', 1, 'runwaysdk.com', NULL, NULL, '0000000000000000000000000000001000000000000000000000000000000003', '2011-10-13 17:37:05', 'com.runwaysdk.system.metadata.DoubleConditionController');
INSERT INTO metadata_display_label ( default_locale, id, site_master, key_name) VALUES ('View Page', 'r6p2ju0p41kc459cyq40lr23qv9ucom5NM200904120000000000000000000030', 'runwaysdk.com', 'r6p2ju0p41kc459cyq40lr23qv9ucom5NM200904120000000000000000000030');
INSERT INTO metadata_display_label ( default_locale, id, site_master, key_name) VALUES ('Loads a ViewAll query for a specific page into the request object', '6yzb0z6raimkczt5awitth0mdfb7i7qiNM200904120000000000000000000030', 'runwaysdk.com', '6yzb0z6raimkczt5awitth0mdfb7i7qiNM200904120000000000000000000030');
INSERT INTO md_action ( is_query, enclosing_md_controller, is_post, action_name, display_label, id) VALUES (1, 'yz5k5a0zl3dsc4nomkeo22rxg2zw3effNM200810110000000000000000000112', 0, 'viewPage', 'r6p2ju0p41kc459cyq40lr23qv9ucom5NM200904120000000000000000000030', 'soy66atms4crlwyk7w535gsvekxvs4vkNM200810110000000000000000000113');
INSERT INTO metadata ( description, created_by, owner, id, create_date, seq, type, remove, site_master, locked_by, entity_domain, last_updated_by, last_update_date, key_name) VALUES ('6yzb0z6raimkczt5awitth0mdfb7i7qiNM200904120000000000000000000030', '0000000000000000000000000000001000000000000000000000000000000003', '0000000000000000000000000000001000000000000000000000000000000003', 'soy66atms4crlwyk7w535gsvekxvs4vkNM200810110000000000000000000113', '2011-10-13 17:37:05', 3571, 'com.runwaysdk.system.metadata.MdAction', 1, 'runwaysdk.com', NULL, NULL, '0000000000000000000000000000001000000000000000000000000000000003', '2011-10-13 17:37:05', 'com.runwaysdk.system.metadata.DoubleConditionController.viewPage');
INSERT INTO controller_action ( key_name, locked_by, id, owner, entity_domain, created_by, type, last_update_date, create_date, seq, last_updated_by, site_master, parent_id, child_id) VALUES ('com.runwaysdk.system.metadata.DoubleConditionController.viewPage', NULL, '8delgp27a8qpj6k22mnymgzkdy10chy2JS200807230000000000000000111111', '0000000000000000000000000000001000000000000000000000000000000003', NULL, '0000000000000000000000000000001000000000000000000000000000000003', 'com.runwaysdk.system.ControllerAction', '2011-10-13 17:37:05', '2011-10-13 17:37:05', 3572, '0000000000000000000000000000001000000000000000000000000000000003', 'runwaysdk.com', 'yz5k5a0zl3dsc4nomkeo22rxg2zw3effNM200810110000000000000000000112', 'soy66atms4crlwyk7w535gsvekxvs4vkNM200810110000000000000000000113');
INSERT INTO metadata_display_label ( default_locale, id, site_master, key_name) VALUES ('Sort Attribute', '0dghq7t931qiog4zyqzdtfb2z6ulgnn7NM200904120000000000000000000030', 'runwaysdk.com', '0dghq7t931qiog4zyqzdtfb2z6ulgnn7NM200904120000000000000000000030');
INSERT INTO metadata_display_label ( default_locale, id, site_master, key_name) VALUES (NULL, '1rbn04sgpuz7y5jvgbg1qpp88g1zkeyeNM200904120000000000000000000030', 'runwaysdk.com', '1rbn04sgpuz7y5jvgbg1qpp88g1zkeyeNM200904120000000000000000000030');
INSERT INTO md_parameter ( metadata, parameter_order, parameter_name, parameter_type, display_label, id) VALUES ('soy66atms4crlwyk7w535gsvekxvs4vkNM200810110000000000000000000113', -4, 'sortAttribute', 'java.lang.String', '0dghq7t931qiog4zyqzdtfb2z6ulgnn7NM200904120000000000000000000030', 'r2vwt0oqf2gfo7a2peqddq47d9r11vr920070427JS0000000000000000001517');
INSERT INTO metadata ( description, created_by, owner, id, create_date, seq, type, remove, site_master, locked_by, entity_domain, last_updated_by, last_update_date, key_name) VALUES ('1rbn04sgpuz7y5jvgbg1qpp88g1zkeyeNM200904120000000000000000000030', '0000000000000000000000000000001000000000000000000000000000000003', '0000000000000000000000000000001000000000000000000000000000000003', 'r2vwt0oqf2gfo7a2peqddq47d9r11vr920070427JS0000000000000000001517', '2011-10-13 17:37:05', 3573, 'com.runwaysdk.system.metadata.MdParameter', 1, 'runwaysdk.com', NULL, NULL, '0000000000000000000000000000001000000000000000000000000000000003', '2011-10-13 17:37:05', 'com.runwaysdk.system.metadata.DoubleConditionController.viewPage.sortAttribute');
INSERT INTO metadata_parameter ( site_master, last_updated_by, create_date, seq, locked_by, entity_domain, created_by, type, last_update_date, key_name, owner, id, parent_id, child_id) VALUES ('runwaysdk.com', '0000000000000000000000000000001000000000000000000000000000000003', '2011-10-13 17:37:05', 3574, NULL, NULL, '0000000000000000000000000000001000000000000000000000000000000003', 'com.runwaysdk.system.MetadataParameter', '2011-10-13 17:37:05', 'com.runwaysdk.system.metadata.DoubleConditionController.viewPage.sortAttribute', '0000000000000000000000000000001000000000000000000000000000000003', '6y6nq98x3q6fergrz61d6oulylryjjaa20070427JS0000000000000000001524', 'soy66atms4crlwyk7w535gsvekxvs4vkNM200810110000000000000000000113', 'r2vwt0oqf2gfo7a2peqddq47d9r11vr920070427JS0000000000000000001517');
INSERT INTO metadata_display_label ( default_locale, id, site_master, key_name) VALUES ('Is Ascending', '79jmlvxzddwwmbwfcjftmz241np3wdjhNM200904120000000000000000000030', 'runwaysdk.com', '79jmlvxzddwwmbwfcjftmz241np3wdjhNM200904120000000000000000000030');
INSERT INTO metadata_display_label ( default_locale, id, site_master, key_name) VALUES (NULL, 'r6r7swg39ytf9mvf5m6f97ktkf3vjpi9NM200904120000000000000000000030', 'runwaysdk.com', 'r6r7swg39ytf9mvf5m6f97ktkf3vjpi9NM200904120000000000000000000030');
INSERT INTO md_parameter ( metadata, parameter_order, parameter_name, parameter_type, display_label, id) VALUES ('soy66atms4crlwyk7w535gsvekxvs4vkNM200810110000000000000000000113', -3, 'isAscending', 'java.lang.Boolean', '79jmlvxzddwwmbwfcjftmz241np3wdjhNM200904120000000000000000000030', '8zy98jiahtuh7xw7igu3v7glex5ijufi20070427JS0000000000000000001517');
INSERT INTO metadata ( description, created_by, owner, id, create_date, seq, type, remove, site_master, locked_by, entity_domain, last_updated_by, last_update_date, key_name) VALUES ('r6r7swg39ytf9mvf5m6f97ktkf3vjpi9NM200904120000000000000000000030', '0000000000000000000000000000001000000000000000000000000000000003', '0000000000000000000000000000001000000000000000000000000000000003', '8zy98jiahtuh7xw7igu3v7glex5ijufi20070427JS0000000000000000001517', '2011-10-13 17:37:05', 3575, 'com.runwaysdk.system.metadata.MdParameter', 1, 'runwaysdk.com', NULL, NULL, '0000000000000000000000000000001000000000000000000000000000000003', '2011-10-13 17:37:05', 'com.runwaysdk.system.metadata.DoubleConditionController.viewPage.isAscending');
INSERT INTO metadata_parameter ( site_master, last_updated_by, create_date, seq, locked_by, entity_domain, created_by, type, last_update_date, key_name, owner, id, parent_id, child_id) VALUES ('runwaysdk.com', '0000000000000000000000000000001000000000000000000000000000000003', '2011-10-13 17:37:05', 3576, NULL, NULL, '0000000000000000000000000000001000000000000000000000000000000003', 'com.runwaysdk.system.MetadataParameter', '2011-10-13 17:37:05', 'com.runwaysdk.system.metadata.DoubleConditionController.viewPage.isAscending', '0000000000000000000000000000001000000000000000000000000000000003', 'zekjfiic7qnvty3qp46ljdflgluaq7js20070427JS0000000000000000001524', 'soy66atms4crlwyk7w535gsvekxvs4vkNM200810110000000000000000000113', '8zy98jiahtuh7xw7igu3v7glex5ijufi20070427JS0000000000000000001517');
INSERT INTO metadata_display_label ( default_locale, id, site_master, key_name) VALUES ('Page Size', 'ram8ulibu8ehzag207y6nch9q2l1krinNM200904120000000000000000000030', 'runwaysdk.com', 'ram8ulibu8ehzag207y6nch9q2l1krinNM200904120000000000000000000030');
INSERT INTO metadata_display_label ( default_locale, id, site_master, key_name) VALUES (NULL, 'z9eaemfnqnh7fpvga2ul9dp6pyjuwj77NM200904120000000000000000000030', 'runwaysdk.com', 'z9eaemfnqnh7fpvga2ul9dp6pyjuwj77NM200904120000000000000000000030');
INSERT INTO md_parameter ( metadata, parameter_order, parameter_name, parameter_type, display_label, id) VALUES ('soy66atms4crlwyk7w535gsvekxvs4vkNM200810110000000000000000000113', -2, 'pageSize', 'java.lang.Integer', 'ram8ulibu8ehzag207y6nch9q2l1krinNM200904120000000000000000000030', 'x8jm9fxwiiiapsb5hggip0py1zaotw1220070427JS0000000000000000001517');
INSERT INTO metadata ( description, created_by, owner, id, create_date, seq, type, remove, site_master, locked_by, entity_domain, last_updated_by, last_update_date, key_name) VALUES ('z9eaemfnqnh7fpvga2ul9dp6pyjuwj77NM200904120000000000000000000030', '0000000000000000000000000000001000000000000000000000000000000003', '0000000000000000000000000000001000000000000000000000000000000003', 'x8jm9fxwiiiapsb5hggip0py1zaotw1220070427JS0000000000000000001517', '2011-10-13 17:37:05', 3577, 'com.runwaysdk.system.metadata.MdParameter', 1, 'runwaysdk.com', NULL, NULL, '0000000000000000000000000000001000000000000000000000000000000003', '2011-10-13 17:37:05', 'com.runwaysdk.system.metadata.DoubleConditionController.viewPage.pageSize');
INSERT INTO metadata_parameter ( site_master, last_updated_by, create_date, seq, locked_by, entity_domain, created_by, type, last_update_date, key_name, owner, id, parent_id, child_id) VALUES ('runwaysdk.com', '0000000000000000000000000000001000000000000000000000000000000003', '2011-10-13 17:37:05', 3578, NULL, NULL, '0000000000000000000000000000001000000000000000000000000000000003', 'com.runwaysdk.system.MetadataParameter', '2011-10-13 17:37:05', 'com.runwaysdk.system.metadata.DoubleConditionController.viewPage.pageSize', '0000000000000000000000000000001000000000000000000000000000000003', 'smcdh1df55s9y8pnps5sux5tmf2k982d20070427JS0000000000000000001524', 'soy66atms4crlwyk7w535gsvekxvs4vkNM200810110000000000000000000113', 'x8jm9fxwiiiapsb5hggip0py1zaotw1220070427JS0000000000000000001517');
INSERT INTO metadata_display_label ( default_locale, id, site_master, key_name) VALUES ('Page Number', '8dm9i1kv1nwmqw2by258b9qeu70cwyrgNM200904120000000000000000000030', 'runwaysdk.com', '8dm9i1kv1nwmqw2by258b9qeu70cwyrgNM200904120000000000000000000030');
INSERT INTO metadata_display_label ( default_locale, id, site_master, key_name) VALUES (NULL, 'xjrcmuyzjscevs1v01kvbd2j7nyzzxwrNM200904120000000000000000000030', 'runwaysdk.com', 'xjrcmuyzjscevs1v01kvbd2j7nyzzxwrNM200904120000000000000000000030');
INSERT INTO md_parameter ( metadata, parameter_order, parameter_name, parameter_type, display_label, id) VALUES ('soy66atms4crlwyk7w535gsvekxvs4vkNM200810110000000000000000000113', -1, 'pageNumber', 'java.lang.Integer', '8dm9i1kv1nwmqw2by258b9qeu70cwyrgNM200904120000000000000000000030', '71mf996bun3sbbepp43l1q3i8i24svl020070427JS0000000000000000001517');
INSERT INTO metadata ( description, created_by, owner, id, create_date, seq, type, remove, site_master, locked_by, entity_domain, last_updated_by, last_update_date, key_name) VALUES ('xjrcmuyzjscevs1v01kvbd2j7nyzzxwrNM200904120000000000000000000030', '0000000000000000000000000000001000000000000000000000000000000003', '0000000000000000000000000000001000000000000000000000000000000003', '71mf996bun3sbbepp43l1q3i8i24svl020070427JS0000000000000000001517', '2011-10-13 17:37:05', 3579, 'com.runwaysdk.system.metadata.MdParameter', 1, 'runwaysdk.com', NULL, NULL, '0000000000000000000000000000001000000000000000000000000000000003', '2011-10-13 17:37:05', 'com.runwaysdk.system.metadata.DoubleConditionController.viewPage.pageNumber');
INSERT INTO metadata_parameter ( site_master, last_updated_by, create_date, seq, locked_by, entity_domain, created_by, type, last_update_date, key_name, owner, id, parent_id, child_id) VALUES ('runwaysdk.com', '0000000000000000000000000000001000000000000000000000000000000003', '2011-10-13 17:37:05', 3580, NULL, NULL, '0000000000000000000000000000001000000000000000000000000000000003', 'com.runwaysdk.system.MetadataParameter', '2011-10-13 17:37:05', 'com.runwaysdk.system.metadata.DoubleConditionController.viewPage.pageNumber', '0000000000000000000000000000001000000000000000000000000000000003', '09golrjtunb4u0a0iee3mimkeu3jqger20070427JS0000000000000000001524', 'soy66atms4crlwyk7w535gsvekxvs4vkNM200810110000000000000000000113', '71mf996bun3sbbepp43l1q3i8i24svl020070427JS0000000000000000001517');
INSERT INTO metadata_display_label ( default_locale, id, site_master, key_name) VALUES ('View All', 'r9weja3l6j4ppqelyskh8ja6piz9o73lNM200904120000000000000000000030', 'runwaysdk.com', 'r9weja3l6j4ppqelyskh8ja6piz9o73lNM200904120000000000000000000030');
INSERT INTO metadata_display_label ( default_locale, id, site_master, key_name) VALUES ('Loads a ViewAll query with the default settings', '2gn2rimcd9r8jtwtg9ny979b8gys58u8NM200904120000000000000000000030', 'runwaysdk.com', '2gn2rimcd9r8jtwtg9ny979b8gys58u8NM200904120000000000000000000030');
INSERT INTO md_action ( is_query, enclosing_md_controller, is_post, action_name, display_label, id) VALUES (0, 'yz5k5a0zl3dsc4nomkeo22rxg2zw3effNM200810110000000000000000000112', 0, 'viewAll', 'r9weja3l6j4ppqelyskh8ja6piz9o73lNM200904120000000000000000000030', '1yvacyu4jnpe6c6wl1fgecbbp39bsdicNM200810110000000000000000000113');
INSERT INTO metadata ( description, created_by, owner, id, create_date, seq, type, remove, site_master, locked_by, entity_domain, last_updated_by, last_update_date, key_name) VALUES ('2gn2rimcd9r8jtwtg9ny979b8gys58u8NM200904120000000000000000000030', '0000000000000000000000000000001000000000000000000000000000000003', '0000000000000000000000000000001000000000000000000000000000000003', '1yvacyu4jnpe6c6wl1fgecbbp39bsdicNM200810110000000000000000000113', '2011-10-13 17:37:05', 3581, 'com.runwaysdk.system.metadata.MdAction', 1, 'runwaysdk.com', NULL, NULL, '0000000000000000000000000000001000000000000000000000000000000003', '2011-10-13 17:37:05', 'com.runwaysdk.system.metadata.DoubleConditionController.viewAll');
INSERT INTO controller_action ( key_name, locked_by, id, owner, entity_domain, created_by, type, last_update_date, create_date, seq, last_updated_by, site_master, parent_id, child_id) VALUES ('com.runwaysdk.system.metadata.DoubleConditionController.viewAll', NULL, 'svqoeaw0fgd5mudwto450q1dils09jwgJS200807230000000000000000111111', '0000000000000000000000000000001000000000000000000000000000000003', NULL, '0000000000000000000000000000001000000000000000000000000000000003', 'com.runwaysdk.system.ControllerAction', '2011-10-13 17:37:05', '2011-10-13 17:37:05', 3582, '0000000000000000000000000000001000000000000000000000000000000003', 'runwaysdk.com', 'yz5k5a0zl3dsc4nomkeo22rxg2zw3effNM200810110000000000000000000112', '1yvacyu4jnpe6c6wl1fgecbbp39bsdicNM200810110000000000000000000113');
INSERT INTO metadata_display_label ( default_locale, id, site_master, key_name) VALUES ('View', 'spl5dpa6ynhtnsv8s3713s4i8pls5gnbNM200904120000000000000000000030', 'runwaysdk.com', 'spl5dpa6ynhtnsv8s3713s4i8pls5gnbNM200904120000000000000000000030');
INSERT INTO metadata_display_label ( default_locale, id, site_master, key_name) VALUES ('View an existing instance of com.runwaysdk.system.metadata.DoubleCondition', 'zi3a6uhpq8lm4eq0yxvfly7yifg2xgmtNM200904120000000000000000000030', 'runwaysdk.com', 'zi3a6uhpq8lm4eq0yxvfly7yifg2xgmtNM200904120000000000000000000030');
INSERT INTO md_action ( is_query, enclosing_md_controller, is_post, action_name, display_label, id) VALUES (0, 'yz5k5a0zl3dsc4nomkeo22rxg2zw3effNM200810110000000000000000000112', 0, 'view', 'spl5dpa6ynhtnsv8s3713s4i8pls5gnbNM200904120000000000000000000030', '0c6250y3b11xavn68u5whe3hpsqg5pf8NM200810110000000000000000000113');
INSERT INTO metadata ( description, created_by, owner, id, create_date, seq, type, remove, site_master, locked_by, entity_domain, last_updated_by, last_update_date, key_name) VALUES ('zi3a6uhpq8lm4eq0yxvfly7yifg2xgmtNM200904120000000000000000000030', '0000000000000000000000000000001000000000000000000000000000000003', '0000000000000000000000000000001000000000000000000000000000000003', '0c6250y3b11xavn68u5whe3hpsqg5pf8NM200810110000000000000000000113', '2011-10-13 17:37:05', 3583, 'com.runwaysdk.system.metadata.MdAction', 1, 'runwaysdk.com', NULL, NULL, '0000000000000000000000000000001000000000000000000000000000000003', '2011-10-13 17:37:05', 'com.runwaysdk.system.metadata.DoubleConditionController.view');
INSERT INTO controller_action ( key_name, locked_by, id, owner, entity_domain, created_by, type, last_update_date, create_date, seq, last_updated_by, site_master, parent_id, child_id) VALUES ('com.runwaysdk.system.metadata.DoubleConditionController.view', NULL, '080d14am08x9kiwf04dalunjn60sv1dpJS200807230000000000000000111111', '0000000000000000000000000000001000000000000000000000000000000003', NULL, '0000000000000000000000000000001000000000000000000000000000000003', 'com.runwaysdk.system.ControllerAction', '2011-10-13 17:37:05', '2011-10-13 17:37:05', 3584, '0000000000000000000000000000001000000000000000000000000000000003', 'runwaysdk.com', 'yz5k5a0zl3dsc4nomkeo22rxg2zw3effNM200810110000000000000000000112', '0c6250y3b11xavn68u5whe3hpsqg5pf8NM200810110000000000000000000113');
INSERT INTO metadata_display_label ( default_locale, id, site_master, key_name) VALUES ('Parameter: com.runwaysdk.system.metadata.DoubleCondition - id', '8jer00rr0v3uiuvnfwuvkb68jijbgn3fNM200904120000000000000000000030', 'runwaysdk.com', '8jer00rr0v3uiuvnfwuvkb68jijbgn3fNM200904120000000000000000000030');
INSERT INTO metadata_display_label ( default_locale, id, site_master, key_name) VALUES ('Id of com.runwaysdk.system.metadata.DoubleCondition to view.', 'spzlut2jwl7ym5up6cxjhlp3q27urh1nNM200904120000000000000000000030', 'runwaysdk.com', 'spzlut2jwl7ym5up6cxjhlp3q27urh1nNM200904120000000000000000000030');
INSERT INTO md_parameter ( metadata, parameter_order, parameter_name, parameter_type, display_label, id) VALUES ('0c6250y3b11xavn68u5whe3hpsqg5pf8NM200810110000000000000000000113', 0, 'id', 'java.lang.String', '8jer00rr0v3uiuvnfwuvkb68jijbgn3fNM200904120000000000000000000030', '731g2kcko9119xj7rfihvf832861wtwb20070427JS0000000000000000001517');
INSERT INTO metadata ( description, created_by, owner, id, create_date, seq, type, remove, site_master, locked_by, entity_domain, last_updated_by, last_update_date, key_name) VALUES ('spzlut2jwl7ym5up6cxjhlp3q27urh1nNM200904120000000000000000000030', '0000000000000000000000000000001000000000000000000000000000000003', '0000000000000000000000000000001000000000000000000000000000000003', '731g2kcko9119xj7rfihvf832861wtwb20070427JS0000000000000000001517', '2011-10-13 17:37:05', 3585, 'com.runwaysdk.system.metadata.MdParameter', 1, 'runwaysdk.com', NULL, NULL, '0000000000000000000000000000001000000000000000000000000000000003', '2011-10-13 17:37:05', 'com.runwaysdk.system.metadata.DoubleConditionController.view.id');
INSERT INTO metadata_parameter ( site_master, last_updated_by, create_date, seq, locked_by, entity_domain, created_by, type, last_update_date, key_name, owner, id, parent_id, child_id) VALUES ('runwaysdk.com', '0000000000000000000000000000001000000000000000000000000000000003', '2011-10-13 17:37:05', 3586, NULL, NULL, '0000000000000000000000000000001000000000000000000000000000000003', 'com.runwaysdk.system.MetadataParameter', '2011-10-13 17:37:05', 'com.runwaysdk.system.metadata.DoubleConditionController.view.id', '0000000000000000000000000000001000000000000000000000000000000003', '6zbahwrkl5r4mow3nfphdwd7o0q0iyey20070427JS0000000000000000001524', '0c6250y3b11xavn68u5whe3hpsqg5pf8NM200810110000000000000000000113', '731g2kcko9119xj7rfihvf832861wtwb20070427JS0000000000000000001517');
INSERT INTO metadata_display_label ( default_locale, id, site_master, key_name) VALUES ('New Instance', '0nrw0l7b971m9b71bobq9bsy8xy0016mNM200904120000000000000000000030', 'runwaysdk.com', '0nrw0l7b971m9b71bobq9bsy8xy0016mNM200904120000000000000000000030');
INSERT INTO metadata_display_label ( default_locale, id, site_master, key_name) VALUES ('Loads a new instance of com.runwaysdk.system.metadata.DoubleCondition into the request object', '6ny3gr5hx1xrluu7pc7pejjlrf2t32a1NM200904120000000000000000000030', 'runwaysdk.com', '6ny3gr5hx1xrluu7pc7pejjlrf2t32a1NM200904120000000000000000000030');
INSERT INTO md_action ( is_query, enclosing_md_controller, is_post, action_name, display_label, id) VALUES (0, 'yz5k5a0zl3dsc4nomkeo22rxg2zw3effNM200810110000000000000000000112', 0, 'newInstance', '0nrw0l7b971m9b71bobq9bsy8xy0016mNM200904120000000000000000000030', 'shaa9gchxgm8i7cot7a5rali8054yl4pNM200810110000000000000000000113');
INSERT INTO metadata ( description, created_by, owner, id, create_date, seq, type, remove, site_master, locked_by, entity_domain, last_updated_by, last_update_date, key_name) VALUES ('6ny3gr5hx1xrluu7pc7pejjlrf2t32a1NM200904120000000000000000000030', '0000000000000000000000000000001000000000000000000000000000000003', '0000000000000000000000000000001000000000000000000000000000000003', 'shaa9gchxgm8i7cot7a5rali8054yl4pNM200810110000000000000000000113', '2011-10-13 17:37:05', 3587, 'com.runwaysdk.system.metadata.MdAction', 1, 'runwaysdk.com', NULL, NULL, '0000000000000000000000000000001000000000000000000000000000000003', '2011-10-13 17:37:05', 'com.runwaysdk.system.metadata.DoubleConditionController.newInstance');
INSERT INTO controller_action ( key_name, locked_by, id, owner, entity_domain, created_by, type, last_update_date, create_date, seq, last_updated_by, site_master, parent_id, child_id) VALUES ('com.runwaysdk.system.metadata.DoubleConditionController.newInstance', NULL, '8pjg5dkip0nn7rgm8n11ngezd9otg2liJS200807230000000000000000111111', '0000000000000000000000000000001000000000000000000000000000000003', NULL, '0000000000000000000000000000001000000000000000000000000000000003', 'com.runwaysdk.system.ControllerAction', '2011-10-13 17:37:05', '2011-10-13 17:37:05', 3588, '0000000000000000000000000000001000000000000000000000000000000003', 'runwaysdk.com', 'yz5k5a0zl3dsc4nomkeo22rxg2zw3effNM200810110000000000000000000112', 'shaa9gchxgm8i7cot7a5rali8054yl4pNM200810110000000000000000000113');
INSERT INTO metadata_display_label ( default_locale, id, site_master, key_name) VALUES ('Create', '07z1xmoqcskfqlyo6g1cucx5m90p785vNM200904120000000000000000000030', 'runwaysdk.com', '07z1xmoqcskfqlyo6g1cucx5m90p785vNM200904120000000000000000000030');
INSERT INTO metadata_display_label ( default_locale, id, site_master, key_name) VALUES ('Applys a new instance of com.runwaysdk.system.metadata.DoubleCondition', 'x9p8y3i4rzwj8uxomu9jjzfgvuw6oacaNM200904120000000000000000000030', 'runwaysdk.com', 'x9p8y3i4rzwj8uxomu9jjzfgvuw6oacaNM200904120000000000000000000030');
INSERT INTO md_action ( is_query, enclosing_md_controller, is_post, action_name, display_label, id) VALUES (0, 'yz5k5a0zl3dsc4nomkeo22rxg2zw3effNM200810110000000000000000000112', 1, 'create', '07z1xmoqcskfqlyo6g1cucx5m90p785vNM200904120000000000000000000030', '8nnhsbp7wa5wabikugbmfvcjs8oaaoovNM200810110000000000000000000113');
INSERT INTO metadata ( description, created_by, owner, id, create_date, seq, type, remove, site_master, locked_by, entity_domain, last_updated_by, last_update_date, key_name) VALUES ('x9p8y3i4rzwj8uxomu9jjzfgvuw6oacaNM200904120000000000000000000030', '0000000000000000000000000000001000000000000000000000000000000003', '0000000000000000000000000000001000000000000000000000000000000003', '8nnhsbp7wa5wabikugbmfvcjs8oaaoovNM200810110000000000000000000113', '2011-10-13 17:37:05', 3589, 'com.runwaysdk.system.metadata.MdAction', 1, 'runwaysdk.com', NULL, NULL, '0000000000000000000000000000001000000000000000000000000000000003', '2011-10-13 17:37:05', 'com.runwaysdk.system.metadata.DoubleConditionController.create');
INSERT INTO controller_action ( key_name, locked_by, id, owner, entity_domain, created_by, type, last_update_date, create_date, seq, last_updated_by, site_master, parent_id, child_id) VALUES ('com.runwaysdk.system.metadata.DoubleConditionController.create', NULL, 'zgefvju0lxicbx8qglt75042f7kp8s7rJS200807230000000000000000111111', '0000000000000000000000000000001000000000000000000000000000000003', NULL, '0000000000000000000000000000001000000000000000000000000000000003', 'com.runwaysdk.system.ControllerAction', '2011-10-13 17:37:05', '2011-10-13 17:37:05', 3590, '0000000000000000000000000000001000000000000000000000000000000003', 'runwaysdk.com', 'yz5k5a0zl3dsc4nomkeo22rxg2zw3effNM200810110000000000000000000112', '8nnhsbp7wa5wabikugbmfvcjs8oaaoovNM200810110000000000000000000113');
INSERT INTO metadata_display_label ( default_locale, id, site_master, key_name) VALUES ('Parameter: com.runwaysdk.system.metadata.DoubleCondition', 'r3i7cf70m84fcixrn3qopl2gky6vyd6rNM200904120000000000000000000030', 'runwaysdk.com', 'r3i7cf70m84fcixrn3qopl2gky6vyd6rNM200904120000000000000000000030');
INSERT INTO metadata_display_label ( default_locale, id, site_master, key_name) VALUES ('com.runwaysdk.system.metadata.DoubleCondition to apply to the database', 'xzlzhui1qkgvl08jddwnvowonrom1e2yNM200904120000000000000000000030', 'runwaysdk.com', 'xzlzhui1qkgvl08jddwnvowonrom1e2yNM200904120000000000000000000030');
INSERT INTO md_parameter ( metadata, parameter_order, parameter_name, parameter_type, display_label, id) VALUES ('8nnhsbp7wa5wabikugbmfvcjs8oaaoovNM200810110000000000000000000113', 0, 'dto', 'com.runwaysdk.system.metadata.DoubleCondition', 'r3i7cf70m84fcixrn3qopl2gky6vyd6rNM200904120000000000000000000030', 'sy8m4xqhv0csaz0hky0cj2tqxencdujc20070427JS0000000000000000001517');
INSERT INTO metadata ( description, created_by, owner, id, create_date, seq, type, remove, site_master, locked_by, entity_domain, last_updated_by, last_update_date, key_name) VALUES ('xzlzhui1qkgvl08jddwnvowonrom1e2yNM200904120000000000000000000030', '0000000000000000000000000000001000000000000000000000000000000003', '0000000000000000000000000000001000000000000000000000000000000003', 'sy8m4xqhv0csaz0hky0cj2tqxencdujc20070427JS0000000000000000001517', '2011-10-13 17:37:05', 3591, 'com.runwaysdk.system.metadata.MdParameter', 1, 'runwaysdk.com', NULL, NULL, '0000000000000000000000000000001000000000000000000000000000000003', '2011-10-13 17:37:05', 'com.runwaysdk.system.metadata.DoubleConditionController.create.dto');
INSERT INTO metadata_parameter ( site_master, last_updated_by, create_date, seq, locked_by, entity_domain, created_by, type, last_update_date, key_name, owner, id, parent_id, child_id) VALUES ('runwaysdk.com', '0000000000000000000000000000001000000000000000000000000000000003', '2011-10-13 17:37:05', 3592, NULL, NULL, '0000000000000000000000000000001000000000000000000000000000000003', 'com.runwaysdk.system.MetadataParameter', '2011-10-13 17:37:05', 'com.runwaysdk.system.metadata.DoubleConditionController.create.dto', '0000000000000000000000000000001000000000000000000000000000000003', 't2fquek60n6pwhp8y4da57q4acss1hmr20070427JS0000000000000000001524', '8nnhsbp7wa5wabikugbmfvcjs8oaaoovNM200810110000000000000000000113', 'sy8m4xqhv0csaz0hky0cj2tqxencdujc20070427JS0000000000000000001517');
INSERT INTO metadata_display_label ( default_locale, id, site_master, key_name) VALUES ('edit', '8ra05t9p7gy6dv18nyyt75z90c2x1ievNM200904120000000000000000000030', 'runwaysdk.com', '8ra05t9p7gy6dv18nyyt75z90c2x1ievNM200904120000000000000000000030');
INSERT INTO metadata_display_label ( default_locale, id, site_master, key_name) VALUES ('Applys an existing instance of com.runwaysdk.system.metadata.DoubleCondition', '8r91e95fwqfi9hpnnsvigknjyg8f7q6mNM200904120000000000000000000030', 'runwaysdk.com', '8r91e95fwqfi9hpnnsvigknjyg8f7q6mNM200904120000000000000000000030');
INSERT INTO md_action ( is_query, enclosing_md_controller, is_post, action_name, display_label, id) VALUES (0, 'yz5k5a0zl3dsc4nomkeo22rxg2zw3effNM200810110000000000000000000112', 0, 'edit', '8ra05t9p7gy6dv18nyyt75z90c2x1ievNM200904120000000000000000000030', 'sc78bdss7ftxb5fijl3cnzql4x8tsedxNM200810110000000000000000000113');
INSERT INTO metadata ( description, created_by, owner, id, create_date, seq, type, remove, site_master, locked_by, entity_domain, last_updated_by, last_update_date, key_name) VALUES ('8r91e95fwqfi9hpnnsvigknjyg8f7q6mNM200904120000000000000000000030', '0000000000000000000000000000001000000000000000000000000000000003', '0000000000000000000000000000001000000000000000000000000000000003', 'sc78bdss7ftxb5fijl3cnzql4x8tsedxNM200810110000000000000000000113', '2011-10-13 17:37:05', 3593, 'com.runwaysdk.system.metadata.MdAction', 1, 'runwaysdk.com', NULL, NULL, '0000000000000000000000000000001000000000000000000000000000000003', '2011-10-13 17:37:05', 'com.runwaysdk.system.metadata.DoubleConditionController.edit');
INSERT INTO controller_action ( key_name, locked_by, id, owner, entity_domain, created_by, type, last_update_date, create_date, seq, last_updated_by, site_master, parent_id, child_id) VALUES ('com.runwaysdk.system.metadata.DoubleConditionController.edit', NULL, '05doxnijp95gxtt7erudh5ccpqbhh024JS200807230000000000000000111111', '0000000000000000000000000000001000000000000000000000000000000003', NULL, '0000000000000000000000000000001000000000000000000000000000000003', 'com.runwaysdk.system.ControllerAction', '2011-10-13 17:37:05', '2011-10-13 17:37:05', 3594, '0000000000000000000000000000001000000000000000000000000000000003', 'runwaysdk.com', 'yz5k5a0zl3dsc4nomkeo22rxg2zw3effNM200810110000000000000000000112', 'sc78bdss7ftxb5fijl3cnzql4x8tsedxNM200810110000000000000000000113');
INSERT INTO metadata_display_label ( default_locale, id, site_master, key_name) VALUES ('Parameter: com.runwaysdk.system.metadata.DoubleCondition', 'r11qzoetfdifgqykyhyumhjgfa2nok66NM200904120000000000000000000030', 'runwaysdk.com', 'r11qzoetfdifgqykyhyumhjgfa2nok66NM200904120000000000000000000030');
INSERT INTO metadata_display_label ( default_locale, id, site_master, key_name) VALUES ('com.runwaysdk.system.metadata.DoubleCondition to apply to the database', '6qztb8gy63g054yv3evlkll7khtk0kt6NM200904120000000000000000000030', 'runwaysdk.com', '6qztb8gy63g054yv3evlkll7khtk0kt6NM200904120000000000000000000030');
INSERT INTO md_parameter ( metadata, parameter_order, parameter_name, parameter_type, display_label, id) VALUES ('sc78bdss7ftxb5fijl3cnzql4x8tsedxNM200810110000000000000000000113', 0, 'id', 'java.lang.String', 'r11qzoetfdifgqykyhyumhjgfa2nok66NM200904120000000000000000000030', '0oub8wihb5w5gd6dw6xuymlyclgrhhic20070427JS0000000000000000001517');
INSERT INTO metadata ( description, created_by, owner, id, create_date, seq, type, remove, site_master, locked_by, entity_domain, last_updated_by, last_update_date, key_name) VALUES ('6qztb8gy63g054yv3evlkll7khtk0kt6NM200904120000000000000000000030', '0000000000000000000000000000001000000000000000000000000000000003', '0000000000000000000000000000001000000000000000000000000000000003', '0oub8wihb5w5gd6dw6xuymlyclgrhhic20070427JS0000000000000000001517', '2011-10-13 17:37:05', 3595, 'com.runwaysdk.system.metadata.MdParameter', 1, 'runwaysdk.com', NULL, NULL, '0000000000000000000000000000001000000000000000000000000000000003', '2011-10-13 17:37:05', 'com.runwaysdk.system.metadata.DoubleConditionController.edit.id');
INSERT INTO metadata_parameter ( site_master, last_updated_by, create_date, seq, locked_by, entity_domain, created_by, type, last_update_date, key_name, owner, id, parent_id, child_id) VALUES ('runwaysdk.com', '0000000000000000000000000000001000000000000000000000000000000003', '2011-10-13 17:37:05', 3596, NULL, NULL, '0000000000000000000000000000001000000000000000000000000000000003', 'com.runwaysdk.system.MetadataParameter', '2011-10-13 17:37:05', 'com.runwaysdk.system.metadata.DoubleConditionController.edit.id', '0000000000000000000000000000001000000000000000000000000000000003', '8m4ftoewg5u3wjrdfplhwz6bsqz0ymin20070427JS0000000000000000001524', 'sc78bdss7ftxb5fijl3cnzql4x8tsedxNM200810110000000000000000000113', '0oub8wihb5w5gd6dw6xuymlyclgrhhic20070427JS0000000000000000001517');
INSERT INTO metadata_display_label ( default_locale, id, site_master, key_name) VALUES ('update', 'xcejrvdb7c13wybg2u2evu55jgb6g9vyNM200904120000000000000000000030', 'runwaysdk.com', 'xcejrvdb7c13wybg2u2evu55jgb6g9vyNM200904120000000000000000000030');
INSERT INTO metadata_display_label ( default_locale, id, site_master, key_name) VALUES ('Applys an existing instance of com.runwaysdk.system.metadata.DoubleCondition', '8j0htneeg6egphil0b1xn1akqspmlkn5NM200904120000000000000000000030', 'runwaysdk.com', '8j0htneeg6egphil0b1xn1akqspmlkn5NM200904120000000000000000000030');
INSERT INTO md_action ( is_query, enclosing_md_controller, is_post, action_name, display_label, id) VALUES (0, 'yz5k5a0zl3dsc4nomkeo22rxg2zw3effNM200810110000000000000000000112', 1, 'update', 'xcejrvdb7c13wybg2u2evu55jgb6g9vyNM200904120000000000000000000030', 'z7bpr2e53w0777exki5d363c2j96bltyNM200810110000000000000000000113');
INSERT INTO metadata ( description, created_by, owner, id, create_date, seq, type, remove, site_master, locked_by, entity_domain, last_updated_by, last_update_date, key_name) VALUES ('8j0htneeg6egphil0b1xn1akqspmlkn5NM200904120000000000000000000030', '0000000000000000000000000000001000000000000000000000000000000003', '0000000000000000000000000000001000000000000000000000000000000003', 'z7bpr2e53w0777exki5d363c2j96bltyNM200810110000000000000000000113', '2011-10-13 17:37:05', 3597, 'com.runwaysdk.system.metadata.MdAction', 1, 'runwaysdk.com', NULL, NULL, '0000000000000000000000000000001000000000000000000000000000000003', '2011-10-13 17:37:05', 'com.runwaysdk.system.metadata.DoubleConditionController.update');
INSERT INTO controller_action ( key_name, locked_by, id, owner, entity_domain, created_by, type, last_update_date, create_date, seq, last_updated_by, site_master, parent_id, child_id) VALUES ('com.runwaysdk.system.metadata.DoubleConditionController.update', NULL, 'z1rud8mqetjtl7wq1mzq11lho5usxfjcJS200807230000000000000000111111', '0000000000000000000000000000001000000000000000000000000000000003', NULL, '0000000000000000000000000000001000000000000000000000000000000003', 'com.runwaysdk.system.ControllerAction', '2011-10-13 17:37:05', '2011-10-13 17:37:05', 3598, '0000000000000000000000000000001000000000000000000000000000000003', 'runwaysdk.com', 'yz5k5a0zl3dsc4nomkeo22rxg2zw3effNM200810110000000000000000000112', 'z7bpr2e53w0777exki5d363c2j96bltyNM200810110000000000000000000113');
INSERT INTO metadata_display_label ( default_locale, id, site_master, key_name) VALUES ('Parameter: com.runwaysdk.system.metadata.DoubleCondition - dto', '02t671n3u5lurmn9bfrwblysjirmic4kNM200904120000000000000000000030', 'runwaysdk.com', '02t671n3u5lurmn9bfrwblysjirmic4kNM200904120000000000000000000030');
INSERT INTO metadata_display_label ( default_locale, id, site_master, key_name) VALUES ('com.runwaysdk.system.metadata.DoubleCondition to apply to the database', 'z1rwn0jo3cf42vhpah1n7u22uv26qznnNM200904120000000000000000000030', 'runwaysdk.com', 'z1rwn0jo3cf42vhpah1n7u22uv26qznnNM200904120000000000000000000030');
INSERT INTO md_parameter ( metadata, parameter_order, parameter_name, parameter_type, display_label, id) VALUES ('z7bpr2e53w0777exki5d363c2j96bltyNM200810110000000000000000000113', 0, 'dto', 'com.runwaysdk.system.metadata.DoubleCondition', '02t671n3u5lurmn9bfrwblysjirmic4kNM200904120000000000000000000030', 'r4kbmoosr0heo1ra2573iclar0qgq59420070427JS0000000000000000001517');
INSERT INTO metadata ( description, created_by, owner, id, create_date, seq, type, remove, site_master, locked_by, entity_domain, last_updated_by, last_update_date, key_name) VALUES ('z1rwn0jo3cf42vhpah1n7u22uv26qznnNM200904120000000000000000000030', '0000000000000000000000000000001000000000000000000000000000000003', '0000000000000000000000000000001000000000000000000000000000000003', 'r4kbmoosr0heo1ra2573iclar0qgq59420070427JS0000000000000000001517', '2011-10-13 17:37:05', 3599, 'com.runwaysdk.system.metadata.MdParameter', 1, 'runwaysdk.com', NULL, NULL, '0000000000000000000000000000001000000000000000000000000000000003', '2011-10-13 17:37:05', 'com.runwaysdk.system.metadata.DoubleConditionController.update.dto');
INSERT INTO metadata_parameter ( site_master, last_updated_by, create_date, seq, locked_by, entity_domain, created_by, type, last_update_date, key_name, owner, id, parent_id, child_id) VALUES ('runwaysdk.com', '0000000000000000000000000000001000000000000000000000000000000003', '2011-10-13 17:37:05', 3600, NULL, NULL, '0000000000000000000000000000001000000000000000000000000000000003', 'com.runwaysdk.system.MetadataParameter', '2011-10-13 17:37:05', 'com.runwaysdk.system.metadata.DoubleConditionController.update.dto', '0000000000000000000000000000001000000000000000000000000000000003', '8dzd59yuhuip11726gyjiivm0y6vhuja20070427JS0000000000000000001524', 'z7bpr2e53w0777exki5d363c2j96bltyNM200810110000000000000000000113', 'r4kbmoosr0heo1ra2573iclar0qgq59420070427JS0000000000000000001517');
INSERT INTO metadata_display_label ( default_locale, id, site_master, key_name) VALUES ('cancel', 'zhi4i3fm1tp5yy8m77z4dftvjvqnr80mNM200904120000000000000000000030', 'runwaysdk.com', 'zhi4i3fm1tp5yy8m77z4dftvjvqnr80mNM200904120000000000000000000030');
INSERT INTO metadata_display_label ( default_locale, id, site_master, key_name) VALUES ('Unlocks an instance com.runwaysdk.system.metadata.DoubleCondition', 'ywl3vp3ncgv9df81owu6k1esoz1s640iNM200904120000000000000000000030', 'runwaysdk.com', 'ywl3vp3ncgv9df81owu6k1esoz1s640iNM200904120000000000000000000030');
INSERT INTO md_action ( is_query, enclosing_md_controller, is_post, action_name, display_label, id) VALUES (0, 'yz5k5a0zl3dsc4nomkeo22rxg2zw3effNM200810110000000000000000000112', 1, 'cancel', 'zhi4i3fm1tp5yy8m77z4dftvjvqnr80mNM200904120000000000000000000030', '8j6jsjkn07njk3hb9tbnkoq9q6xibn9uNM200810110000000000000000000113');
INSERT INTO metadata ( description, created_by, owner, id, create_date, seq, type, remove, site_master, locked_by, entity_domain, last_updated_by, last_update_date, key_name) VALUES ('ywl3vp3ncgv9df81owu6k1esoz1s640iNM200904120000000000000000000030', '0000000000000000000000000000001000000000000000000000000000000003', '0000000000000000000000000000001000000000000000000000000000000003', '8j6jsjkn07njk3hb9tbnkoq9q6xibn9uNM200810110000000000000000000113', '2011-10-13 17:37:05', 3601, 'com.runwaysdk.system.metadata.MdAction', 1, 'runwaysdk.com', NULL, NULL, '0000000000000000000000000000001000000000000000000000000000000003', '2011-10-13 17:37:05', 'com.runwaysdk.system.metadata.DoubleConditionController.cancel');
INSERT INTO controller_action ( key_name, locked_by, id, owner, entity_domain, created_by, type, last_update_date, create_date, seq, last_updated_by, site_master, parent_id, child_id) VALUES ('com.runwaysdk.system.metadata.DoubleConditionController.cancel', NULL, 'ywerpcgjp6f430ge9095gidnvu2xvud8JS200807230000000000000000111111', '0000000000000000000000000000001000000000000000000000000000000003', NULL, '0000000000000000000000000000001000000000000000000000000000000003', 'com.runwaysdk.system.ControllerAction', '2011-10-13 17:37:05', '2011-10-13 17:37:05', 3602, '0000000000000000000000000000001000000000000000000000000000000003', 'runwaysdk.com', 'yz5k5a0zl3dsc4nomkeo22rxg2zw3effNM200810110000000000000000000112', '8j6jsjkn07njk3hb9tbnkoq9q6xibn9uNM200810110000000000000000000113');
INSERT INTO metadata_display_label ( default_locale, id, site_master, key_name) VALUES ('Parameter: com.runwaysdk.system.metadata.DoubleCondition - dto', 'sxb3zorjkjg3py46212rqmcjis0q7mf7NM200904120000000000000000000030', 'runwaysdk.com', 'sxb3zorjkjg3py46212rqmcjis0q7mf7NM200904120000000000000000000030');
INSERT INTO metadata_display_label ( default_locale, id, site_master, key_name) VALUES ('com.runwaysdk.system.metadata.DoubleCondition to unlock', '8ypno86b7rphddbyam4iowyfblldjrc9NM200904120000000000000000000030', 'runwaysdk.com', '8ypno86b7rphddbyam4iowyfblldjrc9NM200904120000000000000000000030');
INSERT INTO md_parameter ( metadata, parameter_order, parameter_name, parameter_type, display_label, id) VALUES ('8j6jsjkn07njk3hb9tbnkoq9q6xibn9uNM200810110000000000000000000113', 0, 'dto', 'com.runwaysdk.system.metadata.DoubleCondition', 'sxb3zorjkjg3py46212rqmcjis0q7mf7NM200904120000000000000000000030', '8g5itklln6vkeq09jv5pefjkj1xiajly20070427JS0000000000000000001517');
INSERT INTO metadata ( description, created_by, owner, id, create_date, seq, type, remove, site_master, locked_by, entity_domain, last_updated_by, last_update_date, key_name) VALUES ('8ypno86b7rphddbyam4iowyfblldjrc9NM200904120000000000000000000030', '0000000000000000000000000000001000000000000000000000000000000003', '0000000000000000000000000000001000000000000000000000000000000003', '8g5itklln6vkeq09jv5pefjkj1xiajly20070427JS0000000000000000001517', '2011-10-13 17:37:05', 3603, 'com.runwaysdk.system.metadata.MdParameter', 1, 'runwaysdk.com', NULL, NULL, '0000000000000000000000000000001000000000000000000000000000000003', '2011-10-13 17:37:05', 'com.runwaysdk.system.metadata.DoubleConditionController.cancel.dto');
INSERT INTO metadata_parameter ( site_master, last_updated_by, create_date, seq, locked_by, entity_domain, created_by, type, last_update_date, key_name, owner, id, parent_id, child_id) VALUES ('runwaysdk.com', '0000000000000000000000000000001000000000000000000000000000000003', '2011-10-13 17:37:05', 3604, NULL, NULL, '0000000000000000000000000000001000000000000000000000000000000003', 'com.runwaysdk.system.MetadataParameter', '2011-10-13 17:37:05', 'com.runwaysdk.system.metadata.DoubleConditionController.cancel.dto', '0000000000000000000000000000001000000000000000000000000000000003', 'z2bdbft0ck8pk0m7ub0ghsdt6cfawqvi20070427JS0000000000000000001524', '8j6jsjkn07njk3hb9tbnkoq9q6xibn9uNM200810110000000000000000000113', '8g5itklln6vkeq09jv5pefjkj1xiajly20070427JS0000000000000000001517');
INSERT INTO metadata_display_label ( default_locale, id, site_master, key_name) VALUES ('delete', 'sebppfzxsd7rgoeca4qhf652hsouf2biNM200904120000000000000000000030', 'runwaysdk.com', 'sebppfzxsd7rgoeca4qhf652hsouf2biNM200904120000000000000000000030');
INSERT INTO metadata_display_label ( default_locale, id, site_master, key_name) VALUES ('Delete an instance of com.runwaysdk.system.metadata.DoubleCondition', '0qra0puek57n921q2egtmal7dx9tzcn2NM200904120000000000000000000030', 'runwaysdk.com', '0qra0puek57n921q2egtmal7dx9tzcn2NM200904120000000000000000000030');
INSERT INTO md_action ( is_query, enclosing_md_controller, is_post, action_name, display_label, id) VALUES (0, 'yz5k5a0zl3dsc4nomkeo22rxg2zw3effNM200810110000000000000000000112', 1, 'delete', 'sebppfzxsd7rgoeca4qhf652hsouf2biNM200904120000000000000000000030', 'sg3jpj00jqy4r3k8ai6br7p7es3inrivNM200810110000000000000000000113');
INSERT INTO metadata ( description, created_by, owner, id, create_date, seq, type, remove, site_master, locked_by, entity_domain, last_updated_by, last_update_date, key_name) VALUES ('0qra0puek57n921q2egtmal7dx9tzcn2NM200904120000000000000000000030', '0000000000000000000000000000001000000000000000000000000000000003', '0000000000000000000000000000001000000000000000000000000000000003', 'sg3jpj00jqy4r3k8ai6br7p7es3inrivNM200810110000000000000000000113', '2011-10-13 17:37:05', 3605, 'com.runwaysdk.system.metadata.MdAction', 1, 'runwaysdk.com', NULL, NULL, '0000000000000000000000000000001000000000000000000000000000000003', '2011-10-13 17:37:05', 'com.runwaysdk.system.metadata.DoubleConditionController.delete');
INSERT INTO controller_action ( key_name, locked_by, id, owner, entity_domain, created_by, type, last_update_date, create_date, seq, last_updated_by, site_master, parent_id, child_id) VALUES ('com.runwaysdk.system.metadata.DoubleConditionController.delete', NULL, '8h2hnh955c42cq7jfh6ecld12fbjvwhsJS200807230000000000000000111111', '0000000000000000000000000000001000000000000000000000000000000003', NULL, '0000000000000000000000000000001000000000000000000000000000000003', 'com.runwaysdk.system.ControllerAction', '2011-10-13 17:37:05', '2011-10-13 17:37:05', 3606, '0000000000000000000000000000001000000000000000000000000000000003', 'runwaysdk.com', 'yz5k5a0zl3dsc4nomkeo22rxg2zw3effNM200810110000000000000000000112', 'sg3jpj00jqy4r3k8ai6br7p7es3inrivNM200810110000000000000000000113');
INSERT INTO metadata_display_label ( default_locale, id, site_master, key_name) VALUES ('Parameter: com.runwaysdk.system.metadata.DoubleCondition - dto', '92wze1ea8i51ufb7po91daho2rf77yz3NM200904120000000000000000000030', 'runwaysdk.com', '92wze1ea8i51ufb7po91daho2rf77yz3NM200904120000000000000000000030');
INSERT INTO metadata_display_label ( default_locale, id, site_master, key_name) VALUES ('com.runwaysdk.system.metadata.DoubleCondition to delete', 'srv1rd2pt3s4p8jwfkyc5em6rd9wvx7xNM200904120000000000000000000030', 'runwaysdk.com', 'srv1rd2pt3s4p8jwfkyc5em6rd9wvx7xNM200904120000000000000000000030');
INSERT INTO md_parameter ( metadata, parameter_order, parameter_name, parameter_type, display_label, id) VALUES ('sg3jpj00jqy4r3k8ai6br7p7es3inrivNM200810110000000000000000000113', 0, 'dto', 'com.runwaysdk.system.metadata.DoubleCondition', '92wze1ea8i51ufb7po91daho2rf77yz3NM200904120000000000000000000030', '7dibheihyv3d5pnh2cekztib0u7aw5n220070427JS0000000000000000001517');
INSERT INTO metadata ( description, created_by, owner, id, create_date, seq, type, remove, site_master, locked_by, entity_domain, last_updated_by, last_update_date, key_name) VALUES ('srv1rd2pt3s4p8jwfkyc5em6rd9wvx7xNM200904120000000000000000000030', '0000000000000000000000000000001000000000000000000000000000000003', '0000000000000000000000000000001000000000000000000000000000000003', '7dibheihyv3d5pnh2cekztib0u7aw5n220070427JS0000000000000000001517', '2011-10-13 17:37:05', 3607, 'com.runwaysdk.system.metadata.MdParameter', 1, 'runwaysdk.com', NULL, NULL, '0000000000000000000000000000001000000000000000000000000000000003', '2011-10-13 17:37:05', 'com.runwaysdk.system.metadata.DoubleConditionController.delete.dto');
INSERT INTO metadata_parameter ( site_master, last_updated_by, create_date, seq, locked_by, entity_domain, created_by, type, last_update_date, key_name, owner, id, parent_id, child_id) VALUES ('runwaysdk.com', '0000000000000000000000000000001000000000000000000000000000000003', '2011-10-13 17:37:05', 3608, NULL, NULL, '0000000000000000000000000000001000000000000000000000000000000003', 'com.runwaysdk.system.MetadataParameter', '2011-10-13 17:37:05', 'com.runwaysdk.system.metadata.DoubleConditionController.delete.dto', '0000000000000000000000000000001000000000000000000000000000000003', '7fp0itppiitdqnj8emazmp6rhufnf47o20070427JS0000000000000000001524', 'sg3jpj00jqy4r3k8ai6br7p7es3inrivNM200810110000000000000000000113', '7dibheihyv3d5pnh2cekztib0u7aw5n220070427JS0000000000000000001517');
INSERT INTO business_inheritance ( id, parent_id, child_id) VALUES ('zppewf1dr2u4fy9we0ynbg2vywyk3mdh20070926NM0000000000000000000004', '8cyzqex757pg9voulx8mlnxoyo8ypfal00000000000000000000000000000001', 'yww7u0dy8tqokn7ajm0uedf9x9dtu9jt00000000000000000000000000000001');
INSERT INTO class_inheritance ( id, parent_id, child_id) VALUES ('zppewf1dr2u4fy9we0ynbg2vywyk3mdh20070926NM0000000000000000000004', '8cyzqex757pg9voulx8mlnxoyo8ypfal00000000000000000000000000000001', 'yww7u0dy8tqokn7ajm0uedf9x9dtu9jt00000000000000000000000000000001');
INSERT INTO metadata_relationship ( entity_domain, site_master, last_updated_by, id, owner, locked_by, create_date, type, created_by, seq, key_name, last_update_date, parent_id, child_id) VALUES (NULL, 'runwaysdk.com', '0000000000000000000000000000001000000000000000000000000000000003', 'zppewf1dr2u4fy9we0ynbg2vywyk3mdh20070926NM0000000000000000000004', '0000000000000000000000000000001000000000000000000000000000000003', NULL, '2011-10-13 17:37:05', 'com.runwaysdk.system.metadata.BusinessInheritance', '0000000000000000000000000000001000000000000000000000000000000003', 3609, 'zppewf1dr2u4fy9we0ynbg2vywyk3mdh20070926NM0000000000000000000004', '2011-10-13 17:37:05', '8cyzqex757pg9voulx8mlnxoyo8ypfal00000000000000000000000000000001', 'yww7u0dy8tqokn7ajm0uedf9x9dtu9jt00000000000000000000000000000001');
 INSERT INTO visibilitymodifier (set_id, item_id)  VALUES  ('sc7eq7aiaws3d7xpn4ggcnnl4fhsrl0q', '20071109NM000000000000000000000520071109NM0000000000000000000001');
INSERT INTO metadata_display_label ( default_locale, id, site_master, key_name) VALUES ('Defining Field', 'xfeny5pfgxr20dvxktumkfcgcbf4bix6NM200904120000000000000000000030', 'runwaysdk.com', 'xfeny5pfgxr20dvxktumkfcgcbf4bix6NM200904120000000000000000000030');
 INSERT INTO visibilitymodifier (set_id, item_id)  VALUES  ('zjfkktrfe439z6x8kr9w699vmcgcsrbx', '20071109NM000000000000000000000520071109NM0000000000000000000001');
 INSERT INTO md_attribute_indicies (set_id, item_id)  VALUES  ('287ksu9fuylq1xtutd2c23txli8seodt', '0000000000000000000000000000040100000000000000000000000000000403');
INSERT INTO metadata_display_label ( default_locale, id, site_master, key_name) VALUES ('Field upon which the criteria is checked', '25f20rimzu0ui8jta2b0709l6kuicop1NM200904120000000000000000000030', 'runwaysdk.com', '25f20rimzu0ui8jta2b0709l6kuicop1NM200904120000000000000000000030');
INSERT INTO md_attribute_reference ( default_value, md_business, id) VALUES (NULL, '1p8imi9p4g6xmfg82cskzb95veiiu78r00000000000000000000000000000001', 'zfh0ul6ifxnosqq8oq37v5diwscithuv00000000000000000000000000000186');
INSERT INTO md_attribute_ref ( id) VALUES ('zfh0ul6ifxnosqq8oq37v5diwscithuv00000000000000000000000000000186');
INSERT INTO md_attribute_concrete ( column_name, defining_md_class, setter_visibility, setter_visibility_c, immutable, index_name, generate_accessor, system, required, display_label, getter_visibility, getter_visibility_c, index_type, index_type_c, attribute_name, id) VALUES ('defining_md_field', 'yww7u0dy8tqokn7ajm0uedf9x9dtu9jt00000000000000000000000000000001', 'sc7eq7aiaws3d7xpn4ggcnnl4fhsrl0q', '20071109NM000000000000000000000520071109NM0000000000000000000001', 0, 'asvonxevbgbj1096ixlv9cujgohmqj', 1, 0, 1, 'xfeny5pfgxr20dvxktumkfcgcbf4bix6NM200904120000000000000000000030', 'zjfkktrfe439z6x8kr9w699vmcgcsrbx', '20071109NM000000000000000000000520071109NM0000000000000000000001', '287ksu9fuylq1xtutd2c23txli8seodt', '0000000000000000000000000000040100000000000000000000000000000403', 'definingMdField', 'zfh0ul6ifxnosqq8oq37v5diwscithuv00000000000000000000000000000186');
INSERT INTO md_attribute ( id) VALUES ('zfh0ul6ifxnosqq8oq37v5diwscithuv00000000000000000000000000000186');
INSERT INTO metadata ( description, created_by, owner, id, create_date, seq, type, remove, site_master, locked_by, entity_domain, last_updated_by, last_update_date, key_name) VALUES ('25f20rimzu0ui8jta2b0709l6kuicop1NM200904120000000000000000000030', '0000000000000000000000000000001000000000000000000000000000000003', '0000000000000000000000000000001000000000000000000000000000000003', 'zfh0ul6ifxnosqq8oq37v5diwscithuv00000000000000000000000000000186', '2011-10-13 17:37:05', 3610, 'com.runwaysdk.system.metadata.MdAttributeReference', 1, 'runwaysdk.com', NULL, NULL, '0000000000000000000000000000001000000000000000000000000000000003', '2011-10-13 17:37:05', 'com.runwaysdk.system.metadata.DoubleCondition.definingMdField');
ALTER TABLE double_condition ADD COLUMN defining_md_field  char(64);
INSERT INTO class_attribute_concrete ( id, parent_id, child_id) VALUES ('t0aduo8roxs5rt6vrrhf7q82ipg1x86z00000000000000000000000000000073', 'yww7u0dy8tqokn7ajm0uedf9x9dtu9jt00000000000000000000000000000001', 'zfh0ul6ifxnosqq8oq37v5diwscithuv00000000000000000000000000000186');
INSERT INTO class_attribute ( id, parent_id, child_id) VALUES ('t0aduo8roxs5rt6vrrhf7q82ipg1x86z00000000000000000000000000000073', 'yww7u0dy8tqokn7ajm0uedf9x9dtu9jt00000000000000000000000000000001', 'zfh0ul6ifxnosqq8oq37v5diwscithuv00000000000000000000000000000186');
INSERT INTO metadata_relationship ( entity_domain, site_master, last_updated_by, id, owner, locked_by, create_date, type, created_by, seq, key_name, last_update_date, parent_id, child_id) VALUES (NULL, 'runwaysdk.com', '0000000000000000000000000000001000000000000000000000000000000003', 't0aduo8roxs5rt6vrrhf7q82ipg1x86z00000000000000000000000000000073', '0000000000000000000000000000001000000000000000000000000000000003', NULL, '2011-10-13 17:37:05', 'com.runwaysdk.system.metadata.ClassAttributeConcrete', '0000000000000000000000000000001000000000000000000000000000000003', 3611, 'com.runwaysdk.system.metadata.DoubleCondition.definingMdField', '2011-10-13 17:37:05', 'yww7u0dy8tqokn7ajm0uedf9x9dtu9jt00000000000000000000000000000001', 'zfh0ul6ifxnosqq8oq37v5diwscithuv00000000000000000000000000000186');
 INSERT INTO visibilitymodifier (set_id, item_id)  VALUES  ('06mnbejs20p0lobxq4pbi7i1hi3z7b7q', '20071109NM000000000000000000000520071109NM0000000000000000000001');
INSERT INTO metadata_display_label ( default_locale, id, site_master, key_name) VALUES ('Value', '09c4x3v371ibtg4isqfbvb4itrekpiyaNM200904120000000000000000000030', 'runwaysdk.com', '09c4x3v371ibtg4isqfbvb4itrekpiyaNM200904120000000000000000000030');
 INSERT INTO visibilitymodifier (set_id, item_id)  VALUES  ('06jfyzd9c2aqwb5driinejt8m1d6dv3o', '20071109NM000000000000000000000520071109NM0000000000000000000001');
 INSERT INTO md_attribute_indicies (set_id, item_id)  VALUES  ('8xwvr6enyn418fo04e615j3a6wg5wk3d', '0000000000000000000000000000040100000000000000000000000000000403');
INSERT INTO metadata_display_label ( default_locale, id, site_master, key_name) VALUES ('Value to check against', '0sjuhcf95e565n2cawcr1bvcu0vxnyr7NM200904120000000000000000000030', 'runwaysdk.com', '0sjuhcf95e565n2cawcr1bvcu0vxnyr7NM200904120000000000000000000030');
INSERT INTO md_attribute_double ( default_value, end_range, start_range, id) VALUES (NULL, NULL, NULL, '00vmcdcuv79cqm4tr7wz9cowlc1t8tz900000000000000000000000000000170');
INSERT INTO md_attribute_dec ( database_decimal, database_length, id) VALUES (10, 64, '00vmcdcuv79cqm4tr7wz9cowlc1t8tz900000000000000000000000000000170');
INSERT INTO md_attribute_number ( reject_negative, reject_zero, reject_positive, id) VALUES (0, 0, 0, '00vmcdcuv79cqm4tr7wz9cowlc1t8tz900000000000000000000000000000170');
INSERT INTO md_attribute_primitive ( id) VALUES ('00vmcdcuv79cqm4tr7wz9cowlc1t8tz900000000000000000000000000000170');
INSERT INTO md_attribute_concrete ( column_name, defining_md_class, setter_visibility, setter_visibility_c, immutable, index_name, generate_accessor, system, required, display_label, getter_visibility, getter_visibility_c, index_type, index_type_c, attribute_name, id) VALUES ('fieldvalue', 'yww7u0dy8tqokn7ajm0uedf9x9dtu9jt00000000000000000000000000000001', '06mnbejs20p0lobxq4pbi7i1hi3z7b7q', '20071109NM000000000000000000000520071109NM0000000000000000000001', 0, 'a46dtd5po90vqap9p43u8r36qftccj', 1, 0, 1, '09c4x3v371ibtg4isqfbvb4itrekpiyaNM200904120000000000000000000030', '06jfyzd9c2aqwb5driinejt8m1d6dv3o', '20071109NM000000000000000000000520071109NM0000000000000000000001', '8xwvr6enyn418fo04e615j3a6wg5wk3d', '0000000000000000000000000000040100000000000000000000000000000403', 'value', '00vmcdcuv79cqm4tr7wz9cowlc1t8tz900000000000000000000000000000170');
INSERT INTO md_attribute ( id) VALUES ('00vmcdcuv79cqm4tr7wz9cowlc1t8tz900000000000000000000000000000170');
INSERT INTO metadata ( description, created_by, owner, id, create_date, seq, type, remove, site_master, locked_by, entity_domain, last_updated_by, last_update_date, key_name) VALUES ('0sjuhcf95e565n2cawcr1bvcu0vxnyr7NM200904120000000000000000000030', '0000000000000000000000000000001000000000000000000000000000000003', '0000000000000000000000000000001000000000000000000000000000000003', '00vmcdcuv79cqm4tr7wz9cowlc1t8tz900000000000000000000000000000170', '2011-10-13 17:37:05', 3612, 'com.runwaysdk.system.metadata.MdAttributeDouble', 1, 'runwaysdk.com', NULL, NULL, '0000000000000000000000000000001000000000000000000000000000000003', '2011-10-13 17:37:05', 'com.runwaysdk.system.metadata.DoubleCondition.value');
ALTER TABLE double_condition ADD COLUMN fieldvalue  numeric(64,10);
INSERT INTO class_attribute_concrete ( id, parent_id, child_id) VALUES ('1tsgaswx75fb9ue75r3sqz5gynmv1jp300000000000000000000000000000073', 'yww7u0dy8tqokn7ajm0uedf9x9dtu9jt00000000000000000000000000000001', '00vmcdcuv79cqm4tr7wz9cowlc1t8tz900000000000000000000000000000170');
INSERT INTO class_attribute ( id, parent_id, child_id) VALUES ('1tsgaswx75fb9ue75r3sqz5gynmv1jp300000000000000000000000000000073', 'yww7u0dy8tqokn7ajm0uedf9x9dtu9jt00000000000000000000000000000001', '00vmcdcuv79cqm4tr7wz9cowlc1t8tz900000000000000000000000000000170');
INSERT INTO metadata_relationship ( entity_domain, site_master, last_updated_by, id, owner, locked_by, create_date, type, created_by, seq, key_name, last_update_date, parent_id, child_id) VALUES (NULL, 'runwaysdk.com', '0000000000000000000000000000001000000000000000000000000000000003', '1tsgaswx75fb9ue75r3sqz5gynmv1jp300000000000000000000000000000073', '0000000000000000000000000000001000000000000000000000000000000003', NULL, '2011-10-13 17:37:05', 'com.runwaysdk.system.metadata.ClassAttributeConcrete', '0000000000000000000000000000001000000000000000000000000000000003', 3613, 'com.runwaysdk.system.metadata.DoubleCondition.value', '2011-10-13 17:37:05', 'yww7u0dy8tqokn7ajm0uedf9x9dtu9jt00000000000000000000000000000001', '00vmcdcuv79cqm4tr7wz9cowlc1t8tz900000000000000000000000000000170');
 INSERT INTO visibilitymodifier (set_id, item_id)  VALUES  ('s9ou8qe24xvp3q44iitbkcdm2gmwiq1b', '20071109NM000000000000000000000520071109NM0000000000000000000001');
INSERT INTO metadata_display_label ( default_locale, id, site_master, key_name) VALUES ('Operation', 'xqckhgt9e2kza8nm1ujfiapfcj1ixmtkNM200904120000000000000000000030', 'runwaysdk.com', 'xqckhgt9e2kza8nm1ujfiapfcj1ixmtkNM200904120000000000000000000030');
 INSERT INTO visibilitymodifier (set_id, item_id)  VALUES  ('94mvv353tizfxdrffzmt9hq1odon3hhx', '20071109NM000000000000000000000520071109NM0000000000000000000001');
 INSERT INTO md_attribute_indicies (set_id, item_id)  VALUES  ('0d6d37x92h8kxddemwsp9g4fl4yzcgmn', '0000000000000000000000000000040100000000000000000000000000000403');
INSERT INTO metadata_display_label ( default_locale, id, site_master, key_name) VALUES ('Operation', 'xdfj0ck4vlirfxrw9906do51rvrxvsllNM200904120000000000000000000030', 'runwaysdk.com', 'xdfj0ck4vlirfxrw9906do51rvrxvsllNM200904120000000000000000000030');
INSERT INTO md_attribute_enumeration ( select_multiple, md_enumeration, default_value, cache_column_name, id) VALUES (0, '0c46qkgpl4rhtnsv3w3ou93kimna0rg300000000000000000000000000000196', NULL, 'conditionoperation_c', '011gwlxi2mwumffvzltwy2uuss7pm3u100000000000000000000000000000216');
INSERT INTO md_attribute_ref ( id) VALUES ('011gwlxi2mwumffvzltwy2uuss7pm3u100000000000000000000000000000216');
INSERT INTO md_attribute_concrete ( column_name, defining_md_class, setter_visibility, setter_visibility_c, immutable, index_name, generate_accessor, system, required, display_label, getter_visibility, getter_visibility_c, index_type, index_type_c, attribute_name, id) VALUES ('conditionoperation', 'yww7u0dy8tqokn7ajm0uedf9x9dtu9jt00000000000000000000000000000001', 's9ou8qe24xvp3q44iitbkcdm2gmwiq1b', '20071109NM000000000000000000000520071109NM0000000000000000000001', 0, 'as69rnvt3ee2vbgcglfkf5tbr44k5a', 1, 0, 1, 'xqckhgt9e2kza8nm1ujfiapfcj1ixmtkNM200904120000000000000000000030', '94mvv353tizfxdrffzmt9hq1odon3hhx', '20071109NM000000000000000000000520071109NM0000000000000000000001', '0d6d37x92h8kxddemwsp9g4fl4yzcgmn', '0000000000000000000000000000040100000000000000000000000000000403', 'operation', '011gwlxi2mwumffvzltwy2uuss7pm3u100000000000000000000000000000216');
INSERT INTO md_attribute ( id) VALUES ('011gwlxi2mwumffvzltwy2uuss7pm3u100000000000000000000000000000216');
INSERT INTO metadata ( description, created_by, owner, id, create_date, seq, type, remove, site_master, locked_by, entity_domain, last_updated_by, last_update_date, key_name) VALUES ('xdfj0ck4vlirfxrw9906do51rvrxvsllNM200904120000000000000000000030', '0000000000000000000000000000001000000000000000000000000000000003', '0000000000000000000000000000001000000000000000000000000000000003', '011gwlxi2mwumffvzltwy2uuss7pm3u100000000000000000000000000000216', '2011-10-13 17:37:05', 3614, 'com.runwaysdk.system.metadata.MdAttributeEnumeration', 1, 'runwaysdk.com', NULL, NULL, '0000000000000000000000000000001000000000000000000000000000000003', '2011-10-13 17:37:05', 'com.runwaysdk.system.metadata.DoubleCondition.operation');
ALTER TABLE double_condition ADD COLUMN conditionoperation  char(32);
ALTER TABLE double_condition ADD COLUMN conditionoperation_c  text;
INSERT INTO class_attribute_concrete ( id, parent_id, child_id) VALUES ('8wug5qtth55immflq7k37r7ifyv76wa400000000000000000000000000000073', 'yww7u0dy8tqokn7ajm0uedf9x9dtu9jt00000000000000000000000000000001', '011gwlxi2mwumffvzltwy2uuss7pm3u100000000000000000000000000000216');
INSERT INTO class_attribute ( id, parent_id, child_id) VALUES ('8wug5qtth55immflq7k37r7ifyv76wa400000000000000000000000000000073', 'yww7u0dy8tqokn7ajm0uedf9x9dtu9jt00000000000000000000000000000001', '011gwlxi2mwumffvzltwy2uuss7pm3u100000000000000000000000000000216');
INSERT INTO metadata_relationship ( entity_domain, site_master, last_updated_by, id, owner, locked_by, create_date, type, created_by, seq, key_name, last_update_date, parent_id, child_id) VALUES (NULL, 'runwaysdk.com', '0000000000000000000000000000001000000000000000000000000000000003', '8wug5qtth55immflq7k37r7ifyv76wa400000000000000000000000000000073', '0000000000000000000000000000001000000000000000000000000000000003', NULL, '2011-10-13 17:37:05', 'com.runwaysdk.system.metadata.ClassAttributeConcrete', '0000000000000000000000000000001000000000000000000000000000000003', 3615, 'com.runwaysdk.system.metadata.DoubleCondition.operation', '2011-10-13 17:37:05', 'yww7u0dy8tqokn7ajm0uedf9x9dtu9jt00000000000000000000000000000001', '011gwlxi2mwumffvzltwy2uuss7pm3u100000000000000000000000000000216');
 INSERT INTO class_cache (set_id, item_id)  VALUES  ('xm448urpvfeps81vze7nvzj3b0vu5c5w', '0000000000000000000000000000023100000000000000000000000000000222');
INSERT INTO metadata_display_label ( default_locale, id, site_master, key_name) VALUES ('Long condition', '2d9vhyfkj9uny8mzttfh3mtqvx9jfxu5NM200904120000000000000000000030', 'runwaysdk.com', '2d9vhyfkj9uny8mzttfh3mtqvx9jfxu5NM200904120000000000000000000030');
INSERT INTO metadata_display_label ( default_locale, id, site_master, key_name) VALUES ('A condition which check a field value against a long value', '2d3p6qze4jmk6an5f8sm7nm17q7gt50aNM200904120000000000000000000030', 'runwaysdk.com', '2d3p6qze4jmk6an5f8sm7nm17q7gt50aNM200904120000000000000000000030');
INSERT INTO md_business ( cache_algorithm, cache_algorithm_c, super_md_business, id) VALUES ('xm448urpvfeps81vze7nvzj3b0vu5c5w', '0000000000000000000000000000023100000000000000000000000000000222', '8cyzqex757pg9voulx8mlnxoyo8ypfal00000000000000000000000000000001', 'zan3sf07qdd8emyonxqiplhz2bbvm1z400000000000000000000000000000001');
INSERT INTO md_element ( extendable, is_abstract, id) VALUES (1, 0, 'zan3sf07qdd8emyonxqiplhz2bbvm1z400000000000000000000000000000001');
INSERT INTO md_entity ( query_dto_source, query_source, cache_size, enforce_site_master, table_name, id) VALUES (NULL, NULL, 0, 1, 'long_condition', 'zan3sf07qdd8emyonxqiplhz2bbvm1z400000000000000000000000000000001');
INSERT INTO md_class ( publish, stub_dto_source, stub_source, id) VALUES (1, NULL, NULL, 'zan3sf07qdd8emyonxqiplhz2bbvm1z400000000000000000000000000000001');
INSERT INTO md_type ( display_label, root_id, package_name, type_name, base_source, js_base, js_stub, exported, dto_source, id) VALUES ('2d9vhyfkj9uny8mzttfh3mtqvx9jfxu5NM200904120000000000000000000030', 'zan3sf07qdd8emyonxqiplhz2bbvm1z4', 'com.runwaysdk.system.metadata', 'LongCondition', NULL, NULL, NULL, 1, NULL, 'zan3sf07qdd8emyonxqiplhz2bbvm1z400000000000000000000000000000001');
INSERT INTO metadata ( description, created_by, owner, id, create_date, seq, type, remove, site_master, locked_by, entity_domain, last_updated_by, last_update_date, key_name) VALUES ('2d3p6qze4jmk6an5f8sm7nm17q7gt50aNM200904120000000000000000000030', '0000000000000000000000000000001000000000000000000000000000000003', '0000000000000000000000000000001000000000000000000000000000000003', 'zan3sf07qdd8emyonxqiplhz2bbvm1z400000000000000000000000000000001', '2011-10-13 17:37:05', 3616, 'com.runwaysdk.system.metadata.MdBusiness', 1, 'runwaysdk.com', NULL, NULL, '0000000000000000000000000000001000000000000000000000000000000003', '2011-10-13 17:37:05', 'com.runwaysdk.system.metadata.LongCondition');
CREATE TABLE long_condition ( id CHAR(64) NOT NULL PRIMARY KEY );
INSERT INTO metadata_display_label ( default_locale, id, site_master, key_name) VALUES (NULL, 'xuxa8j07e5f5tyrpojgok7978ld1x2l9NM200904120000000000000000000030', 'runwaysdk.com', 'xuxa8j07e5f5tyrpojgok7978ld1x2l9NM200904120000000000000000000030');
INSERT INTO metadata_display_label ( default_locale, id, site_master, key_name) VALUES (NULL, '0ao8w9jb0uabiyl55uult48g48k9ye3kNM200904120000000000000000000030', 'runwaysdk.com', '0ao8w9jb0uabiyl55uult48g48k9ye3kNM200904120000000000000000000030');
INSERT INTO md_controller ( stub_source, id) VALUES (NULL, 'r9xf8hhdqe8pwecl2av6er14hyjngzhmNM200810110000000000000000000112');
INSERT INTO md_type ( display_label, root_id, package_name, type_name, base_source, js_base, js_stub, exported, dto_source, id) VALUES ('xuxa8j07e5f5tyrpojgok7978ld1x2l9NM200904120000000000000000000030', 'r9xf8hhdqe8pwecl2av6er14hyjngzhm', 'com.runwaysdk.system.metadata', 'LongConditionController', NULL, NULL, NULL, 1, NULL, 'r9xf8hhdqe8pwecl2av6er14hyjngzhmNM200810110000000000000000000112');
INSERT INTO metadata ( description, created_by, owner, id, create_date, seq, type, remove, site_master, locked_by, entity_domain, last_updated_by, last_update_date, key_name) VALUES ('0ao8w9jb0uabiyl55uult48g48k9ye3kNM200904120000000000000000000030', '0000000000000000000000000000001000000000000000000000000000000003', '0000000000000000000000000000001000000000000000000000000000000003', 'r9xf8hhdqe8pwecl2av6er14hyjngzhmNM200810110000000000000000000112', '2011-10-13 17:37:05', 3617, 'com.runwaysdk.system.metadata.MdController', 1, 'runwaysdk.com', NULL, NULL, '0000000000000000000000000000001000000000000000000000000000000003', '2011-10-13 17:37:05', 'com.runwaysdk.system.metadata.LongConditionController');
INSERT INTO metadata_display_label ( default_locale, id, site_master, key_name) VALUES ('View Page', 'r1lcar0vq1zxu792kcbkchld6q7vy084NM200904120000000000000000000030', 'runwaysdk.com', 'r1lcar0vq1zxu792kcbkchld6q7vy084NM200904120000000000000000000030');
INSERT INTO metadata_display_label ( default_locale, id, site_master, key_name) VALUES ('Loads a ViewAll query for a specific page into the request object', 't1m3wkv26zs4j4emu0ei3je3ubeposmaNM200904120000000000000000000030', 'runwaysdk.com', 't1m3wkv26zs4j4emu0ei3je3ubeposmaNM200904120000000000000000000030');
INSERT INTO md_action ( is_query, enclosing_md_controller, is_post, action_name, display_label, id) VALUES (1, 'r9xf8hhdqe8pwecl2av6er14hyjngzhmNM200810110000000000000000000112', 0, 'viewPage', 'r1lcar0vq1zxu792kcbkchld6q7vy084NM200904120000000000000000000030', 'xf3utkistyjhoqu4w75fum9scsd45f6fNM200810110000000000000000000113');
INSERT INTO metadata ( description, created_by, owner, id, create_date, seq, type, remove, site_master, locked_by, entity_domain, last_updated_by, last_update_date, key_name) VALUES ('t1m3wkv26zs4j4emu0ei3je3ubeposmaNM200904120000000000000000000030', '0000000000000000000000000000001000000000000000000000000000000003', '0000000000000000000000000000001000000000000000000000000000000003', 'xf3utkistyjhoqu4w75fum9scsd45f6fNM200810110000000000000000000113', '2011-10-13 17:37:05', 3618, 'com.runwaysdk.system.metadata.MdAction', 1, 'runwaysdk.com', NULL, NULL, '0000000000000000000000000000001000000000000000000000000000000003', '2011-10-13 17:37:05', 'com.runwaysdk.system.metadata.LongConditionController.viewPage');
INSERT INTO controller_action ( key_name, locked_by, id, owner, entity_domain, created_by, type, last_update_date, create_date, seq, last_updated_by, site_master, parent_id, child_id) VALUES ('com.runwaysdk.system.metadata.LongConditionController.viewPage', NULL, 'ywsalupe4v0n326o4pmbqopm99ji8c8eJS200807230000000000000000111111', '0000000000000000000000000000001000000000000000000000000000000003', NULL, '0000000000000000000000000000001000000000000000000000000000000003', 'com.runwaysdk.system.ControllerAction', '2011-10-13 17:37:05', '2011-10-13 17:37:05', 3619, '0000000000000000000000000000001000000000000000000000000000000003', 'runwaysdk.com', 'r9xf8hhdqe8pwecl2av6er14hyjngzhmNM200810110000000000000000000112', 'xf3utkistyjhoqu4w75fum9scsd45f6fNM200810110000000000000000000113');
INSERT INTO metadata_display_label ( default_locale, id, site_master, key_name) VALUES ('Sort Attribute', '26jwh95blg7xbm4hk1kihysctcqfhnc8NM200904120000000000000000000030', 'runwaysdk.com', '26jwh95blg7xbm4hk1kihysctcqfhnc8NM200904120000000000000000000030');
INSERT INTO metadata_display_label ( default_locale, id, site_master, key_name) VALUES (NULL, 'qpm76caj8rdsplv9gwm2ntz7znfxcmr8NM200904120000000000000000000030', 'runwaysdk.com', 'qpm76caj8rdsplv9gwm2ntz7znfxcmr8NM200904120000000000000000000030');
INSERT INTO md_parameter ( metadata, parameter_order, parameter_name, parameter_type, display_label, id) VALUES ('xf3utkistyjhoqu4w75fum9scsd45f6fNM200810110000000000000000000113', -4, 'sortAttribute', 'java.lang.String', '26jwh95blg7xbm4hk1kihysctcqfhnc8NM200904120000000000000000000030', '01pdudxa51y4nirug4c2ykqk5ay1smt220070427JS0000000000000000001517');
INSERT INTO metadata ( description, created_by, owner, id, create_date, seq, type, remove, site_master, locked_by, entity_domain, last_updated_by, last_update_date, key_name) VALUES ('qpm76caj8rdsplv9gwm2ntz7znfxcmr8NM200904120000000000000000000030', '0000000000000000000000000000001000000000000000000000000000000003', '0000000000000000000000000000001000000000000000000000000000000003', '01pdudxa51y4nirug4c2ykqk5ay1smt220070427JS0000000000000000001517', '2011-10-13 17:37:05', 3620, 'com.runwaysdk.system.metadata.MdParameter', 1, 'runwaysdk.com', NULL, NULL, '0000000000000000000000000000001000000000000000000000000000000003', '2011-10-13 17:37:05', 'com.runwaysdk.system.metadata.LongConditionController.viewPage.sortAttribute');
INSERT INTO metadata_parameter ( site_master, last_updated_by, create_date, seq, locked_by, entity_domain, created_by, type, last_update_date, key_name, owner, id, parent_id, child_id) VALUES ('runwaysdk.com', '0000000000000000000000000000001000000000000000000000000000000003', '2011-10-13 17:37:05', 3621, NULL, NULL, '0000000000000000000000000000001000000000000000000000000000000003', 'com.runwaysdk.system.MetadataParameter', '2011-10-13 17:37:05', 'com.runwaysdk.system.metadata.LongConditionController.viewPage.sortAttribute', '0000000000000000000000000000001000000000000000000000000000000003', 'z8db7i6ie45tv399s5jz23b48u837pwb20070427JS0000000000000000001524', 'xf3utkistyjhoqu4w75fum9scsd45f6fNM200810110000000000000000000113', '01pdudxa51y4nirug4c2ykqk5ay1smt220070427JS0000000000000000001517');
INSERT INTO metadata_display_label ( default_locale, id, site_master, key_name) VALUES ('Is Ascending', 'xgzopnvvretakgb47tl45y717vn9kyvwNM200904120000000000000000000030', 'runwaysdk.com', 'xgzopnvvretakgb47tl45y717vn9kyvwNM200904120000000000000000000030');
INSERT INTO metadata_display_label ( default_locale, id, site_master, key_name) VALUES (NULL, '0bmlbktl9ppcldrsvk4s7eb9swnpxsfuNM200904120000000000000000000030', 'runwaysdk.com', '0bmlbktl9ppcldrsvk4s7eb9swnpxsfuNM200904120000000000000000000030');
INSERT INTO md_parameter ( metadata, parameter_order, parameter_name, parameter_type, display_label, id) VALUES ('xf3utkistyjhoqu4w75fum9scsd45f6fNM200810110000000000000000000113', -3, 'isAscending', 'java.lang.Boolean', 'xgzopnvvretakgb47tl45y717vn9kyvwNM200904120000000000000000000030', '0dh63p1f46lk4b1rywzvflsl9j88jncc20070427JS0000000000000000001517');
INSERT INTO metadata ( description, created_by, owner, id, create_date, seq, type, remove, site_master, locked_by, entity_domain, last_updated_by, last_update_date, key_name) VALUES ('0bmlbktl9ppcldrsvk4s7eb9swnpxsfuNM200904120000000000000000000030', '0000000000000000000000000000001000000000000000000000000000000003', '0000000000000000000000000000001000000000000000000000000000000003', '0dh63p1f46lk4b1rywzvflsl9j88jncc20070427JS0000000000000000001517', '2011-10-13 17:37:05', 3622, 'com.runwaysdk.system.metadata.MdParameter', 1, 'runwaysdk.com', NULL, NULL, '0000000000000000000000000000001000000000000000000000000000000003', '2011-10-13 17:37:05', 'com.runwaysdk.system.metadata.LongConditionController.viewPage.isAscending');
INSERT INTO metadata_parameter ( site_master, last_updated_by, create_date, seq, locked_by, entity_domain, created_by, type, last_update_date, key_name, owner, id, parent_id, child_id) VALUES ('runwaysdk.com', '0000000000000000000000000000001000000000000000000000000000000003', '2011-10-13 17:37:05', 3623, NULL, NULL, '0000000000000000000000000000001000000000000000000000000000000003', 'com.runwaysdk.system.MetadataParameter', '2011-10-13 17:37:05', 'com.runwaysdk.system.metadata.LongConditionController.viewPage.isAscending', '0000000000000000000000000000001000000000000000000000000000000003', '724r78ah0iku5upb1f83nr0xzhvpsj0020070427JS0000000000000000001524', 'xf3utkistyjhoqu4w75fum9scsd45f6fNM200810110000000000000000000113', '0dh63p1f46lk4b1rywzvflsl9j88jncc20070427JS0000000000000000001517');
INSERT INTO metadata_display_label ( default_locale, id, site_master, key_name) VALUES ('Page Size', '0ikr38k0sksqfjcrmlsgqzfcwcgnql2wNM200904120000000000000000000030', 'runwaysdk.com', '0ikr38k0sksqfjcrmlsgqzfcwcgnql2wNM200904120000000000000000000030');
INSERT INTO metadata_display_label ( default_locale, id, site_master, key_name) VALUES (NULL, '0chlss01pf2n42wbw4qyyhsjm4gtvuz2NM200904120000000000000000000030', 'runwaysdk.com', '0chlss01pf2n42wbw4qyyhsjm4gtvuz2NM200904120000000000000000000030');
INSERT INTO md_parameter ( metadata, parameter_order, parameter_name, parameter_type, display_label, id) VALUES ('xf3utkistyjhoqu4w75fum9scsd45f6fNM200810110000000000000000000113', -2, 'pageSize', 'java.lang.Integer', '0ikr38k0sksqfjcrmlsgqzfcwcgnql2wNM200904120000000000000000000030', 'snoloke85d3c8m69d7mmtj4o049febou20070427JS0000000000000000001517');
INSERT INTO metadata ( description, created_by, owner, id, create_date, seq, type, remove, site_master, locked_by, entity_domain, last_updated_by, last_update_date, key_name) VALUES ('0chlss01pf2n42wbw4qyyhsjm4gtvuz2NM200904120000000000000000000030', '0000000000000000000000000000001000000000000000000000000000000003', '0000000000000000000000000000001000000000000000000000000000000003', 'snoloke85d3c8m69d7mmtj4o049febou20070427JS0000000000000000001517', '2011-10-13 17:37:05', 3624, 'com.runwaysdk.system.metadata.MdParameter', 1, 'runwaysdk.com', NULL, NULL, '0000000000000000000000000000001000000000000000000000000000000003', '2011-10-13 17:37:05', 'com.runwaysdk.system.metadata.LongConditionController.viewPage.pageSize');
INSERT INTO metadata_parameter ( site_master, last_updated_by, create_date, seq, locked_by, entity_domain, created_by, type, last_update_date, key_name, owner, id, parent_id, child_id) VALUES ('runwaysdk.com', '0000000000000000000000000000001000000000000000000000000000000003', '2011-10-13 17:37:05', 3625, NULL, NULL, '0000000000000000000000000000001000000000000000000000000000000003', 'com.runwaysdk.system.MetadataParameter', '2011-10-13 17:37:05', 'com.runwaysdk.system.metadata.LongConditionController.viewPage.pageSize', '0000000000000000000000000000001000000000000000000000000000000003', '0bl1lsuyodjmuduxthpvsa2ot3xz92xe20070427JS0000000000000000001524', 'xf3utkistyjhoqu4w75fum9scsd45f6fNM200810110000000000000000000113', 'snoloke85d3c8m69d7mmtj4o049febou20070427JS0000000000000000001517');
INSERT INTO metadata_display_label ( default_locale, id, site_master, key_name) VALUES ('Page Number', 'xh9kz7nmkefj3xrvm6g4g1rknlm3y1dnNM200904120000000000000000000030', 'runwaysdk.com', 'xh9kz7nmkefj3xrvm6g4g1rknlm3y1dnNM200904120000000000000000000030');
INSERT INTO metadata_display_label ( default_locale, id, site_master, key_name) VALUES (NULL, '2fwnpukjwtvc07cev4dlpc124aue3l1wNM200904120000000000000000000030', 'runwaysdk.com', '2fwnpukjwtvc07cev4dlpc124aue3l1wNM200904120000000000000000000030');
INSERT INTO md_parameter ( metadata, parameter_order, parameter_name, parameter_type, display_label, id) VALUES ('xf3utkistyjhoqu4w75fum9scsd45f6fNM200810110000000000000000000113', -1, 'pageNumber', 'java.lang.Integer', 'xh9kz7nmkefj3xrvm6g4g1rknlm3y1dnNM200904120000000000000000000030', 'qtrgybqv5wl5kbyek7d9spi6rs31gygi20070427JS0000000000000000001517');
INSERT INTO metadata ( description, created_by, owner, id, create_date, seq, type, remove, site_master, locked_by, entity_domain, last_updated_by, last_update_date, key_name) VALUES ('2fwnpukjwtvc07cev4dlpc124aue3l1wNM200904120000000000000000000030', '0000000000000000000000000000001000000000000000000000000000000003', '0000000000000000000000000000001000000000000000000000000000000003', 'qtrgybqv5wl5kbyek7d9spi6rs31gygi20070427JS0000000000000000001517', '2011-10-13 17:37:05', 3626, 'com.runwaysdk.system.metadata.MdParameter', 1, 'runwaysdk.com', NULL, NULL, '0000000000000000000000000000001000000000000000000000000000000003', '2011-10-13 17:37:05', 'com.runwaysdk.system.metadata.LongConditionController.viewPage.pageNumber');
INSERT INTO metadata_parameter ( site_master, last_updated_by, create_date, seq, locked_by, entity_domain, created_by, type, last_update_date, key_name, owner, id, parent_id, child_id) VALUES ('runwaysdk.com', '0000000000000000000000000000001000000000000000000000000000000003', '2011-10-13 17:37:05', 3627, NULL, NULL, '0000000000000000000000000000001000000000000000000000000000000003', 'com.runwaysdk.system.MetadataParameter', '2011-10-13 17:37:05', 'com.runwaysdk.system.metadata.LongConditionController.viewPage.pageNumber', '0000000000000000000000000000001000000000000000000000000000000003', 'svp58qyaufv0h4t3ul83hasccxh9zomj20070427JS0000000000000000001524', 'xf3utkistyjhoqu4w75fum9scsd45f6fNM200810110000000000000000000113', 'qtrgybqv5wl5kbyek7d9spi6rs31gygi20070427JS0000000000000000001517');
INSERT INTO metadata_display_label ( default_locale, id, site_master, key_name) VALUES ('View All', 'sc72tm3n9xlxdvft72yvrysklyjmrdzaNM200904120000000000000000000030', 'runwaysdk.com', 'sc72tm3n9xlxdvft72yvrysklyjmrdzaNM200904120000000000000000000030');
INSERT INTO metadata_display_label ( default_locale, id, site_master, key_name) VALUES ('Loads a ViewAll query with the default settings', '6qq10vgt9nk86mng9eqbt554bu95imaeNM200904120000000000000000000030', 'runwaysdk.com', '6qq10vgt9nk86mng9eqbt554bu95imaeNM200904120000000000000000000030');
INSERT INTO md_action ( is_query, enclosing_md_controller, is_post, action_name, display_label, id) VALUES (0, 'r9xf8hhdqe8pwecl2av6er14hyjngzhmNM200810110000000000000000000112', 0, 'viewAll', 'sc72tm3n9xlxdvft72yvrysklyjmrdzaNM200904120000000000000000000030', '8i8pzdtpj1ilq834l8ovn5be01k9u9ozNM200810110000000000000000000113');
INSERT INTO metadata ( description, created_by, owner, id, create_date, seq, type, remove, site_master, locked_by, entity_domain, last_updated_by, last_update_date, key_name) VALUES ('6qq10vgt9nk86mng9eqbt554bu95imaeNM200904120000000000000000000030', '0000000000000000000000000000001000000000000000000000000000000003', '0000000000000000000000000000001000000000000000000000000000000003', '8i8pzdtpj1ilq834l8ovn5be01k9u9ozNM200810110000000000000000000113', '2011-10-13 17:37:05', 3628, 'com.runwaysdk.system.metadata.MdAction', 1, 'runwaysdk.com', NULL, NULL, '0000000000000000000000000000001000000000000000000000000000000003', '2011-10-13 17:37:05', 'com.runwaysdk.system.metadata.LongConditionController.viewAll');
INSERT INTO controller_action ( key_name, locked_by, id, owner, entity_domain, created_by, type, last_update_date, create_date, seq, last_updated_by, site_master, parent_id, child_id) VALUES ('com.runwaysdk.system.metadata.LongConditionController.viewAll', NULL, 'z0wcvji8o7txlhwi5suv14z3g286x0xcJS200807230000000000000000111111', '0000000000000000000000000000001000000000000000000000000000000003', NULL, '0000000000000000000000000000001000000000000000000000000000000003', 'com.runwaysdk.system.ControllerAction', '2011-10-13 17:37:05', '2011-10-13 17:37:05', 3629, '0000000000000000000000000000001000000000000000000000000000000003', 'runwaysdk.com', 'r9xf8hhdqe8pwecl2av6er14hyjngzhmNM200810110000000000000000000112', '8i8pzdtpj1ilq834l8ovn5be01k9u9ozNM200810110000000000000000000113');
INSERT INTO metadata_display_label ( default_locale, id, site_master, key_name) VALUES ('View', 'raggi4mlwj40fxchrg68ppxhi0ium8doNM200904120000000000000000000030', 'runwaysdk.com', 'raggi4mlwj40fxchrg68ppxhi0ium8doNM200904120000000000000000000030');
INSERT INTO metadata_display_label ( default_locale, id, site_master, key_name) VALUES ('View an existing instance of com.runwaysdk.system.metadata.LongCondition', '2du4ialh1odbpjjbpn1g0bn32kdti3irNM200904120000000000000000000030', 'runwaysdk.com', '2du4ialh1odbpjjbpn1g0bn32kdti3irNM200904120000000000000000000030');
INSERT INTO md_action ( is_query, enclosing_md_controller, is_post, action_name, display_label, id) VALUES (0, 'r9xf8hhdqe8pwecl2av6er14hyjngzhmNM200810110000000000000000000112', 0, 'view', 'raggi4mlwj40fxchrg68ppxhi0ium8doNM200904120000000000000000000030', '04h1h6kgc08wlb9dew1lsowalvys7sg7NM200810110000000000000000000113');
INSERT INTO metadata ( description, created_by, owner, id, create_date, seq, type, remove, site_master, locked_by, entity_domain, last_updated_by, last_update_date, key_name) VALUES ('2du4ialh1odbpjjbpn1g0bn32kdti3irNM200904120000000000000000000030', '0000000000000000000000000000001000000000000000000000000000000003', '0000000000000000000000000000001000000000000000000000000000000003', '04h1h6kgc08wlb9dew1lsowalvys7sg7NM200810110000000000000000000113', '2011-10-13 17:37:05', 3630, 'com.runwaysdk.system.metadata.MdAction', 1, 'runwaysdk.com', NULL, NULL, '0000000000000000000000000000001000000000000000000000000000000003', '2011-10-13 17:37:05', 'com.runwaysdk.system.metadata.LongConditionController.view');
INSERT INTO controller_action ( key_name, locked_by, id, owner, entity_domain, created_by, type, last_update_date, create_date, seq, last_updated_by, site_master, parent_id, child_id) VALUES ('com.runwaysdk.system.metadata.LongConditionController.view', NULL, '1wxpwihkyeisjnqnmgxy6x8urakis9dkJS200807230000000000000000111111', '0000000000000000000000000000001000000000000000000000000000000003', NULL, '0000000000000000000000000000001000000000000000000000000000000003', 'com.runwaysdk.system.ControllerAction', '2011-10-13 17:37:05', '2011-10-13 17:37:05', 3631, '0000000000000000000000000000001000000000000000000000000000000003', 'runwaysdk.com', 'r9xf8hhdqe8pwecl2av6er14hyjngzhmNM200810110000000000000000000112', '04h1h6kgc08wlb9dew1lsowalvys7sg7NM200810110000000000000000000113');
INSERT INTO metadata_display_label ( default_locale, id, site_master, key_name) VALUES ('Parameter: com.runwaysdk.system.metadata.LongCondition - id', '8t3oj85599iqe3mh79zhtkts3gcp5m8eNM200904120000000000000000000030', 'runwaysdk.com', '8t3oj85599iqe3mh79zhtkts3gcp5m8eNM200904120000000000000000000030');
INSERT INTO metadata_display_label ( default_locale, id, site_master, key_name) VALUES ('Id of com.runwaysdk.system.metadata.LongCondition to view.', 'xduu147oqin624shuden4by1t8le59foNM200904120000000000000000000030', 'runwaysdk.com', 'xduu147oqin624shuden4by1t8le59foNM200904120000000000000000000030');
INSERT INTO md_parameter ( metadata, parameter_order, parameter_name, parameter_type, display_label, id) VALUES ('04h1h6kgc08wlb9dew1lsowalvys7sg7NM200810110000000000000000000113', 0, 'id', 'java.lang.String', '8t3oj85599iqe3mh79zhtkts3gcp5m8eNM200904120000000000000000000030', '93jsc5e1mcxjgd1mqda2zfen1mzhm4sx20070427JS0000000000000000001517');
INSERT INTO metadata ( description, created_by, owner, id, create_date, seq, type, remove, site_master, locked_by, entity_domain, last_updated_by, last_update_date, key_name) VALUES ('xduu147oqin624shuden4by1t8le59foNM200904120000000000000000000030', '0000000000000000000000000000001000000000000000000000000000000003', '0000000000000000000000000000001000000000000000000000000000000003', '93jsc5e1mcxjgd1mqda2zfen1mzhm4sx20070427JS0000000000000000001517', '2011-10-13 17:37:05', 3632, 'com.runwaysdk.system.metadata.MdParameter', 1, 'runwaysdk.com', NULL, NULL, '0000000000000000000000000000001000000000000000000000000000000003', '2011-10-13 17:37:05', 'com.runwaysdk.system.metadata.LongConditionController.view.id');
INSERT INTO metadata_parameter ( site_master, last_updated_by, create_date, seq, locked_by, entity_domain, created_by, type, last_update_date, key_name, owner, id, parent_id, child_id) VALUES ('runwaysdk.com', '0000000000000000000000000000001000000000000000000000000000000003', '2011-10-13 17:37:05', 3633, NULL, NULL, '0000000000000000000000000000001000000000000000000000000000000003', 'com.runwaysdk.system.MetadataParameter', '2011-10-13 17:37:05', 'com.runwaysdk.system.metadata.LongConditionController.view.id', '0000000000000000000000000000001000000000000000000000000000000003', 'r8lzjgigtm2sh6y691dpf3e073twim9620070427JS0000000000000000001524', '04h1h6kgc08wlb9dew1lsowalvys7sg7NM200810110000000000000000000113', '93jsc5e1mcxjgd1mqda2zfen1mzhm4sx20070427JS0000000000000000001517');
INSERT INTO metadata_display_label ( default_locale, id, site_master, key_name) VALUES ('New Instance', '7gqp7o3y91tdz83hmbeqcy0wkeuw5zm9NM200904120000000000000000000030', 'runwaysdk.com', '7gqp7o3y91tdz83hmbeqcy0wkeuw5zm9NM200904120000000000000000000030');
INSERT INTO metadata_display_label ( default_locale, id, site_master, key_name) VALUES ('Loads a new instance of com.runwaysdk.system.metadata.LongCondition into the request object', '72ca5dzbj6kxfekucfhtj1b4lr0nj3awNM200904120000000000000000000030', 'runwaysdk.com', '72ca5dzbj6kxfekucfhtj1b4lr0nj3awNM200904120000000000000000000030');
INSERT INTO md_action ( is_query, enclosing_md_controller, is_post, action_name, display_label, id) VALUES (0, 'r9xf8hhdqe8pwecl2av6er14hyjngzhmNM200810110000000000000000000112', 0, 'newInstance', '7gqp7o3y91tdz83hmbeqcy0wkeuw5zm9NM200904120000000000000000000030', 'swav6hmgok510n8v8emjzxnvse5yawk4NM200810110000000000000000000113');
INSERT INTO metadata ( description, created_by, owner, id, create_date, seq, type, remove, site_master, locked_by, entity_domain, last_updated_by, last_update_date, key_name) VALUES ('72ca5dzbj6kxfekucfhtj1b4lr0nj3awNM200904120000000000000000000030', '0000000000000000000000000000001000000000000000000000000000000003', '0000000000000000000000000000001000000000000000000000000000000003', 'swav6hmgok510n8v8emjzxnvse5yawk4NM200810110000000000000000000113', '2011-10-13 17:37:05', 3634, 'com.runwaysdk.system.metadata.MdAction', 1, 'runwaysdk.com', NULL, NULL, '0000000000000000000000000000001000000000000000000000000000000003', '2011-10-13 17:37:05', 'com.runwaysdk.system.metadata.LongConditionController.newInstance');
INSERT INTO controller_action ( key_name, locked_by, id, owner, entity_domain, created_by, type, last_update_date, create_date, seq, last_updated_by, site_master, parent_id, child_id) VALUES ('com.runwaysdk.system.metadata.LongConditionController.newInstance', NULL, '0t1fn48f4p7shnyyxnwe92jewdy8ldgrJS200807230000000000000000111111', '0000000000000000000000000000001000000000000000000000000000000003', NULL, '0000000000000000000000000000001000000000000000000000000000000003', 'com.runwaysdk.system.ControllerAction', '2011-10-13 17:37:05', '2011-10-13 17:37:05', 3635, '0000000000000000000000000000001000000000000000000000000000000003', 'runwaysdk.com', 'r9xf8hhdqe8pwecl2av6er14hyjngzhmNM200810110000000000000000000112', 'swav6hmgok510n8v8emjzxnvse5yawk4NM200810110000000000000000000113');
INSERT INTO metadata_display_label ( default_locale, id, site_master, key_name) VALUES ('Create', '6zjf28jeqzpu9fyh3kt8i7o1u18uujpcNM200904120000000000000000000030', 'runwaysdk.com', '6zjf28jeqzpu9fyh3kt8i7o1u18uujpcNM200904120000000000000000000030');
INSERT INTO metadata_display_label ( default_locale, id, site_master, key_name) VALUES ('Applys a new instance of com.runwaysdk.system.metadata.LongCondition', '2hfvkcbzej47zkac5o2g1v7yctvmxlzxNM200904120000000000000000000030', 'runwaysdk.com', '2hfvkcbzej47zkac5o2g1v7yctvmxlzxNM200904120000000000000000000030');
INSERT INTO md_action ( is_query, enclosing_md_controller, is_post, action_name, display_label, id) VALUES (0, 'r9xf8hhdqe8pwecl2av6er14hyjngzhmNM200810110000000000000000000112', 1, 'create', '6zjf28jeqzpu9fyh3kt8i7o1u18uujpcNM200904120000000000000000000030', 'sl03u35ggw0ogsa6hg2ceyou0l1zp14sNM200810110000000000000000000113');
INSERT INTO metadata ( description, created_by, owner, id, create_date, seq, type, remove, site_master, locked_by, entity_domain, last_updated_by, last_update_date, key_name) VALUES ('2hfvkcbzej47zkac5o2g1v7yctvmxlzxNM200904120000000000000000000030', '0000000000000000000000000000001000000000000000000000000000000003', '0000000000000000000000000000001000000000000000000000000000000003', 'sl03u35ggw0ogsa6hg2ceyou0l1zp14sNM200810110000000000000000000113', '2011-10-13 17:37:05', 3636, 'com.runwaysdk.system.metadata.MdAction', 1, 'runwaysdk.com', NULL, NULL, '0000000000000000000000000000001000000000000000000000000000000003', '2011-10-13 17:37:05', 'com.runwaysdk.system.metadata.LongConditionController.create');
INSERT INTO controller_action ( key_name, locked_by, id, owner, entity_domain, created_by, type, last_update_date, create_date, seq, last_updated_by, site_master, parent_id, child_id) VALUES ('com.runwaysdk.system.metadata.LongConditionController.create', NULL, '0p3tsyxgfn0sb2r0xuv97w76b18j90czJS200807230000000000000000111111', '0000000000000000000000000000001000000000000000000000000000000003', NULL, '0000000000000000000000000000001000000000000000000000000000000003', 'com.runwaysdk.system.ControllerAction', '2011-10-13 17:37:05', '2011-10-13 17:37:05', 3637, '0000000000000000000000000000001000000000000000000000000000000003', 'runwaysdk.com', 'r9xf8hhdqe8pwecl2av6er14hyjngzhmNM200810110000000000000000000112', 'sl03u35ggw0ogsa6hg2ceyou0l1zp14sNM200810110000000000000000000113');
INSERT INTO metadata_display_label ( default_locale, id, site_master, key_name) VALUES ('Parameter: com.runwaysdk.system.metadata.LongCondition', '2frglusaoegkxlkuc1kc5c3qc2ocfkszNM200904120000000000000000000030', 'runwaysdk.com', '2frglusaoegkxlkuc1kc5c3qc2ocfkszNM200904120000000000000000000030');
INSERT INTO metadata_display_label ( default_locale, id, site_master, key_name) VALUES ('com.runwaysdk.system.metadata.LongCondition to apply to the database', 'z0k3ggb639ec14d0apo7cjp9eh2bnf2lNM200904120000000000000000000030', 'runwaysdk.com', 'z0k3ggb639ec14d0apo7cjp9eh2bnf2lNM200904120000000000000000000030');
INSERT INTO md_parameter ( metadata, parameter_order, parameter_name, parameter_type, display_label, id) VALUES ('sl03u35ggw0ogsa6hg2ceyou0l1zp14sNM200810110000000000000000000113', 0, 'dto', 'com.runwaysdk.system.metadata.LongCondition', '2frglusaoegkxlkuc1kc5c3qc2ocfkszNM200904120000000000000000000030', '8o56cm5t97aim7aquy2kuyrmxahtjz9a20070427JS0000000000000000001517');
INSERT INTO metadata ( description, created_by, owner, id, create_date, seq, type, remove, site_master, locked_by, entity_domain, last_updated_by, last_update_date, key_name) VALUES ('z0k3ggb639ec14d0apo7cjp9eh2bnf2lNM200904120000000000000000000030', '0000000000000000000000000000001000000000000000000000000000000003', '0000000000000000000000000000001000000000000000000000000000000003', '8o56cm5t97aim7aquy2kuyrmxahtjz9a20070427JS0000000000000000001517', '2011-10-13 17:37:05', 3638, 'com.runwaysdk.system.metadata.MdParameter', 1, 'runwaysdk.com', NULL, NULL, '0000000000000000000000000000001000000000000000000000000000000003', '2011-10-13 17:37:05', 'com.runwaysdk.system.metadata.LongConditionController.create.dto');
INSERT INTO metadata_parameter ( site_master, last_updated_by, create_date, seq, locked_by, entity_domain, created_by, type, last_update_date, key_name, owner, id, parent_id, child_id) VALUES ('runwaysdk.com', '0000000000000000000000000000001000000000000000000000000000000003', '2011-10-13 17:37:05', 3639, NULL, NULL, '0000000000000000000000000000001000000000000000000000000000000003', 'com.runwaysdk.system.MetadataParameter', '2011-10-13 17:37:05', 'com.runwaysdk.system.metadata.LongConditionController.create.dto', '0000000000000000000000000000001000000000000000000000000000000003', 'qoe782xgi9qh1vabdo5apt46vh0j7tx920070427JS0000000000000000001524', 'sl03u35ggw0ogsa6hg2ceyou0l1zp14sNM200810110000000000000000000113', '8o56cm5t97aim7aquy2kuyrmxahtjz9a20070427JS0000000000000000001517');
INSERT INTO metadata_display_label ( default_locale, id, site_master, key_name) VALUES ('edit', '91hczy85fwzn3bdhilb8u38fw924g8kbNM200904120000000000000000000030', 'runwaysdk.com', '91hczy85fwzn3bdhilb8u38fw924g8kbNM200904120000000000000000000030');
INSERT INTO metadata_display_label ( default_locale, id, site_master, key_name) VALUES ('Applys an existing instance of com.runwaysdk.system.metadata.LongCondition', 'skovye0il41tcpmd5zb39kkjg9p2wdd9NM200904120000000000000000000030', 'runwaysdk.com', 'skovye0il41tcpmd5zb39kkjg9p2wdd9NM200904120000000000000000000030');
INSERT INTO md_action ( is_query, enclosing_md_controller, is_post, action_name, display_label, id) VALUES (0, 'r9xf8hhdqe8pwecl2av6er14hyjngzhmNM200810110000000000000000000112', 0, 'edit', '91hczy85fwzn3bdhilb8u38fw924g8kbNM200904120000000000000000000030', 'sdkntvypt84ts08gnvzhw9njjuc1ar2zNM200810110000000000000000000113');
INSERT INTO metadata ( description, created_by, owner, id, create_date, seq, type, remove, site_master, locked_by, entity_domain, last_updated_by, last_update_date, key_name) VALUES ('skovye0il41tcpmd5zb39kkjg9p2wdd9NM200904120000000000000000000030', '0000000000000000000000000000001000000000000000000000000000000003', '0000000000000000000000000000001000000000000000000000000000000003', 'sdkntvypt84ts08gnvzhw9njjuc1ar2zNM200810110000000000000000000113', '2011-10-13 17:37:05', 3640, 'com.runwaysdk.system.metadata.MdAction', 1, 'runwaysdk.com', NULL, NULL, '0000000000000000000000000000001000000000000000000000000000000003', '2011-10-13 17:37:05', 'com.runwaysdk.system.metadata.LongConditionController.edit');
INSERT INTO controller_action ( key_name, locked_by, id, owner, entity_domain, created_by, type, last_update_date, create_date, seq, last_updated_by, site_master, parent_id, child_id) VALUES ('com.runwaysdk.system.metadata.LongConditionController.edit', NULL, 'xnkq0n95ol2yamtx21o1fr2m9x8h2y28JS200807230000000000000000111111', '0000000000000000000000000000001000000000000000000000000000000003', NULL, '0000000000000000000000000000001000000000000000000000000000000003', 'com.runwaysdk.system.ControllerAction', '2011-10-13 17:37:05', '2011-10-13 17:37:05', 3641, '0000000000000000000000000000001000000000000000000000000000000003', 'runwaysdk.com', 'r9xf8hhdqe8pwecl2av6er14hyjngzhmNM200810110000000000000000000112', 'sdkntvypt84ts08gnvzhw9njjuc1ar2zNM200810110000000000000000000113');
INSERT INTO metadata_display_label ( default_locale, id, site_master, key_name) VALUES ('Parameter: com.runwaysdk.system.metadata.LongCondition', '011b45jnubu23bzkhflxz4smwz6u2gaqNM200904120000000000000000000030', 'runwaysdk.com', '011b45jnubu23bzkhflxz4smwz6u2gaqNM200904120000000000000000000030');
INSERT INTO metadata_display_label ( default_locale, id, site_master, key_name) VALUES ('com.runwaysdk.system.metadata.LongCondition to apply to the database', '77jjth1b7kecrnhi0tj9hx1t0r1wm56vNM200904120000000000000000000030', 'runwaysdk.com', '77jjth1b7kecrnhi0tj9hx1t0r1wm56vNM200904120000000000000000000030');
INSERT INTO md_parameter ( metadata, parameter_order, parameter_name, parameter_type, display_label, id) VALUES ('sdkntvypt84ts08gnvzhw9njjuc1ar2zNM200810110000000000000000000113', 0, 'id', 'java.lang.String', '011b45jnubu23bzkhflxz4smwz6u2gaqNM200904120000000000000000000030', '755g94jkytk4od11pdqdpmiz9l485nyt20070427JS0000000000000000001517');
INSERT INTO metadata ( description, created_by, owner, id, create_date, seq, type, remove, site_master, locked_by, entity_domain, last_updated_by, last_update_date, key_name) VALUES ('77jjth1b7kecrnhi0tj9hx1t0r1wm56vNM200904120000000000000000000030', '0000000000000000000000000000001000000000000000000000000000000003', '0000000000000000000000000000001000000000000000000000000000000003', '755g94jkytk4od11pdqdpmiz9l485nyt20070427JS0000000000000000001517', '2011-10-13 17:37:05', 3642, 'com.runwaysdk.system.metadata.MdParameter', 1, 'runwaysdk.com', NULL, NULL, '0000000000000000000000000000001000000000000000000000000000000003', '2011-10-13 17:37:05', 'com.runwaysdk.system.metadata.LongConditionController.edit.id');
INSERT INTO metadata_parameter ( site_master, last_updated_by, create_date, seq, locked_by, entity_domain, created_by, type, last_update_date, key_name, owner, id, parent_id, child_id) VALUES ('runwaysdk.com', '0000000000000000000000000000001000000000000000000000000000000003', '2011-10-13 17:37:05', 3643, NULL, NULL, '0000000000000000000000000000001000000000000000000000000000000003', 'com.runwaysdk.system.MetadataParameter', '2011-10-13 17:37:05', 'com.runwaysdk.system.metadata.LongConditionController.edit.id', '0000000000000000000000000000001000000000000000000000000000000003', 'zk69jfxrqty92llq8my5bbwsqkrb7irv20070427JS0000000000000000001524', 'sdkntvypt84ts08gnvzhw9njjuc1ar2zNM200810110000000000000000000113', '755g94jkytk4od11pdqdpmiz9l485nyt20070427JS0000000000000000001517');
INSERT INTO metadata_display_label ( default_locale, id, site_master, key_name) VALUES ('update', '8ho8gns35l9rhx786mct8bf7co754s7mNM200904120000000000000000000030', 'runwaysdk.com', '8ho8gns35l9rhx786mct8bf7co754s7mNM200904120000000000000000000030');
INSERT INTO metadata_display_label ( default_locale, id, site_master, key_name) VALUES ('Applys an existing instance of com.runwaysdk.system.metadata.LongCondition', '7gu5x4am1na3ce6879mwf33fymw1efehNM200904120000000000000000000030', 'runwaysdk.com', '7gu5x4am1na3ce6879mwf33fymw1efehNM200904120000000000000000000030');
INSERT INTO md_action ( is_query, enclosing_md_controller, is_post, action_name, display_label, id) VALUES (0, 'r9xf8hhdqe8pwecl2av6er14hyjngzhmNM200810110000000000000000000112', 1, 'update', '8ho8gns35l9rhx786mct8bf7co754s7mNM200904120000000000000000000030', '0dqagbn7tdwtfzvihu5pd7k5pe4aydoeNM200810110000000000000000000113');
INSERT INTO metadata ( description, created_by, owner, id, create_date, seq, type, remove, site_master, locked_by, entity_domain, last_updated_by, last_update_date, key_name) VALUES ('7gu5x4am1na3ce6879mwf33fymw1efehNM200904120000000000000000000030', '0000000000000000000000000000001000000000000000000000000000000003', '0000000000000000000000000000001000000000000000000000000000000003', '0dqagbn7tdwtfzvihu5pd7k5pe4aydoeNM200810110000000000000000000113', '2011-10-13 17:37:05', 3644, 'com.runwaysdk.system.metadata.MdAction', 1, 'runwaysdk.com', NULL, NULL, '0000000000000000000000000000001000000000000000000000000000000003', '2011-10-13 17:37:05', 'com.runwaysdk.system.metadata.LongConditionController.update');
INSERT INTO controller_action ( key_name, locked_by, id, owner, entity_domain, created_by, type, last_update_date, create_date, seq, last_updated_by, site_master, parent_id, child_id) VALUES ('com.runwaysdk.system.metadata.LongConditionController.update', NULL, 'zm9urnenwx5civcv9m3ga6o6a2zp2krfJS200807230000000000000000111111', '0000000000000000000000000000001000000000000000000000000000000003', NULL, '0000000000000000000000000000001000000000000000000000000000000003', 'com.runwaysdk.system.ControllerAction', '2011-10-13 17:37:05', '2011-10-13 17:37:05', 3645, '0000000000000000000000000000001000000000000000000000000000000003', 'runwaysdk.com', 'r9xf8hhdqe8pwecl2av6er14hyjngzhmNM200810110000000000000000000112', '0dqagbn7tdwtfzvihu5pd7k5pe4aydoeNM200810110000000000000000000113');
INSERT INTO metadata_display_label ( default_locale, id, site_master, key_name) VALUES ('Parameter: com.runwaysdk.system.metadata.LongCondition - dto', 'stpj6wmmorqxav9ryqv2jokn5zfiuk8qNM200904120000000000000000000030', 'runwaysdk.com', 'stpj6wmmorqxav9ryqv2jokn5zfiuk8qNM200904120000000000000000000030');
INSERT INTO metadata_display_label ( default_locale, id, site_master, key_name) VALUES ('com.runwaysdk.system.metadata.LongCondition to apply to the database', '1v6nkh1wqucpob7slsw847r8x7n9cdk0NM200904120000000000000000000030', 'runwaysdk.com', '1v6nkh1wqucpob7slsw847r8x7n9cdk0NM200904120000000000000000000030');
INSERT INTO md_parameter ( metadata, parameter_order, parameter_name, parameter_type, display_label, id) VALUES ('0dqagbn7tdwtfzvihu5pd7k5pe4aydoeNM200810110000000000000000000113', 0, 'dto', 'com.runwaysdk.system.metadata.LongCondition', 'stpj6wmmorqxav9ryqv2jokn5zfiuk8qNM200904120000000000000000000030', '6uibe5qiy3a6g009ybxi9u8k16dfpjzn20070427JS0000000000000000001517');
INSERT INTO metadata ( description, created_by, owner, id, create_date, seq, type, remove, site_master, locked_by, entity_domain, last_updated_by, last_update_date, key_name) VALUES ('1v6nkh1wqucpob7slsw847r8x7n9cdk0NM200904120000000000000000000030', '0000000000000000000000000000001000000000000000000000000000000003', '0000000000000000000000000000001000000000000000000000000000000003', '6uibe5qiy3a6g009ybxi9u8k16dfpjzn20070427JS0000000000000000001517', '2011-10-13 17:37:05', 3646, 'com.runwaysdk.system.metadata.MdParameter', 1, 'runwaysdk.com', NULL, NULL, '0000000000000000000000000000001000000000000000000000000000000003', '2011-10-13 17:37:05', 'com.runwaysdk.system.metadata.LongConditionController.update.dto');
INSERT INTO metadata_parameter ( site_master, last_updated_by, create_date, seq, locked_by, entity_domain, created_by, type, last_update_date, key_name, owner, id, parent_id, child_id) VALUES ('runwaysdk.com', '0000000000000000000000000000001000000000000000000000000000000003', '2011-10-13 17:37:05', 3647, NULL, NULL, '0000000000000000000000000000001000000000000000000000000000000003', 'com.runwaysdk.system.MetadataParameter', '2011-10-13 17:37:05', 'com.runwaysdk.system.metadata.LongConditionController.update.dto', '0000000000000000000000000000001000000000000000000000000000000003', 'xj2nmdpyktd3u9xq0y30bfih6r3cpz6i20070427JS0000000000000000001524', '0dqagbn7tdwtfzvihu5pd7k5pe4aydoeNM200810110000000000000000000113', '6uibe5qiy3a6g009ybxi9u8k16dfpjzn20070427JS0000000000000000001517');
INSERT INTO metadata_display_label ( default_locale, id, site_master, key_name) VALUES ('cancel', '04af7qrnigxwzj380jgkd89domv86ytaNM200904120000000000000000000030', 'runwaysdk.com', '04af7qrnigxwzj380jgkd89domv86ytaNM200904120000000000000000000030');
INSERT INTO metadata_display_label ( default_locale, id, site_master, key_name) VALUES ('Unlocks an instance com.runwaysdk.system.metadata.LongCondition', 'rdfpbxy6qnn8eowu16u6amu90a6sru2iNM200904120000000000000000000030', 'runwaysdk.com', 'rdfpbxy6qnn8eowu16u6amu90a6sru2iNM200904120000000000000000000030');
INSERT INTO md_action ( is_query, enclosing_md_controller, is_post, action_name, display_label, id) VALUES (0, 'r9xf8hhdqe8pwecl2av6er14hyjngzhmNM200810110000000000000000000112', 1, 'cancel', '04af7qrnigxwzj380jgkd89domv86ytaNM200904120000000000000000000030', 'sttizekuhyao2d6juf2wjedh7aicswg0NM200810110000000000000000000113');
INSERT INTO metadata ( description, created_by, owner, id, create_date, seq, type, remove, site_master, locked_by, entity_domain, last_updated_by, last_update_date, key_name) VALUES ('rdfpbxy6qnn8eowu16u6amu90a6sru2iNM200904120000000000000000000030', '0000000000000000000000000000001000000000000000000000000000000003', '0000000000000000000000000000001000000000000000000000000000000003', 'sttizekuhyao2d6juf2wjedh7aicswg0NM200810110000000000000000000113', '2011-10-13 17:37:05', 3648, 'com.runwaysdk.system.metadata.MdAction', 1, 'runwaysdk.com', NULL, NULL, '0000000000000000000000000000001000000000000000000000000000000003', '2011-10-13 17:37:05', 'com.runwaysdk.system.metadata.LongConditionController.cancel');
INSERT INTO controller_action ( key_name, locked_by, id, owner, entity_domain, created_by, type, last_update_date, create_date, seq, last_updated_by, site_master, parent_id, child_id) VALUES ('com.runwaysdk.system.metadata.LongConditionController.cancel', NULL, '0onedh1nmm1c5pmx5mhsd3gb7vzbi312JS200807230000000000000000111111', '0000000000000000000000000000001000000000000000000000000000000003', NULL, '0000000000000000000000000000001000000000000000000000000000000003', 'com.runwaysdk.system.ControllerAction', '2011-10-13 17:37:05', '2011-10-13 17:37:05', 3649, '0000000000000000000000000000001000000000000000000000000000000003', 'runwaysdk.com', 'r9xf8hhdqe8pwecl2av6er14hyjngzhmNM200810110000000000000000000112', 'sttizekuhyao2d6juf2wjedh7aicswg0NM200810110000000000000000000113');
INSERT INTO metadata_display_label ( default_locale, id, site_master, key_name) VALUES ('Parameter: com.runwaysdk.system.metadata.LongCondition - dto', 'r8ysw7r6ukbhv12sm0wps6rpilptohs0NM200904120000000000000000000030', 'runwaysdk.com', 'r8ysw7r6ukbhv12sm0wps6rpilptohs0NM200904120000000000000000000030');
INSERT INTO metadata_display_label ( default_locale, id, site_master, key_name) VALUES ('com.runwaysdk.system.metadata.LongCondition to unlock', '0tp0t5cxfff9ugr6saae8v4z7txqlbqfNM200904120000000000000000000030', 'runwaysdk.com', '0tp0t5cxfff9ugr6saae8v4z7txqlbqfNM200904120000000000000000000030');
INSERT INTO md_parameter ( metadata, parameter_order, parameter_name, parameter_type, display_label, id) VALUES ('sttizekuhyao2d6juf2wjedh7aicswg0NM200810110000000000000000000113', 0, 'dto', 'com.runwaysdk.system.metadata.LongCondition', 'r8ysw7r6ukbhv12sm0wps6rpilptohs0NM200904120000000000000000000030', '1qdsiheyvac8jxkd3tb1fbeg4prx6wsw20070427JS0000000000000000001517');
INSERT INTO metadata ( description, created_by, owner, id, create_date, seq, type, remove, site_master, locked_by, entity_domain, last_updated_by, last_update_date, key_name) VALUES ('0tp0t5cxfff9ugr6saae8v4z7txqlbqfNM200904120000000000000000000030', '0000000000000000000000000000001000000000000000000000000000000003', '0000000000000000000000000000001000000000000000000000000000000003', '1qdsiheyvac8jxkd3tb1fbeg4prx6wsw20070427JS0000000000000000001517', '2011-10-13 17:37:05', 3650, 'com.runwaysdk.system.metadata.MdParameter', 1, 'runwaysdk.com', NULL, NULL, '0000000000000000000000000000001000000000000000000000000000000003', '2011-10-13 17:37:05', 'com.runwaysdk.system.metadata.LongConditionController.cancel.dto');
INSERT INTO metadata_parameter ( site_master, last_updated_by, create_date, seq, locked_by, entity_domain, created_by, type, last_update_date, key_name, owner, id, parent_id, child_id) VALUES ('runwaysdk.com', '0000000000000000000000000000001000000000000000000000000000000003', '2011-10-13 17:37:05', 3651, NULL, NULL, '0000000000000000000000000000001000000000000000000000000000000003', 'com.runwaysdk.system.MetadataParameter', '2011-10-13 17:37:05', 'com.runwaysdk.system.metadata.LongConditionController.cancel.dto', '0000000000000000000000000000001000000000000000000000000000000003', '6ydbgdvgdf0r0vw35kymdzskk098xjkw20070427JS0000000000000000001524', 'sttizekuhyao2d6juf2wjedh7aicswg0NM200810110000000000000000000113', '1qdsiheyvac8jxkd3tb1fbeg4prx6wsw20070427JS0000000000000000001517');
INSERT INTO metadata_display_label ( default_locale, id, site_master, key_name) VALUES ('delete', 'z2qad9wef186vpxklqmhbar50halthzlNM200904120000000000000000000030', 'runwaysdk.com', 'z2qad9wef186vpxklqmhbar50halthzlNM200904120000000000000000000030');
INSERT INTO metadata_display_label ( default_locale, id, site_master, key_name) VALUES ('Delete an instance of com.runwaysdk.system.metadata.LongCondition', '293od8f4qstrvmag916ieaz2yldfrio5NM200904120000000000000000000030', 'runwaysdk.com', '293od8f4qstrvmag916ieaz2yldfrio5NM200904120000000000000000000030');
INSERT INTO md_action ( is_query, enclosing_md_controller, is_post, action_name, display_label, id) VALUES (0, 'r9xf8hhdqe8pwecl2av6er14hyjngzhmNM200810110000000000000000000112', 1, 'delete', 'z2qad9wef186vpxklqmhbar50halthzlNM200904120000000000000000000030', '1tzqobv0k1fg75stg4n7nwdjc6fsntonNM200810110000000000000000000113');
INSERT INTO metadata ( description, created_by, owner, id, create_date, seq, type, remove, site_master, locked_by, entity_domain, last_updated_by, last_update_date, key_name) VALUES ('293od8f4qstrvmag916ieaz2yldfrio5NM200904120000000000000000000030', '0000000000000000000000000000001000000000000000000000000000000003', '0000000000000000000000000000001000000000000000000000000000000003', '1tzqobv0k1fg75stg4n7nwdjc6fsntonNM200810110000000000000000000113', '2011-10-13 17:37:05', 3652, 'com.runwaysdk.system.metadata.MdAction', 1, 'runwaysdk.com', NULL, NULL, '0000000000000000000000000000001000000000000000000000000000000003', '2011-10-13 17:37:05', 'com.runwaysdk.system.metadata.LongConditionController.delete');
INSERT INTO controller_action ( key_name, locked_by, id, owner, entity_domain, created_by, type, last_update_date, create_date, seq, last_updated_by, site_master, parent_id, child_id) VALUES ('com.runwaysdk.system.metadata.LongConditionController.delete', NULL, 'zhd2mk863d0749d0hfsicl7345x2lgnlJS200807230000000000000000111111', '0000000000000000000000000000001000000000000000000000000000000003', NULL, '0000000000000000000000000000001000000000000000000000000000000003', 'com.runwaysdk.system.ControllerAction', '2011-10-13 17:37:05', '2011-10-13 17:37:05', 3653, '0000000000000000000000000000001000000000000000000000000000000003', 'runwaysdk.com', 'r9xf8hhdqe8pwecl2av6er14hyjngzhmNM200810110000000000000000000112', '1tzqobv0k1fg75stg4n7nwdjc6fsntonNM200810110000000000000000000113');
INSERT INTO metadata_display_label ( default_locale, id, site_master, key_name) VALUES ('Parameter: com.runwaysdk.system.metadata.LongCondition - dto', 'shegdjvjwt29vtk565kvjrnikpv54sj8NM200904120000000000000000000030', 'runwaysdk.com', 'shegdjvjwt29vtk565kvjrnikpv54sj8NM200904120000000000000000000030');
INSERT INTO metadata_display_label ( default_locale, id, site_master, key_name) VALUES ('com.runwaysdk.system.metadata.LongCondition to delete', '7ghjud33fh7h7y252ngtrrrt7q1yc7mpNM200904120000000000000000000030', 'runwaysdk.com', '7ghjud33fh7h7y252ngtrrrt7q1yc7mpNM200904120000000000000000000030');
INSERT INTO md_parameter ( metadata, parameter_order, parameter_name, parameter_type, display_label, id) VALUES ('1tzqobv0k1fg75stg4n7nwdjc6fsntonNM200810110000000000000000000113', 0, 'dto', 'com.runwaysdk.system.metadata.LongCondition', 'shegdjvjwt29vtk565kvjrnikpv54sj8NM200904120000000000000000000030', 'sbzxxmj9k6qo4rbfjr186l81k1kbtxvl20070427JS0000000000000000001517');
INSERT INTO metadata ( description, created_by, owner, id, create_date, seq, type, remove, site_master, locked_by, entity_domain, last_updated_by, last_update_date, key_name) VALUES ('7ghjud33fh7h7y252ngtrrrt7q1yc7mpNM200904120000000000000000000030', '0000000000000000000000000000001000000000000000000000000000000003', '0000000000000000000000000000001000000000000000000000000000000003', 'sbzxxmj9k6qo4rbfjr186l81k1kbtxvl20070427JS0000000000000000001517', '2011-10-13 17:37:05', 3654, 'com.runwaysdk.system.metadata.MdParameter', 1, 'runwaysdk.com', NULL, NULL, '0000000000000000000000000000001000000000000000000000000000000003', '2011-10-13 17:37:05', 'com.runwaysdk.system.metadata.LongConditionController.delete.dto');
INSERT INTO metadata_parameter ( site_master, last_updated_by, create_date, seq, locked_by, entity_domain, created_by, type, last_update_date, key_name, owner, id, parent_id, child_id) VALUES ('runwaysdk.com', '0000000000000000000000000000001000000000000000000000000000000003', '2011-10-13 17:37:05', 3655, NULL, NULL, '0000000000000000000000000000001000000000000000000000000000000003', 'com.runwaysdk.system.MetadataParameter', '2011-10-13 17:37:05', 'com.runwaysdk.system.metadata.LongConditionController.delete.dto', '0000000000000000000000000000001000000000000000000000000000000003', '00orj6v8cuxag3lzr91h6hqyjzh5699g20070427JS0000000000000000001524', '1tzqobv0k1fg75stg4n7nwdjc6fsntonNM200810110000000000000000000113', 'sbzxxmj9k6qo4rbfjr186l81k1kbtxvl20070427JS0000000000000000001517');
INSERT INTO business_inheritance ( id, parent_id, child_id) VALUES ('0ezgu8tu2ap9jfz6xlb032v7jmtf9uek20070926NM0000000000000000000004', '8cyzqex757pg9voulx8mlnxoyo8ypfal00000000000000000000000000000001', 'zan3sf07qdd8emyonxqiplhz2bbvm1z400000000000000000000000000000001');
INSERT INTO class_inheritance ( id, parent_id, child_id) VALUES ('0ezgu8tu2ap9jfz6xlb032v7jmtf9uek20070926NM0000000000000000000004', '8cyzqex757pg9voulx8mlnxoyo8ypfal00000000000000000000000000000001', 'zan3sf07qdd8emyonxqiplhz2bbvm1z400000000000000000000000000000001');
INSERT INTO metadata_relationship ( entity_domain, site_master, last_updated_by, id, owner, locked_by, create_date, type, created_by, seq, key_name, last_update_date, parent_id, child_id) VALUES (NULL, 'runwaysdk.com', '0000000000000000000000000000001000000000000000000000000000000003', '0ezgu8tu2ap9jfz6xlb032v7jmtf9uek20070926NM0000000000000000000004', '0000000000000000000000000000001000000000000000000000000000000003', NULL, '2011-10-13 17:37:05', 'com.runwaysdk.system.metadata.BusinessInheritance', '0000000000000000000000000000001000000000000000000000000000000003', 3656, '0ezgu8tu2ap9jfz6xlb032v7jmtf9uek20070926NM0000000000000000000004', '2011-10-13 17:37:05', '8cyzqex757pg9voulx8mlnxoyo8ypfal00000000000000000000000000000001', 'zan3sf07qdd8emyonxqiplhz2bbvm1z400000000000000000000000000000001');
 INSERT INTO visibilitymodifier (set_id, item_id)  VALUES  ('259imhun771dcqiv8v4ilwjkhxsywd09', '20071109NM000000000000000000000520071109NM0000000000000000000001');
INSERT INTO metadata_display_label ( default_locale, id, site_master, key_name) VALUES ('Defining Field', 'qpmntcnp5z9mlfad6nzpjngcy90kks1bNM200904120000000000000000000030', 'runwaysdk.com', 'qpmntcnp5z9mlfad6nzpjngcy90kks1bNM200904120000000000000000000030');
 INSERT INTO visibilitymodifier (set_id, item_id)  VALUES  ('t2eyeqz22v8743brf7rdqutuutv8bh4f', '20071109NM000000000000000000000520071109NM0000000000000000000001');
 INSERT INTO md_attribute_indicies (set_id, item_id)  VALUES  ('z9adj1f2zc60aswykej6sd7gaipoyhpf', '0000000000000000000000000000040100000000000000000000000000000403');
INSERT INTO metadata_display_label ( default_locale, id, site_master, key_name) VALUES ('Field upon which the criteria is checked', 'xw512ld1cuves6k52bytzjrd6fmj049yNM200904120000000000000000000030', 'runwaysdk.com', 'xw512ld1cuves6k52bytzjrd6fmj049yNM200904120000000000000000000030');
INSERT INTO md_attribute_reference ( default_value, md_business, id) VALUES (NULL, '1p8imi9p4g6xmfg82cskzb95veiiu78r00000000000000000000000000000001', '7gg5g0y8btw9pypwjafy9slxldpoxmhx00000000000000000000000000000186');
INSERT INTO md_attribute_ref ( id) VALUES ('7gg5g0y8btw9pypwjafy9slxldpoxmhx00000000000000000000000000000186');
INSERT INTO md_attribute_concrete ( column_name, defining_md_class, setter_visibility, setter_visibility_c, immutable, index_name, generate_accessor, system, required, display_label, getter_visibility, getter_visibility_c, index_type, index_type_c, attribute_name, id) VALUES ('defining_md_field', 'zan3sf07qdd8emyonxqiplhz2bbvm1z400000000000000000000000000000001', '259imhun771dcqiv8v4ilwjkhxsywd09', '20071109NM000000000000000000000520071109NM0000000000000000000001', 0, 'abizs7w84gdf8vrh6it0q8dt2ht89n', 1, 0, 1, 'qpmntcnp5z9mlfad6nzpjngcy90kks1bNM200904120000000000000000000030', 't2eyeqz22v8743brf7rdqutuutv8bh4f', '20071109NM000000000000000000000520071109NM0000000000000000000001', 'z9adj1f2zc60aswykej6sd7gaipoyhpf', '0000000000000000000000000000040100000000000000000000000000000403', 'definingMdField', '7gg5g0y8btw9pypwjafy9slxldpoxmhx00000000000000000000000000000186');
INSERT INTO md_attribute ( id) VALUES ('7gg5g0y8btw9pypwjafy9slxldpoxmhx00000000000000000000000000000186');
INSERT INTO metadata ( description, created_by, owner, id, create_date, seq, type, remove, site_master, locked_by, entity_domain, last_updated_by, last_update_date, key_name) VALUES ('xw512ld1cuves6k52bytzjrd6fmj049yNM200904120000000000000000000030', '0000000000000000000000000000001000000000000000000000000000000003', '0000000000000000000000000000001000000000000000000000000000000003', '7gg5g0y8btw9pypwjafy9slxldpoxmhx00000000000000000000000000000186', '2011-10-13 17:37:05', 3657, 'com.runwaysdk.system.metadata.MdAttributeReference', 1, 'runwaysdk.com', NULL, NULL, '0000000000000000000000000000001000000000000000000000000000000003', '2011-10-13 17:37:05', 'com.runwaysdk.system.metadata.LongCondition.definingMdField');
ALTER TABLE long_condition ADD COLUMN defining_md_field  char(64);
INSERT INTO class_attribute_concrete ( id, parent_id, child_id) VALUES ('23jd4xy45wygiwwqo8q1ysh8ksptsjid00000000000000000000000000000073', 'zan3sf07qdd8emyonxqiplhz2bbvm1z400000000000000000000000000000001', '7gg5g0y8btw9pypwjafy9slxldpoxmhx00000000000000000000000000000186');
INSERT INTO class_attribute ( id, parent_id, child_id) VALUES ('23jd4xy45wygiwwqo8q1ysh8ksptsjid00000000000000000000000000000073', 'zan3sf07qdd8emyonxqiplhz2bbvm1z400000000000000000000000000000001', '7gg5g0y8btw9pypwjafy9slxldpoxmhx00000000000000000000000000000186');
INSERT INTO metadata_relationship ( entity_domain, site_master, last_updated_by, id, owner, locked_by, create_date, type, created_by, seq, key_name, last_update_date, parent_id, child_id) VALUES (NULL, 'runwaysdk.com', '0000000000000000000000000000001000000000000000000000000000000003', '23jd4xy45wygiwwqo8q1ysh8ksptsjid00000000000000000000000000000073', '0000000000000000000000000000001000000000000000000000000000000003', NULL, '2011-10-13 17:37:05', 'com.runwaysdk.system.metadata.ClassAttributeConcrete', '0000000000000000000000000000001000000000000000000000000000000003', 3658, 'com.runwaysdk.system.metadata.LongCondition.definingMdField', '2011-10-13 17:37:05', 'zan3sf07qdd8emyonxqiplhz2bbvm1z400000000000000000000000000000001', '7gg5g0y8btw9pypwjafy9slxldpoxmhx00000000000000000000000000000186');
 INSERT INTO visibilitymodifier (set_id, item_id)  VALUES  ('6zr2isqmsdogry1m3t9yj9p46lm5rqhp', '20071109NM000000000000000000000520071109NM0000000000000000000001');
INSERT INTO metadata_display_label ( default_locale, id, site_master, key_name) VALUES ('Value', 'snuvk2d949fzyh195gdcvkc8cn2diio0NM200904120000000000000000000030', 'runwaysdk.com', 'snuvk2d949fzyh195gdcvkc8cn2diio0NM200904120000000000000000000030');
 INSERT INTO visibilitymodifier (set_id, item_id)  VALUES  ('xib966pedyds03915k49fmxhlcwr7nuz', '20071109NM000000000000000000000520071109NM0000000000000000000001');
 INSERT INTO md_attribute_indicies (set_id, item_id)  VALUES  ('234jdnkmyp9ximkofcekibvhixn9gsjj', '0000000000000000000000000000040100000000000000000000000000000403');
INSERT INTO metadata_display_label ( default_locale, id, site_master, key_name) VALUES ('Value to check against', '8ktstfd3kkdc777iup4ksra77qr0rgfkNM200904120000000000000000000030', 'runwaysdk.com', '8ktstfd3kkdc777iup4ksra77qr0rgfkNM200904120000000000000000000030');
INSERT INTO md_attribute_long ( end_range, default_value, start_range, id) VALUES (NULL, NULL, NULL, 't22pj02yfb5k4sv9vckd5hnpx94pxkbb00000000000000000000000000000338');
INSERT INTO md_attribute_int ( id) VALUES ('t22pj02yfb5k4sv9vckd5hnpx94pxkbb00000000000000000000000000000338');
INSERT INTO md_attribute_number ( reject_negative, reject_zero, reject_positive, id) VALUES (0, 0, 0, 't22pj02yfb5k4sv9vckd5hnpx94pxkbb00000000000000000000000000000338');
INSERT INTO md_attribute_primitive ( id) VALUES ('t22pj02yfb5k4sv9vckd5hnpx94pxkbb00000000000000000000000000000338');
INSERT INTO md_attribute_concrete ( column_name, defining_md_class, setter_visibility, setter_visibility_c, immutable, index_name, generate_accessor, system, required, display_label, getter_visibility, getter_visibility_c, index_type, index_type_c, attribute_name, id) VALUES ('fieldvalue', 'zan3sf07qdd8emyonxqiplhz2bbvm1z400000000000000000000000000000001', '6zr2isqmsdogry1m3t9yj9p46lm5rqhp', '20071109NM000000000000000000000520071109NM0000000000000000000001', 0, 'aqwd7001vp9o0hyzhlwr2ug09sgfjw', 1, 0, 1, 'snuvk2d949fzyh195gdcvkc8cn2diio0NM200904120000000000000000000030', 'xib966pedyds03915k49fmxhlcwr7nuz', '20071109NM000000000000000000000520071109NM0000000000000000000001', '234jdnkmyp9ximkofcekibvhixn9gsjj', '0000000000000000000000000000040100000000000000000000000000000403', 'value', 't22pj02yfb5k4sv9vckd5hnpx94pxkbb00000000000000000000000000000338');
INSERT INTO md_attribute ( id) VALUES ('t22pj02yfb5k4sv9vckd5hnpx94pxkbb00000000000000000000000000000338');
INSERT INTO metadata ( description, created_by, owner, id, create_date, seq, type, remove, site_master, locked_by, entity_domain, last_updated_by, last_update_date, key_name) VALUES ('8ktstfd3kkdc777iup4ksra77qr0rgfkNM200904120000000000000000000030', '0000000000000000000000000000001000000000000000000000000000000003', '0000000000000000000000000000001000000000000000000000000000000003', 't22pj02yfb5k4sv9vckd5hnpx94pxkbb00000000000000000000000000000338', '2011-10-13 17:37:05', 3659, 'com.runwaysdk.system.metadata.MdAttributeLong', 1, 'runwaysdk.com', NULL, NULL, '0000000000000000000000000000001000000000000000000000000000000003', '2011-10-13 17:37:05', 'com.runwaysdk.system.metadata.LongCondition.value');
ALTER TABLE long_condition ADD COLUMN fieldvalue  bigint;
INSERT INTO class_attribute_concrete ( id, parent_id, child_id) VALUES ('0ru4etabip0n12tzh24kee05f3jzln3800000000000000000000000000000073', 'zan3sf07qdd8emyonxqiplhz2bbvm1z400000000000000000000000000000001', 't22pj02yfb5k4sv9vckd5hnpx94pxkbb00000000000000000000000000000338');
INSERT INTO class_attribute ( id, parent_id, child_id) VALUES ('0ru4etabip0n12tzh24kee05f3jzln3800000000000000000000000000000073', 'zan3sf07qdd8emyonxqiplhz2bbvm1z400000000000000000000000000000001', 't22pj02yfb5k4sv9vckd5hnpx94pxkbb00000000000000000000000000000338');
INSERT INTO metadata_relationship ( entity_domain, site_master, last_updated_by, id, owner, locked_by, create_date, type, created_by, seq, key_name, last_update_date, parent_id, child_id) VALUES (NULL, 'runwaysdk.com', '0000000000000000000000000000001000000000000000000000000000000003', '0ru4etabip0n12tzh24kee05f3jzln3800000000000000000000000000000073', '0000000000000000000000000000001000000000000000000000000000000003', NULL, '2011-10-13 17:37:05', 'com.runwaysdk.system.metadata.ClassAttributeConcrete', '0000000000000000000000000000001000000000000000000000000000000003', 3660, 'com.runwaysdk.system.metadata.LongCondition.value', '2011-10-13 17:37:05', 'zan3sf07qdd8emyonxqiplhz2bbvm1z400000000000000000000000000000001', 't22pj02yfb5k4sv9vckd5hnpx94pxkbb00000000000000000000000000000338');
 INSERT INTO visibilitymodifier (set_id, item_id)  VALUES  ('6ngaxr3gc6mr5h9z0gxx04fxjuhcvgje', '20071109NM000000000000000000000520071109NM0000000000000000000001');
INSERT INTO metadata_display_label ( default_locale, id, site_master, key_name) VALUES ('Operation', '2cdm0ra0brndjz7cmtxpwpxw0evca1iaNM200904120000000000000000000030', 'runwaysdk.com', '2cdm0ra0brndjz7cmtxpwpxw0evca1iaNM200904120000000000000000000030');
 INSERT INTO visibilitymodifier (set_id, item_id)  VALUES  ('6nubzcvz64hfds52l2fppshymovp1wc7', '20071109NM000000000000000000000520071109NM0000000000000000000001');
 INSERT INTO md_attribute_indicies (set_id, item_id)  VALUES  ('qyhyq21gg2vtzhs4l2atm9xgpcqbch2s', '0000000000000000000000000000040100000000000000000000000000000403');
INSERT INTO metadata_display_label ( default_locale, id, site_master, key_name) VALUES ('Operation', 'r6cbb3inkjiktpdj1wrf7ahyejlhbqwoNM200904120000000000000000000030', 'runwaysdk.com', 'r6cbb3inkjiktpdj1wrf7ahyejlhbqwoNM200904120000000000000000000030');
INSERT INTO md_attribute_enumeration ( select_multiple, md_enumeration, default_value, cache_column_name, id) VALUES (0, '0c46qkgpl4rhtnsv3w3ou93kimna0rg300000000000000000000000000000196', NULL, 'conditionoperation_c', '1zf8smocjicl0ija71p1ia3vqa1mpx6o00000000000000000000000000000216');
INSERT INTO md_attribute_ref ( id) VALUES ('1zf8smocjicl0ija71p1ia3vqa1mpx6o00000000000000000000000000000216');
INSERT INTO md_attribute_concrete ( column_name, defining_md_class, setter_visibility, setter_visibility_c, immutable, index_name, generate_accessor, system, required, display_label, getter_visibility, getter_visibility_c, index_type, index_type_c, attribute_name, id) VALUES ('conditionoperation', 'zan3sf07qdd8emyonxqiplhz2bbvm1z400000000000000000000000000000001', '6ngaxr3gc6mr5h9z0gxx04fxjuhcvgje', '20071109NM000000000000000000000520071109NM0000000000000000000001', 0, 'a6kw24j43pbl4i7tfy0klnez3rtffy', 1, 0, 1, '2cdm0ra0brndjz7cmtxpwpxw0evca1iaNM200904120000000000000000000030', '6nubzcvz64hfds52l2fppshymovp1wc7', '20071109NM000000000000000000000520071109NM0000000000000000000001', 'qyhyq21gg2vtzhs4l2atm9xgpcqbch2s', '0000000000000000000000000000040100000000000000000000000000000403', 'operation', '1zf8smocjicl0ija71p1ia3vqa1mpx6o00000000000000000000000000000216');
INSERT INTO md_attribute ( id) VALUES ('1zf8smocjicl0ija71p1ia3vqa1mpx6o00000000000000000000000000000216');
INSERT INTO metadata ( description, created_by, owner, id, create_date, seq, type, remove, site_master, locked_by, entity_domain, last_updated_by, last_update_date, key_name) VALUES ('r6cbb3inkjiktpdj1wrf7ahyejlhbqwoNM200904120000000000000000000030', '0000000000000000000000000000001000000000000000000000000000000003', '0000000000000000000000000000001000000000000000000000000000000003', '1zf8smocjicl0ija71p1ia3vqa1mpx6o00000000000000000000000000000216', '2011-10-13 17:37:05', 3661, 'com.runwaysdk.system.metadata.MdAttributeEnumeration', 1, 'runwaysdk.com', NULL, NULL, '0000000000000000000000000000001000000000000000000000000000000003', '2011-10-13 17:37:05', 'com.runwaysdk.system.metadata.LongCondition.operation');
ALTER TABLE long_condition ADD COLUMN conditionoperation  char(32);
ALTER TABLE long_condition ADD COLUMN conditionoperation_c  text;
INSERT INTO class_attribute_concrete ( id, parent_id, child_id) VALUES ('22avqxdxtmmno3uhxfqm247c8wxnb2th00000000000000000000000000000073', 'zan3sf07qdd8emyonxqiplhz2bbvm1z400000000000000000000000000000001', '1zf8smocjicl0ija71p1ia3vqa1mpx6o00000000000000000000000000000216');
INSERT INTO class_attribute ( id, parent_id, child_id) VALUES ('22avqxdxtmmno3uhxfqm247c8wxnb2th00000000000000000000000000000073', 'zan3sf07qdd8emyonxqiplhz2bbvm1z400000000000000000000000000000001', '1zf8smocjicl0ija71p1ia3vqa1mpx6o00000000000000000000000000000216');
INSERT INTO metadata_relationship ( entity_domain, site_master, last_updated_by, id, owner, locked_by, create_date, type, created_by, seq, key_name, last_update_date, parent_id, child_id) VALUES (NULL, 'runwaysdk.com', '0000000000000000000000000000001000000000000000000000000000000003', '22avqxdxtmmno3uhxfqm247c8wxnb2th00000000000000000000000000000073', '0000000000000000000000000000001000000000000000000000000000000003', NULL, '2011-10-13 17:37:05', 'com.runwaysdk.system.metadata.ClassAttributeConcrete', '0000000000000000000000000000001000000000000000000000000000000003', 3662, 'com.runwaysdk.system.metadata.LongCondition.operation', '2011-10-13 17:37:05', 'zan3sf07qdd8emyonxqiplhz2bbvm1z400000000000000000000000000000001', '1zf8smocjicl0ija71p1ia3vqa1mpx6o00000000000000000000000000000216');
 INSERT INTO visibilitymodifier (set_id, item_id)  VALUES  ('suap2qryh0fxco9chqjz34dkc4editmj', '20071109NM000000000000000000000520071109NM0000000000000000000001');
INSERT INTO metadata_display_label ( default_locale, id, site_master, key_name) VALUES ('Condition', 'r7aw7ksw9reojjktfmkrtdimalvn2b11NM200904120000000000000000000030', 'runwaysdk.com', 'r7aw7ksw9reojjktfmkrtdimalvn2b11NM200904120000000000000000000030');
 INSERT INTO visibilitymodifier (set_id, item_id)  VALUES  ('0tbifmazdn3bj120wqrvy0het22yw1de', '20071109NM000000000000000000000520071109NM0000000000000000000001');
 INSERT INTO md_attribute_indicies (set_id, item_id)  VALUES  ('8mqkn6e0nvzj31xvgyzmppon5vqkplup', '0000000000000000000000000000040100000000000000000000000000000403');
INSERT INTO metadata_display_label ( default_locale, id, site_master, key_name) VALUES ('The condition which must be satisfied', 'xbq7v8bj0n5oxsxmrpoksvau7n3tgb9tNM200904120000000000000000000030', 'runwaysdk.com', 'xbq7v8bj0n5oxsxmrpoksvau7n3tgb9tNM200904120000000000000000000030');
INSERT INTO md_attribute_reference ( default_value, md_business, id) VALUES (NULL, '8cyzqex757pg9voulx8mlnxoyo8ypfal00000000000000000000000000000001', 'sigd00vvrrel0uqcpup82j7pftkgpthf00000000000000000000000000000186');
INSERT INTO md_attribute_ref ( id) VALUES ('sigd00vvrrel0uqcpup82j7pftkgpthf00000000000000000000000000000186');
INSERT INTO md_attribute_concrete ( column_name, defining_md_class, setter_visibility, setter_visibility_c, immutable, index_name, generate_accessor, system, required, display_label, getter_visibility, getter_visibility_c, index_type, index_type_c, attribute_name, id) VALUES ('fieldcondition', '1p8imi9p4g6xmfg82cskzb95veiiu78r00000000000000000000000000000001', 'suap2qryh0fxco9chqjz34dkc4editmj', '20071109NM000000000000000000000520071109NM0000000000000000000001', 0, 'are5k60rndubti5rtpv4zom0zfzfqn', 1, 0, 0, 'r7aw7ksw9reojjktfmkrtdimalvn2b11NM200904120000000000000000000030', '0tbifmazdn3bj120wqrvy0het22yw1de', '20071109NM000000000000000000000520071109NM0000000000000000000001', '8mqkn6e0nvzj31xvgyzmppon5vqkplup', '0000000000000000000000000000040100000000000000000000000000000403', 'fieldCondition', 'sigd00vvrrel0uqcpup82j7pftkgpthf00000000000000000000000000000186');
INSERT INTO md_attribute ( id) VALUES ('sigd00vvrrel0uqcpup82j7pftkgpthf00000000000000000000000000000186');
INSERT INTO metadata ( description, created_by, owner, id, create_date, seq, type, remove, site_master, locked_by, entity_domain, last_updated_by, last_update_date, key_name) VALUES ('xbq7v8bj0n5oxsxmrpoksvau7n3tgb9tNM200904120000000000000000000030', '0000000000000000000000000000001000000000000000000000000000000003', '0000000000000000000000000000001000000000000000000000000000000003', 'sigd00vvrrel0uqcpup82j7pftkgpthf00000000000000000000000000000186', '2011-10-13 17:37:05', 3663, 'com.runwaysdk.system.metadata.MdAttributeReference', 1, 'runwaysdk.com', NULL, NULL, '0000000000000000000000000000001000000000000000000000000000000003', '2011-10-13 17:37:05', 'com.runwaysdk.system.metadata.MdField.fieldCondition');
ALTER TABLE md_field ADD COLUMN fieldcondition  char(64);
INSERT INTO class_attribute_concrete ( id, parent_id, child_id) VALUES ('8gthq61bqjageac81bo4ijp0bfrfm7jl00000000000000000000000000000073', '1p8imi9p4g6xmfg82cskzb95veiiu78r00000000000000000000000000000001', 'sigd00vvrrel0uqcpup82j7pftkgpthf00000000000000000000000000000186');
INSERT INTO class_attribute ( id, parent_id, child_id) VALUES ('8gthq61bqjageac81bo4ijp0bfrfm7jl00000000000000000000000000000073', '1p8imi9p4g6xmfg82cskzb95veiiu78r00000000000000000000000000000001', 'sigd00vvrrel0uqcpup82j7pftkgpthf00000000000000000000000000000186');
INSERT INTO metadata_relationship ( entity_domain, site_master, last_updated_by, id, owner, locked_by, create_date, type, created_by, seq, key_name, last_update_date, parent_id, child_id) VALUES (NULL, 'runwaysdk.com', '0000000000000000000000000000001000000000000000000000000000000003', '8gthq61bqjageac81bo4ijp0bfrfm7jl00000000000000000000000000000073', '0000000000000000000000000000001000000000000000000000000000000003', NULL, '2011-10-13 17:37:05', 'com.runwaysdk.system.metadata.ClassAttributeConcrete', '0000000000000000000000000000001000000000000000000000000000000003', 3664, 'com.runwaysdk.system.metadata.MdField.fieldCondition', '2011-10-13 17:37:05', '1p8imi9p4g6xmfg82cskzb95veiiu78r00000000000000000000000000000001', 'sigd00vvrrel0uqcpup82j7pftkgpthf00000000000000000000000000000186');
 INSERT INTO class_cache (set_id, item_id)  VALUES  ('0fc40vwq7h5ktyni109llpw16li1jcqx', '0000000000000000000000000000023100000000000000000000000000000222');
INSERT INTO metadata_display_label ( default_locale, id, site_master, key_name) VALUES ('Group', '01gnp80z502xtye87ge3p1haf5stz8ibNM200904120000000000000000000030', 'runwaysdk.com', '01gnp80z502xtye87ge3p1haf5stz8ibNM200904120000000000000000000030');
INSERT INTO metadata_display_label ( default_locale, id, site_master, key_name) VALUES ('Group', 'svgw3k5sfmcfz81dwjxsdlnndtl405z1NM200904120000000000000000000030', 'runwaysdk.com', 'svgw3k5sfmcfz81dwjxsdlnndtl405z1NM200904120000000000000000000030');
INSERT INTO md_business ( cache_algorithm, cache_algorithm_c, super_md_business, id) VALUES ('0fc40vwq7h5ktyni109llpw16li1jcqx', '0000000000000000000000000000023100000000000000000000000000000222', 'zgkseu7as85l9zfwaawq8k3wid4vd17v00000000000000000000000000000001', 't0xxll0b5dmkakuu7k7sa4l4l43s59g200000000000000000000000000000001');
INSERT INTO md_element ( extendable, is_abstract, id) VALUES (1, 0, 't0xxll0b5dmkakuu7k7sa4l4l43s59g200000000000000000000000000000001');
INSERT INTO md_entity ( query_dto_source, query_source, cache_size, enforce_site_master, table_name, id) VALUES (NULL, NULL, 0, 1, 'md_web_group', 't0xxll0b5dmkakuu7k7sa4l4l43s59g200000000000000000000000000000001');
INSERT INTO md_class ( publish, stub_dto_source, stub_source, id) VALUES (1, NULL, NULL, 't0xxll0b5dmkakuu7k7sa4l4l43s59g200000000000000000000000000000001');
INSERT INTO md_type ( display_label, root_id, package_name, type_name, base_source, js_base, js_stub, exported, dto_source, id) VALUES ('01gnp80z502xtye87ge3p1haf5stz8ibNM200904120000000000000000000030', 't0xxll0b5dmkakuu7k7sa4l4l43s59g2', 'com.runwaysdk.system.metadata', 'MdWebGroup', NULL, NULL, NULL, 1, NULL, 't0xxll0b5dmkakuu7k7sa4l4l43s59g200000000000000000000000000000001');
INSERT INTO metadata ( description, created_by, owner, id, create_date, seq, type, remove, site_master, locked_by, entity_domain, last_updated_by, last_update_date, key_name) VALUES ('svgw3k5sfmcfz81dwjxsdlnndtl405z1NM200904120000000000000000000030', '0000000000000000000000000000001000000000000000000000000000000003', '0000000000000000000000000000001000000000000000000000000000000003', 't0xxll0b5dmkakuu7k7sa4l4l43s59g200000000000000000000000000000001', '2011-10-13 17:37:05', 3665, 'com.runwaysdk.system.metadata.MdBusiness', 1, 'runwaysdk.com', NULL, NULL, '0000000000000000000000000000001000000000000000000000000000000003', '2011-10-13 17:37:05', 'com.runwaysdk.system.metadata.MdWebGroup');
CREATE TABLE md_web_group ( id CHAR(64) NOT NULL PRIMARY KEY );
INSERT INTO metadata_display_label ( default_locale, id, site_master, key_name) VALUES (NULL, '7673o77hyj1kg397klg0fi0twyxyhqs0NM200904120000000000000000000030', 'runwaysdk.com', '7673o77hyj1kg397klg0fi0twyxyhqs0NM200904120000000000000000000030');
INSERT INTO metadata_display_label ( default_locale, id, site_master, key_name) VALUES (NULL, '2eq40sju99lcxgf6qji1qjvjgmnrqmv8NM200904120000000000000000000030', 'runwaysdk.com', '2eq40sju99lcxgf6qji1qjvjgmnrqmv8NM200904120000000000000000000030');
INSERT INTO md_controller ( stub_source, id) VALUES (NULL, 'xybe6y9kczkjsi3pdmqmqrjcpfd2frwoNM200810110000000000000000000112');
INSERT INTO md_type ( display_label, root_id, package_name, type_name, base_source, js_base, js_stub, exported, dto_source, id) VALUES ('7673o77hyj1kg397klg0fi0twyxyhqs0NM200904120000000000000000000030', 'xybe6y9kczkjsi3pdmqmqrjcpfd2frwo', 'com.runwaysdk.system.metadata', 'MdWebGroupController', NULL, NULL, NULL, 1, NULL, 'xybe6y9kczkjsi3pdmqmqrjcpfd2frwoNM200810110000000000000000000112');
INSERT INTO metadata ( description, created_by, owner, id, create_date, seq, type, remove, site_master, locked_by, entity_domain, last_updated_by, last_update_date, key_name) VALUES ('2eq40sju99lcxgf6qji1qjvjgmnrqmv8NM200904120000000000000000000030', '0000000000000000000000000000001000000000000000000000000000000003', '0000000000000000000000000000001000000000000000000000000000000003', 'xybe6y9kczkjsi3pdmqmqrjcpfd2frwoNM200810110000000000000000000112', '2011-10-13 17:37:05', 3666, 'com.runwaysdk.system.metadata.MdController', 1, 'runwaysdk.com', NULL, NULL, '0000000000000000000000000000001000000000000000000000000000000003', '2011-10-13 17:37:05', 'com.runwaysdk.system.metadata.MdWebGroupController');
INSERT INTO metadata_display_label ( default_locale, id, site_master, key_name) VALUES ('View Page', '8mxjsrntvl4kmwaclfebgk9wf8oio321NM200904120000000000000000000030', 'runwaysdk.com', '8mxjsrntvl4kmwaclfebgk9wf8oio321NM200904120000000000000000000030');
INSERT INTO metadata_display_label ( default_locale, id, site_master, key_name) VALUES ('Loads a ViewAll query for a specific page into the request object', '6syqjq0oxdlx0575buo7k1cshkhaho27NM200904120000000000000000000030', 'runwaysdk.com', '6syqjq0oxdlx0575buo7k1cshkhaho27NM200904120000000000000000000030');
INSERT INTO md_action ( is_query, enclosing_md_controller, is_post, action_name, display_label, id) VALUES (1, 'xybe6y9kczkjsi3pdmqmqrjcpfd2frwoNM200810110000000000000000000112', 0, 'viewPage', '8mxjsrntvl4kmwaclfebgk9wf8oio321NM200904120000000000000000000030', '0mroihckigpdx7neb6sykjlm78j8xrsdNM200810110000000000000000000113');
INSERT INTO metadata ( description, created_by, owner, id, create_date, seq, type, remove, site_master, locked_by, entity_domain, last_updated_by, last_update_date, key_name) VALUES ('6syqjq0oxdlx0575buo7k1cshkhaho27NM200904120000000000000000000030', '0000000000000000000000000000001000000000000000000000000000000003', '0000000000000000000000000000001000000000000000000000000000000003', '0mroihckigpdx7neb6sykjlm78j8xrsdNM200810110000000000000000000113', '2011-10-13 17:37:05', 3667, 'com.runwaysdk.system.metadata.MdAction', 1, 'runwaysdk.com', NULL, NULL, '0000000000000000000000000000001000000000000000000000000000000003', '2011-10-13 17:37:05', 'com.runwaysdk.system.metadata.MdWebGroupController.viewPage');
INSERT INTO controller_action ( key_name, locked_by, id, owner, entity_domain, created_by, type, last_update_date, create_date, seq, last_updated_by, site_master, parent_id, child_id) VALUES ('com.runwaysdk.system.metadata.MdWebGroupController.viewPage', NULL, '0dpm83mgnbpnerpxd4zchnk6reg6tw5wJS200807230000000000000000111111', '0000000000000000000000000000001000000000000000000000000000000003', NULL, '0000000000000000000000000000001000000000000000000000000000000003', 'com.runwaysdk.system.ControllerAction', '2011-10-13 17:37:05', '2011-10-13 17:37:05', 3668, '0000000000000000000000000000001000000000000000000000000000000003', 'runwaysdk.com', 'xybe6y9kczkjsi3pdmqmqrjcpfd2frwoNM200810110000000000000000000112', '0mroihckigpdx7neb6sykjlm78j8xrsdNM200810110000000000000000000113');
INSERT INTO metadata_display_label ( default_locale, id, site_master, key_name) VALUES ('Sort Attribute', 'qp65u6w65lvq11qpflwrb42zyg9ctcfxNM200904120000000000000000000030', 'runwaysdk.com', 'qp65u6w65lvq11qpflwrb42zyg9ctcfxNM200904120000000000000000000030');
INSERT INTO metadata_display_label ( default_locale, id, site_master, key_name) VALUES (NULL, 'r2f6pp97rnje8zhqbczg28bk4sd7wiauNM200904120000000000000000000030', 'runwaysdk.com', 'r2f6pp97rnje8zhqbczg28bk4sd7wiauNM200904120000000000000000000030');
INSERT INTO md_parameter ( metadata, parameter_order, parameter_name, parameter_type, display_label, id) VALUES ('0mroihckigpdx7neb6sykjlm78j8xrsdNM200810110000000000000000000113', -4, 'sortAttribute', 'java.lang.String', 'qp65u6w65lvq11qpflwrb42zyg9ctcfxNM200904120000000000000000000030', 'sdr9t4j2lce7lnxs5cn3c8rdqfvkg7tc20070427JS0000000000000000001517');
INSERT INTO metadata ( description, created_by, owner, id, create_date, seq, type, remove, site_master, locked_by, entity_domain, last_updated_by, last_update_date, key_name) VALUES ('r2f6pp97rnje8zhqbczg28bk4sd7wiauNM200904120000000000000000000030', '0000000000000000000000000000001000000000000000000000000000000003', '0000000000000000000000000000001000000000000000000000000000000003', 'sdr9t4j2lce7lnxs5cn3c8rdqfvkg7tc20070427JS0000000000000000001517', '2011-10-13 17:37:05', 3669, 'com.runwaysdk.system.metadata.MdParameter', 1, 'runwaysdk.com', NULL, NULL, '0000000000000000000000000000001000000000000000000000000000000003', '2011-10-13 17:37:05', 'com.runwaysdk.system.metadata.MdWebGroupController.viewPage.sortAttribute');
INSERT INTO metadata_parameter ( site_master, last_updated_by, create_date, seq, locked_by, entity_domain, created_by, type, last_update_date, key_name, owner, id, parent_id, child_id) VALUES ('runwaysdk.com', '0000000000000000000000000000001000000000000000000000000000000003', '2011-10-13 17:37:05', 3670, NULL, NULL, '0000000000000000000000000000001000000000000000000000000000000003', 'com.runwaysdk.system.MetadataParameter', '2011-10-13 17:37:05', 'com.runwaysdk.system.metadata.MdWebGroupController.viewPage.sortAttribute', '0000000000000000000000000000001000000000000000000000000000000003', 'znkr8ot38615gx8mlat5bchetvme67wn20070427JS0000000000000000001524', '0mroihckigpdx7neb6sykjlm78j8xrsdNM200810110000000000000000000113', 'sdr9t4j2lce7lnxs5cn3c8rdqfvkg7tc20070427JS0000000000000000001517');
INSERT INTO metadata_display_label ( default_locale, id, site_master, key_name) VALUES ('Is Ascending', '8jzd719twabbms96sywuxyt3oxa5pjmeNM200904120000000000000000000030', 'runwaysdk.com', '8jzd719twabbms96sywuxyt3oxa5pjmeNM200904120000000000000000000030');
INSERT INTO metadata_display_label ( default_locale, id, site_master, key_name) VALUES (NULL, '0hfyicf8xb8njg35gyt3om8zz2ksz0jlNM200904120000000000000000000030', 'runwaysdk.com', '0hfyicf8xb8njg35gyt3om8zz2ksz0jlNM200904120000000000000000000030');
INSERT INTO md_parameter ( metadata, parameter_order, parameter_name, parameter_type, display_label, id) VALUES ('0mroihckigpdx7neb6sykjlm78j8xrsdNM200810110000000000000000000113', -3, 'isAscending', 'java.lang.Boolean', '8jzd719twabbms96sywuxyt3oxa5pjmeNM200904120000000000000000000030', 'xerrmn5igdudmko9wkoknzslp29g5i9t20070427JS0000000000000000001517');
INSERT INTO metadata ( description, created_by, owner, id, create_date, seq, type, remove, site_master, locked_by, entity_domain, last_updated_by, last_update_date, key_name) VALUES ('0hfyicf8xb8njg35gyt3om8zz2ksz0jlNM200904120000000000000000000030', '0000000000000000000000000000001000000000000000000000000000000003', '0000000000000000000000000000001000000000000000000000000000000003', 'xerrmn5igdudmko9wkoknzslp29g5i9t20070427JS0000000000000000001517', '2011-10-13 17:37:05', 3671, 'com.runwaysdk.system.metadata.MdParameter', 1, 'runwaysdk.com', NULL, NULL, '0000000000000000000000000000001000000000000000000000000000000003', '2011-10-13 17:37:05', 'com.runwaysdk.system.metadata.MdWebGroupController.viewPage.isAscending');
INSERT INTO metadata_parameter ( site_master, last_updated_by, create_date, seq, locked_by, entity_domain, created_by, type, last_update_date, key_name, owner, id, parent_id, child_id) VALUES ('runwaysdk.com', '0000000000000000000000000000001000000000000000000000000000000003', '2011-10-13 17:37:05', 3672, NULL, NULL, '0000000000000000000000000000001000000000000000000000000000000003', 'com.runwaysdk.system.MetadataParameter', '2011-10-13 17:37:05', 'com.runwaysdk.system.metadata.MdWebGroupController.viewPage.isAscending', '0000000000000000000000000000001000000000000000000000000000000003', 'z4noojd7gs52gepc1co250aomuwwwo0n20070427JS0000000000000000001524', '0mroihckigpdx7neb6sykjlm78j8xrsdNM200810110000000000000000000113', 'xerrmn5igdudmko9wkoknzslp29g5i9t20070427JS0000000000000000001517');
INSERT INTO metadata_display_label ( default_locale, id, site_master, key_name) VALUES ('Page Size', '25my9y1f88yqrbghzl45esr24ak7c56mNM200904120000000000000000000030', 'runwaysdk.com', '25my9y1f88yqrbghzl45esr24ak7c56mNM200904120000000000000000000030');
INSERT INTO metadata_display_label ( default_locale, id, site_master, key_name) VALUES (NULL, '7chu4sh850be4xtrwobo7htgr6j9ccjjNM200904120000000000000000000030', 'runwaysdk.com', '7chu4sh850be4xtrwobo7htgr6j9ccjjNM200904120000000000000000000030');
INSERT INTO md_parameter ( metadata, parameter_order, parameter_name, parameter_type, display_label, id) VALUES ('0mroihckigpdx7neb6sykjlm78j8xrsdNM200810110000000000000000000113', -2, 'pageSize', 'java.lang.Integer', '25my9y1f88yqrbghzl45esr24ak7c56mNM200904120000000000000000000030', '21zzx9cjyyc588onpuc1e2cmr24ykjqc20070427JS0000000000000000001517');
INSERT INTO metadata ( description, created_by, owner, id, create_date, seq, type, remove, site_master, locked_by, entity_domain, last_updated_by, last_update_date, key_name) VALUES ('7chu4sh850be4xtrwobo7htgr6j9ccjjNM200904120000000000000000000030', '0000000000000000000000000000001000000000000000000000000000000003', '0000000000000000000000000000001000000000000000000000000000000003', '21zzx9cjyyc588onpuc1e2cmr24ykjqc20070427JS0000000000000000001517', '2011-10-13 17:37:05', 3673, 'com.runwaysdk.system.metadata.MdParameter', 1, 'runwaysdk.com', NULL, NULL, '0000000000000000000000000000001000000000000000000000000000000003', '2011-10-13 17:37:05', 'com.runwaysdk.system.metadata.MdWebGroupController.viewPage.pageSize');
INSERT INTO metadata_parameter ( site_master, last_updated_by, create_date, seq, locked_by, entity_domain, created_by, type, last_update_date, key_name, owner, id, parent_id, child_id) VALUES ('runwaysdk.com', '0000000000000000000000000000001000000000000000000000000000000003', '2011-10-13 17:37:05', 3674, NULL, NULL, '0000000000000000000000000000001000000000000000000000000000000003', 'com.runwaysdk.system.MetadataParameter', '2011-10-13 17:37:05', 'com.runwaysdk.system.metadata.MdWebGroupController.viewPage.pageSize', '0000000000000000000000000000001000000000000000000000000000000003', '0o796daxw9ams553ulfjs1xp4vtljc3p20070427JS0000000000000000001524', '0mroihckigpdx7neb6sykjlm78j8xrsdNM200810110000000000000000000113', '21zzx9cjyyc588onpuc1e2cmr24ykjqc20070427JS0000000000000000001517');
INSERT INTO metadata_display_label ( default_locale, id, site_master, key_name) VALUES ('Page Number', '8nv003gmyh8azrwu78pfjvo9ll6hjv35NM200904120000000000000000000030', 'runwaysdk.com', '8nv003gmyh8azrwu78pfjvo9ll6hjv35NM200904120000000000000000000030');
INSERT INTO metadata_display_label ( default_locale, id, site_master, key_name) VALUES (NULL, '2450aurb25nl6ohrd2i0b02sfhayp6arNM200904120000000000000000000030', 'runwaysdk.com', '2450aurb25nl6ohrd2i0b02sfhayp6arNM200904120000000000000000000030');
INSERT INTO md_parameter ( metadata, parameter_order, parameter_name, parameter_type, display_label, id) VALUES ('0mroihckigpdx7neb6sykjlm78j8xrsdNM200810110000000000000000000113', -1, 'pageNumber', 'java.lang.Integer', '8nv003gmyh8azrwu78pfjvo9ll6hjv35NM200904120000000000000000000030', '2ayt6opalpg85u96jua2n962o38x97i120070427JS0000000000000000001517');
INSERT INTO metadata ( description, created_by, owner, id, create_date, seq, type, remove, site_master, locked_by, entity_domain, last_updated_by, last_update_date, key_name) VALUES ('2450aurb25nl6ohrd2i0b02sfhayp6arNM200904120000000000000000000030', '0000000000000000000000000000001000000000000000000000000000000003', '0000000000000000000000000000001000000000000000000000000000000003', '2ayt6opalpg85u96jua2n962o38x97i120070427JS0000000000000000001517', '2011-10-13 17:37:05', 3675, 'com.runwaysdk.system.metadata.MdParameter', 1, 'runwaysdk.com', NULL, NULL, '0000000000000000000000000000001000000000000000000000000000000003', '2011-10-13 17:37:05', 'com.runwaysdk.system.metadata.MdWebGroupController.viewPage.pageNumber');
INSERT INTO metadata_parameter ( site_master, last_updated_by, create_date, seq, locked_by, entity_domain, created_by, type, last_update_date, key_name, owner, id, parent_id, child_id) VALUES ('runwaysdk.com', '0000000000000000000000000000001000000000000000000000000000000003', '2011-10-13 17:37:05', 3676, NULL, NULL, '0000000000000000000000000000001000000000000000000000000000000003', 'com.runwaysdk.system.MetadataParameter', '2011-10-13 17:37:05', 'com.runwaysdk.system.metadata.MdWebGroupController.viewPage.pageNumber', '0000000000000000000000000000001000000000000000000000000000000003', 'z6gqvj22xup2aq6qbgcdecg7cb59jtp120070427JS0000000000000000001524', '0mroihckigpdx7neb6sykjlm78j8xrsdNM200810110000000000000000000113', '2ayt6opalpg85u96jua2n962o38x97i120070427JS0000000000000000001517');
INSERT INTO metadata_display_label ( default_locale, id, site_master, key_name) VALUES ('View All', '00nticuc99d4mjjl8ofhial1kj8lfja0NM200904120000000000000000000030', 'runwaysdk.com', '00nticuc99d4mjjl8ofhial1kj8lfja0NM200904120000000000000000000030');
INSERT INTO metadata_display_label ( default_locale, id, site_master, key_name) VALUES ('Loads a ViewAll query with the default settings', 'qr8a4lvkzoev7y16nwea2qzk1iueksyfNM200904120000000000000000000030', 'runwaysdk.com', 'qr8a4lvkzoev7y16nwea2qzk1iueksyfNM200904120000000000000000000030');
INSERT INTO md_action ( is_query, enclosing_md_controller, is_post, action_name, display_label, id) VALUES (0, 'xybe6y9kczkjsi3pdmqmqrjcpfd2frwoNM200810110000000000000000000112', 0, 'viewAll', '00nticuc99d4mjjl8ofhial1kj8lfja0NM200904120000000000000000000030', 'qlxk3gmiihl3pcc7iic9cl6uqnhwds8iNM200810110000000000000000000113');
INSERT INTO metadata ( description, created_by, owner, id, create_date, seq, type, remove, site_master, locked_by, entity_domain, last_updated_by, last_update_date, key_name) VALUES ('qr8a4lvkzoev7y16nwea2qzk1iueksyfNM200904120000000000000000000030', '0000000000000000000000000000001000000000000000000000000000000003', '0000000000000000000000000000001000000000000000000000000000000003', 'qlxk3gmiihl3pcc7iic9cl6uqnhwds8iNM200810110000000000000000000113', '2011-10-13 17:37:05', 3677, 'com.runwaysdk.system.metadata.MdAction', 1, 'runwaysdk.com', NULL, NULL, '0000000000000000000000000000001000000000000000000000000000000003', '2011-10-13 17:37:05', 'com.runwaysdk.system.metadata.MdWebGroupController.viewAll');
INSERT INTO controller_action ( key_name, locked_by, id, owner, entity_domain, created_by, type, last_update_date, create_date, seq, last_updated_by, site_master, parent_id, child_id) VALUES ('com.runwaysdk.system.metadata.MdWebGroupController.viewAll', NULL, '8bgewsf7obuk30mssbibfmburl9yzqduJS200807230000000000000000111111', '0000000000000000000000000000001000000000000000000000000000000003', NULL, '0000000000000000000000000000001000000000000000000000000000000003', 'com.runwaysdk.system.ControllerAction', '2011-10-13 17:37:05', '2011-10-13 17:37:05', 3678, '0000000000000000000000000000001000000000000000000000000000000003', 'runwaysdk.com', 'xybe6y9kczkjsi3pdmqmqrjcpfd2frwoNM200810110000000000000000000112', 'qlxk3gmiihl3pcc7iic9cl6uqnhwds8iNM200810110000000000000000000113');
INSERT INTO metadata_display_label ( default_locale, id, site_master, key_name) VALUES ('View', 'zbeon8x9l1697oqujylurqfgezntpqk1NM200904120000000000000000000030', 'runwaysdk.com', 'zbeon8x9l1697oqujylurqfgezntpqk1NM200904120000000000000000000030');
INSERT INTO metadata_display_label ( default_locale, id, site_master, key_name) VALUES ('View an existing instance of com.runwaysdk.system.metadata.MdWebGroup', 'sahho4t4nducyk544rxwxc5fv7w9bkqjNM200904120000000000000000000030', 'runwaysdk.com', 'sahho4t4nducyk544rxwxc5fv7w9bkqjNM200904120000000000000000000030');
INSERT INTO md_action ( is_query, enclosing_md_controller, is_post, action_name, display_label, id) VALUES (0, 'xybe6y9kczkjsi3pdmqmqrjcpfd2frwoNM200810110000000000000000000112', 0, 'view', 'zbeon8x9l1697oqujylurqfgezntpqk1NM200904120000000000000000000030', '0prudbbv0uqskhslkgqxt0qlabw25eekNM200810110000000000000000000113');
INSERT INTO metadata ( description, created_by, owner, id, create_date, seq, type, remove, site_master, locked_by, entity_domain, last_updated_by, last_update_date, key_name) VALUES ('sahho4t4nducyk544rxwxc5fv7w9bkqjNM200904120000000000000000000030', '0000000000000000000000000000001000000000000000000000000000000003', '0000000000000000000000000000001000000000000000000000000000000003', '0prudbbv0uqskhslkgqxt0qlabw25eekNM200810110000000000000000000113', '2011-10-13 17:37:05', 3679, 'com.runwaysdk.system.metadata.MdAction', 1, 'runwaysdk.com', NULL, NULL, '0000000000000000000000000000001000000000000000000000000000000003', '2011-10-13 17:37:05', 'com.runwaysdk.system.metadata.MdWebGroupController.view');
INSERT INTO controller_action ( key_name, locked_by, id, owner, entity_domain, created_by, type, last_update_date, create_date, seq, last_updated_by, site_master, parent_id, child_id) VALUES ('com.runwaysdk.system.metadata.MdWebGroupController.view', NULL, '6xcolrdd9ra8a7laxbh0mgjrabruyz8tJS200807230000000000000000111111', '0000000000000000000000000000001000000000000000000000000000000003', NULL, '0000000000000000000000000000001000000000000000000000000000000003', 'com.runwaysdk.system.ControllerAction', '2011-10-13 17:37:05', '2011-10-13 17:37:05', 3680, '0000000000000000000000000000001000000000000000000000000000000003', 'runwaysdk.com', 'xybe6y9kczkjsi3pdmqmqrjcpfd2frwoNM200810110000000000000000000112', '0prudbbv0uqskhslkgqxt0qlabw25eekNM200810110000000000000000000113');
INSERT INTO metadata_display_label ( default_locale, id, site_master, key_name) VALUES ('Parameter: com.runwaysdk.system.metadata.MdWebGroup - id', '8ffb74sayky36ulbxcgkhq65rbsz15z4NM200904120000000000000000000030', 'runwaysdk.com', '8ffb74sayky36ulbxcgkhq65rbsz15z4NM200904120000000000000000000030');
INSERT INTO metadata_display_label ( default_locale, id, site_master, key_name) VALUES ('Id of com.runwaysdk.system.metadata.MdWebGroup to view.', 'r8vpydcjmz9xlymrf04vyzpnlbpe3qy1NM200904120000000000000000000030', 'runwaysdk.com', 'r8vpydcjmz9xlymrf04vyzpnlbpe3qy1NM200904120000000000000000000030');
INSERT INTO md_parameter ( metadata, parameter_order, parameter_name, parameter_type, display_label, id) VALUES ('0prudbbv0uqskhslkgqxt0qlabw25eekNM200810110000000000000000000113', 0, 'id', 'java.lang.String', '8ffb74sayky36ulbxcgkhq65rbsz15z4NM200904120000000000000000000030', '004jup40tko1q6qarsa9qiow16jf19au20070427JS0000000000000000001517');
INSERT INTO metadata ( description, created_by, owner, id, create_date, seq, type, remove, site_master, locked_by, entity_domain, last_updated_by, last_update_date, key_name) VALUES ('r8vpydcjmz9xlymrf04vyzpnlbpe3qy1NM200904120000000000000000000030', '0000000000000000000000000000001000000000000000000000000000000003', '0000000000000000000000000000001000000000000000000000000000000003', '004jup40tko1q6qarsa9qiow16jf19au20070427JS0000000000000000001517', '2011-10-13 17:37:05', 3681, 'com.runwaysdk.system.metadata.MdParameter', 1, 'runwaysdk.com', NULL, NULL, '0000000000000000000000000000001000000000000000000000000000000003', '2011-10-13 17:37:05', 'com.runwaysdk.system.metadata.MdWebGroupController.view.id');
INSERT INTO metadata_parameter ( site_master, last_updated_by, create_date, seq, locked_by, entity_domain, created_by, type, last_update_date, key_name, owner, id, parent_id, child_id) VALUES ('runwaysdk.com', '0000000000000000000000000000001000000000000000000000000000000003', '2011-10-13 17:37:05', 3682, NULL, NULL, '0000000000000000000000000000001000000000000000000000000000000003', 'com.runwaysdk.system.MetadataParameter', '2011-10-13 17:37:05', 'com.runwaysdk.system.metadata.MdWebGroupController.view.id', '0000000000000000000000000000001000000000000000000000000000000003', 'xgrrlk16fy2tu5ntf1hxjx5no140jh4320070427JS0000000000000000001524', '0prudbbv0uqskhslkgqxt0qlabw25eekNM200810110000000000000000000113', '004jup40tko1q6qarsa9qiow16jf19au20070427JS0000000000000000001517');
INSERT INTO metadata_display_label ( default_locale, id, site_master, key_name) VALUES ('New Instance', 'r68fpnpsk1qv3mdqqw8682l33buw5e6fNM200904120000000000000000000030', 'runwaysdk.com', 'r68fpnpsk1qv3mdqqw8682l33buw5e6fNM200904120000000000000000000030');
INSERT INTO metadata_display_label ( default_locale, id, site_master, key_name) VALUES ('Loads a new instance of com.runwaysdk.system.metadata.MdWebGroup into the request object', 'zf1s9pz0ce817khlzc1trzbg3j0e77zzNM200904120000000000000000000030', 'runwaysdk.com', 'zf1s9pz0ce817khlzc1trzbg3j0e77zzNM200904120000000000000000000030');
INSERT INTO md_action ( is_query, enclosing_md_controller, is_post, action_name, display_label, id) VALUES (0, 'xybe6y9kczkjsi3pdmqmqrjcpfd2frwoNM200810110000000000000000000112', 0, 'newInstance', 'r68fpnpsk1qv3mdqqw8682l33buw5e6fNM200904120000000000000000000030', '0dsdc4t02auk8owdyv4qrwiszbmg9x9hNM200810110000000000000000000113');
INSERT INTO metadata ( description, created_by, owner, id, create_date, seq, type, remove, site_master, locked_by, entity_domain, last_updated_by, last_update_date, key_name) VALUES ('zf1s9pz0ce817khlzc1trzbg3j0e77zzNM200904120000000000000000000030', '0000000000000000000000000000001000000000000000000000000000000003', '0000000000000000000000000000001000000000000000000000000000000003', '0dsdc4t02auk8owdyv4qrwiszbmg9x9hNM200810110000000000000000000113', '2011-10-13 17:37:05', 3683, 'com.runwaysdk.system.metadata.MdAction', 1, 'runwaysdk.com', NULL, NULL, '0000000000000000000000000000001000000000000000000000000000000003', '2011-10-13 17:37:05', 'com.runwaysdk.system.metadata.MdWebGroupController.newInstance');
INSERT INTO controller_action ( key_name, locked_by, id, owner, entity_domain, created_by, type, last_update_date, create_date, seq, last_updated_by, site_master, parent_id, child_id) VALUES ('com.runwaysdk.system.metadata.MdWebGroupController.newInstance', NULL, '7fdp0ej08s2jc76o61h48r71w0r3q3tjJS200807230000000000000000111111', '0000000000000000000000000000001000000000000000000000000000000003', NULL, '0000000000000000000000000000001000000000000000000000000000000003', 'com.runwaysdk.system.ControllerAction', '2011-10-13 17:37:05', '2011-10-13 17:37:05', 3684, '0000000000000000000000000000001000000000000000000000000000000003', 'runwaysdk.com', 'xybe6y9kczkjsi3pdmqmqrjcpfd2frwoNM200810110000000000000000000112', '0dsdc4t02auk8owdyv4qrwiszbmg9x9hNM200810110000000000000000000113');
INSERT INTO metadata_display_label ( default_locale, id, site_master, key_name) VALUES ('Create', '8d428tct0u6cn9cuxbgh4libwxpt8dgpNM200904120000000000000000000030', 'runwaysdk.com', '8d428tct0u6cn9cuxbgh4libwxpt8dgpNM200904120000000000000000000030');
INSERT INTO metadata_display_label ( default_locale, id, site_master, key_name) VALUES ('Applys a new instance of com.runwaysdk.system.metadata.MdWebGroup', '8smf0fnro3vk1ifp7qashna726enfv17NM200904120000000000000000000030', 'runwaysdk.com', '8smf0fnro3vk1ifp7qashna726enfv17NM200904120000000000000000000030');
INSERT INTO md_action ( is_query, enclosing_md_controller, is_post, action_name, display_label, id) VALUES (0, 'xybe6y9kczkjsi3pdmqmqrjcpfd2frwoNM200810110000000000000000000112', 1, 'create', '8d428tct0u6cn9cuxbgh4libwxpt8dgpNM200904120000000000000000000030', 'smszr25ay5pc4a20vyl3l6elztf9aj4kNM200810110000000000000000000113');
INSERT INTO metadata ( description, created_by, owner, id, create_date, seq, type, remove, site_master, locked_by, entity_domain, last_updated_by, last_update_date, key_name) VALUES ('8smf0fnro3vk1ifp7qashna726enfv17NM200904120000000000000000000030', '0000000000000000000000000000001000000000000000000000000000000003', '0000000000000000000000000000001000000000000000000000000000000003', 'smszr25ay5pc4a20vyl3l6elztf9aj4kNM200810110000000000000000000113', '2011-10-13 17:37:05', 3685, 'com.runwaysdk.system.metadata.MdAction', 1, 'runwaysdk.com', NULL, NULL, '0000000000000000000000000000001000000000000000000000000000000003', '2011-10-13 17:37:05', 'com.runwaysdk.system.metadata.MdWebGroupController.create');
INSERT INTO controller_action ( key_name, locked_by, id, owner, entity_domain, created_by, type, last_update_date, create_date, seq, last_updated_by, site_master, parent_id, child_id) VALUES ('com.runwaysdk.system.metadata.MdWebGroupController.create', NULL, '1vnzkbdg1vlxnnsic4ecvrnn583c9inrJS200807230000000000000000111111', '0000000000000000000000000000001000000000000000000000000000000003', NULL, '0000000000000000000000000000001000000000000000000000000000000003', 'com.runwaysdk.system.ControllerAction', '2011-10-13 17:37:05', '2011-10-13 17:37:05', 3686, '0000000000000000000000000000001000000000000000000000000000000003', 'runwaysdk.com', 'xybe6y9kczkjsi3pdmqmqrjcpfd2frwoNM200810110000000000000000000112', 'smszr25ay5pc4a20vyl3l6elztf9aj4kNM200810110000000000000000000113');
INSERT INTO metadata_display_label ( default_locale, id, site_master, key_name) VALUES ('Parameter: com.runwaysdk.system.metadata.MdWebGroup', 'zca3p8l6g5e1viffr9rqwsxqlyjomy5vNM200904120000000000000000000030', 'runwaysdk.com', 'zca3p8l6g5e1viffr9rqwsxqlyjomy5vNM200904120000000000000000000030');
INSERT INTO metadata_display_label ( default_locale, id, site_master, key_name) VALUES ('com.runwaysdk.system.metadata.MdWebGroup to apply to the database', 'xzjj3pgmhghy7z42j9z2zc7bpx0bcuksNM200904120000000000000000000030', 'runwaysdk.com', 'xzjj3pgmhghy7z42j9z2zc7bpx0bcuksNM200904120000000000000000000030');
INSERT INTO md_parameter ( metadata, parameter_order, parameter_name, parameter_type, display_label, id) VALUES ('smszr25ay5pc4a20vyl3l6elztf9aj4kNM200810110000000000000000000113', 0, 'dto', 'com.runwaysdk.system.metadata.MdWebGroup', 'zca3p8l6g5e1viffr9rqwsxqlyjomy5vNM200904120000000000000000000030', 'sqiv0uujyjcw5c7hiv6svvsn50gen4c120070427JS0000000000000000001517');
INSERT INTO metadata ( description, created_by, owner, id, create_date, seq, type, remove, site_master, locked_by, entity_domain, last_updated_by, last_update_date, key_name) VALUES ('xzjj3pgmhghy7z42j9z2zc7bpx0bcuksNM200904120000000000000000000030', '0000000000000000000000000000001000000000000000000000000000000003', '0000000000000000000000000000001000000000000000000000000000000003', 'sqiv0uujyjcw5c7hiv6svvsn50gen4c120070427JS0000000000000000001517', '2011-10-13 17:37:05', 3687, 'com.runwaysdk.system.metadata.MdParameter', 1, 'runwaysdk.com', NULL, NULL, '0000000000000000000000000000001000000000000000000000000000000003', '2011-10-13 17:37:05', 'com.runwaysdk.system.metadata.MdWebGroupController.create.dto');
INSERT INTO metadata_parameter ( site_master, last_updated_by, create_date, seq, locked_by, entity_domain, created_by, type, last_update_date, key_name, owner, id, parent_id, child_id) VALUES ('runwaysdk.com', '0000000000000000000000000000001000000000000000000000000000000003', '2011-10-13 17:37:05', 3688, NULL, NULL, '0000000000000000000000000000001000000000000000000000000000000003', 'com.runwaysdk.system.MetadataParameter', '2011-10-13 17:37:05', 'com.runwaysdk.system.metadata.MdWebGroupController.create.dto', '0000000000000000000000000000001000000000000000000000000000000003', 'znwr13xjefziz7vx3cl5xy4yqo4okc5220070427JS0000000000000000001524', 'smszr25ay5pc4a20vyl3l6elztf9aj4kNM200810110000000000000000000113', 'sqiv0uujyjcw5c7hiv6svvsn50gen4c120070427JS0000000000000000001517');
INSERT INTO metadata_display_label ( default_locale, id, site_master, key_name) VALUES ('edit', 'qyfq5w19wrjcjb11m7um4lu14swq1l42NM200904120000000000000000000030', 'runwaysdk.com', 'qyfq5w19wrjcjb11m7um4lu14swq1l42NM200904120000000000000000000030');
INSERT INTO metadata_display_label ( default_locale, id, site_master, key_name) VALUES ('Applys an existing instance of com.runwaysdk.system.metadata.MdWebGroup', '6omnzvp5x00nl0xmghws8vee5xdlfxvzNM200904120000000000000000000030', 'runwaysdk.com', '6omnzvp5x00nl0xmghws8vee5xdlfxvzNM200904120000000000000000000030');
INSERT INTO md_action ( is_query, enclosing_md_controller, is_post, action_name, display_label, id) VALUES (0, 'xybe6y9kczkjsi3pdmqmqrjcpfd2frwoNM200810110000000000000000000112', 0, 'edit', 'qyfq5w19wrjcjb11m7um4lu14swq1l42NM200904120000000000000000000030', '205icuob981rq8tjdgybrq1su5981869NM200810110000000000000000000113');
INSERT INTO metadata ( description, created_by, owner, id, create_date, seq, type, remove, site_master, locked_by, entity_domain, last_updated_by, last_update_date, key_name) VALUES ('6omnzvp5x00nl0xmghws8vee5xdlfxvzNM200904120000000000000000000030', '0000000000000000000000000000001000000000000000000000000000000003', '0000000000000000000000000000001000000000000000000000000000000003', '205icuob981rq8tjdgybrq1su5981869NM200810110000000000000000000113', '2011-10-13 17:37:05', 3689, 'com.runwaysdk.system.metadata.MdAction', 1, 'runwaysdk.com', NULL, NULL, '0000000000000000000000000000001000000000000000000000000000000003', '2011-10-13 17:37:05', 'com.runwaysdk.system.metadata.MdWebGroupController.edit');
INSERT INTO controller_action ( key_name, locked_by, id, owner, entity_domain, created_by, type, last_update_date, create_date, seq, last_updated_by, site_master, parent_id, child_id) VALUES ('com.runwaysdk.system.metadata.MdWebGroupController.edit', NULL, '1u5cbihumu9r3rtlfgly7ln352eeb64pJS200807230000000000000000111111', '0000000000000000000000000000001000000000000000000000000000000003', NULL, '0000000000000000000000000000001000000000000000000000000000000003', 'com.runwaysdk.system.ControllerAction', '2011-10-13 17:37:05', '2011-10-13 17:37:05', 3690, '0000000000000000000000000000001000000000000000000000000000000003', 'runwaysdk.com', 'xybe6y9kczkjsi3pdmqmqrjcpfd2frwoNM200810110000000000000000000112', '205icuob981rq8tjdgybrq1su5981869NM200810110000000000000000000113');
INSERT INTO metadata_display_label ( default_locale, id, site_master, key_name) VALUES ('Parameter: com.runwaysdk.system.metadata.MdWebGroup', 'snza8m876keg8xkat2oxdl2k7f5uiouvNM200904120000000000000000000030', 'runwaysdk.com', 'snza8m876keg8xkat2oxdl2k7f5uiouvNM200904120000000000000000000030');
INSERT INTO metadata_display_label ( default_locale, id, site_master, key_name) VALUES ('com.runwaysdk.system.metadata.MdWebGroup to apply to the database', 'qu8zfz3xhmpl2dlymztfpfmdbw5y5d21NM200904120000000000000000000030', 'runwaysdk.com', 'qu8zfz3xhmpl2dlymztfpfmdbw5y5d21NM200904120000000000000000000030');
INSERT INTO md_parameter ( metadata, parameter_order, parameter_name, parameter_type, display_label, id) VALUES ('205icuob981rq8tjdgybrq1su5981869NM200810110000000000000000000113', 0, 'id', 'java.lang.String', 'snza8m876keg8xkat2oxdl2k7f5uiouvNM200904120000000000000000000030', '24gc9hfnjumpn5prdzs42d47vsc3t3ke20070427JS0000000000000000001517');
INSERT INTO metadata ( description, created_by, owner, id, create_date, seq, type, remove, site_master, locked_by, entity_domain, last_updated_by, last_update_date, key_name) VALUES ('qu8zfz3xhmpl2dlymztfpfmdbw5y5d21NM200904120000000000000000000030', '0000000000000000000000000000001000000000000000000000000000000003', '0000000000000000000000000000001000000000000000000000000000000003', '24gc9hfnjumpn5prdzs42d47vsc3t3ke20070427JS0000000000000000001517', '2011-10-13 17:37:05', 3691, 'com.runwaysdk.system.metadata.MdParameter', 1, 'runwaysdk.com', NULL, NULL, '0000000000000000000000000000001000000000000000000000000000000003', '2011-10-13 17:37:05', 'com.runwaysdk.system.metadata.MdWebGroupController.edit.id');
INSERT INTO metadata_parameter ( site_master, last_updated_by, create_date, seq, locked_by, entity_domain, created_by, type, last_update_date, key_name, owner, id, parent_id, child_id) VALUES ('runwaysdk.com', '0000000000000000000000000000001000000000000000000000000000000003', '2011-10-13 17:37:05', 3692, NULL, NULL, '0000000000000000000000000000001000000000000000000000000000000003', 'com.runwaysdk.system.MetadataParameter', '2011-10-13 17:37:05', 'com.runwaysdk.system.metadata.MdWebGroupController.edit.id', '0000000000000000000000000000001000000000000000000000000000000003', '6s0r6q7av66k35nq56d1nd7ei00c89lb20070427JS0000000000000000001524', '205icuob981rq8tjdgybrq1su5981869NM200810110000000000000000000113', '24gc9hfnjumpn5prdzs42d47vsc3t3ke20070427JS0000000000000000001517');
INSERT INTO metadata_display_label ( default_locale, id, site_master, key_name) VALUES ('update', 'swmksslxqtfqtq38ep6ni2pgpdtwndoqNM200904120000000000000000000030', 'runwaysdk.com', 'swmksslxqtfqtq38ep6ni2pgpdtwndoqNM200904120000000000000000000030');
INSERT INTO metadata_display_label ( default_locale, id, site_master, key_name) VALUES ('Applys an existing instance of com.runwaysdk.system.metadata.MdWebGroup', '8yfms5xzwglutkp8qcabs8vbx5jf58e3NM200904120000000000000000000030', 'runwaysdk.com', '8yfms5xzwglutkp8qcabs8vbx5jf58e3NM200904120000000000000000000030');
INSERT INTO md_action ( is_query, enclosing_md_controller, is_post, action_name, display_label, id) VALUES (0, 'xybe6y9kczkjsi3pdmqmqrjcpfd2frwoNM200810110000000000000000000112', 1, 'update', 'swmksslxqtfqtq38ep6ni2pgpdtwndoqNM200904120000000000000000000030', '1vh2ubx7tgfpz3zhsleam8f8gzo8z51bNM200810110000000000000000000113');
INSERT INTO metadata ( description, created_by, owner, id, create_date, seq, type, remove, site_master, locked_by, entity_domain, last_updated_by, last_update_date, key_name) VALUES ('8yfms5xzwglutkp8qcabs8vbx5jf58e3NM200904120000000000000000000030', '0000000000000000000000000000001000000000000000000000000000000003', '0000000000000000000000000000001000000000000000000000000000000003', '1vh2ubx7tgfpz3zhsleam8f8gzo8z51bNM200810110000000000000000000113', '2011-10-13 17:37:05', 3693, 'com.runwaysdk.system.metadata.MdAction', 1, 'runwaysdk.com', NULL, NULL, '0000000000000000000000000000001000000000000000000000000000000003', '2011-10-13 17:37:05', 'com.runwaysdk.system.metadata.MdWebGroupController.update');
INSERT INTO controller_action ( key_name, locked_by, id, owner, entity_domain, created_by, type, last_update_date, create_date, seq, last_updated_by, site_master, parent_id, child_id) VALUES ('com.runwaysdk.system.metadata.MdWebGroupController.update', NULL, 'qyx6kx8vody922ssiolbwy562t96te9pJS200807230000000000000000111111', '0000000000000000000000000000001000000000000000000000000000000003', NULL, '0000000000000000000000000000001000000000000000000000000000000003', 'com.runwaysdk.system.ControllerAction', '2011-10-13 17:37:05', '2011-10-13 17:37:05', 3694, '0000000000000000000000000000001000000000000000000000000000000003', 'runwaysdk.com', 'xybe6y9kczkjsi3pdmqmqrjcpfd2frwoNM200810110000000000000000000112', '1vh2ubx7tgfpz3zhsleam8f8gzo8z51bNM200810110000000000000000000113');
INSERT INTO metadata_display_label ( default_locale, id, site_master, key_name) VALUES ('Parameter: com.runwaysdk.system.metadata.MdWebGroup - dto', 'yz7werl2873wi4qt5wrrdbbgx1lvq291NM200904120000000000000000000030', 'runwaysdk.com', 'yz7werl2873wi4qt5wrrdbbgx1lvq291NM200904120000000000000000000030');
INSERT INTO metadata_display_label ( default_locale, id, site_master, key_name) VALUES ('com.runwaysdk.system.metadata.MdWebGroup to apply to the database', 'xxgr9qgzj032frk5ttg3vo9bbubfuor9NM200904120000000000000000000030', 'runwaysdk.com', 'xxgr9qgzj032frk5ttg3vo9bbubfuor9NM200904120000000000000000000030');
INSERT INTO md_parameter ( metadata, parameter_order, parameter_name, parameter_type, display_label, id) VALUES ('1vh2ubx7tgfpz3zhsleam8f8gzo8z51bNM200810110000000000000000000113', 0, 'dto', 'com.runwaysdk.system.metadata.MdWebGroup', 'yz7werl2873wi4qt5wrrdbbgx1lvq291NM200904120000000000000000000030', '8smxcnuuiet3slpify0kcpcdovuie15420070427JS0000000000000000001517');
INSERT INTO metadata ( description, created_by, owner, id, create_date, seq, type, remove, site_master, locked_by, entity_domain, last_updated_by, last_update_date, key_name) VALUES ('xxgr9qgzj032frk5ttg3vo9bbubfuor9NM200904120000000000000000000030', '0000000000000000000000000000001000000000000000000000000000000003', '0000000000000000000000000000001000000000000000000000000000000003', '8smxcnuuiet3slpify0kcpcdovuie15420070427JS0000000000000000001517', '2011-10-13 17:37:05', 3695, 'com.runwaysdk.system.metadata.MdParameter', 1, 'runwaysdk.com', NULL, NULL, '0000000000000000000000000000001000000000000000000000000000000003', '2011-10-13 17:37:05', 'com.runwaysdk.system.metadata.MdWebGroupController.update.dto');
INSERT INTO metadata_parameter ( site_master, last_updated_by, create_date, seq, locked_by, entity_domain, created_by, type, last_update_date, key_name, owner, id, parent_id, child_id) VALUES ('runwaysdk.com', '0000000000000000000000000000001000000000000000000000000000000003', '2011-10-13 17:37:05', 3696, NULL, NULL, '0000000000000000000000000000001000000000000000000000000000000003', 'com.runwaysdk.system.MetadataParameter', '2011-10-13 17:37:05', 'com.runwaysdk.system.metadata.MdWebGroupController.update.dto', '0000000000000000000000000000001000000000000000000000000000000003', '916knjo1gp2c8810xqljz6aj4e0znhlj20070427JS0000000000000000001524', '1vh2ubx7tgfpz3zhsleam8f8gzo8z51bNM200810110000000000000000000113', '8smxcnuuiet3slpify0kcpcdovuie15420070427JS0000000000000000001517');
INSERT INTO metadata_display_label ( default_locale, id, site_master, key_name) VALUES ('cancel', 'swsxwyl26it4sl46t6b7mgn4j5hy17gdNM200904120000000000000000000030', 'runwaysdk.com', 'swsxwyl26it4sl46t6b7mgn4j5hy17gdNM200904120000000000000000000030');
INSERT INTO metadata_display_label ( default_locale, id, site_master, key_name) VALUES ('Unlocks an instance com.runwaysdk.system.metadata.MdWebGroup', 'qojg79a8fzzmd9049w988l1kwulxy9l0NM200904120000000000000000000030', 'runwaysdk.com', 'qojg79a8fzzmd9049w988l1kwulxy9l0NM200904120000000000000000000030');
INSERT INTO md_action ( is_query, enclosing_md_controller, is_post, action_name, display_label, id) VALUES (0, 'xybe6y9kczkjsi3pdmqmqrjcpfd2frwoNM200810110000000000000000000112', 1, 'cancel', 'swsxwyl26it4sl46t6b7mgn4j5hy17gdNM200904120000000000000000000030', 'xmigmwbcvd4sovjw6xzdumpl0w02fsvaNM200810110000000000000000000113');
INSERT INTO metadata ( description, created_by, owner, id, create_date, seq, type, remove, site_master, locked_by, entity_domain, last_updated_by, last_update_date, key_name) VALUES ('qojg79a8fzzmd9049w988l1kwulxy9l0NM200904120000000000000000000030', '0000000000000000000000000000001000000000000000000000000000000003', '0000000000000000000000000000001000000000000000000000000000000003', 'xmigmwbcvd4sovjw6xzdumpl0w02fsvaNM200810110000000000000000000113', '2011-10-13 17:37:05', 3697, 'com.runwaysdk.system.metadata.MdAction', 1, 'runwaysdk.com', NULL, NULL, '0000000000000000000000000000001000000000000000000000000000000003', '2011-10-13 17:37:05', 'com.runwaysdk.system.metadata.MdWebGroupController.cancel');
INSERT INTO controller_action ( key_name, locked_by, id, owner, entity_domain, created_by, type, last_update_date, create_date, seq, last_updated_by, site_master, parent_id, child_id) VALUES ('com.runwaysdk.system.metadata.MdWebGroupController.cancel', NULL, '72a1csoh21lsyqvi4lxkl3fnyb5td4bwJS200807230000000000000000111111', '0000000000000000000000000000001000000000000000000000000000000003', NULL, '0000000000000000000000000000001000000000000000000000000000000003', 'com.runwaysdk.system.ControllerAction', '2011-10-13 17:37:05', '2011-10-13 17:37:05', 3698, '0000000000000000000000000000001000000000000000000000000000000003', 'runwaysdk.com', 'xybe6y9kczkjsi3pdmqmqrjcpfd2frwoNM200810110000000000000000000112', 'xmigmwbcvd4sovjw6xzdumpl0w02fsvaNM200810110000000000000000000113');
INSERT INTO metadata_display_label ( default_locale, id, site_master, key_name) VALUES ('Parameter: com.runwaysdk.system.metadata.MdWebGroup - dto', '1r9ob1grmbts2mot7du4ntg8uvie434jNM200904120000000000000000000030', 'runwaysdk.com', '1r9ob1grmbts2mot7du4ntg8uvie434jNM200904120000000000000000000030');
INSERT INTO metadata_display_label ( default_locale, id, site_master, key_name) VALUES ('com.runwaysdk.system.metadata.MdWebGroup to unlock', '94wl1pqsgqo9k5jrty70bneyd02ejpmfNM200904120000000000000000000030', 'runwaysdk.com', '94wl1pqsgqo9k5jrty70bneyd02ejpmfNM200904120000000000000000000030');
INSERT INTO md_parameter ( metadata, parameter_order, parameter_name, parameter_type, display_label, id) VALUES ('xmigmwbcvd4sovjw6xzdumpl0w02fsvaNM200810110000000000000000000113', 0, 'dto', 'com.runwaysdk.system.metadata.MdWebGroup', '1r9ob1grmbts2mot7du4ntg8uvie434jNM200904120000000000000000000030', 'yy3pqehhtq42o6oyznrwrcqu9zf9e1bi20070427JS0000000000000000001517');
INSERT INTO metadata ( description, created_by, owner, id, create_date, seq, type, remove, site_master, locked_by, entity_domain, last_updated_by, last_update_date, key_name) VALUES ('94wl1pqsgqo9k5jrty70bneyd02ejpmfNM200904120000000000000000000030', '0000000000000000000000000000001000000000000000000000000000000003', '0000000000000000000000000000001000000000000000000000000000000003', 'yy3pqehhtq42o6oyznrwrcqu9zf9e1bi20070427JS0000000000000000001517', '2011-10-13 17:37:05', 3699, 'com.runwaysdk.system.metadata.MdParameter', 1, 'runwaysdk.com', NULL, NULL, '0000000000000000000000000000001000000000000000000000000000000003', '2011-10-13 17:37:05', 'com.runwaysdk.system.metadata.MdWebGroupController.cancel.dto');
INSERT INTO metadata_parameter ( site_master, last_updated_by, create_date, seq, locked_by, entity_domain, created_by, type, last_update_date, key_name, owner, id, parent_id, child_id) VALUES ('runwaysdk.com', '0000000000000000000000000000001000000000000000000000000000000003', '2011-10-13 17:37:05', 3700, NULL, NULL, '0000000000000000000000000000001000000000000000000000000000000003', 'com.runwaysdk.system.MetadataParameter', '2011-10-13 17:37:05', 'com.runwaysdk.system.metadata.MdWebGroupController.cancel.dto', '0000000000000000000000000000001000000000000000000000000000000003', 'z14zti6gxmrqlu7g6mflbl2pm22ammzh20070427JS0000000000000000001524', 'xmigmwbcvd4sovjw6xzdumpl0w02fsvaNM200810110000000000000000000113', 'yy3pqehhtq42o6oyznrwrcqu9zf9e1bi20070427JS0000000000000000001517');
INSERT INTO metadata_display_label ( default_locale, id, site_master, key_name) VALUES ('delete', 'zou15fqrn429wp3fmglb3dq4y17x67o0NM200904120000000000000000000030', 'runwaysdk.com', 'zou15fqrn429wp3fmglb3dq4y17x67o0NM200904120000000000000000000030');
INSERT INTO metadata_display_label ( default_locale, id, site_master, key_name) VALUES ('Delete an instance of com.runwaysdk.system.metadata.MdWebGroup', 'qnuhyc8hmbafejykbmfpyyop2ogcdzv2NM200904120000000000000000000030', 'runwaysdk.com', 'qnuhyc8hmbafejykbmfpyyop2ogcdzv2NM200904120000000000000000000030');
INSERT INTO md_action ( is_query, enclosing_md_controller, is_post, action_name, display_label, id) VALUES (0, 'xybe6y9kczkjsi3pdmqmqrjcpfd2frwoNM200810110000000000000000000112', 1, 'delete', 'zou15fqrn429wp3fmglb3dq4y17x67o0NM200904120000000000000000000030', 'svmq5tvj7zjtp42w05ijf9lydoit04ohNM200810110000000000000000000113');
INSERT INTO metadata ( description, created_by, owner, id, create_date, seq, type, remove, site_master, locked_by, entity_domain, last_updated_by, last_update_date, key_name) VALUES ('qnuhyc8hmbafejykbmfpyyop2ogcdzv2NM200904120000000000000000000030', '0000000000000000000000000000001000000000000000000000000000000003', '0000000000000000000000000000001000000000000000000000000000000003', 'svmq5tvj7zjtp42w05ijf9lydoit04ohNM200810110000000000000000000113', '2011-10-13 17:37:05', 3701, 'com.runwaysdk.system.metadata.MdAction', 1, 'runwaysdk.com', NULL, NULL, '0000000000000000000000000000001000000000000000000000000000000003', '2011-10-13 17:37:05', 'com.runwaysdk.system.metadata.MdWebGroupController.delete');
INSERT INTO controller_action ( key_name, locked_by, id, owner, entity_domain, created_by, type, last_update_date, create_date, seq, last_updated_by, site_master, parent_id, child_id) VALUES ('com.runwaysdk.system.metadata.MdWebGroupController.delete', NULL, '27otx1s66vx8wetcabwkewuhvevn9izbJS200807230000000000000000111111', '0000000000000000000000000000001000000000000000000000000000000003', NULL, '0000000000000000000000000000001000000000000000000000000000000003', 'com.runwaysdk.system.ControllerAction', '2011-10-13 17:37:05', '2011-10-13 17:37:05', 3702, '0000000000000000000000000000001000000000000000000000000000000003', 'runwaysdk.com', 'xybe6y9kczkjsi3pdmqmqrjcpfd2frwoNM200810110000000000000000000112', 'svmq5tvj7zjtp42w05ijf9lydoit04ohNM200810110000000000000000000113');
INSERT INTO metadata_display_label ( default_locale, id, site_master, key_name) VALUES ('Parameter: com.runwaysdk.system.metadata.MdWebGroup - dto', '8df8ke3y0tzv4y8tk8wyg6o0g8uqq3pdNM200904120000000000000000000030', 'runwaysdk.com', '8df8ke3y0tzv4y8tk8wyg6o0g8uqq3pdNM200904120000000000000000000030');
INSERT INTO metadata_display_label ( default_locale, id, site_master, key_name) VALUES ('com.runwaysdk.system.metadata.MdWebGroup to delete', 'sgotrllholxohmd3lkaxmqjpa5cu82o8NM200904120000000000000000000030', 'runwaysdk.com', 'sgotrllholxohmd3lkaxmqjpa5cu82o8NM200904120000000000000000000030');
INSERT INTO md_parameter ( metadata, parameter_order, parameter_name, parameter_type, display_label, id) VALUES ('svmq5tvj7zjtp42w05ijf9lydoit04ohNM200810110000000000000000000113', 0, 'dto', 'com.runwaysdk.system.metadata.MdWebGroup', '8df8ke3y0tzv4y8tk8wyg6o0g8uqq3pdNM200904120000000000000000000030', 'r7mqqpyso8cj09rrn4emkb1lycoygjjh20070427JS0000000000000000001517');
INSERT INTO metadata ( description, created_by, owner, id, create_date, seq, type, remove, site_master, locked_by, entity_domain, last_updated_by, last_update_date, key_name) VALUES ('sgotrllholxohmd3lkaxmqjpa5cu82o8NM200904120000000000000000000030', '0000000000000000000000000000001000000000000000000000000000000003', '0000000000000000000000000000001000000000000000000000000000000003', 'r7mqqpyso8cj09rrn4emkb1lycoygjjh20070427JS0000000000000000001517', '2011-10-13 17:37:05', 3703, 'com.runwaysdk.system.metadata.MdParameter', 1, 'runwaysdk.com', NULL, NULL, '0000000000000000000000000000001000000000000000000000000000000003', '2011-10-13 17:37:05', 'com.runwaysdk.system.metadata.MdWebGroupController.delete.dto');
INSERT INTO metadata_parameter ( site_master, last_updated_by, create_date, seq, locked_by, entity_domain, created_by, type, last_update_date, key_name, owner, id, parent_id, child_id) VALUES ('runwaysdk.com', '0000000000000000000000000000001000000000000000000000000000000003', '2011-10-13 17:37:05', 3704, NULL, NULL, '0000000000000000000000000000001000000000000000000000000000000003', 'com.runwaysdk.system.MetadataParameter', '2011-10-13 17:37:05', 'com.runwaysdk.system.metadata.MdWebGroupController.delete.dto', '0000000000000000000000000000001000000000000000000000000000000003', 'zmrozn00kyivlmzftcg0cvah92w2ai5p20070427JS0000000000000000001524', 'svmq5tvj7zjtp42w05ijf9lydoit04ohNM200810110000000000000000000113', 'r7mqqpyso8cj09rrn4emkb1lycoygjjh20070427JS0000000000000000001517');
INSERT INTO business_inheritance ( id, parent_id, child_id) VALUES ('6scjs4rzmu7r8lioz4cx9be7tbso5jq220070926NM0000000000000000000004', 'zgkseu7as85l9zfwaawq8k3wid4vd17v00000000000000000000000000000001', 't0xxll0b5dmkakuu7k7sa4l4l43s59g200000000000000000000000000000001');
INSERT INTO class_inheritance ( id, parent_id, child_id) VALUES ('6scjs4rzmu7r8lioz4cx9be7tbso5jq220070926NM0000000000000000000004', 'zgkseu7as85l9zfwaawq8k3wid4vd17v00000000000000000000000000000001', 't0xxll0b5dmkakuu7k7sa4l4l43s59g200000000000000000000000000000001');
INSERT INTO metadata_relationship ( entity_domain, site_master, last_updated_by, id, owner, locked_by, create_date, type, created_by, seq, key_name, last_update_date, parent_id, child_id) VALUES (NULL, 'runwaysdk.com', '0000000000000000000000000000001000000000000000000000000000000003', '6scjs4rzmu7r8lioz4cx9be7tbso5jq220070926NM0000000000000000000004', '0000000000000000000000000000001000000000000000000000000000000003', NULL, '2011-10-13 17:37:05', 'com.runwaysdk.system.metadata.BusinessInheritance', '0000000000000000000000000000001000000000000000000000000000000003', 3705, '6scjs4rzmu7r8lioz4cx9be7tbso5jq220070926NM0000000000000000000004', '2011-10-13 17:37:05', 'zgkseu7as85l9zfwaawq8k3wid4vd17v00000000000000000000000000000001', 't0xxll0b5dmkakuu7k7sa4l4l43s59g200000000000000000000000000000001');
 INSERT INTO relationship_cache (set_id, item_id)  VALUES  ('xsdaipoho0nspvsb7zd8pv1v1rvzbg1n', '0000000000000000000000000000023100000000000000000000000000000222');
 INSERT INTO visibilitymodifier (set_id, item_id)  VALUES  ('00n5oz63awfvsxt6pluvcamw1ytarcxd', '20071109NM000000000000000000000520071109NM0000000000000000000001');
INSERT INTO metadata_display_label ( default_locale, id, site_master, key_name) VALUES ('Group', '8z8dxqjk6pi8p926n6shbw0bl7rxaivwNM200904120000000000000000000030', 'runwaysdk.com', '8z8dxqjk6pi8p926n6shbw0bl7rxaivwNM200904120000000000000000000030');
 INSERT INTO visibilitymodifier (set_id, item_id)  VALUES  ('1wzbycrz3rhu57ywvuzi0vlipqv75vgk', '20071109NM000000000000000000000520071109NM0000000000000000000001');
INSERT INTO metadata_display_label ( default_locale, id, site_master, key_name) VALUES ('Fields', '8qh0q1xkn5yrktu85bshwptyhfnpf7eoNM200904120000000000000000000030', 'runwaysdk.com', '8qh0q1xkn5yrktu85bshwptyhfnpf7eoNM200904120000000000000000000030');
INSERT INTO metadata_display_label ( default_locale, id, site_master, key_name) VALUES ('FormField', 'zkwgkvau7p1yhj8uplr9aqy0i22d12xbNM200904120000000000000000000030', 'runwaysdk.com', 'zkwgkvau7p1yhj8uplr9aqy0i22d12xbNM200904120000000000000000000030');
INSERT INTO metadata_display_label ( default_locale, id, site_master, key_name) VALUES ('Form Field', 'qvmbghblr9wdekkx7wx6661hwguulp6nNM200904120000000000000000000030', 'runwaysdk.com', 'qvmbghblr9wdekkx7wx6661hwguulp6nNM200904120000000000000000000030');
INSERT INTO md_tree ( id) VALUES ('syf39y24fzdk2nwdyjrzdu5bawe8b6nt20060824000000000000000000000011');
INSERT INTO md_graph ( id) VALUES ('syf39y24fzdk2nwdyjrzdu5bawe8b6nt20060824000000000000000000000011');
INSERT INTO md_relationship ( cache_algorithm, cache_algorithm_c, index2_name, parent_visibility, parent_visibility_c, parent_md_business, parent_cardinality, composition, parent_display_label, sort_md_attribute, child_visibility, child_visibility_c, child_method, super_md_relationship, parent_method, index1_name, child_md_business, child_display_label, child_cardinality, id) VALUES ('xsdaipoho0nspvsb7zd8pv1v1rvzbg1n', '0000000000000000000000000000023100000000000000000000000000000222', 'rel_6oqds35n5zoh0g2ipwa5iee0wo', '00n5oz63awfvsxt6pluvcamw1ytarcxd', '20071109NM000000000000000000000520071109NM0000000000000000000001', 't0xxll0b5dmkakuu7k7sa4l4l43s59g200000000000000000000000000000001', '1', 0, '8z8dxqjk6pi8p926n6shbw0bl7rxaivwNM200904120000000000000000000030', NULL, '1wzbycrz3rhu57ywvuzi0vlipqv75vgk', '20071109NM000000000000000000000520071109NM0000000000000000000001', 'WebGroups', '0000000000000000000000000000056320060824000000000000000000000011', 'GroupFields', 'rel_xy67zyi928elf3oec1amh66eem', 'zgkseu7as85l9zfwaawq8k3wid4vd17v00000000000000000000000000000001', '8qh0q1xkn5yrktu85bshwptyhfnpf7eoNM200904120000000000000000000030', '*', 'syf39y24fzdk2nwdyjrzdu5bawe8b6nt20060824000000000000000000000011');
INSERT INTO md_element ( extendable, is_abstract, id) VALUES (1, 0, 'syf39y24fzdk2nwdyjrzdu5bawe8b6nt20060824000000000000000000000011');
INSERT INTO md_entity ( query_dto_source, query_source, cache_size, enforce_site_master, table_name, id) VALUES (NULL, NULL, 0, 1, 'web_group_field', 'syf39y24fzdk2nwdyjrzdu5bawe8b6nt20060824000000000000000000000011');
INSERT INTO md_class ( publish, stub_dto_source, stub_source, id) VALUES (1, NULL, NULL, 'syf39y24fzdk2nwdyjrzdu5bawe8b6nt20060824000000000000000000000011');
INSERT INTO md_type ( display_label, root_id, package_name, type_name, base_source, js_base, js_stub, exported, dto_source, id) VALUES ('zkwgkvau7p1yhj8uplr9aqy0i22d12xbNM200904120000000000000000000030', 'syf39y24fzdk2nwdyjrzdu5bawe8b6nt', 'com.runwaysdk.system.metadata', 'WebGroupField', NULL, NULL, NULL, 1, NULL, 'syf39y24fzdk2nwdyjrzdu5bawe8b6nt20060824000000000000000000000011');
INSERT INTO metadata ( description, created_by, owner, id, create_date, seq, type, remove, site_master, locked_by, entity_domain, last_updated_by, last_update_date, key_name) VALUES ('qvmbghblr9wdekkx7wx6661hwguulp6nNM200904120000000000000000000030', '0000000000000000000000000000001000000000000000000000000000000003', '0000000000000000000000000000001000000000000000000000000000000003', 'syf39y24fzdk2nwdyjrzdu5bawe8b6nt20060824000000000000000000000011', '2011-10-13 17:37:05', 3706, 'com.runwaysdk.system.metadata.MdTree', 1, 'runwaysdk.com', NULL, NULL, '0000000000000000000000000000001000000000000000000000000000000003', '2011-10-13 17:37:05', 'com.runwaysdk.system.metadata.WebGroupField');
CREATE TABLE web_group_field ( id CHAR(64) NOT NULL PRIMARY KEY, 
parent_id CHAR(64) NOT NULL, 
child_id CHAR(64) NOT NULL );
CREATE  UNIQUE  INDEX rel_xy67zyi928elf3oec1amh66eem ON web_group_field (parent_id, child_id);
CREATE INDEX rel_6oqds35n5zoh0g2ipwa5iee0wo ON web_group_field (child_id);
INSERT INTO metadata_display_label ( default_locale, id, site_master, key_name) VALUES (NULL, 'z4xlz8x7hqzp37ntv1856m8zdshj7p84NM200904120000000000000000000030', 'runwaysdk.com', 'z4xlz8x7hqzp37ntv1856m8zdshj7p84NM200904120000000000000000000030');
INSERT INTO metadata_display_label ( default_locale, id, site_master, key_name) VALUES (NULL, 'zlx9jc1az36xt4fqhv87koggh7j4bgalNM200904120000000000000000000030', 'runwaysdk.com', 'zlx9jc1az36xt4fqhv87koggh7j4bgalNM200904120000000000000000000030');
INSERT INTO md_controller ( stub_source, id) VALUES (NULL, '0qaa40n87chagt74lwx841n56h4xkyp4NM200810110000000000000000000112');
INSERT INTO md_type ( display_label, root_id, package_name, type_name, base_source, js_base, js_stub, exported, dto_source, id) VALUES ('z4xlz8x7hqzp37ntv1856m8zdshj7p84NM200904120000000000000000000030', '0qaa40n87chagt74lwx841n56h4xkyp4', 'com.runwaysdk.system.metadata', 'WebGroupFieldController', NULL, NULL, NULL, 1, NULL, '0qaa40n87chagt74lwx841n56h4xkyp4NM200810110000000000000000000112');
INSERT INTO metadata ( description, created_by, owner, id, create_date, seq, type, remove, site_master, locked_by, entity_domain, last_updated_by, last_update_date, key_name) VALUES ('zlx9jc1az36xt4fqhv87koggh7j4bgalNM200904120000000000000000000030', '0000000000000000000000000000001000000000000000000000000000000003', '0000000000000000000000000000001000000000000000000000000000000003', '0qaa40n87chagt74lwx841n56h4xkyp4NM200810110000000000000000000112', '2011-10-13 17:37:05', 3707, 'com.runwaysdk.system.metadata.MdController', 1, 'runwaysdk.com', NULL, NULL, '0000000000000000000000000000001000000000000000000000000000000003', '2011-10-13 17:37:05', 'com.runwaysdk.system.metadata.WebGroupFieldController');
INSERT INTO metadata_display_label ( default_locale, id, site_master, key_name) VALUES ('View Page', 'z0rslck7t5y8v1ior69thz4duwt4atftNM200904120000000000000000000030', 'runwaysdk.com', 'z0rslck7t5y8v1ior69thz4duwt4atftNM200904120000000000000000000030');
INSERT INTO metadata_display_label ( default_locale, id, site_master, key_name) VALUES ('Loads a ViewAll query for a specific page into the request object', '2f8h4rc55alize3l2aiwn68su2cxayieNM200904120000000000000000000030', 'runwaysdk.com', '2f8h4rc55alize3l2aiwn68su2cxayieNM200904120000000000000000000030');
INSERT INTO md_action ( is_query, enclosing_md_controller, is_post, action_name, display_label, id) VALUES (1, '0qaa40n87chagt74lwx841n56h4xkyp4NM200810110000000000000000000112', 0, 'viewPage', 'z0rslck7t5y8v1ior69thz4duwt4atftNM200904120000000000000000000030', '1ws3exr5mko5po9wa4lmcgxfm37o8m1dNM200810110000000000000000000113');
INSERT INTO metadata ( description, created_by, owner, id, create_date, seq, type, remove, site_master, locked_by, entity_domain, last_updated_by, last_update_date, key_name) VALUES ('2f8h4rc55alize3l2aiwn68su2cxayieNM200904120000000000000000000030', '0000000000000000000000000000001000000000000000000000000000000003', '0000000000000000000000000000001000000000000000000000000000000003', '1ws3exr5mko5po9wa4lmcgxfm37o8m1dNM200810110000000000000000000113', '2011-10-13 17:37:05', 3708, 'com.runwaysdk.system.metadata.MdAction', 1, 'runwaysdk.com', NULL, NULL, '0000000000000000000000000000001000000000000000000000000000000003', '2011-10-13 17:37:05', 'com.runwaysdk.system.metadata.WebGroupFieldController.viewPage');
INSERT INTO controller_action ( key_name, locked_by, id, owner, entity_domain, created_by, type, last_update_date, create_date, seq, last_updated_by, site_master, parent_id, child_id) VALUES ('com.runwaysdk.system.metadata.WebGroupFieldController.viewPage', NULL, '0eis13g36amd44ytogn4jh4q221g0lbfJS200807230000000000000000111111', '0000000000000000000000000000001000000000000000000000000000000003', NULL, '0000000000000000000000000000001000000000000000000000000000000003', 'com.runwaysdk.system.ControllerAction', '2011-10-13 17:37:05', '2011-10-13 17:37:05', 3709, '0000000000000000000000000000001000000000000000000000000000000003', 'runwaysdk.com', '0qaa40n87chagt74lwx841n56h4xkyp4NM200810110000000000000000000112', '1ws3exr5mko5po9wa4lmcgxfm37o8m1dNM200810110000000000000000000113');
INSERT INTO metadata_display_label ( default_locale, id, site_master, key_name) VALUES ('Sort Attribute', 'zpj7uxqek7v1gsghsha9z139hu53m8q6NM200904120000000000000000000030', 'runwaysdk.com', 'zpj7uxqek7v1gsghsha9z139hu53m8q6NM200904120000000000000000000030');
INSERT INTO metadata_display_label ( default_locale, id, site_master, key_name) VALUES (NULL, '8k8sanyelhhj1sxle6dw0fddfewa54gvNM200904120000000000000000000030', 'runwaysdk.com', '8k8sanyelhhj1sxle6dw0fddfewa54gvNM200904120000000000000000000030');
INSERT INTO md_parameter ( metadata, parameter_order, parameter_name, parameter_type, display_label, id) VALUES ('1ws3exr5mko5po9wa4lmcgxfm37o8m1dNM200810110000000000000000000113', -4, 'sortAttribute', 'java.lang.String', 'zpj7uxqek7v1gsghsha9z139hu53m8q6NM200904120000000000000000000030', 'qvyoot5etrj4z4svubsy0ekyn204biny20070427JS0000000000000000001517');
INSERT INTO metadata ( description, created_by, owner, id, create_date, seq, type, remove, site_master, locked_by, entity_domain, last_updated_by, last_update_date, key_name) VALUES ('8k8sanyelhhj1sxle6dw0fddfewa54gvNM200904120000000000000000000030', '0000000000000000000000000000001000000000000000000000000000000003', '0000000000000000000000000000001000000000000000000000000000000003', 'qvyoot5etrj4z4svubsy0ekyn204biny20070427JS0000000000000000001517', '2011-10-13 17:37:05', 3710, 'com.runwaysdk.system.metadata.MdParameter', 1, 'runwaysdk.com', NULL, NULL, '0000000000000000000000000000001000000000000000000000000000000003', '2011-10-13 17:37:05', 'com.runwaysdk.system.metadata.WebGroupFieldController.viewPage.sortAttribute');
INSERT INTO metadata_parameter ( site_master, last_updated_by, create_date, seq, locked_by, entity_domain, created_by, type, last_update_date, key_name, owner, id, parent_id, child_id) VALUES ('runwaysdk.com', '0000000000000000000000000000001000000000000000000000000000000003', '2011-10-13 17:37:05', 3711, NULL, NULL, '0000000000000000000000000000001000000000000000000000000000000003', 'com.runwaysdk.system.MetadataParameter', '2011-10-13 17:37:05', 'com.runwaysdk.system.metadata.WebGroupFieldController.viewPage.sortAttribute', '0000000000000000000000000000001000000000000000000000000000000003', 'qqw5j8jo1x92kpk0vxae4jy1t2nh5l4h20070427JS0000000000000000001524', '1ws3exr5mko5po9wa4lmcgxfm37o8m1dNM200810110000000000000000000113', 'qvyoot5etrj4z4svubsy0ekyn204biny20070427JS0000000000000000001517');
INSERT INTO metadata_display_label ( default_locale, id, site_master, key_name) VALUES ('Is Ascending', '8m6k4ivyh2ty1g3a0bcye3zyt26277auNM200904120000000000000000000030', 'runwaysdk.com', '8m6k4ivyh2ty1g3a0bcye3zyt26277auNM200904120000000000000000000030');
INSERT INTO metadata_display_label ( default_locale, id, site_master, key_name) VALUES (NULL, '7enmlgpm9az85k83mm7pi507htzjwukrNM200904120000000000000000000030', 'runwaysdk.com', '7enmlgpm9az85k83mm7pi507htzjwukrNM200904120000000000000000000030');
INSERT INTO md_parameter ( metadata, parameter_order, parameter_name, parameter_type, display_label, id) VALUES ('1ws3exr5mko5po9wa4lmcgxfm37o8m1dNM200810110000000000000000000113', -3, 'isAscending', 'java.lang.Boolean', '8m6k4ivyh2ty1g3a0bcye3zyt26277auNM200904120000000000000000000030', '22owpbgytx74ti9p09w8mxxhovgsjf2b20070427JS0000000000000000001517');
INSERT INTO metadata ( description, created_by, owner, id, create_date, seq, type, remove, site_master, locked_by, entity_domain, last_updated_by, last_update_date, key_name) VALUES ('7enmlgpm9az85k83mm7pi507htzjwukrNM200904120000000000000000000030', '0000000000000000000000000000001000000000000000000000000000000003', '0000000000000000000000000000001000000000000000000000000000000003', '22owpbgytx74ti9p09w8mxxhovgsjf2b20070427JS0000000000000000001517', '2011-10-13 17:37:05', 3712, 'com.runwaysdk.system.metadata.MdParameter', 1, 'runwaysdk.com', NULL, NULL, '0000000000000000000000000000001000000000000000000000000000000003', '2011-10-13 17:37:05', 'com.runwaysdk.system.metadata.WebGroupFieldController.viewPage.isAscending');
INSERT INTO metadata_parameter ( site_master, last_updated_by, create_date, seq, locked_by, entity_domain, created_by, type, last_update_date, key_name, owner, id, parent_id, child_id) VALUES ('runwaysdk.com', '0000000000000000000000000000001000000000000000000000000000000003', '2011-10-13 17:37:05', 3713, NULL, NULL, '0000000000000000000000000000001000000000000000000000000000000003', 'com.runwaysdk.system.MetadataParameter', '2011-10-13 17:37:05', 'com.runwaysdk.system.metadata.WebGroupFieldController.viewPage.isAscending', '0000000000000000000000000000001000000000000000000000000000000003', '735wgv4xk29lo2yfkqepnwtjyho32x3f20070427JS0000000000000000001524', '1ws3exr5mko5po9wa4lmcgxfm37o8m1dNM200810110000000000000000000113', '22owpbgytx74ti9p09w8mxxhovgsjf2b20070427JS0000000000000000001517');
INSERT INTO metadata_display_label ( default_locale, id, site_master, key_name) VALUES ('Page Size', '8i4q3n4qk81panmpsmp037hybdk05e3pNM200904120000000000000000000030', 'runwaysdk.com', '8i4q3n4qk81panmpsmp037hybdk05e3pNM200904120000000000000000000030');
INSERT INTO metadata_display_label ( default_locale, id, site_master, key_name) VALUES (NULL, '1uk4dlsnbr294ankp5r27gwnhfr645fdNM200904120000000000000000000030', 'runwaysdk.com', '1uk4dlsnbr294ankp5r27gwnhfr645fdNM200904120000000000000000000030');
INSERT INTO md_parameter ( metadata, parameter_order, parameter_name, parameter_type, display_label, id) VALUES ('1ws3exr5mko5po9wa4lmcgxfm37o8m1dNM200810110000000000000000000113', -2, 'pageSize', 'java.lang.Integer', '8i4q3n4qk81panmpsmp037hybdk05e3pNM200904120000000000000000000030', '8l1k2y4m2e0vefqe8xv9fr60a2u4akz420070427JS0000000000000000001517');
INSERT INTO metadata ( description, created_by, owner, id, create_date, seq, type, remove, site_master, locked_by, entity_domain, last_updated_by, last_update_date, key_name) VALUES ('1uk4dlsnbr294ankp5r27gwnhfr645fdNM200904120000000000000000000030', '0000000000000000000000000000001000000000000000000000000000000003', '0000000000000000000000000000001000000000000000000000000000000003', '8l1k2y4m2e0vefqe8xv9fr60a2u4akz420070427JS0000000000000000001517', '2011-10-13 17:37:05', 3714, 'com.runwaysdk.system.metadata.MdParameter', 1, 'runwaysdk.com', NULL, NULL, '0000000000000000000000000000001000000000000000000000000000000003', '2011-10-13 17:37:05', 'com.runwaysdk.system.metadata.WebGroupFieldController.viewPage.pageSize');
INSERT INTO metadata_parameter ( site_master, last_updated_by, create_date, seq, locked_by, entity_domain, created_by, type, last_update_date, key_name, owner, id, parent_id, child_id) VALUES ('runwaysdk.com', '0000000000000000000000000000001000000000000000000000000000000003', '2011-10-13 17:37:05', 3715, NULL, NULL, '0000000000000000000000000000001000000000000000000000000000000003', 'com.runwaysdk.system.MetadataParameter', '2011-10-13 17:37:05', 'com.runwaysdk.system.metadata.WebGroupFieldController.viewPage.pageSize', '0000000000000000000000000000001000000000000000000000000000000003', 'qz29j74a79flngi0knldwr5w8fb1sorc20070427JS0000000000000000001524', '1ws3exr5mko5po9wa4lmcgxfm37o8m1dNM200810110000000000000000000113', '8l1k2y4m2e0vefqe8xv9fr60a2u4akz420070427JS0000000000000000001517');
INSERT INTO metadata_display_label ( default_locale, id, site_master, key_name) VALUES ('Page Number', 'xa2sudctn5myg0nycqqlsc6mui3u4ft6NM200904120000000000000000000030', 'runwaysdk.com', 'xa2sudctn5myg0nycqqlsc6mui3u4ft6NM200904120000000000000000000030');
INSERT INTO metadata_display_label ( default_locale, id, site_master, key_name) VALUES (NULL, '02p9j1dll3f100kux2ozh7bns4gz7688NM200904120000000000000000000030', 'runwaysdk.com', '02p9j1dll3f100kux2ozh7bns4gz7688NM200904120000000000000000000030');
INSERT INTO md_parameter ( metadata, parameter_order, parameter_name, parameter_type, display_label, id) VALUES ('1ws3exr5mko5po9wa4lmcgxfm37o8m1dNM200810110000000000000000000113', -1, 'pageNumber', 'java.lang.Integer', 'xa2sudctn5myg0nycqqlsc6mui3u4ft6NM200904120000000000000000000030', 'swox3q4v3jf3u3tpin3fs3j3pnyawfat20070427JS0000000000000000001517');
INSERT INTO metadata ( description, created_by, owner, id, create_date, seq, type, remove, site_master, locked_by, entity_domain, last_updated_by, last_update_date, key_name) VALUES ('02p9j1dll3f100kux2ozh7bns4gz7688NM200904120000000000000000000030', '0000000000000000000000000000001000000000000000000000000000000003', '0000000000000000000000000000001000000000000000000000000000000003', 'swox3q4v3jf3u3tpin3fs3j3pnyawfat20070427JS0000000000000000001517', '2011-10-13 17:37:05', 3716, 'com.runwaysdk.system.metadata.MdParameter', 1, 'runwaysdk.com', NULL, NULL, '0000000000000000000000000000001000000000000000000000000000000003', '2011-10-13 17:37:05', 'com.runwaysdk.system.metadata.WebGroupFieldController.viewPage.pageNumber');
INSERT INTO metadata_parameter ( site_master, last_updated_by, create_date, seq, locked_by, entity_domain, created_by, type, last_update_date, key_name, owner, id, parent_id, child_id) VALUES ('runwaysdk.com', '0000000000000000000000000000001000000000000000000000000000000003', '2011-10-13 17:37:05', 3717, NULL, NULL, '0000000000000000000000000000001000000000000000000000000000000003', 'com.runwaysdk.system.MetadataParameter', '2011-10-13 17:37:05', 'com.runwaysdk.system.metadata.WebGroupFieldController.viewPage.pageNumber', '0000000000000000000000000000001000000000000000000000000000000003', '2cw7ijhc4c88i5a3perrcmcnfpiad04d20070427JS0000000000000000001524', '1ws3exr5mko5po9wa4lmcgxfm37o8m1dNM200810110000000000000000000113', 'swox3q4v3jf3u3tpin3fs3j3pnyawfat20070427JS0000000000000000001517');
INSERT INTO metadata_display_label ( default_locale, id, site_master, key_name) VALUES ('View All', '8q6sturktsu3tnffcmosue3r2cpn0sbbNM200904120000000000000000000030', 'runwaysdk.com', '8q6sturktsu3tnffcmosue3r2cpn0sbbNM200904120000000000000000000030');
INSERT INTO metadata_display_label ( default_locale, id, site_master, key_name) VALUES ('Loads a ViewAll query with the default settings', '0lbslerx842s7nuam28ydt794e15zxtlNM200904120000000000000000000030', 'runwaysdk.com', '0lbslerx842s7nuam28ydt794e15zxtlNM200904120000000000000000000030');
INSERT INTO md_action ( is_query, enclosing_md_controller, is_post, action_name, display_label, id) VALUES (0, '0qaa40n87chagt74lwx841n56h4xkyp4NM200810110000000000000000000112', 0, 'viewAll', '8q6sturktsu3tnffcmosue3r2cpn0sbbNM200904120000000000000000000030', 'sariumnp38fkwhhrqcr167q6julgo3pcNM200810110000000000000000000113');
INSERT INTO metadata ( description, created_by, owner, id, create_date, seq, type, remove, site_master, locked_by, entity_domain, last_updated_by, last_update_date, key_name) VALUES ('0lbslerx842s7nuam28ydt794e15zxtlNM200904120000000000000000000030', '0000000000000000000000000000001000000000000000000000000000000003', '0000000000000000000000000000001000000000000000000000000000000003', 'sariumnp38fkwhhrqcr167q6julgo3pcNM200810110000000000000000000113', '2011-10-13 17:37:05', 3718, 'com.runwaysdk.system.metadata.MdAction', 1, 'runwaysdk.com', NULL, NULL, '0000000000000000000000000000001000000000000000000000000000000003', '2011-10-13 17:37:05', 'com.runwaysdk.system.metadata.WebGroupFieldController.viewAll');
INSERT INTO controller_action ( key_name, locked_by, id, owner, entity_domain, created_by, type, last_update_date, create_date, seq, last_updated_by, site_master, parent_id, child_id) VALUES ('com.runwaysdk.system.metadata.WebGroupFieldController.viewAll', NULL, '6uyxp0yrsclz5s97v8ocksg8ndhnocxdJS200807230000000000000000111111', '0000000000000000000000000000001000000000000000000000000000000003', NULL, '0000000000000000000000000000001000000000000000000000000000000003', 'com.runwaysdk.system.ControllerAction', '2011-10-13 17:37:05', '2011-10-13 17:37:05', 3719, '0000000000000000000000000000001000000000000000000000000000000003', 'runwaysdk.com', '0qaa40n87chagt74lwx841n56h4xkyp4NM200810110000000000000000000112', 'sariumnp38fkwhhrqcr167q6julgo3pcNM200810110000000000000000000113');
INSERT INTO metadata_display_label ( default_locale, id, site_master, key_name) VALUES ('View', '1upvjbf16kokyku6c344g59lbpb0r8uhNM200904120000000000000000000030', 'runwaysdk.com', '1upvjbf16kokyku6c344g59lbpb0r8uhNM200904120000000000000000000030');
INSERT INTO metadata_display_label ( default_locale, id, site_master, key_name) VALUES ('View an existing instance of com.runwaysdk.system.metadata.WebGroupField', '09ajued012zvzk65kayci7qvikfrrkinNM200904120000000000000000000030', 'runwaysdk.com', '09ajued012zvzk65kayci7qvikfrrkinNM200904120000000000000000000030');
INSERT INTO md_action ( is_query, enclosing_md_controller, is_post, action_name, display_label, id) VALUES (0, '0qaa40n87chagt74lwx841n56h4xkyp4NM200810110000000000000000000112', 0, 'view', '1upvjbf16kokyku6c344g59lbpb0r8uhNM200904120000000000000000000030', 'r8mfdr1oznnd9qe4tuk3mqoapjmjzhezNM200810110000000000000000000113');
INSERT INTO metadata ( description, created_by, owner, id, create_date, seq, type, remove, site_master, locked_by, entity_domain, last_updated_by, last_update_date, key_name) VALUES ('09ajued012zvzk65kayci7qvikfrrkinNM200904120000000000000000000030', '0000000000000000000000000000001000000000000000000000000000000003', '0000000000000000000000000000001000000000000000000000000000000003', 'r8mfdr1oznnd9qe4tuk3mqoapjmjzhezNM200810110000000000000000000113', '2011-10-13 17:37:05', 3720, 'com.runwaysdk.system.metadata.MdAction', 1, 'runwaysdk.com', NULL, NULL, '0000000000000000000000000000001000000000000000000000000000000003', '2011-10-13 17:37:05', 'com.runwaysdk.system.metadata.WebGroupFieldController.view');
INSERT INTO controller_action ( key_name, locked_by, id, owner, entity_domain, created_by, type, last_update_date, create_date, seq, last_updated_by, site_master, parent_id, child_id) VALUES ('com.runwaysdk.system.metadata.WebGroupFieldController.view', NULL, '046d9fuoml2irq4qpc5971asy8576yhnJS200807230000000000000000111111', '0000000000000000000000000000001000000000000000000000000000000003', NULL, '0000000000000000000000000000001000000000000000000000000000000003', 'com.runwaysdk.system.ControllerAction', '2011-10-13 17:37:05', '2011-10-13 17:37:05', 3721, '0000000000000000000000000000001000000000000000000000000000000003', 'runwaysdk.com', '0qaa40n87chagt74lwx841n56h4xkyp4NM200810110000000000000000000112', 'r8mfdr1oznnd9qe4tuk3mqoapjmjzhezNM200810110000000000000000000113');
INSERT INTO metadata_display_label ( default_locale, id, site_master, key_name) VALUES ('Parameter: com.runwaysdk.system.metadata.WebGroupField - id', '236c7d2areshjfoo237soobup1fq8echNM200904120000000000000000000030', 'runwaysdk.com', '236c7d2areshjfoo237soobup1fq8echNM200904120000000000000000000030');
INSERT INTO metadata_display_label ( default_locale, id, site_master, key_name) VALUES ('Id of com.runwaysdk.system.metadata.WebGroupField to view.', 'zhd0murtzcmr9rx57b4guxb5kbtwqzr8NM200904120000000000000000000030', 'runwaysdk.com', 'zhd0murtzcmr9rx57b4guxb5kbtwqzr8NM200904120000000000000000000030');
INSERT INTO md_parameter ( metadata, parameter_order, parameter_name, parameter_type, display_label, id) VALUES ('r8mfdr1oznnd9qe4tuk3mqoapjmjzhezNM200810110000000000000000000113', 0, 'id', 'java.lang.String', '236c7d2areshjfoo237soobup1fq8echNM200904120000000000000000000030', '21jzacl94moazg0ja9pqv72bho9vpn2g20070427JS0000000000000000001517');
INSERT INTO metadata ( description, created_by, owner, id, create_date, seq, type, remove, site_master, locked_by, entity_domain, last_updated_by, last_update_date, key_name) VALUES ('zhd0murtzcmr9rx57b4guxb5kbtwqzr8NM200904120000000000000000000030', '0000000000000000000000000000001000000000000000000000000000000003', '0000000000000000000000000000001000000000000000000000000000000003', '21jzacl94moazg0ja9pqv72bho9vpn2g20070427JS0000000000000000001517', '2011-10-13 17:37:05', 3722, 'com.runwaysdk.system.metadata.MdParameter', 1, 'runwaysdk.com', NULL, NULL, '0000000000000000000000000000001000000000000000000000000000000003', '2011-10-13 17:37:05', 'com.runwaysdk.system.metadata.WebGroupFieldController.view.id');
INSERT INTO metadata_parameter ( site_master, last_updated_by, create_date, seq, locked_by, entity_domain, created_by, type, last_update_date, key_name, owner, id, parent_id, child_id) VALUES ('runwaysdk.com', '0000000000000000000000000000001000000000000000000000000000000003', '2011-10-13 17:37:05', 3723, NULL, NULL, '0000000000000000000000000000001000000000000000000000000000000003', 'com.runwaysdk.system.MetadataParameter', '2011-10-13 17:37:05', 'com.runwaysdk.system.metadata.WebGroupFieldController.view.id', '0000000000000000000000000000001000000000000000000000000000000003', '947szum6tqojkm7n3t82a3rkoimpl12f20070427JS0000000000000000001524', 'r8mfdr1oznnd9qe4tuk3mqoapjmjzhezNM200810110000000000000000000113', '21jzacl94moazg0ja9pqv72bho9vpn2g20070427JS0000000000000000001517');
INSERT INTO metadata_display_label ( default_locale, id, site_master, key_name) VALUES ('New Instance', 'rcvocdgu8808u6olzqcieise105cmv74NM200904120000000000000000000030', 'runwaysdk.com', 'rcvocdgu8808u6olzqcieise105cmv74NM200904120000000000000000000030');
INSERT INTO metadata_display_label ( default_locale, id, site_master, key_name) VALUES ('Loads a new instance of com.runwaysdk.system.metadata.WebGroupField into the request object', 'zahfx4gqq9wxt2hn7hc7y5jp1d7c0dhoNM200904120000000000000000000030', 'runwaysdk.com', 'zahfx4gqq9wxt2hn7hc7y5jp1d7c0dhoNM200904120000000000000000000030');
INSERT INTO md_action ( is_query, enclosing_md_controller, is_post, action_name, display_label, id) VALUES (0, '0qaa40n87chagt74lwx841n56h4xkyp4NM200810110000000000000000000112', 1, 'newInstance', 'rcvocdgu8808u6olzqcieise105cmv74NM200904120000000000000000000030', '7boqovre79phpcdp5spox9l8qrjz7sklNM200810110000000000000000000113');
INSERT INTO metadata ( description, created_by, owner, id, create_date, seq, type, remove, site_master, locked_by, entity_domain, last_updated_by, last_update_date, key_name) VALUES ('zahfx4gqq9wxt2hn7hc7y5jp1d7c0dhoNM200904120000000000000000000030', '0000000000000000000000000000001000000000000000000000000000000003', '0000000000000000000000000000001000000000000000000000000000000003', '7boqovre79phpcdp5spox9l8qrjz7sklNM200810110000000000000000000113', '2011-10-13 17:37:05', 3724, 'com.runwaysdk.system.metadata.MdAction', 1, 'runwaysdk.com', NULL, NULL, '0000000000000000000000000000001000000000000000000000000000000003', '2011-10-13 17:37:05', 'com.runwaysdk.system.metadata.WebGroupFieldController.newInstance');
INSERT INTO controller_action ( key_name, locked_by, id, owner, entity_domain, created_by, type, last_update_date, create_date, seq, last_updated_by, site_master, parent_id, child_id) VALUES ('com.runwaysdk.system.metadata.WebGroupFieldController.newInstance', NULL, '8lnujkz5h6c4hkb9sqs2blv7chjb8rvpJS200807230000000000000000111111', '0000000000000000000000000000001000000000000000000000000000000003', NULL, '0000000000000000000000000000001000000000000000000000000000000003', 'com.runwaysdk.system.ControllerAction', '2011-10-13 17:37:05', '2011-10-13 17:37:05', 3725, '0000000000000000000000000000001000000000000000000000000000000003', 'runwaysdk.com', '0qaa40n87chagt74lwx841n56h4xkyp4NM200810110000000000000000000112', '7boqovre79phpcdp5spox9l8qrjz7sklNM200810110000000000000000000113');
INSERT INTO metadata_display_label ( default_locale, id, site_master, key_name) VALUES ('Parent Parameter: com.runwaysdk.system.metadata.WebGroupField', '2dt2yf0aeta6wqym8kvixoph85ks17sjNM200904120000000000000000000030', 'runwaysdk.com', '2dt2yf0aeta6wqym8kvixoph85ks17sjNM200904120000000000000000000030');
INSERT INTO metadata_display_label ( default_locale, id, site_master, key_name) VALUES ('Id of the parent of the Relationship', '1ovmdz3zt5j1j1urya2jjwdadzgpv3xuNM200904120000000000000000000030', 'runwaysdk.com', '1ovmdz3zt5j1j1urya2jjwdadzgpv3xuNM200904120000000000000000000030');
INSERT INTO md_parameter ( metadata, parameter_order, parameter_name, parameter_type, display_label, id) VALUES ('7boqovre79phpcdp5spox9l8qrjz7sklNM200810110000000000000000000113', 0, 'parentId', 'java.lang.String', '2dt2yf0aeta6wqym8kvixoph85ks17sjNM200904120000000000000000000030', '25tzi2ge6qk5d51dn909ys20vkq90s2c20070427JS0000000000000000001517');
INSERT INTO metadata ( description, created_by, owner, id, create_date, seq, type, remove, site_master, locked_by, entity_domain, last_updated_by, last_update_date, key_name) VALUES ('1ovmdz3zt5j1j1urya2jjwdadzgpv3xuNM200904120000000000000000000030', '0000000000000000000000000000001000000000000000000000000000000003', '0000000000000000000000000000001000000000000000000000000000000003', '25tzi2ge6qk5d51dn909ys20vkq90s2c20070427JS0000000000000000001517', '2011-10-13 17:37:05', 3726, 'com.runwaysdk.system.metadata.MdParameter', 1, 'runwaysdk.com', NULL, NULL, '0000000000000000000000000000001000000000000000000000000000000003', '2011-10-13 17:37:05', 'com.runwaysdk.system.metadata.WebGroupFieldController.newInstance.parentId');
INSERT INTO metadata_parameter ( site_master, last_updated_by, create_date, seq, locked_by, entity_domain, created_by, type, last_update_date, key_name, owner, id, parent_id, child_id) VALUES ('runwaysdk.com', '0000000000000000000000000000001000000000000000000000000000000003', '2011-10-13 17:37:05', 3727, NULL, NULL, '0000000000000000000000000000001000000000000000000000000000000003', 'com.runwaysdk.system.MetadataParameter', '2011-10-13 17:37:05', 'com.runwaysdk.system.metadata.WebGroupFieldController.newInstance.parentId', '0000000000000000000000000000001000000000000000000000000000000003', 'xm4dyth6z63qjk8gygmwgwmfv8pqhoi220070427JS0000000000000000001524', '7boqovre79phpcdp5spox9l8qrjz7sklNM200810110000000000000000000113', '25tzi2ge6qk5d51dn909ys20vkq90s2c20070427JS0000000000000000001517');
INSERT INTO metadata_display_label ( default_locale, id, site_master, key_name) VALUES ('Child Parameter: com.runwaysdk.system.metadata.WebGroupField', '710p3902mdj39h6qgwvccsmw77wh3jr1NM200904120000000000000000000030', 'runwaysdk.com', '710p3902mdj39h6qgwvccsmw77wh3jr1NM200904120000000000000000000030');
INSERT INTO metadata_display_label ( default_locale, id, site_master, key_name) VALUES ('Child of the Relationship', 'rdk1nfs8lxew6tyf8wxapfchrtjwu1pzNM200904120000000000000000000030', 'runwaysdk.com', 'rdk1nfs8lxew6tyf8wxapfchrtjwu1pzNM200904120000000000000000000030');
INSERT INTO md_parameter ( metadata, parameter_order, parameter_name, parameter_type, display_label, id) VALUES ('7boqovre79phpcdp5spox9l8qrjz7sklNM200810110000000000000000000113', 1, 'childId', 'java.lang.String', '710p3902mdj39h6qgwvccsmw77wh3jr1NM200904120000000000000000000030', '8lnhzz9tn6elxn2t3431cgb0r4abjndg20070427JS0000000000000000001517');
INSERT INTO metadata ( description, created_by, owner, id, create_date, seq, type, remove, site_master, locked_by, entity_domain, last_updated_by, last_update_date, key_name) VALUES ('rdk1nfs8lxew6tyf8wxapfchrtjwu1pzNM200904120000000000000000000030', '0000000000000000000000000000001000000000000000000000000000000003', '0000000000000000000000000000001000000000000000000000000000000003', '8lnhzz9tn6elxn2t3431cgb0r4abjndg20070427JS0000000000000000001517', '2011-10-13 17:37:05', 3728, 'com.runwaysdk.system.metadata.MdParameter', 1, 'runwaysdk.com', NULL, NULL, '0000000000000000000000000000001000000000000000000000000000000003', '2011-10-13 17:37:05', 'com.runwaysdk.system.metadata.WebGroupFieldController.newInstance.childId');
INSERT INTO metadata_parameter ( site_master, last_updated_by, create_date, seq, locked_by, entity_domain, created_by, type, last_update_date, key_name, owner, id, parent_id, child_id) VALUES ('runwaysdk.com', '0000000000000000000000000000001000000000000000000000000000000003', '2011-10-13 17:37:05', 3729, NULL, NULL, '0000000000000000000000000000001000000000000000000000000000000003', 'com.runwaysdk.system.MetadataParameter', '2011-10-13 17:37:05', 'com.runwaysdk.system.metadata.WebGroupFieldController.newInstance.childId', '0000000000000000000000000000001000000000000000000000000000000003', 'zo3euh110im0zvt22hiaclymg9oa1t8720070427JS0000000000000000001524', '7boqovre79phpcdp5spox9l8qrjz7sklNM200810110000000000000000000113', '8lnhzz9tn6elxn2t3431cgb0r4abjndg20070427JS0000000000000000001517');
INSERT INTO metadata_display_label ( default_locale, id, site_master, key_name) VALUES ('Create', 'xl1tpsq23ild1juscocksw4wbz2yt5faNM200904120000000000000000000030', 'runwaysdk.com', 'xl1tpsq23ild1juscocksw4wbz2yt5faNM200904120000000000000000000030');
INSERT INTO metadata_display_label ( default_locale, id, site_master, key_name) VALUES ('Applys a new instance of com.runwaysdk.system.metadata.WebGroupField', '0f804h2xo7ct70cazuqjw4cax5oj594oNM200904120000000000000000000030', 'runwaysdk.com', '0f804h2xo7ct70cazuqjw4cax5oj594oNM200904120000000000000000000030');
INSERT INTO md_action ( is_query, enclosing_md_controller, is_post, action_name, display_label, id) VALUES (0, '0qaa40n87chagt74lwx841n56h4xkyp4NM200810110000000000000000000112', 1, 'create', 'xl1tpsq23ild1juscocksw4wbz2yt5faNM200904120000000000000000000030', 'sh54z155iqrj5j8mkwg37x0w3sxhsu0qNM200810110000000000000000000113');
INSERT INTO metadata ( description, created_by, owner, id, create_date, seq, type, remove, site_master, locked_by, entity_domain, last_updated_by, last_update_date, key_name) VALUES ('0f804h2xo7ct70cazuqjw4cax5oj594oNM200904120000000000000000000030', '0000000000000000000000000000001000000000000000000000000000000003', '0000000000000000000000000000001000000000000000000000000000000003', 'sh54z155iqrj5j8mkwg37x0w3sxhsu0qNM200810110000000000000000000113', '2011-10-13 17:37:05', 3730, 'com.runwaysdk.system.metadata.MdAction', 1, 'runwaysdk.com', NULL, NULL, '0000000000000000000000000000001000000000000000000000000000000003', '2011-10-13 17:37:05', 'com.runwaysdk.system.metadata.WebGroupFieldController.create');
INSERT INTO controller_action ( key_name, locked_by, id, owner, entity_domain, created_by, type, last_update_date, create_date, seq, last_updated_by, site_master, parent_id, child_id) VALUES ('com.runwaysdk.system.metadata.WebGroupFieldController.create', NULL, 'z0l3du64gdmybcjj4mw6d8btgx2xoozgJS200807230000000000000000111111', '0000000000000000000000000000001000000000000000000000000000000003', NULL, '0000000000000000000000000000001000000000000000000000000000000003', 'com.runwaysdk.system.ControllerAction', '2011-10-13 17:37:05', '2011-10-13 17:37:05', 3731, '0000000000000000000000000000001000000000000000000000000000000003', 'runwaysdk.com', '0qaa40n87chagt74lwx841n56h4xkyp4NM200810110000000000000000000112', 'sh54z155iqrj5j8mkwg37x0w3sxhsu0qNM200810110000000000000000000113');
INSERT INTO metadata_display_label ( default_locale, id, site_master, key_name) VALUES ('Parameter: com.runwaysdk.system.metadata.WebGroupField', '8hso59luudhffybd2bfddkv9xby6mqc6NM200904120000000000000000000030', 'runwaysdk.com', '8hso59luudhffybd2bfddkv9xby6mqc6NM200904120000000000000000000030');
INSERT INTO metadata_display_label ( default_locale, id, site_master, key_name) VALUES ('com.runwaysdk.system.metadata.WebGroupField to apply to the database', 'skkxbgu2t4fef4g6xr9b5regtkeehaaiNM200904120000000000000000000030', 'runwaysdk.com', 'skkxbgu2t4fef4g6xr9b5regtkeehaaiNM200904120000000000000000000030');
INSERT INTO md_parameter ( metadata, parameter_order, parameter_name, parameter_type, display_label, id) VALUES ('sh54z155iqrj5j8mkwg37x0w3sxhsu0qNM200810110000000000000000000113', 0, 'dto', 'com.runwaysdk.system.metadata.WebGroupField', '8hso59luudhffybd2bfddkv9xby6mqc6NM200904120000000000000000000030', '90gvaf33ar46k1rxeodvpu321a0fwh8h20070427JS0000000000000000001517');
INSERT INTO metadata ( description, created_by, owner, id, create_date, seq, type, remove, site_master, locked_by, entity_domain, last_updated_by, last_update_date, key_name) VALUES ('skkxbgu2t4fef4g6xr9b5regtkeehaaiNM200904120000000000000000000030', '0000000000000000000000000000001000000000000000000000000000000003', '0000000000000000000000000000001000000000000000000000000000000003', '90gvaf33ar46k1rxeodvpu321a0fwh8h20070427JS0000000000000000001517', '2011-10-13 17:37:05', 3732, 'com.runwaysdk.system.metadata.MdParameter', 1, 'runwaysdk.com', NULL, NULL, '0000000000000000000000000000001000000000000000000000000000000003', '2011-10-13 17:37:05', 'com.runwaysdk.system.metadata.WebGroupFieldController.create.dto');
INSERT INTO metadata_parameter ( site_master, last_updated_by, create_date, seq, locked_by, entity_domain, created_by, type, last_update_date, key_name, owner, id, parent_id, child_id) VALUES ('runwaysdk.com', '0000000000000000000000000000001000000000000000000000000000000003', '2011-10-13 17:37:05', 3733, NULL, NULL, '0000000000000000000000000000001000000000000000000000000000000003', 'com.runwaysdk.system.MetadataParameter', '2011-10-13 17:37:05', 'com.runwaysdk.system.metadata.WebGroupFieldController.create.dto', '0000000000000000000000000000001000000000000000000000000000000003', 'zel4lbpj20a8at8hympmofi411sj0loc20070427JS0000000000000000001524', 'sh54z155iqrj5j8mkwg37x0w3sxhsu0qNM200810110000000000000000000113', '90gvaf33ar46k1rxeodvpu321a0fwh8h20070427JS0000000000000000001517');
INSERT INTO metadata_display_label ( default_locale, id, site_master, key_name) VALUES ('edit', '91hboszvye4jngm2s48so82oig3ihe8oNM200904120000000000000000000030', 'runwaysdk.com', '91hboszvye4jngm2s48so82oig3ihe8oNM200904120000000000000000000030');
INSERT INTO metadata_display_label ( default_locale, id, site_master, key_name) VALUES ('Applys an existing instance of com.runwaysdk.system.metadata.WebGroupField', '6pywqoulxb271xbgzhzdpedvu3md8bgkNM200904120000000000000000000030', 'runwaysdk.com', '6pywqoulxb271xbgzhzdpedvu3md8bgkNM200904120000000000000000000030');
INSERT INTO md_action ( is_query, enclosing_md_controller, is_post, action_name, display_label, id) VALUES (0, '0qaa40n87chagt74lwx841n56h4xkyp4NM200810110000000000000000000112', 0, 'edit', '91hboszvye4jngm2s48so82oig3ihe8oNM200904120000000000000000000030', 'xk8szr7023g19jzbjch3pnwws3bn7kxbNM200810110000000000000000000113');
INSERT INTO metadata ( description, created_by, owner, id, create_date, seq, type, remove, site_master, locked_by, entity_domain, last_updated_by, last_update_date, key_name) VALUES ('6pywqoulxb271xbgzhzdpedvu3md8bgkNM200904120000000000000000000030', '0000000000000000000000000000001000000000000000000000000000000003', '0000000000000000000000000000001000000000000000000000000000000003', 'xk8szr7023g19jzbjch3pnwws3bn7kxbNM200810110000000000000000000113', '2011-10-13 17:37:05', 3734, 'com.runwaysdk.system.metadata.MdAction', 1, 'runwaysdk.com', NULL, NULL, '0000000000000000000000000000001000000000000000000000000000000003', '2011-10-13 17:37:05', 'com.runwaysdk.system.metadata.WebGroupFieldController.edit');
INSERT INTO controller_action ( key_name, locked_by, id, owner, entity_domain, created_by, type, last_update_date, create_date, seq, last_updated_by, site_master, parent_id, child_id) VALUES ('com.runwaysdk.system.metadata.WebGroupFieldController.edit', NULL, 'sl4mr1q5ccm0dkex0oe0fhxsk1aqued7JS200807230000000000000000111111', '0000000000000000000000000000001000000000000000000000000000000003', NULL, '0000000000000000000000000000001000000000000000000000000000000003', 'com.runwaysdk.system.ControllerAction', '2011-10-13 17:37:05', '2011-10-13 17:37:05', 3735, '0000000000000000000000000000001000000000000000000000000000000003', 'runwaysdk.com', '0qaa40n87chagt74lwx841n56h4xkyp4NM200810110000000000000000000112', 'xk8szr7023g19jzbjch3pnwws3bn7kxbNM200810110000000000000000000113');
INSERT INTO metadata_display_label ( default_locale, id, site_master, key_name) VALUES ('Parameter: com.runwaysdk.system.metadata.WebGroupField', 'xxfspcuitw8jtxaxn9e13c841jcjrtynNM200904120000000000000000000030', 'runwaysdk.com', 'xxfspcuitw8jtxaxn9e13c841jcjrtynNM200904120000000000000000000030');
INSERT INTO metadata_display_label ( default_locale, id, site_master, key_name) VALUES ('com.runwaysdk.system.metadata.WebGroupField to apply to the database', 'siermuxbk6pdkec09rntn9joi9tgy5xiNM200904120000000000000000000030', 'runwaysdk.com', 'siermuxbk6pdkec09rntn9joi9tgy5xiNM200904120000000000000000000030');
INSERT INTO md_parameter ( metadata, parameter_order, parameter_name, parameter_type, display_label, id) VALUES ('xk8szr7023g19jzbjch3pnwws3bn7kxbNM200810110000000000000000000113', 0, 'id', 'java.lang.String', 'xxfspcuitw8jtxaxn9e13c841jcjrtynNM200904120000000000000000000030', 'skuiz22gl60uagh8wc6ne3lvi38zpu8r20070427JS0000000000000000001517');
INSERT INTO metadata ( description, created_by, owner, id, create_date, seq, type, remove, site_master, locked_by, entity_domain, last_updated_by, last_update_date, key_name) VALUES ('siermuxbk6pdkec09rntn9joi9tgy5xiNM200904120000000000000000000030', '0000000000000000000000000000001000000000000000000000000000000003', '0000000000000000000000000000001000000000000000000000000000000003', 'skuiz22gl60uagh8wc6ne3lvi38zpu8r20070427JS0000000000000000001517', '2011-10-13 17:37:05', 3736, 'com.runwaysdk.system.metadata.MdParameter', 1, 'runwaysdk.com', NULL, NULL, '0000000000000000000000000000001000000000000000000000000000000003', '2011-10-13 17:37:05', 'com.runwaysdk.system.metadata.WebGroupFieldController.edit.id');
INSERT INTO metadata_parameter ( site_master, last_updated_by, create_date, seq, locked_by, entity_domain, created_by, type, last_update_date, key_name, owner, id, parent_id, child_id) VALUES ('runwaysdk.com', '0000000000000000000000000000001000000000000000000000000000000003', '2011-10-13 17:37:05', 3737, NULL, NULL, '0000000000000000000000000000001000000000000000000000000000000003', 'com.runwaysdk.system.MetadataParameter', '2011-10-13 17:37:05', 'com.runwaysdk.system.metadata.WebGroupFieldController.edit.id', '0000000000000000000000000000001000000000000000000000000000000003', 'xcitdzijgtgwkeusy00k5mpwpurd6d2h20070427JS0000000000000000001524', 'xk8szr7023g19jzbjch3pnwws3bn7kxbNM200810110000000000000000000113', 'skuiz22gl60uagh8wc6ne3lvi38zpu8r20070427JS0000000000000000001517');
INSERT INTO metadata_display_label ( default_locale, id, site_master, key_name) VALUES ('update', 'qtvdf7inykdjqykrcyof19de3h8tsqpvNM200904120000000000000000000030', 'runwaysdk.com', 'qtvdf7inykdjqykrcyof19de3h8tsqpvNM200904120000000000000000000030');
INSERT INTO metadata_display_label ( default_locale, id, site_master, key_name) VALUES ('Applys an existing instance of com.runwaysdk.system.metadata.WebGroupField', '8jepffpbfw20pt09j2bijc937y29lkypNM200904120000000000000000000030', 'runwaysdk.com', '8jepffpbfw20pt09j2bijc937y29lkypNM200904120000000000000000000030');
INSERT INTO md_action ( is_query, enclosing_md_controller, is_post, action_name, display_label, id) VALUES (0, '0qaa40n87chagt74lwx841n56h4xkyp4NM200810110000000000000000000112', 1, 'update', 'qtvdf7inykdjqykrcyof19de3h8tsqpvNM200904120000000000000000000030', 'ssy9skxt3bfc5w2u580fqqrcljoo2z6iNM200810110000000000000000000113');
INSERT INTO metadata ( description, created_by, owner, id, create_date, seq, type, remove, site_master, locked_by, entity_domain, last_updated_by, last_update_date, key_name) VALUES ('8jepffpbfw20pt09j2bijc937y29lkypNM200904120000000000000000000030', '0000000000000000000000000000001000000000000000000000000000000003', '0000000000000000000000000000001000000000000000000000000000000003', 'ssy9skxt3bfc5w2u580fqqrcljoo2z6iNM200810110000000000000000000113', '2011-10-13 17:37:05', 3738, 'com.runwaysdk.system.metadata.MdAction', 1, 'runwaysdk.com', NULL, NULL, '0000000000000000000000000000001000000000000000000000000000000003', '2011-10-13 17:37:05', 'com.runwaysdk.system.metadata.WebGroupFieldController.update');
INSERT INTO controller_action ( key_name, locked_by, id, owner, entity_domain, created_by, type, last_update_date, create_date, seq, last_updated_by, site_master, parent_id, child_id) VALUES ('com.runwaysdk.system.metadata.WebGroupFieldController.update', NULL, 't1adorrb69jdd2tgsj0373xen5ecdncwJS200807230000000000000000111111', '0000000000000000000000000000001000000000000000000000000000000003', NULL, '0000000000000000000000000000001000000000000000000000000000000003', 'com.runwaysdk.system.ControllerAction', '2011-10-13 17:37:05', '2011-10-13 17:37:05', 3739, '0000000000000000000000000000001000000000000000000000000000000003', 'runwaysdk.com', '0qaa40n87chagt74lwx841n56h4xkyp4NM200810110000000000000000000112', 'ssy9skxt3bfc5w2u580fqqrcljoo2z6iNM200810110000000000000000000113');
INSERT INTO metadata_display_label ( default_locale, id, site_master, key_name) VALUES ('Parameter: com.runwaysdk.system.metadata.WebGroupField - dto', 'sdi6w1utt4bynfubhc8yi4i6s3ns2k7iNM200904120000000000000000000030', 'runwaysdk.com', 'sdi6w1utt4bynfubhc8yi4i6s3ns2k7iNM200904120000000000000000000030');
INSERT INTO metadata_display_label ( default_locale, id, site_master, key_name) VALUES ('com.runwaysdk.system.metadata.WebGroupField to apply to the database', '0nyfxrhc43osn3nly0a50d1ny6ls204zNM200904120000000000000000000030', 'runwaysdk.com', '0nyfxrhc43osn3nly0a50d1ny6ls204zNM200904120000000000000000000030');
INSERT INTO md_parameter ( metadata, parameter_order, parameter_name, parameter_type, display_label, id) VALUES ('ssy9skxt3bfc5w2u580fqqrcljoo2z6iNM200810110000000000000000000113', 0, 'dto', 'com.runwaysdk.system.metadata.WebGroupField', 'sdi6w1utt4bynfubhc8yi4i6s3ns2k7iNM200904120000000000000000000030', 'xbunnlzfajd5uywr1oxtdj3j7rodnf9a20070427JS0000000000000000001517');
INSERT INTO metadata ( description, created_by, owner, id, create_date, seq, type, remove, site_master, locked_by, entity_domain, last_updated_by, last_update_date, key_name) VALUES ('0nyfxrhc43osn3nly0a50d1ny6ls204zNM200904120000000000000000000030', '0000000000000000000000000000001000000000000000000000000000000003', '0000000000000000000000000000001000000000000000000000000000000003', 'xbunnlzfajd5uywr1oxtdj3j7rodnf9a20070427JS0000000000000000001517', '2011-10-13 17:37:05', 3740, 'com.runwaysdk.system.metadata.MdParameter', 1, 'runwaysdk.com', NULL, NULL, '0000000000000000000000000000001000000000000000000000000000000003', '2011-10-13 17:37:05', 'com.runwaysdk.system.metadata.WebGroupFieldController.update.dto');
INSERT INTO metadata_parameter ( site_master, last_updated_by, create_date, seq, locked_by, entity_domain, created_by, type, last_update_date, key_name, owner, id, parent_id, child_id) VALUES ('runwaysdk.com', '0000000000000000000000000000001000000000000000000000000000000003', '2011-10-13 17:37:05', 3741, NULL, NULL, '0000000000000000000000000000001000000000000000000000000000000003', 'com.runwaysdk.system.MetadataParameter', '2011-10-13 17:37:05', 'com.runwaysdk.system.metadata.WebGroupFieldController.update.dto', '0000000000000000000000000000001000000000000000000000000000000003', '1x9pm2a6gwmiqiyq425vmcy2qbch4xip20070427JS0000000000000000001524', 'ssy9skxt3bfc5w2u580fqqrcljoo2z6iNM200810110000000000000000000113', 'xbunnlzfajd5uywr1oxtdj3j7rodnf9a20070427JS0000000000000000001517');
INSERT INTO metadata_display_label ( default_locale, id, site_master, key_name) VALUES ('cancel', 'srwda63y1qrzeu5ox2446s0v0vj5i9caNM200904120000000000000000000030', 'runwaysdk.com', 'srwda63y1qrzeu5ox2446s0v0vj5i9caNM200904120000000000000000000030');
INSERT INTO metadata_display_label ( default_locale, id, site_master, key_name) VALUES ('Unlocks an instance com.runwaysdk.system.metadata.WebGroupField', 'qvgb338c4g8bsep0xd9bjr3vdbypr8xiNM200904120000000000000000000030', 'runwaysdk.com', 'qvgb338c4g8bsep0xd9bjr3vdbypr8xiNM200904120000000000000000000030');
INSERT INTO md_action ( is_query, enclosing_md_controller, is_post, action_name, display_label, id) VALUES (0, '0qaa40n87chagt74lwx841n56h4xkyp4NM200810110000000000000000000112', 1, 'cancel', 'srwda63y1qrzeu5ox2446s0v0vj5i9caNM200904120000000000000000000030', '1pleiyvl2gdcw46x09yfnou9ne2toy3yNM200810110000000000000000000113');
INSERT INTO metadata ( description, created_by, owner, id, create_date, seq, type, remove, site_master, locked_by, entity_domain, last_updated_by, last_update_date, key_name) VALUES ('qvgb338c4g8bsep0xd9bjr3vdbypr8xiNM200904120000000000000000000030', '0000000000000000000000000000001000000000000000000000000000000003', '0000000000000000000000000000001000000000000000000000000000000003', '1pleiyvl2gdcw46x09yfnou9ne2toy3yNM200810110000000000000000000113', '2011-10-13 17:37:05', 3742, 'com.runwaysdk.system.metadata.MdAction', 1, 'runwaysdk.com', NULL, NULL, '0000000000000000000000000000001000000000000000000000000000000003', '2011-10-13 17:37:05', 'com.runwaysdk.system.metadata.WebGroupFieldController.cancel');
INSERT INTO controller_action ( key_name, locked_by, id, owner, entity_domain, created_by, type, last_update_date, create_date, seq, last_updated_by, site_master, parent_id, child_id) VALUES ('com.runwaysdk.system.metadata.WebGroupFieldController.cancel', NULL, 'xsvofgwuiat7xqaqw03nmjl6ux2j5tq2JS200807230000000000000000111111', '0000000000000000000000000000001000000000000000000000000000000003', NULL, '0000000000000000000000000000001000000000000000000000000000000003', 'com.runwaysdk.system.ControllerAction', '2011-10-13 17:37:05', '2011-10-13 17:37:05', 3743, '0000000000000000000000000000001000000000000000000000000000000003', 'runwaysdk.com', '0qaa40n87chagt74lwx841n56h4xkyp4NM200810110000000000000000000112', '1pleiyvl2gdcw46x09yfnou9ne2toy3yNM200810110000000000000000000113');
INSERT INTO metadata_display_label ( default_locale, id, site_master, key_name) VALUES ('Parameter: com.runwaysdk.system.metadata.WebGroupField - dto', 'so8erghh8fcctm6buqk0m3uvqy9mhjg3NM200904120000000000000000000030', 'runwaysdk.com', 'so8erghh8fcctm6buqk0m3uvqy9mhjg3NM200904120000000000000000000030');
INSERT INTO metadata_display_label ( default_locale, id, site_master, key_name) VALUES ('com.runwaysdk.system.metadata.WebGroupField to unlock', 'xij5osocgcvxnv61ze04m7swp43ftqbjNM200904120000000000000000000030', 'runwaysdk.com', 'xij5osocgcvxnv61ze04m7swp43ftqbjNM200904120000000000000000000030');
INSERT INTO md_parameter ( metadata, parameter_order, parameter_name, parameter_type, display_label, id) VALUES ('1pleiyvl2gdcw46x09yfnou9ne2toy3yNM200810110000000000000000000113', 0, 'dto', 'com.runwaysdk.system.metadata.WebGroupField', 'so8erghh8fcctm6buqk0m3uvqy9mhjg3NM200904120000000000000000000030', '2cn7u4ahu7nf6zlx30wclvd51um6s6p120070427JS0000000000000000001517');
INSERT INTO metadata ( description, created_by, owner, id, create_date, seq, type, remove, site_master, locked_by, entity_domain, last_updated_by, last_update_date, key_name) VALUES ('xij5osocgcvxnv61ze04m7swp43ftqbjNM200904120000000000000000000030', '0000000000000000000000000000001000000000000000000000000000000003', '0000000000000000000000000000001000000000000000000000000000000003', '2cn7u4ahu7nf6zlx30wclvd51um6s6p120070427JS0000000000000000001517', '2011-10-13 17:37:05', 3744, 'com.runwaysdk.system.metadata.MdParameter', 1, 'runwaysdk.com', NULL, NULL, '0000000000000000000000000000001000000000000000000000000000000003', '2011-10-13 17:37:05', 'com.runwaysdk.system.metadata.WebGroupFieldController.cancel.dto');
INSERT INTO metadata_parameter ( site_master, last_updated_by, create_date, seq, locked_by, entity_domain, created_by, type, last_update_date, key_name, owner, id, parent_id, child_id) VALUES ('runwaysdk.com', '0000000000000000000000000000001000000000000000000000000000000003', '2011-10-13 17:37:05', 3745, NULL, NULL, '0000000000000000000000000000001000000000000000000000000000000003', 'com.runwaysdk.system.MetadataParameter', '2011-10-13 17:37:05', 'com.runwaysdk.system.metadata.WebGroupFieldController.cancel.dto', '0000000000000000000000000000001000000000000000000000000000000003', 'z6q43s2mu9pmr2dwdeiom2vytjtlevxw20070427JS0000000000000000001524', '1pleiyvl2gdcw46x09yfnou9ne2toy3yNM200810110000000000000000000113', '2cn7u4ahu7nf6zlx30wclvd51um6s6p120070427JS0000000000000000001517');
INSERT INTO metadata_display_label ( default_locale, id, site_master, key_name) VALUES ('delete', 'y1ax0gl84uu8gfq3gkaqiyr5ctptw4fjNM200904120000000000000000000030', 'runwaysdk.com', 'y1ax0gl84uu8gfq3gkaqiyr5ctptw4fjNM200904120000000000000000000030');
INSERT INTO metadata_display_label ( default_locale, id, site_master, key_name) VALUES ('Delete an instance of com.runwaysdk.system.metadata.WebGroupField', 'zfut918dhngix2kn5m9zx3qjlfvx51ryNM200904120000000000000000000030', 'runwaysdk.com', 'zfut918dhngix2kn5m9zx3qjlfvx51ryNM200904120000000000000000000030');
INSERT INTO md_action ( is_query, enclosing_md_controller, is_post, action_name, display_label, id) VALUES (0, '0qaa40n87chagt74lwx841n56h4xkyp4NM200810110000000000000000000112', 1, 'delete', 'y1ax0gl84uu8gfq3gkaqiyr5ctptw4fjNM200904120000000000000000000030', '6wg2cn4hnu7jjhlt87oz5osdnovaxue3NM200810110000000000000000000113');
INSERT INTO metadata ( description, created_by, owner, id, create_date, seq, type, remove, site_master, locked_by, entity_domain, last_updated_by, last_update_date, key_name) VALUES ('zfut918dhngix2kn5m9zx3qjlfvx51ryNM200904120000000000000000000030', '0000000000000000000000000000001000000000000000000000000000000003', '0000000000000000000000000000001000000000000000000000000000000003', '6wg2cn4hnu7jjhlt87oz5osdnovaxue3NM200810110000000000000000000113', '2011-10-13 17:37:05', 3746, 'com.runwaysdk.system.metadata.MdAction', 1, 'runwaysdk.com', NULL, NULL, '0000000000000000000000000000001000000000000000000000000000000003', '2011-10-13 17:37:05', 'com.runwaysdk.system.metadata.WebGroupFieldController.delete');
INSERT INTO controller_action ( key_name, locked_by, id, owner, entity_domain, created_by, type, last_update_date, create_date, seq, last_updated_by, site_master, parent_id, child_id) VALUES ('com.runwaysdk.system.metadata.WebGroupFieldController.delete', NULL, '8s62h01vqgtgngxoif6zm2875rhzxtmpJS200807230000000000000000111111', '0000000000000000000000000000001000000000000000000000000000000003', NULL, '0000000000000000000000000000001000000000000000000000000000000003', 'com.runwaysdk.system.ControllerAction', '2011-10-13 17:37:05', '2011-10-13 17:37:05', 3747, '0000000000000000000000000000001000000000000000000000000000000003', 'runwaysdk.com', '0qaa40n87chagt74lwx841n56h4xkyp4NM200810110000000000000000000112', '6wg2cn4hnu7jjhlt87oz5osdnovaxue3NM200810110000000000000000000113');
INSERT INTO metadata_display_label ( default_locale, id, site_master, key_name) VALUES ('Parameter: com.runwaysdk.system.metadata.WebGroupField - dto', 'y1p97e1ut7qbnxzmjqci29s2sjrskd0rNM200904120000000000000000000030', 'runwaysdk.com', 'y1p97e1ut7qbnxzmjqci29s2sjrskd0rNM200904120000000000000000000030');
INSERT INTO metadata_display_label ( default_locale, id, site_master, key_name) VALUES ('com.runwaysdk.system.metadata.WebGroupField to delete', '6orrmp7oe2vtwi14aihpzcenx1x7xzfgNM200904120000000000000000000030', 'runwaysdk.com', '6orrmp7oe2vtwi14aihpzcenx1x7xzfgNM200904120000000000000000000030');
INSERT INTO md_parameter ( metadata, parameter_order, parameter_name, parameter_type, display_label, id) VALUES ('6wg2cn4hnu7jjhlt87oz5osdnovaxue3NM200810110000000000000000000113', 0, 'dto', 'com.runwaysdk.system.metadata.WebGroupField', 'y1p97e1ut7qbnxzmjqci29s2sjrskd0rNM200904120000000000000000000030', '272une5a79g6k08bh9p1bwh3rrscd1wx20070427JS0000000000000000001517');
INSERT INTO metadata ( description, created_by, owner, id, create_date, seq, type, remove, site_master, locked_by, entity_domain, last_updated_by, last_update_date, key_name) VALUES ('6orrmp7oe2vtwi14aihpzcenx1x7xzfgNM200904120000000000000000000030', '0000000000000000000000000000001000000000000000000000000000000003', '0000000000000000000000000000001000000000000000000000000000000003', '272une5a79g6k08bh9p1bwh3rrscd1wx20070427JS0000000000000000001517', '2011-10-13 17:37:05', 3748, 'com.runwaysdk.system.metadata.MdParameter', 1, 'runwaysdk.com', NULL, NULL, '0000000000000000000000000000001000000000000000000000000000000003', '2011-10-13 17:37:05', 'com.runwaysdk.system.metadata.WebGroupFieldController.delete.dto');
INSERT INTO metadata_parameter ( site_master, last_updated_by, create_date, seq, locked_by, entity_domain, created_by, type, last_update_date, key_name, owner, id, parent_id, child_id) VALUES ('runwaysdk.com', '0000000000000000000000000000001000000000000000000000000000000003', '2011-10-13 17:37:05', 3749, NULL, NULL, '0000000000000000000000000000001000000000000000000000000000000003', 'com.runwaysdk.system.MetadataParameter', '2011-10-13 17:37:05', 'com.runwaysdk.system.metadata.WebGroupFieldController.delete.dto', '0000000000000000000000000000001000000000000000000000000000000003', 'sial6ys5umm0gtonly3u9ebokqpsh6sm20070427JS0000000000000000001524', '6wg2cn4hnu7jjhlt87oz5osdnovaxue3NM200810110000000000000000000113', '272une5a79g6k08bh9p1bwh3rrscd1wx20070427JS0000000000000000001517');
INSERT INTO metadata_display_label ( default_locale, id, site_master, key_name) VALUES ('New Relationship', '0eiqmq0xxt4vqevn3odr2rd3t22xpxrrNM200904120000000000000000000030', 'runwaysdk.com', '0eiqmq0xxt4vqevn3odr2rd3t22xpxrrNM200904120000000000000000000030');
INSERT INTO metadata_display_label ( default_locale, id, site_master, key_name) VALUES ('Loads all relavent Parent and Child references into the request attribute for a new relationship', '8hxrpsemgr97alsipwmhspqbe8ikqsvyNM200904120000000000000000000030', 'runwaysdk.com', '8hxrpsemgr97alsipwmhspqbe8ikqsvyNM200904120000000000000000000030');
INSERT INTO md_action ( is_query, enclosing_md_controller, is_post, action_name, display_label, id) VALUES (0, '0qaa40n87chagt74lwx841n56h4xkyp4NM200810110000000000000000000112', 0, 'newRelationship', '0eiqmq0xxt4vqevn3odr2rd3t22xpxrrNM200904120000000000000000000030', 'xwx1yj1bslajwlull40hn127ate5sx78NM200810110000000000000000000113');
INSERT INTO metadata ( description, created_by, owner, id, create_date, seq, type, remove, site_master, locked_by, entity_domain, last_updated_by, last_update_date, key_name) VALUES ('8hxrpsemgr97alsipwmhspqbe8ikqsvyNM200904120000000000000000000030', '0000000000000000000000000000001000000000000000000000000000000003', '0000000000000000000000000000001000000000000000000000000000000003', 'xwx1yj1bslajwlull40hn127ate5sx78NM200810110000000000000000000113', '2011-10-13 17:37:05', 3750, 'com.runwaysdk.system.metadata.MdAction', 1, 'runwaysdk.com', NULL, NULL, '0000000000000000000000000000001000000000000000000000000000000003', '2011-10-13 17:37:05', 'com.runwaysdk.system.metadata.WebGroupFieldController.newRelationship');
INSERT INTO controller_action ( key_name, locked_by, id, owner, entity_domain, created_by, type, last_update_date, create_date, seq, last_updated_by, site_master, parent_id, child_id) VALUES ('com.runwaysdk.system.metadata.WebGroupFieldController.newRelationship', NULL, 'xdypffclrbj0scsc20xv9kjwbowwh8b7JS200807230000000000000000111111', '0000000000000000000000000000001000000000000000000000000000000003', NULL, '0000000000000000000000000000001000000000000000000000000000000003', 'com.runwaysdk.system.ControllerAction', '2011-10-13 17:37:05', '2011-10-13 17:37:05', 3751, '0000000000000000000000000000001000000000000000000000000000000003', 'runwaysdk.com', '0qaa40n87chagt74lwx841n56h4xkyp4NM200810110000000000000000000112', 'xwx1yj1bslajwlull40hn127ate5sx78NM200810110000000000000000000113');
INSERT INTO metadata_display_label ( default_locale, id, site_master, key_name) VALUES ('Parent Query', 'qpcg20rmy8y91rkyg57tfx61l4avbs5lNM200904120000000000000000000030', 'runwaysdk.com', 'qpcg20rmy8y91rkyg57tfx61l4avbs5lNM200904120000000000000000000030');
INSERT INTO metadata_display_label ( default_locale, id, site_master, key_name) VALUES (NULL, '6urha4u231zyd3tcta50yjivzqwmrhoqNM200904120000000000000000000030', 'runwaysdk.com', '6urha4u231zyd3tcta50yjivzqwmrhoqNM200904120000000000000000000030');
INSERT INTO md_action ( is_query, enclosing_md_controller, is_post, action_name, display_label, id) VALUES (0, '0qaa40n87chagt74lwx841n56h4xkyp4NM200810110000000000000000000112', 0, 'parentQuery', 'qpcg20rmy8y91rkyg57tfx61l4avbs5lNM200904120000000000000000000030', '8n7bmriofquuddvt7kvx17jthfxmaqu4NM200810110000000000000000000113');
INSERT INTO metadata ( description, created_by, owner, id, create_date, seq, type, remove, site_master, locked_by, entity_domain, last_updated_by, last_update_date, key_name) VALUES ('6urha4u231zyd3tcta50yjivzqwmrhoqNM200904120000000000000000000030', '0000000000000000000000000000001000000000000000000000000000000003', '0000000000000000000000000000001000000000000000000000000000000003', '8n7bmriofquuddvt7kvx17jthfxmaqu4NM200810110000000000000000000113', '2011-10-13 17:37:05', 3752, 'com.runwaysdk.system.metadata.MdAction', 1, 'runwaysdk.com', NULL, NULL, '0000000000000000000000000000001000000000000000000000000000000003', '2011-10-13 17:37:05', 'com.runwaysdk.system.metadata.WebGroupFieldController.parentQuery');
INSERT INTO controller_action ( key_name, locked_by, id, owner, entity_domain, created_by, type, last_update_date, create_date, seq, last_updated_by, site_master, parent_id, child_id) VALUES ('com.runwaysdk.system.metadata.WebGroupFieldController.parentQuery', NULL, '8nc4oo5l8bv5y8scnub0tif1nzz8hhqxJS200807230000000000000000111111', '0000000000000000000000000000001000000000000000000000000000000003', NULL, '0000000000000000000000000000001000000000000000000000000000000003', 'com.runwaysdk.system.ControllerAction', '2011-10-13 17:37:05', '2011-10-13 17:37:05', 3753, '0000000000000000000000000000001000000000000000000000000000000003', 'runwaysdk.com', '0qaa40n87chagt74lwx841n56h4xkyp4NM200810110000000000000000000112', '8n7bmriofquuddvt7kvx17jthfxmaqu4NM200810110000000000000000000113');
INSERT INTO metadata_display_label ( default_locale, id, site_master, key_name) VALUES ('Parent Parameter: com.runwaysdk.system.metadata.WebGroupField', '90a3s9afq5kdhjmovq15qx5l4wnyxbd8NM200904120000000000000000000030', 'runwaysdk.com', '90a3s9afq5kdhjmovq15qx5l4wnyxbd8NM200904120000000000000000000030');
INSERT INTO metadata_display_label ( default_locale, id, site_master, key_name) VALUES (NULL, '000jjakir5xvz8qbdvknolsxopqm6c87NM200904120000000000000000000030', 'runwaysdk.com', '000jjakir5xvz8qbdvknolsxopqm6c87NM200904120000000000000000000030');
INSERT INTO md_parameter ( metadata, parameter_order, parameter_name, parameter_type, display_label, id) VALUES ('8n7bmriofquuddvt7kvx17jthfxmaqu4NM200810110000000000000000000113', 0, 'parentId', 'java.lang.String', '90a3s9afq5kdhjmovq15qx5l4wnyxbd8NM200904120000000000000000000030', 'r4uc0m2monb3pmzj5l9o7jivrm2ull5s20070427JS0000000000000000001517');
INSERT INTO metadata ( description, created_by, owner, id, create_date, seq, type, remove, site_master, locked_by, entity_domain, last_updated_by, last_update_date, key_name) VALUES ('000jjakir5xvz8qbdvknolsxopqm6c87NM200904120000000000000000000030', '0000000000000000000000000000001000000000000000000000000000000003', '0000000000000000000000000000001000000000000000000000000000000003', 'r4uc0m2monb3pmzj5l9o7jivrm2ull5s20070427JS0000000000000000001517', '2011-10-13 17:37:05', 3754, 'com.runwaysdk.system.metadata.MdParameter', 1, 'runwaysdk.com', NULL, NULL, '0000000000000000000000000000001000000000000000000000000000000003', '2011-10-13 17:37:05', 'com.runwaysdk.system.metadata.WebGroupFieldController.parentQuery.parentId');
INSERT INTO metadata_parameter ( site_master, last_updated_by, create_date, seq, locked_by, entity_domain, created_by, type, last_update_date, key_name, owner, id, parent_id, child_id) VALUES ('runwaysdk.com', '0000000000000000000000000000001000000000000000000000000000000003', '2011-10-13 17:37:05', 3755, NULL, NULL, '0000000000000000000000000000001000000000000000000000000000000003', 'com.runwaysdk.system.MetadataParameter', '2011-10-13 17:37:05', 'com.runwaysdk.system.metadata.WebGroupFieldController.parentQuery.parentId', '0000000000000000000000000000001000000000000000000000000000000003', 'xrdo3jw6aet778wr7766apxtewvow45h20070427JS0000000000000000001524', '8n7bmriofquuddvt7kvx17jthfxmaqu4NM200810110000000000000000000113', 'r4uc0m2monb3pmzj5l9o7jivrm2ull5s20070427JS0000000000000000001517');
INSERT INTO metadata_display_label ( default_locale, id, site_master, key_name) VALUES ('Child Query', '08j1w4x4grls5rzl4t0f3okiyj2utzmzNM200904120000000000000000000030', 'runwaysdk.com', '08j1w4x4grls5rzl4t0f3okiyj2utzmzNM200904120000000000000000000030');
INSERT INTO metadata_display_label ( default_locale, id, site_master, key_name) VALUES ('Returns all instances of this relationship with the given child', 'srv1gajxpv681du53d609ev2eb7nwiknNM200904120000000000000000000030', 'runwaysdk.com', 'srv1gajxpv681du53d609ev2eb7nwiknNM200904120000000000000000000030');
INSERT INTO md_action ( is_query, enclosing_md_controller, is_post, action_name, display_label, id) VALUES (0, '0qaa40n87chagt74lwx841n56h4xkyp4NM200810110000000000000000000112', 0, 'childQuery', '08j1w4x4grls5rzl4t0f3okiyj2utzmzNM200904120000000000000000000030', '6tgx3dv43m7wooay69xl8431hhabnxcrNM200810110000000000000000000113');
INSERT INTO metadata ( description, created_by, owner, id, create_date, seq, type, remove, site_master, locked_by, entity_domain, last_updated_by, last_update_date, key_name) VALUES ('srv1gajxpv681du53d609ev2eb7nwiknNM200904120000000000000000000030', '0000000000000000000000000000001000000000000000000000000000000003', '0000000000000000000000000000001000000000000000000000000000000003', '6tgx3dv43m7wooay69xl8431hhabnxcrNM200810110000000000000000000113', '2011-10-13 17:37:05', 3756, 'com.runwaysdk.system.metadata.MdAction', 1, 'runwaysdk.com', NULL, NULL, '0000000000000000000000000000001000000000000000000000000000000003', '2011-10-13 17:37:05', 'com.runwaysdk.system.metadata.WebGroupFieldController.childQuery');
INSERT INTO controller_action ( key_name, locked_by, id, owner, entity_domain, created_by, type, last_update_date, create_date, seq, last_updated_by, site_master, parent_id, child_id) VALUES ('com.runwaysdk.system.metadata.WebGroupFieldController.childQuery', NULL, 't15c44fw1ht2u3x4tjizxp2mmc297yghJS200807230000000000000000111111', '0000000000000000000000000000001000000000000000000000000000000003', NULL, '0000000000000000000000000000001000000000000000000000000000000003', 'com.runwaysdk.system.ControllerAction', '2011-10-13 17:37:05', '2011-10-13 17:37:05', 3757, '0000000000000000000000000000001000000000000000000000000000000003', 'runwaysdk.com', '0qaa40n87chagt74lwx841n56h4xkyp4NM200810110000000000000000000112', '6tgx3dv43m7wooay69xl8431hhabnxcrNM200810110000000000000000000113');
INSERT INTO metadata_display_label ( default_locale, id, site_master, key_name) VALUES ('Child Parameter: com.runwaysdk.system.metadata.WebGroupField', '02bqfv81mtsyqlwet7nvcxssxqhfp7aiNM200904120000000000000000000030', 'runwaysdk.com', '02bqfv81mtsyqlwet7nvcxssxqhfp7aiNM200904120000000000000000000030');
INSERT INTO metadata_display_label ( default_locale, id, site_master, key_name) VALUES ('Child of the Relationship', '6yy0q93fhpgb1heysnqr032ul6x95yo5NM200904120000000000000000000030', 'runwaysdk.com', '6yy0q93fhpgb1heysnqr032ul6x95yo5NM200904120000000000000000000030');
INSERT INTO md_parameter ( metadata, parameter_order, parameter_name, parameter_type, display_label, id) VALUES ('6tgx3dv43m7wooay69xl8431hhabnxcrNM200810110000000000000000000113', 1, 'childId', 'java.lang.String', '02bqfv81mtsyqlwet7nvcxssxqhfp7aiNM200904120000000000000000000030', 'rdrzsr6lrr9upa7pgd1z8xbc9483jw3k20070427JS0000000000000000001517');
INSERT INTO metadata ( description, created_by, owner, id, create_date, seq, type, remove, site_master, locked_by, entity_domain, last_updated_by, last_update_date, key_name) VALUES ('6yy0q93fhpgb1heysnqr032ul6x95yo5NM200904120000000000000000000030', '0000000000000000000000000000001000000000000000000000000000000003', '0000000000000000000000000000001000000000000000000000000000000003', 'rdrzsr6lrr9upa7pgd1z8xbc9483jw3k20070427JS0000000000000000001517', '2011-10-13 17:37:05', 3758, 'com.runwaysdk.system.metadata.MdParameter', 1, 'runwaysdk.com', NULL, NULL, '0000000000000000000000000000001000000000000000000000000000000003', '2011-10-13 17:37:05', 'com.runwaysdk.system.metadata.WebGroupFieldController.childQuery.childId');
INSERT INTO metadata_parameter ( site_master, last_updated_by, create_date, seq, locked_by, entity_domain, created_by, type, last_update_date, key_name, owner, id, parent_id, child_id) VALUES ('runwaysdk.com', '0000000000000000000000000000001000000000000000000000000000000003', '2011-10-13 17:37:05', 3759, NULL, NULL, '0000000000000000000000000000001000000000000000000000000000000003', 'com.runwaysdk.system.MetadataParameter', '2011-10-13 17:37:05', 'com.runwaysdk.system.metadata.WebGroupFieldController.childQuery.childId', '0000000000000000000000000000001000000000000000000000000000000003', 'zo49bx6ab5hak3wfuc13z870y6dctncb20070427JS0000000000000000001524', '6tgx3dv43m7wooay69xl8431hhabnxcrNM200810110000000000000000000113', 'rdrzsr6lrr9upa7pgd1z8xbc9483jw3k20070427JS0000000000000000001517');
INSERT INTO relationship_inheritance ( id, parent_id, child_id) VALUES ('z0pbftuy4rp0hexd2ac8bsg2d35mj26120070926NM0000000000000000000010', '0000000000000000000000000000056320060824000000000000000000000011', 'syf39y24fzdk2nwdyjrzdu5bawe8b6nt20060824000000000000000000000011');
INSERT INTO class_inheritance ( id, parent_id, child_id) VALUES ('z0pbftuy4rp0hexd2ac8bsg2d35mj26120070926NM0000000000000000000010', '0000000000000000000000000000056320060824000000000000000000000011', 'syf39y24fzdk2nwdyjrzdu5bawe8b6nt20060824000000000000000000000011');
INSERT INTO metadata_relationship ( entity_domain, site_master, last_updated_by, id, owner, locked_by, create_date, type, created_by, seq, key_name, last_update_date, parent_id, child_id) VALUES (NULL, 'runwaysdk.com', '0000000000000000000000000000001000000000000000000000000000000003', 'z0pbftuy4rp0hexd2ac8bsg2d35mj26120070926NM0000000000000000000010', '0000000000000000000000000000001000000000000000000000000000000003', NULL, '2011-10-13 17:37:05', 'com.runwaysdk.system.metadata.RelationshipInheritance', '0000000000000000000000000000001000000000000000000000000000000003', 3760, 'z0pbftuy4rp0hexd2ac8bsg2d35mj26120070926NM0000000000000000000010', '2011-10-13 17:37:05', '0000000000000000000000000000056320060824000000000000000000000011', 'syf39y24fzdk2nwdyjrzdu5bawe8b6nt20060824000000000000000000000011');
 INSERT INTO class_cache (set_id, item_id)  VALUES  ('1pp56ebphyph0kmbpnthrys3lar0j725', '0000000000000000000000000000023100000000000000000000000000000222');
INSERT INTO metadata_display_label ( default_locale, id, site_master, key_name) VALUES ('Group', '92rfm12ql50zmz7vbs8y3wv41xdt53czNM200904120000000000000000000030', 'runwaysdk.com', '92rfm12ql50zmz7vbs8y3wv41xdt53czNM200904120000000000000000000030');
INSERT INTO metadata_display_label ( default_locale, id, site_master, key_name) VALUES ('Group', '8x0s24iairc1s0vjraapi1d8xx5jqek4NM200904120000000000000000000030', 'runwaysdk.com', '8x0s24iairc1s0vjraapi1d8xx5jqek4NM200904120000000000000000000030');
INSERT INTO md_business ( cache_algorithm, cache_algorithm_c, super_md_business, id) VALUES ('1pp56ebphyph0kmbpnthrys3lar0j725', '0000000000000000000000000000023100000000000000000000000000000222', 'zlh9ev85l10442ji8z9ync4di5f53zz100000000000000000000000000000001', '6z98jstw9mizd95fb1wpau8ifa2j1uro00000000000000000000000000000001');
INSERT INTO md_element ( extendable, is_abstract, id) VALUES (1, 0, '6z98jstw9mizd95fb1wpau8ifa2j1uro00000000000000000000000000000001');
INSERT INTO md_entity ( query_dto_source, query_source, cache_size, enforce_site_master, table_name, id) VALUES (NULL, NULL, 0, 1, 'md_mobile_group', '6z98jstw9mizd95fb1wpau8ifa2j1uro00000000000000000000000000000001');
INSERT INTO md_class ( publish, stub_dto_source, stub_source, id) VALUES (1, NULL, NULL, '6z98jstw9mizd95fb1wpau8ifa2j1uro00000000000000000000000000000001');
INSERT INTO md_type ( display_label, root_id, package_name, type_name, base_source, js_base, js_stub, exported, dto_source, id) VALUES ('92rfm12ql50zmz7vbs8y3wv41xdt53czNM200904120000000000000000000030', '6z98jstw9mizd95fb1wpau8ifa2j1uro', 'com.runwaysdk.system.metadata', 'MdMobileGroup', NULL, NULL, NULL, 1, NULL, '6z98jstw9mizd95fb1wpau8ifa2j1uro00000000000000000000000000000001');
INSERT INTO metadata ( description, created_by, owner, id, create_date, seq, type, remove, site_master, locked_by, entity_domain, last_updated_by, last_update_date, key_name) VALUES ('8x0s24iairc1s0vjraapi1d8xx5jqek4NM200904120000000000000000000030', '0000000000000000000000000000001000000000000000000000000000000003', '0000000000000000000000000000001000000000000000000000000000000003', '6z98jstw9mizd95fb1wpau8ifa2j1uro00000000000000000000000000000001', '2011-10-13 17:37:05', 3761, 'com.runwaysdk.system.metadata.MdBusiness', 1, 'runwaysdk.com', NULL, NULL, '0000000000000000000000000000001000000000000000000000000000000003', '2011-10-13 17:37:05', 'com.runwaysdk.system.metadata.MdMobileGroup');
CREATE TABLE md_mobile_group ( id CHAR(64) NOT NULL PRIMARY KEY );
INSERT INTO metadata_display_label ( default_locale, id, site_master, key_name) VALUES (NULL, '93jmgv3bfx6x16pt28qvatxx90yz0i6zNM200904120000000000000000000030', 'runwaysdk.com', '93jmgv3bfx6x16pt28qvatxx90yz0i6zNM200904120000000000000000000030');
INSERT INTO metadata_display_label ( default_locale, id, site_master, key_name) VALUES (NULL, 'z3eyyhceptgzi7do7rhnz33jqaoc4bpnNM200904120000000000000000000030', 'runwaysdk.com', 'z3eyyhceptgzi7do7rhnz33jqaoc4bpnNM200904120000000000000000000030');
INSERT INTO md_controller ( stub_source, id) VALUES (NULL, '8faj0e959gl33l6wxpov6k4u5xeks67sNM200810110000000000000000000112');
INSERT INTO md_type ( display_label, root_id, package_name, type_name, base_source, js_base, js_stub, exported, dto_source, id) VALUES ('93jmgv3bfx6x16pt28qvatxx90yz0i6zNM200904120000000000000000000030', '8faj0e959gl33l6wxpov6k4u5xeks67s', 'com.runwaysdk.system.metadata', 'MdMobileGroupController', NULL, NULL, NULL, 1, NULL, '8faj0e959gl33l6wxpov6k4u5xeks67sNM200810110000000000000000000112');
INSERT INTO metadata ( description, created_by, owner, id, create_date, seq, type, remove, site_master, locked_by, entity_domain, last_updated_by, last_update_date, key_name) VALUES ('z3eyyhceptgzi7do7rhnz33jqaoc4bpnNM200904120000000000000000000030', '0000000000000000000000000000001000000000000000000000000000000003', '0000000000000000000000000000001000000000000000000000000000000003', '8faj0e959gl33l6wxpov6k4u5xeks67sNM200810110000000000000000000112', '2011-10-13 17:37:05', 3762, 'com.runwaysdk.system.metadata.MdController', 1, 'runwaysdk.com', NULL, NULL, '0000000000000000000000000000001000000000000000000000000000000003', '2011-10-13 17:37:05', 'com.runwaysdk.system.metadata.MdMobileGroupController');
INSERT INTO metadata_display_label ( default_locale, id, site_master, key_name) VALUES ('View Page', 'qlynytiqlv8ifb0ay1n1ebbe8e85ic1sNM200904120000000000000000000030', 'runwaysdk.com', 'qlynytiqlv8ifb0ay1n1ebbe8e85ic1sNM200904120000000000000000000030');
INSERT INTO metadata_display_label ( default_locale, id, site_master, key_name) VALUES ('Loads a ViewAll query for a specific page into the request object', '932xvq91i79q58zc5vt1wc246ioosclgNM200904120000000000000000000030', 'runwaysdk.com', '932xvq91i79q58zc5vt1wc246ioosclgNM200904120000000000000000000030');
INSERT INTO md_action ( is_query, enclosing_md_controller, is_post, action_name, display_label, id) VALUES (1, '8faj0e959gl33l6wxpov6k4u5xeks67sNM200810110000000000000000000112', 0, 'viewPage', 'qlynytiqlv8ifb0ay1n1ebbe8e85ic1sNM200904120000000000000000000030', '73n2cunhj8gw0bmg79zb8ujyfwedfoquNM200810110000000000000000000113');
INSERT INTO metadata ( description, created_by, owner, id, create_date, seq, type, remove, site_master, locked_by, entity_domain, last_updated_by, last_update_date, key_name) VALUES ('932xvq91i79q58zc5vt1wc246ioosclgNM200904120000000000000000000030', '0000000000000000000000000000001000000000000000000000000000000003', '0000000000000000000000000000001000000000000000000000000000000003', '73n2cunhj8gw0bmg79zb8ujyfwedfoquNM200810110000000000000000000113', '2011-10-13 17:37:05', 3763, 'com.runwaysdk.system.metadata.MdAction', 1, 'runwaysdk.com', NULL, NULL, '0000000000000000000000000000001000000000000000000000000000000003', '2011-10-13 17:37:05', 'com.runwaysdk.system.metadata.MdMobileGroupController.viewPage');
INSERT INTO controller_action ( key_name, locked_by, id, owner, entity_domain, created_by, type, last_update_date, create_date, seq, last_updated_by, site_master, parent_id, child_id) VALUES ('com.runwaysdk.system.metadata.MdMobileGroupController.viewPage', NULL, '2ar90sfdpwwy4z5dqzacy98rfg915x1zJS200807230000000000000000111111', '0000000000000000000000000000001000000000000000000000000000000003', NULL, '0000000000000000000000000000001000000000000000000000000000000003', 'com.runwaysdk.system.ControllerAction', '2011-10-13 17:37:05', '2011-10-13 17:37:05', 3764, '0000000000000000000000000000001000000000000000000000000000000003', 'runwaysdk.com', '8faj0e959gl33l6wxpov6k4u5xeks67sNM200810110000000000000000000112', '73n2cunhj8gw0bmg79zb8ujyfwedfoquNM200810110000000000000000000113');
INSERT INTO metadata_display_label ( default_locale, id, site_master, key_name) VALUES ('Sort Attribute', 'slz7heldg22twfazowbdms0ixdxft08cNM200904120000000000000000000030', 'runwaysdk.com', 'slz7heldg22twfazowbdms0ixdxft08cNM200904120000000000000000000030');
INSERT INTO metadata_display_label ( default_locale, id, site_master, key_name) VALUES (NULL, 'yx0un9vfsukvon2siz8ohym2ltl2opezNM200904120000000000000000000030', 'runwaysdk.com', 'yx0un9vfsukvon2siz8ohym2ltl2opezNM200904120000000000000000000030');
INSERT INTO md_parameter ( metadata, parameter_order, parameter_name, parameter_type, display_label, id) VALUES ('73n2cunhj8gw0bmg79zb8ujyfwedfoquNM200810110000000000000000000113', -4, 'sortAttribute', 'java.lang.String', 'slz7heldg22twfazowbdms0ixdxft08cNM200904120000000000000000000030', '0cvcpygici7m2c5u5h6sx8pl5bslo67320070427JS0000000000000000001517');
INSERT INTO metadata ( description, created_by, owner, id, create_date, seq, type, remove, site_master, locked_by, entity_domain, last_updated_by, last_update_date, key_name) VALUES ('yx0un9vfsukvon2siz8ohym2ltl2opezNM200904120000000000000000000030', '0000000000000000000000000000001000000000000000000000000000000003', '0000000000000000000000000000001000000000000000000000000000000003', '0cvcpygici7m2c5u5h6sx8pl5bslo67320070427JS0000000000000000001517', '2011-10-13 17:37:05', 3765, 'com.runwaysdk.system.metadata.MdParameter', 1, 'runwaysdk.com', NULL, NULL, '0000000000000000000000000000001000000000000000000000000000000003', '2011-10-13 17:37:05', 'com.runwaysdk.system.metadata.MdMobileGroupController.viewPage.sortAttribute');
INSERT INTO metadata_parameter ( site_master, last_updated_by, create_date, seq, locked_by, entity_domain, created_by, type, last_update_date, key_name, owner, id, parent_id, child_id) VALUES ('runwaysdk.com', '0000000000000000000000000000001000000000000000000000000000000003', '2011-10-13 17:37:05', 3766, NULL, NULL, '0000000000000000000000000000001000000000000000000000000000000003', 'com.runwaysdk.system.MetadataParameter', '2011-10-13 17:37:05', 'com.runwaysdk.system.metadata.MdMobileGroupController.viewPage.sortAttribute', '0000000000000000000000000000001000000000000000000000000000000003', 'sd6gwr9yzr1htiweu08knbm86gyc2w6k20070427JS0000000000000000001524', '73n2cunhj8gw0bmg79zb8ujyfwedfoquNM200810110000000000000000000113', '0cvcpygici7m2c5u5h6sx8pl5bslo67320070427JS0000000000000000001517');
INSERT INTO metadata_display_label ( default_locale, id, site_master, key_name) VALUES ('Is Ascending', '0eq9yhech73tjwvf8eqo4mm66puqt525NM200904120000000000000000000030', 'runwaysdk.com', '0eq9yhech73tjwvf8eqo4mm66puqt525NM200904120000000000000000000030');
INSERT INTO metadata_display_label ( default_locale, id, site_master, key_name) VALUES (NULL, 'qtwg0escyfxzfncplhu1c9j2e2n0ae1hNM200904120000000000000000000030', 'runwaysdk.com', 'qtwg0escyfxzfncplhu1c9j2e2n0ae1hNM200904120000000000000000000030');
INSERT INTO md_parameter ( metadata, parameter_order, parameter_name, parameter_type, display_label, id) VALUES ('73n2cunhj8gw0bmg79zb8ujyfwedfoquNM200810110000000000000000000113', -3, 'isAscending', 'java.lang.Boolean', '0eq9yhech73tjwvf8eqo4mm66puqt525NM200904120000000000000000000030', '0q85d8ujto6o6pyxscu01mtwtk38qatk20070427JS0000000000000000001517');
INSERT INTO metadata ( description, created_by, owner, id, create_date, seq, type, remove, site_master, locked_by, entity_domain, last_updated_by, last_update_date, key_name) VALUES ('qtwg0escyfxzfncplhu1c9j2e2n0ae1hNM200904120000000000000000000030', '0000000000000000000000000000001000000000000000000000000000000003', '0000000000000000000000000000001000000000000000000000000000000003', '0q85d8ujto6o6pyxscu01mtwtk38qatk20070427JS0000000000000000001517', '2011-10-13 17:37:05', 3767, 'com.runwaysdk.system.metadata.MdParameter', 1, 'runwaysdk.com', NULL, NULL, '0000000000000000000000000000001000000000000000000000000000000003', '2011-10-13 17:37:05', 'com.runwaysdk.system.metadata.MdMobileGroupController.viewPage.isAscending');
INSERT INTO metadata_parameter ( site_master, last_updated_by, create_date, seq, locked_by, entity_domain, created_by, type, last_update_date, key_name, owner, id, parent_id, child_id) VALUES ('runwaysdk.com', '0000000000000000000000000000001000000000000000000000000000000003', '2011-10-13 17:37:05', 3768, NULL, NULL, '0000000000000000000000000000001000000000000000000000000000000003', 'com.runwaysdk.system.MetadataParameter', '2011-10-13 17:37:05', 'com.runwaysdk.system.metadata.MdMobileGroupController.viewPage.isAscending', '0000000000000000000000000000001000000000000000000000000000000003', '71n1y8xyev14ky3sy2o2iv1f4palosq420070427JS0000000000000000001524', '73n2cunhj8gw0bmg79zb8ujyfwedfoquNM200810110000000000000000000113', '0q85d8ujto6o6pyxscu01mtwtk38qatk20070427JS0000000000000000001517');
INSERT INTO metadata_display_label ( default_locale, id, site_master, key_name) VALUES ('Page Size', 'qkzf6lzaw7zbq6wbnhx2dwpt1jjo94loNM200904120000000000000000000030', 'runwaysdk.com', 'qkzf6lzaw7zbq6wbnhx2dwpt1jjo94loNM200904120000000000000000000030');
INSERT INTO metadata_display_label ( default_locale, id, site_master, key_name) VALUES (NULL, '78lcbawzzvvoe3gjup91sya0kxrqhhwhNM200904120000000000000000000030', 'runwaysdk.com', '78lcbawzzvvoe3gjup91sya0kxrqhhwhNM200904120000000000000000000030');
INSERT INTO md_parameter ( metadata, parameter_order, parameter_name, parameter_type, display_label, id) VALUES ('73n2cunhj8gw0bmg79zb8ujyfwedfoquNM200810110000000000000000000113', -2, 'pageSize', 'java.lang.Integer', 'qkzf6lzaw7zbq6wbnhx2dwpt1jjo94loNM200904120000000000000000000030', 'qr8nrm2wrxb47406jlozm4tbkz4qvat420070427JS0000000000000000001517');
INSERT INTO metadata ( description, created_by, owner, id, create_date, seq, type, remove, site_master, locked_by, entity_domain, last_updated_by, last_update_date, key_name) VALUES ('78lcbawzzvvoe3gjup91sya0kxrqhhwhNM200904120000000000000000000030', '0000000000000000000000000000001000000000000000000000000000000003', '0000000000000000000000000000001000000000000000000000000000000003', 'qr8nrm2wrxb47406jlozm4tbkz4qvat420070427JS0000000000000000001517', '2011-10-13 17:37:05', 3769, 'com.runwaysdk.system.metadata.MdParameter', 1, 'runwaysdk.com', NULL, NULL, '0000000000000000000000000000001000000000000000000000000000000003', '2011-10-13 17:37:05', 'com.runwaysdk.system.metadata.MdMobileGroupController.viewPage.pageSize');
INSERT INTO metadata_parameter ( site_master, last_updated_by, create_date, seq, locked_by, entity_domain, created_by, type, last_update_date, key_name, owner, id, parent_id, child_id) VALUES ('runwaysdk.com', '0000000000000000000000000000001000000000000000000000000000000003', '2011-10-13 17:37:05', 3770, NULL, NULL, '0000000000000000000000000000001000000000000000000000000000000003', 'com.runwaysdk.system.MetadataParameter', '2011-10-13 17:37:05', 'com.runwaysdk.system.metadata.MdMobileGroupController.viewPage.pageSize', '0000000000000000000000000000001000000000000000000000000000000003', '8wmb6qcyn7y08kwv0yzz7imb4vyeaobv20070427JS0000000000000000001524', '73n2cunhj8gw0bmg79zb8ujyfwedfoquNM200810110000000000000000000113', 'qr8nrm2wrxb47406jlozm4tbkz4qvat420070427JS0000000000000000001517');
INSERT INTO metadata_display_label ( default_locale, id, site_master, key_name) VALUES ('Page Number', 'r8bsv86qz063hkyoo8c6gvc4fhzj24lzNM200904120000000000000000000030', 'runwaysdk.com', 'r8bsv86qz063hkyoo8c6gvc4fhzj24lzNM200904120000000000000000000030');
INSERT INTO metadata_display_label ( default_locale, id, site_master, key_name) VALUES (NULL, '26stepmaviy1oacb0f04l1rrmwqm3iklNM200904120000000000000000000030', 'runwaysdk.com', '26stepmaviy1oacb0f04l1rrmwqm3iklNM200904120000000000000000000030');
INSERT INTO md_parameter ( metadata, parameter_order, parameter_name, parameter_type, display_label, id) VALUES ('73n2cunhj8gw0bmg79zb8ujyfwedfoquNM200810110000000000000000000113', -1, 'pageNumber', 'java.lang.Integer', 'r8bsv86qz063hkyoo8c6gvc4fhzj24lzNM200904120000000000000000000030', '2a0xenyrmcdkp1nb2ounenf1wd30y7lr20070427JS0000000000000000001517');
INSERT INTO metadata ( description, created_by, owner, id, create_date, seq, type, remove, site_master, locked_by, entity_domain, last_updated_by, last_update_date, key_name) VALUES ('26stepmaviy1oacb0f04l1rrmwqm3iklNM200904120000000000000000000030', '0000000000000000000000000000001000000000000000000000000000000003', '0000000000000000000000000000001000000000000000000000000000000003', '2a0xenyrmcdkp1nb2ounenf1wd30y7lr20070427JS0000000000000000001517', '2011-10-13 17:37:05', 3771, 'com.runwaysdk.system.metadata.MdParameter', 1, 'runwaysdk.com', NULL, NULL, '0000000000000000000000000000001000000000000000000000000000000003', '2011-10-13 17:37:05', 'com.runwaysdk.system.metadata.MdMobileGroupController.viewPage.pageNumber');
INSERT INTO metadata_parameter ( site_master, last_updated_by, create_date, seq, locked_by, entity_domain, created_by, type, last_update_date, key_name, owner, id, parent_id, child_id) VALUES ('runwaysdk.com', '0000000000000000000000000000001000000000000000000000000000000003', '2011-10-13 17:37:05', 3772, NULL, NULL, '0000000000000000000000000000001000000000000000000000000000000003', 'com.runwaysdk.system.MetadataParameter', '2011-10-13 17:37:05', 'com.runwaysdk.system.metadata.MdMobileGroupController.viewPage.pageNumber', '0000000000000000000000000000001000000000000000000000000000000003', '1uejfpvhd7risd0vakr5dj9govhjdpdg20070427JS0000000000000000001524', '73n2cunhj8gw0bmg79zb8ujyfwedfoquNM200810110000000000000000000113', '2a0xenyrmcdkp1nb2ounenf1wd30y7lr20070427JS0000000000000000001517');
INSERT INTO metadata_display_label ( default_locale, id, site_master, key_name) VALUES ('View All', '0ru7feq9nc8dcb0pdkx9m5k8j9zgpesiNM200904120000000000000000000030', 'runwaysdk.com', '0ru7feq9nc8dcb0pdkx9m5k8j9zgpesiNM200904120000000000000000000030');
INSERT INTO metadata_display_label ( default_locale, id, site_master, key_name) VALUES ('Loads a ViewAll query with the default settings', '0maglgz4o54jezsijj5ewfxsdlm16o5hNM200904120000000000000000000030', 'runwaysdk.com', '0maglgz4o54jezsijj5ewfxsdlm16o5hNM200904120000000000000000000030');
INSERT INTO md_action ( is_query, enclosing_md_controller, is_post, action_name, display_label, id) VALUES (0, '8faj0e959gl33l6wxpov6k4u5xeks67sNM200810110000000000000000000112', 0, 'viewAll', '0ru7feq9nc8dcb0pdkx9m5k8j9zgpesiNM200904120000000000000000000030', 'spmyxgiija9awejfb3sk2al8tez9ll1yNM200810110000000000000000000113');
INSERT INTO metadata ( description, created_by, owner, id, create_date, seq, type, remove, site_master, locked_by, entity_domain, last_updated_by, last_update_date, key_name) VALUES ('0maglgz4o54jezsijj5ewfxsdlm16o5hNM200904120000000000000000000030', '0000000000000000000000000000001000000000000000000000000000000003', '0000000000000000000000000000001000000000000000000000000000000003', 'spmyxgiija9awejfb3sk2al8tez9ll1yNM200810110000000000000000000113', '2011-10-13 17:37:05', 3773, 'com.runwaysdk.system.metadata.MdAction', 1, 'runwaysdk.com', NULL, NULL, '0000000000000000000000000000001000000000000000000000000000000003', '2011-10-13 17:37:05', 'com.runwaysdk.system.metadata.MdMobileGroupController.viewAll');
INSERT INTO controller_action ( key_name, locked_by, id, owner, entity_domain, created_by, type, last_update_date, create_date, seq, last_updated_by, site_master, parent_id, child_id) VALUES ('com.runwaysdk.system.metadata.MdMobileGroupController.viewAll', NULL, '8zvuyv7hkh1nw7gcx13tc4ttmgoc88h4JS200807230000000000000000111111', '0000000000000000000000000000001000000000000000000000000000000003', NULL, '0000000000000000000000000000001000000000000000000000000000000003', 'com.runwaysdk.system.ControllerAction', '2011-10-13 17:37:05', '2011-10-13 17:37:05', 3774, '0000000000000000000000000000001000000000000000000000000000000003', 'runwaysdk.com', '8faj0e959gl33l6wxpov6k4u5xeks67sNM200810110000000000000000000112', 'spmyxgiija9awejfb3sk2al8tez9ll1yNM200810110000000000000000000113');
INSERT INTO metadata_display_label ( default_locale, id, site_master, key_name) VALUES ('View', '043rtbke5ouzcpucmtbr908926hngavtNM200904120000000000000000000030', 'runwaysdk.com', '043rtbke5ouzcpucmtbr908926hngavtNM200904120000000000000000000030');
INSERT INTO metadata_display_label ( default_locale, id, site_master, key_name) VALUES ('View an existing instance of com.runwaysdk.system.metadata.MdMobileGroup', '6z9b1kl9um4ry9tprpv47ibjv4mb3mgcNM200904120000000000000000000030', 'runwaysdk.com', '6z9b1kl9um4ry9tprpv47ibjv4mb3mgcNM200904120000000000000000000030');
INSERT INTO md_action ( is_query, enclosing_md_controller, is_post, action_name, display_label, id) VALUES (0, '8faj0e959gl33l6wxpov6k4u5xeks67sNM200810110000000000000000000112', 0, 'view', '043rtbke5ouzcpucmtbr908926hngavtNM200904120000000000000000000030', 'xn2114ii8near3jqyfhrxwolg5qxm7zgNM200810110000000000000000000113');
INSERT INTO metadata ( description, created_by, owner, id, create_date, seq, type, remove, site_master, locked_by, entity_domain, last_updated_by, last_update_date, key_name) VALUES ('6z9b1kl9um4ry9tprpv47ibjv4mb3mgcNM200904120000000000000000000030', '0000000000000000000000000000001000000000000000000000000000000003', '0000000000000000000000000000001000000000000000000000000000000003', 'xn2114ii8near3jqyfhrxwolg5qxm7zgNM200810110000000000000000000113', '2011-10-13 17:37:05', 3775, 'com.runwaysdk.system.metadata.MdAction', 1, 'runwaysdk.com', NULL, NULL, '0000000000000000000000000000001000000000000000000000000000000003', '2011-10-13 17:37:05', 'com.runwaysdk.system.metadata.MdMobileGroupController.view');
INSERT INTO controller_action ( key_name, locked_by, id, owner, entity_domain, created_by, type, last_update_date, create_date, seq, last_updated_by, site_master, parent_id, child_id) VALUES ('com.runwaysdk.system.metadata.MdMobileGroupController.view', NULL, '25e68lv47fxblql4c9i8mom9ufp5adrgJS200807230000000000000000111111', '0000000000000000000000000000001000000000000000000000000000000003', NULL, '0000000000000000000000000000001000000000000000000000000000000003', 'com.runwaysdk.system.ControllerAction', '2011-10-13 17:37:05', '2011-10-13 17:37:05', 3776, '0000000000000000000000000000001000000000000000000000000000000003', 'runwaysdk.com', '8faj0e959gl33l6wxpov6k4u5xeks67sNM200810110000000000000000000112', 'xn2114ii8near3jqyfhrxwolg5qxm7zgNM200810110000000000000000000113');
INSERT INTO metadata_display_label ( default_locale, id, site_master, key_name) VALUES ('Parameter: com.runwaysdk.system.metadata.MdMobileGroup - id', '0dpweudhj4fyax2ri11uq10qixu72qffNM200904120000000000000000000030', 'runwaysdk.com', '0dpweudhj4fyax2ri11uq10qixu72qffNM200904120000000000000000000030');
INSERT INTO metadata_display_label ( default_locale, id, site_master, key_name) VALUES ('Id of com.runwaysdk.system.metadata.MdMobileGroup to view.', '0o5j11tkcudgp3egxsnoqei3bab8fakbNM200904120000000000000000000030', 'runwaysdk.com', '0o5j11tkcudgp3egxsnoqei3bab8fakbNM200904120000000000000000000030');
INSERT INTO md_parameter ( metadata, parameter_order, parameter_name, parameter_type, display_label, id) VALUES ('xn2114ii8near3jqyfhrxwolg5qxm7zgNM200810110000000000000000000113', 0, 'id', 'java.lang.String', '0dpweudhj4fyax2ri11uq10qixu72qffNM200904120000000000000000000030', 'yy7m6cpd31fg1cjnuflsckt4wxim2z1k20070427JS0000000000000000001517');
INSERT INTO metadata ( description, created_by, owner, id, create_date, seq, type, remove, site_master, locked_by, entity_domain, last_updated_by, last_update_date, key_name) VALUES ('0o5j11tkcudgp3egxsnoqei3bab8fakbNM200904120000000000000000000030', '0000000000000000000000000000001000000000000000000000000000000003', '0000000000000000000000000000001000000000000000000000000000000003', 'yy7m6cpd31fg1cjnuflsckt4wxim2z1k20070427JS0000000000000000001517', '2011-10-13 17:37:05', 3777, 'com.runwaysdk.system.metadata.MdParameter', 1, 'runwaysdk.com', NULL, NULL, '0000000000000000000000000000001000000000000000000000000000000003', '2011-10-13 17:37:05', 'com.runwaysdk.system.metadata.MdMobileGroupController.view.id');
INSERT INTO metadata_parameter ( site_master, last_updated_by, create_date, seq, locked_by, entity_domain, created_by, type, last_update_date, key_name, owner, id, parent_id, child_id) VALUES ('runwaysdk.com', '0000000000000000000000000000001000000000000000000000000000000003', '2011-10-13 17:37:05', 3778, NULL, NULL, '0000000000000000000000000000001000000000000000000000000000000003', 'com.runwaysdk.system.MetadataParameter', '2011-10-13 17:37:05', 'com.runwaysdk.system.metadata.MdMobileGroupController.view.id', '0000000000000000000000000000001000000000000000000000000000000003', '6olrgvr6hvqukszef4oe02enjzad9igs20070427JS0000000000000000001524', 'xn2114ii8near3jqyfhrxwolg5qxm7zgNM200810110000000000000000000113', 'yy7m6cpd31fg1cjnuflsckt4wxim2z1k20070427JS0000000000000000001517');
INSERT INTO metadata_display_label ( default_locale, id, site_master, key_name) VALUES ('New Instance', 'xk6xf202ui8pv9gfhmxqocrnubxt6fvaNM200904120000000000000000000030', 'runwaysdk.com', 'xk6xf202ui8pv9gfhmxqocrnubxt6fvaNM200904120000000000000000000030');
INSERT INTO metadata_display_label ( default_locale, id, site_master, key_name) VALUES ('Loads a new instance of com.runwaysdk.system.metadata.MdMobileGroup into the request object', 'rc8by6s3062qlqxlas223gmjoz6rrqquNM200904120000000000000000000030', 'runwaysdk.com', 'rc8by6s3062qlqxlas223gmjoz6rrqquNM200904120000000000000000000030');
INSERT INTO md_action ( is_query, enclosing_md_controller, is_post, action_name, display_label, id) VALUES (0, '8faj0e959gl33l6wxpov6k4u5xeks67sNM200810110000000000000000000112', 0, 'newInstance', 'xk6xf202ui8pv9gfhmxqocrnubxt6fvaNM200904120000000000000000000030', 'rbbkwv3fezespqfxx4myprtuv19bc4qdNM200810110000000000000000000113');
INSERT INTO metadata ( description, created_by, owner, id, create_date, seq, type, remove, site_master, locked_by, entity_domain, last_updated_by, last_update_date, key_name) VALUES ('rc8by6s3062qlqxlas223gmjoz6rrqquNM200904120000000000000000000030', '0000000000000000000000000000001000000000000000000000000000000003', '0000000000000000000000000000001000000000000000000000000000000003', 'rbbkwv3fezespqfxx4myprtuv19bc4qdNM200810110000000000000000000113', '2011-10-13 17:37:05', 3779, 'com.runwaysdk.system.metadata.MdAction', 1, 'runwaysdk.com', NULL, NULL, '0000000000000000000000000000001000000000000000000000000000000003', '2011-10-13 17:37:05', 'com.runwaysdk.system.metadata.MdMobileGroupController.newInstance');
INSERT INTO controller_action ( key_name, locked_by, id, owner, entity_domain, created_by, type, last_update_date, create_date, seq, last_updated_by, site_master, parent_id, child_id) VALUES ('com.runwaysdk.system.metadata.MdMobileGroupController.newInstance', NULL, 'zp41z0zfq3f3pfowzp7fe6327yvo5zz8JS200807230000000000000000111111', '0000000000000000000000000000001000000000000000000000000000000003', NULL, '0000000000000000000000000000001000000000000000000000000000000003', 'com.runwaysdk.system.ControllerAction', '2011-10-13 17:37:05', '2011-10-13 17:37:05', 3780, '0000000000000000000000000000001000000000000000000000000000000003', 'runwaysdk.com', '8faj0e959gl33l6wxpov6k4u5xeks67sNM200810110000000000000000000112', 'rbbkwv3fezespqfxx4myprtuv19bc4qdNM200810110000000000000000000113');
INSERT INTO metadata_display_label ( default_locale, id, site_master, key_name) VALUES ('Create', '00ubmm22yxq543l8fuyzhehe4n4xtz0iNM200904120000000000000000000030', 'runwaysdk.com', '00ubmm22yxq543l8fuyzhehe4n4xtz0iNM200904120000000000000000000030');
INSERT INTO metadata_display_label ( default_locale, id, site_master, key_name) VALUES ('Applys a new instance of com.runwaysdk.system.metadata.MdMobileGroup', '8hojomcjyoup8aai6426ux3txyuylxmkNM200904120000000000000000000030', 'runwaysdk.com', '8hojomcjyoup8aai6426ux3txyuylxmkNM200904120000000000000000000030');
INSERT INTO md_action ( is_query, enclosing_md_controller, is_post, action_name, display_label, id) VALUES (0, '8faj0e959gl33l6wxpov6k4u5xeks67sNM200810110000000000000000000112', 1, 'create', '00ubmm22yxq543l8fuyzhehe4n4xtz0iNM200904120000000000000000000030', '6obd54175iphlpo3g4po3lbr9u9tw15aNM200810110000000000000000000113');
INSERT INTO metadata ( description, created_by, owner, id, create_date, seq, type, remove, site_master, locked_by, entity_domain, last_updated_by, last_update_date, key_name) VALUES ('8hojomcjyoup8aai6426ux3txyuylxmkNM200904120000000000000000000030', '0000000000000000000000000000001000000000000000000000000000000003', '0000000000000000000000000000001000000000000000000000000000000003', '6obd54175iphlpo3g4po3lbr9u9tw15aNM200810110000000000000000000113', '2011-10-13 17:37:05', 3781, 'com.runwaysdk.system.metadata.MdAction', 1, 'runwaysdk.com', NULL, NULL, '0000000000000000000000000000001000000000000000000000000000000003', '2011-10-13 17:37:05', 'com.runwaysdk.system.metadata.MdMobileGroupController.create');
INSERT INTO controller_action ( key_name, locked_by, id, owner, entity_domain, created_by, type, last_update_date, create_date, seq, last_updated_by, site_master, parent_id, child_id) VALUES ('com.runwaysdk.system.metadata.MdMobileGroupController.create', NULL, '0oox3ic31xfu18xsy0hoe1v2mgf9i6ooJS200807230000000000000000111111', '0000000000000000000000000000001000000000000000000000000000000003', NULL, '0000000000000000000000000000001000000000000000000000000000000003', 'com.runwaysdk.system.ControllerAction', '2011-10-13 17:37:05', '2011-10-13 17:37:05', 3782, '0000000000000000000000000000001000000000000000000000000000000003', 'runwaysdk.com', '8faj0e959gl33l6wxpov6k4u5xeks67sNM200810110000000000000000000112', '6obd54175iphlpo3g4po3lbr9u9tw15aNM200810110000000000000000000113');
INSERT INTO metadata_display_label ( default_locale, id, site_master, key_name) VALUES ('Parameter: com.runwaysdk.system.metadata.MdMobileGroup', '1vz8vtu5a6igpuhgsmfhuk5fiod2a0j5NM200904120000000000000000000030', 'runwaysdk.com', '1vz8vtu5a6igpuhgsmfhuk5fiod2a0j5NM200904120000000000000000000030');
INSERT INTO metadata_display_label ( default_locale, id, site_master, key_name) VALUES ('com.runwaysdk.system.metadata.MdMobileGroup to apply to the database', 'scdev3g37h5hosdj7sw53676c8jt606vNM200904120000000000000000000030', 'runwaysdk.com', 'scdev3g37h5hosdj7sw53676c8jt606vNM200904120000000000000000000030');
INSERT INTO md_parameter ( metadata, parameter_order, parameter_name, parameter_type, display_label, id) VALUES ('6obd54175iphlpo3g4po3lbr9u9tw15aNM200810110000000000000000000113', 0, 'dto', 'com.runwaysdk.system.metadata.MdMobileGroup', '1vz8vtu5a6igpuhgsmfhuk5fiod2a0j5NM200904120000000000000000000030', 'qsy41ncn5gdgryqgmiaz00zfzpjcbobp20070427JS0000000000000000001517');
INSERT INTO metadata ( description, created_by, owner, id, create_date, seq, type, remove, site_master, locked_by, entity_domain, last_updated_by, last_update_date, key_name) VALUES ('scdev3g37h5hosdj7sw53676c8jt606vNM200904120000000000000000000030', '0000000000000000000000000000001000000000000000000000000000000003', '0000000000000000000000000000001000000000000000000000000000000003', 'qsy41ncn5gdgryqgmiaz00zfzpjcbobp20070427JS0000000000000000001517', '2011-10-13 17:37:05', 3783, 'com.runwaysdk.system.metadata.MdParameter', 1, 'runwaysdk.com', NULL, NULL, '0000000000000000000000000000001000000000000000000000000000000003', '2011-10-13 17:37:05', 'com.runwaysdk.system.metadata.MdMobileGroupController.create.dto');
INSERT INTO metadata_parameter ( site_master, last_updated_by, create_date, seq, locked_by, entity_domain, created_by, type, last_update_date, key_name, owner, id, parent_id, child_id) VALUES ('runwaysdk.com', '0000000000000000000000000000001000000000000000000000000000000003', '2011-10-13 17:37:05', 3784, NULL, NULL, '0000000000000000000000000000001000000000000000000000000000000003', 'com.runwaysdk.system.MetadataParameter', '2011-10-13 17:37:05', 'com.runwaysdk.system.metadata.MdMobileGroupController.create.dto', '0000000000000000000000000000001000000000000000000000000000000003', '74ti9q8zemfz1yacrckvpej0k2jlr8g720070427JS0000000000000000001524', '6obd54175iphlpo3g4po3lbr9u9tw15aNM200810110000000000000000000113', 'qsy41ncn5gdgryqgmiaz00zfzpjcbobp20070427JS0000000000000000001517');
INSERT INTO metadata_display_label ( default_locale, id, site_master, key_name) VALUES ('edit', '6xnsob5f7p9kj51wrmkvf12ga42btjp9NM200904120000000000000000000030', 'runwaysdk.com', '6xnsob5f7p9kj51wrmkvf12ga42btjp9NM200904120000000000000000000030');
INSERT INTO metadata_display_label ( default_locale, id, site_master, key_name) VALUES ('Applys an existing instance of com.runwaysdk.system.metadata.MdMobileGroup', 'z1jxv48cp3wivs6x5s3gw7wfj2y2vzd0NM200904120000000000000000000030', 'runwaysdk.com', 'z1jxv48cp3wivs6x5s3gw7wfj2y2vzd0NM200904120000000000000000000030');
INSERT INTO md_action ( is_query, enclosing_md_controller, is_post, action_name, display_label, id) VALUES (0, '8faj0e959gl33l6wxpov6k4u5xeks67sNM200810110000000000000000000112', 0, 'edit', '6xnsob5f7p9kj51wrmkvf12ga42btjp9NM200904120000000000000000000030', '8w7xoa162mq21fd1lm9n0jgtcvxl478iNM200810110000000000000000000113');
INSERT INTO metadata ( description, created_by, owner, id, create_date, seq, type, remove, site_master, locked_by, entity_domain, last_updated_by, last_update_date, key_name) VALUES ('z1jxv48cp3wivs6x5s3gw7wfj2y2vzd0NM200904120000000000000000000030', '0000000000000000000000000000001000000000000000000000000000000003', '0000000000000000000000000000001000000000000000000000000000000003', '8w7xoa162mq21fd1lm9n0jgtcvxl478iNM200810110000000000000000000113', '2011-10-13 17:37:05', 3785, 'com.runwaysdk.system.metadata.MdAction', 1, 'runwaysdk.com', NULL, NULL, '0000000000000000000000000000001000000000000000000000000000000003', '2011-10-13 17:37:05', 'com.runwaysdk.system.metadata.MdMobileGroupController.edit');
INSERT INTO controller_action ( key_name, locked_by, id, owner, entity_domain, created_by, type, last_update_date, create_date, seq, last_updated_by, site_master, parent_id, child_id) VALUES ('com.runwaysdk.system.metadata.MdMobileGroupController.edit', NULL, '1q7u9qr8hi3vuw33fyktrvrc9ifvhqupJS200807230000000000000000111111', '0000000000000000000000000000001000000000000000000000000000000003', NULL, '0000000000000000000000000000001000000000000000000000000000000003', 'com.runwaysdk.system.ControllerAction', '2011-10-13 17:37:05', '2011-10-13 17:37:05', 3786, '0000000000000000000000000000001000000000000000000000000000000003', 'runwaysdk.com', '8faj0e959gl33l6wxpov6k4u5xeks67sNM200810110000000000000000000112', '8w7xoa162mq21fd1lm9n0jgtcvxl478iNM200810110000000000000000000113');
INSERT INTO metadata_display_label ( default_locale, id, site_master, key_name) VALUES ('Parameter: com.runwaysdk.system.metadata.MdMobileGroup', 'sr9jw3jj4e5u55zwfa22kgpi4a5o4v3gNM200904120000000000000000000030', 'runwaysdk.com', 'sr9jw3jj4e5u55zwfa22kgpi4a5o4v3gNM200904120000000000000000000030');
INSERT INTO metadata_display_label ( default_locale, id, site_master, key_name) VALUES ('com.runwaysdk.system.metadata.MdMobileGroup to apply to the database', '91k06ei3xocu4yoj3p1uhjowewwn24fwNM200904120000000000000000000030', 'runwaysdk.com', '91k06ei3xocu4yoj3p1uhjowewwn24fwNM200904120000000000000000000030');
INSERT INTO md_parameter ( metadata, parameter_order, parameter_name, parameter_type, display_label, id) VALUES ('8w7xoa162mq21fd1lm9n0jgtcvxl478iNM200810110000000000000000000113', 0, 'id', 'java.lang.String', 'sr9jw3jj4e5u55zwfa22kgpi4a5o4v3gNM200904120000000000000000000030', '0k8ibjq8qv1b35pg92f1sde6csiufwgr20070427JS0000000000000000001517');
INSERT INTO metadata ( description, created_by, owner, id, create_date, seq, type, remove, site_master, locked_by, entity_domain, last_updated_by, last_update_date, key_name) VALUES ('91k06ei3xocu4yoj3p1uhjowewwn24fwNM200904120000000000000000000030', '0000000000000000000000000000001000000000000000000000000000000003', '0000000000000000000000000000001000000000000000000000000000000003', '0k8ibjq8qv1b35pg92f1sde6csiufwgr20070427JS0000000000000000001517', '2011-10-13 17:37:05', 3787, 'com.runwaysdk.system.metadata.MdParameter', 1, 'runwaysdk.com', NULL, NULL, '0000000000000000000000000000001000000000000000000000000000000003', '2011-10-13 17:37:05', 'com.runwaysdk.system.metadata.MdMobileGroupController.edit.id');
INSERT INTO metadata_parameter ( site_master, last_updated_by, create_date, seq, locked_by, entity_domain, created_by, type, last_update_date, key_name, owner, id, parent_id, child_id) VALUES ('runwaysdk.com', '0000000000000000000000000000001000000000000000000000000000000003', '2011-10-13 17:37:05', 3788, NULL, NULL, '0000000000000000000000000000001000000000000000000000000000000003', 'com.runwaysdk.system.MetadataParameter', '2011-10-13 17:37:05', 'com.runwaysdk.system.metadata.MdMobileGroupController.edit.id', '0000000000000000000000000000001000000000000000000000000000000003', 'sw0h7dtw87jpgnhic26oijbjj6ky5bj520070427JS0000000000000000001524', '8w7xoa162mq21fd1lm9n0jgtcvxl478iNM200810110000000000000000000113', '0k8ibjq8qv1b35pg92f1sde6csiufwgr20070427JS0000000000000000001517');
INSERT INTO metadata_display_label ( default_locale, id, site_master, key_name) VALUES ('update', 'ze47lpt58hd82fs6jbgxcth30jxyv88uNM200904120000000000000000000030', 'runwaysdk.com', 'ze47lpt58hd82fs6jbgxcth30jxyv88uNM200904120000000000000000000030');
INSERT INTO metadata_display_label ( default_locale, id, site_master, key_name) VALUES ('Applys an existing instance of com.runwaysdk.system.metadata.MdMobileGroup', 'slyuvph5s64nqxfag3qx1beeaphcf6l8NM200904120000000000000000000030', 'runwaysdk.com', 'slyuvph5s64nqxfag3qx1beeaphcf6l8NM200904120000000000000000000030');
INSERT INTO md_action ( is_query, enclosing_md_controller, is_post, action_name, display_label, id) VALUES (0, '8faj0e959gl33l6wxpov6k4u5xeks67sNM200810110000000000000000000112', 1, 'update', 'ze47lpt58hd82fs6jbgxcth30jxyv88uNM200904120000000000000000000030', 'z68sfu7at3ufyx8i6qngha411au9x02fNM200810110000000000000000000113');
INSERT INTO metadata ( description, created_by, owner, id, create_date, seq, type, remove, site_master, locked_by, entity_domain, last_updated_by, last_update_date, key_name) VALUES ('slyuvph5s64nqxfag3qx1beeaphcf6l8NM200904120000000000000000000030', '0000000000000000000000000000001000000000000000000000000000000003', '0000000000000000000000000000001000000000000000000000000000000003', 'z68sfu7at3ufyx8i6qngha411au9x02fNM200810110000000000000000000113', '2011-10-13 17:37:05', 3789, 'com.runwaysdk.system.metadata.MdAction', 1, 'runwaysdk.com', NULL, NULL, '0000000000000000000000000000001000000000000000000000000000000003', '2011-10-13 17:37:05', 'com.runwaysdk.system.metadata.MdMobileGroupController.update');
INSERT INTO controller_action ( key_name, locked_by, id, owner, entity_domain, created_by, type, last_update_date, create_date, seq, last_updated_by, site_master, parent_id, child_id) VALUES ('com.runwaysdk.system.metadata.MdMobileGroupController.update', NULL, 'xffbg4na9yez9zn7wp9kr4f7jnydfdzlJS200807230000000000000000111111', '0000000000000000000000000000001000000000000000000000000000000003', NULL, '0000000000000000000000000000001000000000000000000000000000000003', 'com.runwaysdk.system.ControllerAction', '2011-10-13 17:37:05', '2011-10-13 17:37:05', 3790, '0000000000000000000000000000001000000000000000000000000000000003', 'runwaysdk.com', '8faj0e959gl33l6wxpov6k4u5xeks67sNM200810110000000000000000000112', 'z68sfu7at3ufyx8i6qngha411au9x02fNM200810110000000000000000000113');
INSERT INTO metadata_display_label ( default_locale, id, site_master, key_name) VALUES ('Parameter: com.runwaysdk.system.metadata.MdMobileGroup - dto', '7enakrfeyouiim74e7xkh92w48u69buoNM200904120000000000000000000030', 'runwaysdk.com', '7enakrfeyouiim74e7xkh92w48u69buoNM200904120000000000000000000030');
INSERT INTO metadata_display_label ( default_locale, id, site_master, key_name) VALUES ('com.runwaysdk.system.metadata.MdMobileGroup to apply to the database', 'r7nmn54qzb2xg9rmfn45mjvho5zot9ncNM200904120000000000000000000030', 'runwaysdk.com', 'r7nmn54qzb2xg9rmfn45mjvho5zot9ncNM200904120000000000000000000030');
INSERT INTO md_parameter ( metadata, parameter_order, parameter_name, parameter_type, display_label, id) VALUES ('z68sfu7at3ufyx8i6qngha411au9x02fNM200810110000000000000000000113', 0, 'dto', 'com.runwaysdk.system.metadata.MdMobileGroup', '7enakrfeyouiim74e7xkh92w48u69buoNM200904120000000000000000000030', 'xvfhuh4mlcee6wxo0kopa9yklwutgar520070427JS0000000000000000001517');
INSERT INTO metadata ( description, created_by, owner, id, create_date, seq, type, remove, site_master, locked_by, entity_domain, last_updated_by, last_update_date, key_name) VALUES ('r7nmn54qzb2xg9rmfn45mjvho5zot9ncNM200904120000000000000000000030', '0000000000000000000000000000001000000000000000000000000000000003', '0000000000000000000000000000001000000000000000000000000000000003', 'xvfhuh4mlcee6wxo0kopa9yklwutgar520070427JS0000000000000000001517', '2011-10-13 17:37:05', 3791, 'com.runwaysdk.system.metadata.MdParameter', 1, 'runwaysdk.com', NULL, NULL, '0000000000000000000000000000001000000000000000000000000000000003', '2011-10-13 17:37:05', 'com.runwaysdk.system.metadata.MdMobileGroupController.update.dto');
INSERT INTO metadata_parameter ( site_master, last_updated_by, create_date, seq, locked_by, entity_domain, created_by, type, last_update_date, key_name, owner, id, parent_id, child_id) VALUES ('runwaysdk.com', '0000000000000000000000000000001000000000000000000000000000000003', '2011-10-13 17:37:05', 3792, NULL, NULL, '0000000000000000000000000000001000000000000000000000000000000003', 'com.runwaysdk.system.MetadataParameter', '2011-10-13 17:37:05', 'com.runwaysdk.system.metadata.MdMobileGroupController.update.dto', '0000000000000000000000000000001000000000000000000000000000000003', 'r1rx9o8i1cnykm4oxrp1r6ugut9v08z520070427JS0000000000000000001524', 'z68sfu7at3ufyx8i6qngha411au9x02fNM200810110000000000000000000113', 'xvfhuh4mlcee6wxo0kopa9yklwutgar520070427JS0000000000000000001517');
INSERT INTO metadata_display_label ( default_locale, id, site_master, key_name) VALUES ('cancel', 'xu3qkttokmpz1mv5h9yqum9tuamegsm0NM200904120000000000000000000030', 'runwaysdk.com', 'xu3qkttokmpz1mv5h9yqum9tuamegsm0NM200904120000000000000000000030');
INSERT INTO metadata_display_label ( default_locale, id, site_master, key_name) VALUES ('Unlocks an instance com.runwaysdk.system.metadata.MdMobileGroup', 'zimlrbwqlahuu61he0o2rfv5kutex7z5NM200904120000000000000000000030', 'runwaysdk.com', 'zimlrbwqlahuu61he0o2rfv5kutex7z5NM200904120000000000000000000030');
INSERT INTO md_action ( is_query, enclosing_md_controller, is_post, action_name, display_label, id) VALUES (0, '8faj0e959gl33l6wxpov6k4u5xeks67sNM200810110000000000000000000112', 1, 'cancel', 'xu3qkttokmpz1mv5h9yqum9tuamegsm0NM200904120000000000000000000030', '8mb5iy4owht04m30v8c39lvq0ti33pzoNM200810110000000000000000000113');
INSERT INTO metadata ( description, created_by, owner, id, create_date, seq, type, remove, site_master, locked_by, entity_domain, last_updated_by, last_update_date, key_name) VALUES ('zimlrbwqlahuu61he0o2rfv5kutex7z5NM200904120000000000000000000030', '0000000000000000000000000000001000000000000000000000000000000003', '0000000000000000000000000000001000000000000000000000000000000003', '8mb5iy4owht04m30v8c39lvq0ti33pzoNM200810110000000000000000000113', '2011-10-13 17:37:05', 3793, 'com.runwaysdk.system.metadata.MdAction', 1, 'runwaysdk.com', NULL, NULL, '0000000000000000000000000000001000000000000000000000000000000003', '2011-10-13 17:37:05', 'com.runwaysdk.system.metadata.MdMobileGroupController.cancel');
INSERT INTO controller_action ( key_name, locked_by, id, owner, entity_domain, created_by, type, last_update_date, create_date, seq, last_updated_by, site_master, parent_id, child_id) VALUES ('com.runwaysdk.system.metadata.MdMobileGroupController.cancel', NULL, 'yzrgxrfizdlqnxv8cbwhdnagh0vm1kbfJS200807230000000000000000111111', '0000000000000000000000000000001000000000000000000000000000000003', NULL, '0000000000000000000000000000001000000000000000000000000000000003', 'com.runwaysdk.system.ControllerAction', '2011-10-13 17:37:05', '2011-10-13 17:37:05', 3794, '0000000000000000000000000000001000000000000000000000000000000003', 'runwaysdk.com', '8faj0e959gl33l6wxpov6k4u5xeks67sNM200810110000000000000000000112', '8mb5iy4owht04m30v8c39lvq0ti33pzoNM200810110000000000000000000113');
INSERT INTO metadata_display_label ( default_locale, id, site_master, key_name) VALUES ('Parameter: com.runwaysdk.system.metadata.MdMobileGroup - dto', 'swou7d0actteryxmwobkqhprrgg5t9zpNM200904120000000000000000000030', 'runwaysdk.com', 'swou7d0actteryxmwobkqhprrgg5t9zpNM200904120000000000000000000030');
INSERT INTO metadata_display_label ( default_locale, id, site_master, key_name) VALUES ('com.runwaysdk.system.metadata.MdMobileGroup to unlock', 'xat1k4jh357ps1u08q8cmgmkh2aqbkxlNM200904120000000000000000000030', 'runwaysdk.com', 'xat1k4jh357ps1u08q8cmgmkh2aqbkxlNM200904120000000000000000000030');
INSERT INTO md_parameter ( metadata, parameter_order, parameter_name, parameter_type, display_label, id) VALUES ('8mb5iy4owht04m30v8c39lvq0ti33pzoNM200810110000000000000000000113', 0, 'dto', 'com.runwaysdk.system.metadata.MdMobileGroup', 'swou7d0actteryxmwobkqhprrgg5t9zpNM200904120000000000000000000030', '7gqnbqn4f43m7mikfemo9eac8jml01t820070427JS0000000000000000001517');
INSERT INTO metadata ( description, created_by, owner, id, create_date, seq, type, remove, site_master, locked_by, entity_domain, last_updated_by, last_update_date, key_name) VALUES ('xat1k4jh357ps1u08q8cmgmkh2aqbkxlNM200904120000000000000000000030', '0000000000000000000000000000001000000000000000000000000000000003', '0000000000000000000000000000001000000000000000000000000000000003', '7gqnbqn4f43m7mikfemo9eac8jml01t820070427JS0000000000000000001517', '2011-10-13 17:37:05', 3795, 'com.runwaysdk.system.metadata.MdParameter', 1, 'runwaysdk.com', NULL, NULL, '0000000000000000000000000000001000000000000000000000000000000003', '2011-10-13 17:37:05', 'com.runwaysdk.system.metadata.MdMobileGroupController.cancel.dto');
INSERT INTO metadata_parameter ( site_master, last_updated_by, create_date, seq, locked_by, entity_domain, created_by, type, last_update_date, key_name, owner, id, parent_id, child_id) VALUES ('runwaysdk.com', '0000000000000000000000000000001000000000000000000000000000000003', '2011-10-13 17:37:05', 3796, NULL, NULL, '0000000000000000000000000000001000000000000000000000000000000003', 'com.runwaysdk.system.MetadataParameter', '2011-10-13 17:37:05', 'com.runwaysdk.system.metadata.MdMobileGroupController.cancel.dto', '0000000000000000000000000000001000000000000000000000000000000003', 'regs4y8snlm5fph4npsf8ik7m0n74zbk20070427JS0000000000000000001524', '8mb5iy4owht04m30v8c39lvq0ti33pzoNM200810110000000000000000000113', '7gqnbqn4f43m7mikfemo9eac8jml01t820070427JS0000000000000000001517');
INSERT INTO metadata_display_label ( default_locale, id, site_master, key_name) VALUES ('delete', '94e2s7y532ei39m2hyja3ab7enx80xyrNM200904120000000000000000000030', 'runwaysdk.com', '94e2s7y532ei39m2hyja3ab7enx80xyrNM200904120000000000000000000030');
INSERT INTO metadata_display_label ( default_locale, id, site_master, key_name) VALUES ('Delete an instance of com.runwaysdk.system.metadata.MdMobileGroup', 'xoz4bbg4ptd7m0z9qtn7mb4cq4gm7r2sNM200904120000000000000000000030', 'runwaysdk.com', 'xoz4bbg4ptd7m0z9qtn7mb4cq4gm7r2sNM200904120000000000000000000030');
INSERT INTO md_action ( is_query, enclosing_md_controller, is_post, action_name, display_label, id) VALUES (0, '8faj0e959gl33l6wxpov6k4u5xeks67sNM200810110000000000000000000112', 1, 'delete', '94e2s7y532ei39m2hyja3ab7enx80xyrNM200904120000000000000000000030', 'z9rh6zr2ai0d72mqt3iu463m8x54x2s8NM200810110000000000000000000113');
INSERT INTO metadata ( description, created_by, owner, id, create_date, seq, type, remove, site_master, locked_by, entity_domain, last_updated_by, last_update_date, key_name) VALUES ('xoz4bbg4ptd7m0z9qtn7mb4cq4gm7r2sNM200904120000000000000000000030', '0000000000000000000000000000001000000000000000000000000000000003', '0000000000000000000000000000001000000000000000000000000000000003', 'z9rh6zr2ai0d72mqt3iu463m8x54x2s8NM200810110000000000000000000113', '2011-10-13 17:37:05', 3797, 'com.runwaysdk.system.metadata.MdAction', 1, 'runwaysdk.com', NULL, NULL, '0000000000000000000000000000001000000000000000000000000000000003', '2011-10-13 17:37:05', 'com.runwaysdk.system.metadata.MdMobileGroupController.delete');
INSERT INTO controller_action ( key_name, locked_by, id, owner, entity_domain, created_by, type, last_update_date, create_date, seq, last_updated_by, site_master, parent_id, child_id) VALUES ('com.runwaysdk.system.metadata.MdMobileGroupController.delete', NULL, '1vei41to2ukwyyle6603iz1tzpzcmsgsJS200807230000000000000000111111', '0000000000000000000000000000001000000000000000000000000000000003', NULL, '0000000000000000000000000000001000000000000000000000000000000003', 'com.runwaysdk.system.ControllerAction', '2011-10-13 17:37:05', '2011-10-13 17:37:05', 3798, '0000000000000000000000000000001000000000000000000000000000000003', 'runwaysdk.com', '8faj0e959gl33l6wxpov6k4u5xeks67sNM200810110000000000000000000112', 'z9rh6zr2ai0d72mqt3iu463m8x54x2s8NM200810110000000000000000000113');
INSERT INTO metadata_display_label ( default_locale, id, site_master, key_name) VALUES ('Parameter: com.runwaysdk.system.metadata.MdMobileGroup - dto', '07sj8wy56d8stelbt9wknat809pg2sc9NM200904120000000000000000000030', 'runwaysdk.com', '07sj8wy56d8stelbt9wknat809pg2sc9NM200904120000000000000000000030');
INSERT INTO metadata_display_label ( default_locale, id, site_master, key_name) VALUES ('com.runwaysdk.system.metadata.MdMobileGroup to delete', 'r57vhvcmjit0qf02uxazi0lq56h91i5kNM200904120000000000000000000030', 'runwaysdk.com', 'r57vhvcmjit0qf02uxazi0lq56h91i5kNM200904120000000000000000000030');
INSERT INTO md_parameter ( metadata, parameter_order, parameter_name, parameter_type, display_label, id) VALUES ('z9rh6zr2ai0d72mqt3iu463m8x54x2s8NM200810110000000000000000000113', 0, 'dto', 'com.runwaysdk.system.metadata.MdMobileGroup', '07sj8wy56d8stelbt9wknat809pg2sc9NM200904120000000000000000000030', '7av15hweop70ilu1ocglh02eljgxih3020070427JS0000000000000000001517');
INSERT INTO metadata ( description, created_by, owner, id, create_date, seq, type, remove, site_master, locked_by, entity_domain, last_updated_by, last_update_date, key_name) VALUES ('r57vhvcmjit0qf02uxazi0lq56h91i5kNM200904120000000000000000000030', '0000000000000000000000000000001000000000000000000000000000000003', '0000000000000000000000000000001000000000000000000000000000000003', '7av15hweop70ilu1ocglh02eljgxih3020070427JS0000000000000000001517', '2011-10-13 17:37:05', 3799, 'com.runwaysdk.system.metadata.MdParameter', 1, 'runwaysdk.com', NULL, NULL, '0000000000000000000000000000001000000000000000000000000000000003', '2011-10-13 17:37:05', 'com.runwaysdk.system.metadata.MdMobileGroupController.delete.dto');
INSERT INTO metadata_parameter ( site_master, last_updated_by, create_date, seq, locked_by, entity_domain, created_by, type, last_update_date, key_name, owner, id, parent_id, child_id) VALUES ('runwaysdk.com', '0000000000000000000000000000001000000000000000000000000000000003', '2011-10-13 17:37:05', 3800, NULL, NULL, '0000000000000000000000000000001000000000000000000000000000000003', 'com.runwaysdk.system.MetadataParameter', '2011-10-13 17:37:05', 'com.runwaysdk.system.metadata.MdMobileGroupController.delete.dto', '0000000000000000000000000000001000000000000000000000000000000003', 'xwim3b4yq59h8nywzk6n8ixrjb5suro520070427JS0000000000000000001524', 'z9rh6zr2ai0d72mqt3iu463m8x54x2s8NM200810110000000000000000000113', '7av15hweop70ilu1ocglh02eljgxih3020070427JS0000000000000000001517');
INSERT INTO business_inheritance ( id, parent_id, child_id) VALUES ('931ll4mtsxk47z1e46hhhttt7uy9lw0b20070926NM0000000000000000000004', 'zlh9ev85l10442ji8z9ync4di5f53zz100000000000000000000000000000001', '6z98jstw9mizd95fb1wpau8ifa2j1uro00000000000000000000000000000001');
INSERT INTO class_inheritance ( id, parent_id, child_id) VALUES ('931ll4mtsxk47z1e46hhhttt7uy9lw0b20070926NM0000000000000000000004', 'zlh9ev85l10442ji8z9ync4di5f53zz100000000000000000000000000000001', '6z98jstw9mizd95fb1wpau8ifa2j1uro00000000000000000000000000000001');
INSERT INTO metadata_relationship ( entity_domain, site_master, last_updated_by, id, owner, locked_by, create_date, type, created_by, seq, key_name, last_update_date, parent_id, child_id) VALUES (NULL, 'runwaysdk.com', '0000000000000000000000000000001000000000000000000000000000000003', '931ll4mtsxk47z1e46hhhttt7uy9lw0b20070926NM0000000000000000000004', '0000000000000000000000000000001000000000000000000000000000000003', NULL, '2011-10-13 17:37:05', 'com.runwaysdk.system.metadata.BusinessInheritance', '0000000000000000000000000000001000000000000000000000000000000003', 3801, '931ll4mtsxk47z1e46hhhttt7uy9lw0b20070926NM0000000000000000000004', '2011-10-13 17:37:05', 'zlh9ev85l10442ji8z9ync4di5f53zz100000000000000000000000000000001', '6z98jstw9mizd95fb1wpau8ifa2j1uro00000000000000000000000000000001');
 INSERT INTO relationship_cache (set_id, item_id)  VALUES  ('zfe4ugwyz4vl3nimzsidbmnee9klg67t', '0000000000000000000000000000023100000000000000000000000000000222');
 INSERT INTO visibilitymodifier (set_id, item_id)  VALUES  ('2ep6n5n7cgdc0cumqgpnf8gcv3thb9xt', '20071109NM000000000000000000000520071109NM0000000000000000000001');
INSERT INTO metadata_display_label ( default_locale, id, site_master, key_name) VALUES ('Group', 'zd5kpeg1xpw5xxvkjnn5w0woh56eiagvNM200904120000000000000000000030', 'runwaysdk.com', 'zd5kpeg1xpw5xxvkjnn5w0woh56eiagvNM200904120000000000000000000030');
 INSERT INTO visibilitymodifier (set_id, item_id)  VALUES  ('2fn1p234bcbha8t07oi2jc5uhdfdyce2', '20071109NM000000000000000000000520071109NM0000000000000000000001');
INSERT INTO metadata_display_label ( default_locale, id, site_master, key_name) VALUES ('Fields', '7gaz78a3734su608eybj8gffpcsnflu8NM200904120000000000000000000030', 'runwaysdk.com', '7gaz78a3734su608eybj8gffpcsnflu8NM200904120000000000000000000030');
INSERT INTO metadata_display_label ( default_locale, id, site_master, key_name) VALUES ('Group field', 'r8glv1rnjyx1o9toj9ub3ranst8zg4mrNM200904120000000000000000000030', 'runwaysdk.com', 'r8glv1rnjyx1o9toj9ub3ranst8zg4mrNM200904120000000000000000000030');
INSERT INTO metadata_display_label ( default_locale, id, site_master, key_name) VALUES ('Group field', 'sc1dreqvwjrxeu2zqqcbd4r89zaphb4dNM200904120000000000000000000030', 'runwaysdk.com', 'sc1dreqvwjrxeu2zqqcbd4r89zaphb4dNM200904120000000000000000000030');
INSERT INTO md_tree ( id) VALUES ('syoxfzsiy5ktxuf31tke315ontk7bozz20060824000000000000000000000011');
INSERT INTO md_graph ( id) VALUES ('syoxfzsiy5ktxuf31tke315ontk7bozz20060824000000000000000000000011');
INSERT INTO md_relationship ( cache_algorithm, cache_algorithm_c, index2_name, parent_visibility, parent_visibility_c, parent_md_business, parent_cardinality, composition, parent_display_label, sort_md_attribute, child_visibility, child_visibility_c, child_method, super_md_relationship, parent_method, index1_name, child_md_business, child_display_label, child_cardinality, id) VALUES ('zfe4ugwyz4vl3nimzsidbmnee9klg67t', '0000000000000000000000000000023100000000000000000000000000000222', 'rel_xcnzs4bk0r3arblpi51ti8b8wg', '2ep6n5n7cgdc0cumqgpnf8gcv3thb9xt', '20071109NM000000000000000000000520071109NM0000000000000000000001', '6z98jstw9mizd95fb1wpau8ifa2j1uro00000000000000000000000000000001', '1', 0, 'zd5kpeg1xpw5xxvkjnn5w0woh56eiagvNM200904120000000000000000000030', NULL, '2fn1p234bcbha8t07oi2jc5uhdfdyce2', '20071109NM000000000000000000000520071109NM0000000000000000000001', 'MobileGroups', '0000000000000000000000000000056320060824000000000000000000000011', 'GroupFields', 'rel_8hjr65dc6xb8mzd14hkqlibpp1', 'zlh9ev85l10442ji8z9ync4di5f53zz100000000000000000000000000000001', '7gaz78a3734su608eybj8gffpcsnflu8NM200904120000000000000000000030', '*', 'syoxfzsiy5ktxuf31tke315ontk7bozz20060824000000000000000000000011');
INSERT INTO md_element ( extendable, is_abstract, id) VALUES (1, 0, 'syoxfzsiy5ktxuf31tke315ontk7bozz20060824000000000000000000000011');
INSERT INTO md_entity ( query_dto_source, query_source, cache_size, enforce_site_master, table_name, id) VALUES (NULL, NULL, 0, 1, 'mobile_group_field', 'syoxfzsiy5ktxuf31tke315ontk7bozz20060824000000000000000000000011');
INSERT INTO md_class ( publish, stub_dto_source, stub_source, id) VALUES (1, NULL, NULL, 'syoxfzsiy5ktxuf31tke315ontk7bozz20060824000000000000000000000011');
INSERT INTO md_type ( display_label, root_id, package_name, type_name, base_source, js_base, js_stub, exported, dto_source, id) VALUES ('r8glv1rnjyx1o9toj9ub3ranst8zg4mrNM200904120000000000000000000030', 'syoxfzsiy5ktxuf31tke315ontk7bozz', 'com.runwaysdk.system.metadata', 'MobileGroupField', NULL, NULL, NULL, 1, NULL, 'syoxfzsiy5ktxuf31tke315ontk7bozz20060824000000000000000000000011');
INSERT INTO metadata ( description, created_by, owner, id, create_date, seq, type, remove, site_master, locked_by, entity_domain, last_updated_by, last_update_date, key_name) VALUES ('sc1dreqvwjrxeu2zqqcbd4r89zaphb4dNM200904120000000000000000000030', '0000000000000000000000000000001000000000000000000000000000000003', '0000000000000000000000000000001000000000000000000000000000000003', 'syoxfzsiy5ktxuf31tke315ontk7bozz20060824000000000000000000000011', '2011-10-13 17:37:05', 3802, 'com.runwaysdk.system.metadata.MdTree', 1, 'runwaysdk.com', NULL, NULL, '0000000000000000000000000000001000000000000000000000000000000003', '2011-10-13 17:37:05', 'com.runwaysdk.system.metadata.MobileGroupField');
CREATE TABLE mobile_group_field ( id CHAR(64) NOT NULL PRIMARY KEY, 
parent_id CHAR(64) NOT NULL, 
child_id CHAR(64) NOT NULL );
CREATE  UNIQUE  INDEX rel_8hjr65dc6xb8mzd14hkqlibpp1 ON mobile_group_field (parent_id, child_id);
CREATE INDEX rel_xcnzs4bk0r3arblpi51ti8b8wg ON mobile_group_field (child_id);
INSERT INTO metadata_display_label ( default_locale, id, site_master, key_name) VALUES (NULL, '1yvs73sr2ov5xmweenaj9lc1hia5h0l9NM200904120000000000000000000030', 'runwaysdk.com', '1yvs73sr2ov5xmweenaj9lc1hia5h0l9NM200904120000000000000000000030');
INSERT INTO metadata_display_label ( default_locale, id, site_master, key_name) VALUES (NULL, 'z8zg5nlwvz03upv51l7p0mack58sfs5dNM200904120000000000000000000030', 'runwaysdk.com', 'z8zg5nlwvz03upv51l7p0mack58sfs5dNM200904120000000000000000000030');
INSERT INTO md_controller ( stub_source, id) VALUES (NULL, '7anqmqmwbeejr9rfajhir0e0xowqxcjqNM200810110000000000000000000112');
INSERT INTO md_type ( display_label, root_id, package_name, type_name, base_source, js_base, js_stub, exported, dto_source, id) VALUES ('1yvs73sr2ov5xmweenaj9lc1hia5h0l9NM200904120000000000000000000030', '7anqmqmwbeejr9rfajhir0e0xowqxcjq', 'com.runwaysdk.system.metadata', 'MobileGroupFieldController', NULL, NULL, NULL, 1, NULL, '7anqmqmwbeejr9rfajhir0e0xowqxcjqNM200810110000000000000000000112');
INSERT INTO metadata ( description, created_by, owner, id, create_date, seq, type, remove, site_master, locked_by, entity_domain, last_updated_by, last_update_date, key_name) VALUES ('z8zg5nlwvz03upv51l7p0mack58sfs5dNM200904120000000000000000000030', '0000000000000000000000000000001000000000000000000000000000000003', '0000000000000000000000000000001000000000000000000000000000000003', '7anqmqmwbeejr9rfajhir0e0xowqxcjqNM200810110000000000000000000112', '2011-10-13 17:37:05', 3803, 'com.runwaysdk.system.metadata.MdController', 1, 'runwaysdk.com', NULL, NULL, '0000000000000000000000000000001000000000000000000000000000000003', '2011-10-13 17:37:05', 'com.runwaysdk.system.metadata.MobileGroupFieldController');
INSERT INTO metadata_display_label ( default_locale, id, site_master, key_name) VALUES ('View Page', '90u074gbduq0esg77hdrv4gveb7hz5xlNM200904120000000000000000000030', 'runwaysdk.com', '90u074gbduq0esg77hdrv4gveb7hz5xlNM200904120000000000000000000030');
INSERT INTO metadata_display_label ( default_locale, id, site_master, key_name) VALUES ('Loads a ViewAll query for a specific page into the request object', '8x6el9588kdrnp8vci5jl5l6z6tvjbuyNM200904120000000000000000000030', 'runwaysdk.com', '8x6el9588kdrnp8vci5jl5l6z6tvjbuyNM200904120000000000000000000030');
INSERT INTO md_action ( is_query, enclosing_md_controller, is_post, action_name, display_label, id) VALUES (1, '7anqmqmwbeejr9rfajhir0e0xowqxcjqNM200810110000000000000000000112', 0, 'viewPage', '90u074gbduq0esg77hdrv4gveb7hz5xlNM200904120000000000000000000030', '907mx9w3h9riagzrng14fqe3x2csj1k3NM200810110000000000000000000113');
INSERT INTO metadata ( description, created_by, owner, id, create_date, seq, type, remove, site_master, locked_by, entity_domain, last_updated_by, last_update_date, key_name) VALUES ('8x6el9588kdrnp8vci5jl5l6z6tvjbuyNM200904120000000000000000000030', '0000000000000000000000000000001000000000000000000000000000000003', '0000000000000000000000000000001000000000000000000000000000000003', '907mx9w3h9riagzrng14fqe3x2csj1k3NM200810110000000000000000000113', '2011-10-13 17:37:05', 3804, 'com.runwaysdk.system.metadata.MdAction', 1, 'runwaysdk.com', NULL, NULL, '0000000000000000000000000000001000000000000000000000000000000003', '2011-10-13 17:37:05', 'com.runwaysdk.system.metadata.MobileGroupFieldController.viewPage');
INSERT INTO controller_action ( key_name, locked_by, id, owner, entity_domain, created_by, type, last_update_date, create_date, seq, last_updated_by, site_master, parent_id, child_id) VALUES ('com.runwaysdk.system.metadata.MobileGroupFieldController.viewPage', NULL, '8q52c0k9y7p11rik3e4wy8vxf9gv7u1mJS200807230000000000000000111111', '0000000000000000000000000000001000000000000000000000000000000003', NULL, '0000000000000000000000000000001000000000000000000000000000000003', 'com.runwaysdk.system.ControllerAction', '2011-10-13 17:37:05', '2011-10-13 17:37:05', 3805, '0000000000000000000000000000001000000000000000000000000000000003', 'runwaysdk.com', '7anqmqmwbeejr9rfajhir0e0xowqxcjqNM200810110000000000000000000112', '907mx9w3h9riagzrng14fqe3x2csj1k3NM200810110000000000000000000113');
INSERT INTO metadata_display_label ( default_locale, id, site_master, key_name) VALUES ('Sort Attribute', 'se1yjrt16djggmh8rze4jqms8mb8agukNM200904120000000000000000000030', 'runwaysdk.com', 'se1yjrt16djggmh8rze4jqms8mb8agukNM200904120000000000000000000030');
INSERT INTO metadata_display_label ( default_locale, id, site_master, key_name) VALUES (NULL, '8hnhrevsbrkvaw2cw1bg36g36wpluclcNM200904120000000000000000000030', 'runwaysdk.com', '8hnhrevsbrkvaw2cw1bg36g36wpluclcNM200904120000000000000000000030');
INSERT INTO md_parameter ( metadata, parameter_order, parameter_name, parameter_type, display_label, id) VALUES ('907mx9w3h9riagzrng14fqe3x2csj1k3NM200810110000000000000000000113', -4, 'sortAttribute', 'java.lang.String', 'se1yjrt16djggmh8rze4jqms8mb8agukNM200904120000000000000000000030', 'y0w957wsjkevya8d4pyn11qnsueac02c20070427JS0000000000000000001517');
INSERT INTO metadata ( description, created_by, owner, id, create_date, seq, type, remove, site_master, locked_by, entity_domain, last_updated_by, last_update_date, key_name) VALUES ('8hnhrevsbrkvaw2cw1bg36g36wpluclcNM200904120000000000000000000030', '0000000000000000000000000000001000000000000000000000000000000003', '0000000000000000000000000000001000000000000000000000000000000003', 'y0w957wsjkevya8d4pyn11qnsueac02c20070427JS0000000000000000001517', '2011-10-13 17:37:05', 3806, 'com.runwaysdk.system.metadata.MdParameter', 1, 'runwaysdk.com', NULL, NULL, '0000000000000000000000000000001000000000000000000000000000000003', '2011-10-13 17:37:05', 'com.runwaysdk.system.metadata.MobileGroupFieldController.viewPage.sortAttribute');
INSERT INTO metadata_parameter ( site_master, last_updated_by, create_date, seq, locked_by, entity_domain, created_by, type, last_update_date, key_name, owner, id, parent_id, child_id) VALUES ('runwaysdk.com', '0000000000000000000000000000001000000000000000000000000000000003', '2011-10-13 17:37:05', 3807, NULL, NULL, '0000000000000000000000000000001000000000000000000000000000000003', 'com.runwaysdk.system.MetadataParameter', '2011-10-13 17:37:05', 'com.runwaysdk.system.metadata.MobileGroupFieldController.viewPage.sortAttribute', '0000000000000000000000000000001000000000000000000000000000000003', 'sxz34a1epcza0a4yy2btij8iidg7zg5e20070427JS0000000000000000001524', '907mx9w3h9riagzrng14fqe3x2csj1k3NM200810110000000000000000000113', 'y0w957wsjkevya8d4pyn11qnsueac02c20070427JS0000000000000000001517');
INSERT INTO metadata_display_label ( default_locale, id, site_master, key_name) VALUES ('Is Ascending', 'xyptcrk75wvg01dty7xq2qf0lova91lnNM200904120000000000000000000030', 'runwaysdk.com', 'xyptcrk75wvg01dty7xq2qf0lova91lnNM200904120000000000000000000030');
INSERT INTO metadata_display_label ( default_locale, id, site_master, key_name) VALUES (NULL, '8mw57846uk1rcy3hlf3a67jgffb332l2NM200904120000000000000000000030', 'runwaysdk.com', '8mw57846uk1rcy3hlf3a67jgffb332l2NM200904120000000000000000000030');
INSERT INTO md_parameter ( metadata, parameter_order, parameter_name, parameter_type, display_label, id) VALUES ('907mx9w3h9riagzrng14fqe3x2csj1k3NM200810110000000000000000000113', -3, 'isAscending', 'java.lang.Boolean', 'xyptcrk75wvg01dty7xq2qf0lova91lnNM200904120000000000000000000030', '1ua1lqhlcrlkg2z0iu4hjyqt1mudgtpc20070427JS0000000000000000001517');
INSERT INTO metadata ( description, created_by, owner, id, create_date, seq, type, remove, site_master, locked_by, entity_domain, last_updated_by, last_update_date, key_name) VALUES ('8mw57846uk1rcy3hlf3a67jgffb332l2NM200904120000000000000000000030', '0000000000000000000000000000001000000000000000000000000000000003', '0000000000000000000000000000001000000000000000000000000000000003', '1ua1lqhlcrlkg2z0iu4hjyqt1mudgtpc20070427JS0000000000000000001517', '2011-10-13 17:37:05', 3808, 'com.runwaysdk.system.metadata.MdParameter', 1, 'runwaysdk.com', NULL, NULL, '0000000000000000000000000000001000000000000000000000000000000003', '2011-10-13 17:37:05', 'com.runwaysdk.system.metadata.MobileGroupFieldController.viewPage.isAscending');
INSERT INTO metadata_parameter ( site_master, last_updated_by, create_date, seq, locked_by, entity_domain, created_by, type, last_update_date, key_name, owner, id, parent_id, child_id) VALUES ('runwaysdk.com', '0000000000000000000000000000001000000000000000000000000000000003', '2011-10-13 17:37:05', 3809, NULL, NULL, '0000000000000000000000000000001000000000000000000000000000000003', 'com.runwaysdk.system.MetadataParameter', '2011-10-13 17:37:05', 'com.runwaysdk.system.metadata.MobileGroupFieldController.viewPage.isAscending', '0000000000000000000000000000001000000000000000000000000000000003', '28egkaqkxotbmx57f7imjenp9r0jwilp20070427JS0000000000000000001524', '907mx9w3h9riagzrng14fqe3x2csj1k3NM200810110000000000000000000113', '1ua1lqhlcrlkg2z0iu4hjyqt1mudgtpc20070427JS0000000000000000001517');
INSERT INTO metadata_display_label ( default_locale, id, site_master, key_name) VALUES ('Page Size', '0m1mdvlo1p2pjzv0e64c8ami0atmiz8rNM200904120000000000000000000030', 'runwaysdk.com', '0m1mdvlo1p2pjzv0e64c8ami0atmiz8rNM200904120000000000000000000030');
INSERT INTO metadata_display_label ( default_locale, id, site_master, key_name) VALUES (NULL, '6o5x3lh44kiqqxp649npmkrn01c1nid9NM200904120000000000000000000030', 'runwaysdk.com', '6o5x3lh44kiqqxp649npmkrn01c1nid9NM200904120000000000000000000030');
INSERT INTO md_parameter ( metadata, parameter_order, parameter_name, parameter_type, display_label, id) VALUES ('907mx9w3h9riagzrng14fqe3x2csj1k3NM200810110000000000000000000113', -2, 'pageSize', 'java.lang.Integer', '0m1mdvlo1p2pjzv0e64c8ami0atmiz8rNM200904120000000000000000000030', '28x1taeos2y4cy0jl63up9if9k00olwh20070427JS0000000000000000001517');
INSERT INTO metadata ( description, created_by, owner, id, create_date, seq, type, remove, site_master, locked_by, entity_domain, last_updated_by, last_update_date, key_name) VALUES ('6o5x3lh44kiqqxp649npmkrn01c1nid9NM200904120000000000000000000030', '0000000000000000000000000000001000000000000000000000000000000003', '0000000000000000000000000000001000000000000000000000000000000003', '28x1taeos2y4cy0jl63up9if9k00olwh20070427JS0000000000000000001517', '2011-10-13 17:37:05', 3810, 'com.runwaysdk.system.metadata.MdParameter', 1, 'runwaysdk.com', NULL, NULL, '0000000000000000000000000000001000000000000000000000000000000003', '2011-10-13 17:37:05', 'com.runwaysdk.system.metadata.MobileGroupFieldController.viewPage.pageSize');
INSERT INTO metadata_parameter ( site_master, last_updated_by, create_date, seq, locked_by, entity_domain, created_by, type, last_update_date, key_name, owner, id, parent_id, child_id) VALUES ('runwaysdk.com', '0000000000000000000000000000001000000000000000000000000000000003', '2011-10-13 17:37:05', 3811, NULL, NULL, '0000000000000000000000000000001000000000000000000000000000000003', 'com.runwaysdk.system.MetadataParameter', '2011-10-13 17:37:05', 'com.runwaysdk.system.metadata.MobileGroupFieldController.viewPage.pageSize', '0000000000000000000000000000001000000000000000000000000000000003', 'se2xe28evkr36xpnohtuelbzdhbm76g720070427JS0000000000000000001524', '907mx9w3h9riagzrng14fqe3x2csj1k3NM200810110000000000000000000113', '28x1taeos2y4cy0jl63up9if9k00olwh20070427JS0000000000000000001517');
INSERT INTO metadata_display_label ( default_locale, id, site_master, key_name) VALUES ('Page Number', 'sdpzuokc9r2cfc9xokhdvy4uabg2piwpNM200904120000000000000000000030', 'runwaysdk.com', 'sdpzuokc9r2cfc9xokhdvy4uabg2piwpNM200904120000000000000000000030');
INSERT INTO metadata_display_label ( default_locale, id, site_master, key_name) VALUES (NULL, '1pop6c82nn2uew99q4r3800nfv8yo2qoNM200904120000000000000000000030', 'runwaysdk.com', '1pop6c82nn2uew99q4r3800nfv8yo2qoNM200904120000000000000000000030');
INSERT INTO md_parameter ( metadata, parameter_order, parameter_name, parameter_type, display_label, id) VALUES ('907mx9w3h9riagzrng14fqe3x2csj1k3NM200810110000000000000000000113', -1, 'pageNumber', 'java.lang.Integer', 'sdpzuokc9r2cfc9xokhdvy4uabg2piwpNM200904120000000000000000000030', 'slsoq6yqfu4qg4hsbnhrw2ej0b6fn9b920070427JS0000000000000000001517');
INSERT INTO metadata ( description, created_by, owner, id, create_date, seq, type, remove, site_master, locked_by, entity_domain, last_updated_by, last_update_date, key_name) VALUES ('1pop6c82nn2uew99q4r3800nfv8yo2qoNM200904120000000000000000000030', '0000000000000000000000000000001000000000000000000000000000000003', '0000000000000000000000000000001000000000000000000000000000000003', 'slsoq6yqfu4qg4hsbnhrw2ej0b6fn9b920070427JS0000000000000000001517', '2011-10-13 17:37:05', 3812, 'com.runwaysdk.system.metadata.MdParameter', 1, 'runwaysdk.com', NULL, NULL, '0000000000000000000000000000001000000000000000000000000000000003', '2011-10-13 17:37:05', 'com.runwaysdk.system.metadata.MobileGroupFieldController.viewPage.pageNumber');
INSERT INTO metadata_parameter ( site_master, last_updated_by, create_date, seq, locked_by, entity_domain, created_by, type, last_update_date, key_name, owner, id, parent_id, child_id) VALUES ('runwaysdk.com', '0000000000000000000000000000001000000000000000000000000000000003', '2011-10-13 17:37:05', 3813, NULL, NULL, '0000000000000000000000000000001000000000000000000000000000000003', 'com.runwaysdk.system.MetadataParameter', '2011-10-13 17:37:05', 'com.runwaysdk.system.metadata.MobileGroupFieldController.viewPage.pageNumber', '0000000000000000000000000000001000000000000000000000000000000003', 'souhbj85uypweus9jmlvxnpursnasddz20070427JS0000000000000000001524', '907mx9w3h9riagzrng14fqe3x2csj1k3NM200810110000000000000000000113', 'slsoq6yqfu4qg4hsbnhrw2ej0b6fn9b920070427JS0000000000000000001517');
INSERT INTO metadata_display_label ( default_locale, id, site_master, key_name) VALUES ('View All', '8ioergaec5ejgyp4siqyjjgtb2ikaxhtNM200904120000000000000000000030', 'runwaysdk.com', '8ioergaec5ejgyp4siqyjjgtb2ikaxhtNM200904120000000000000000000030');
INSERT INTO metadata_display_label ( default_locale, id, site_master, key_name) VALUES ('Loads a ViewAll query with the default settings', '94gtg7n8qk3d9oqq89ynq83cc1xxxjppNM200904120000000000000000000030', 'runwaysdk.com', '94gtg7n8qk3d9oqq89ynq83cc1xxxjppNM200904120000000000000000000030');
INSERT INTO md_action ( is_query, enclosing_md_controller, is_post, action_name, display_label, id) VALUES (0, '7anqmqmwbeejr9rfajhir0e0xowqxcjqNM200810110000000000000000000112', 0, 'viewAll', '8ioergaec5ejgyp4siqyjjgtb2ikaxhtNM200904120000000000000000000030', 'qqxpq1xdntv0tpxxu0awi3ymik913hdjNM200810110000000000000000000113');
INSERT INTO metadata ( description, created_by, owner, id, create_date, seq, type, remove, site_master, locked_by, entity_domain, last_updated_by, last_update_date, key_name) VALUES ('94gtg7n8qk3d9oqq89ynq83cc1xxxjppNM200904120000000000000000000030', '0000000000000000000000000000001000000000000000000000000000000003', '0000000000000000000000000000001000000000000000000000000000000003', 'qqxpq1xdntv0tpxxu0awi3ymik913hdjNM200810110000000000000000000113', '2011-10-13 17:37:05', 3814, 'com.runwaysdk.system.metadata.MdAction', 1, 'runwaysdk.com', NULL, NULL, '0000000000000000000000000000001000000000000000000000000000000003', '2011-10-13 17:37:05', 'com.runwaysdk.system.metadata.MobileGroupFieldController.viewAll');
INSERT INTO controller_action ( key_name, locked_by, id, owner, entity_domain, created_by, type, last_update_date, create_date, seq, last_updated_by, site_master, parent_id, child_id) VALUES ('com.runwaysdk.system.metadata.MobileGroupFieldController.viewAll', NULL, '01i2wlw8mjekcm0k9t2lxrzyuqaogujtJS200807230000000000000000111111', '0000000000000000000000000000001000000000000000000000000000000003', NULL, '0000000000000000000000000000001000000000000000000000000000000003', 'com.runwaysdk.system.ControllerAction', '2011-10-13 17:37:05', '2011-10-13 17:37:05', 3815, '0000000000000000000000000000001000000000000000000000000000000003', 'runwaysdk.com', '7anqmqmwbeejr9rfajhir0e0xowqxcjqNM200810110000000000000000000112', 'qqxpq1xdntv0tpxxu0awi3ymik913hdjNM200810110000000000000000000113');
INSERT INTO metadata_display_label ( default_locale, id, site_master, key_name) VALUES ('View', '8rf48lhgb9ei586bffmjopa4t6wf10yxNM200904120000000000000000000030', 'runwaysdk.com', '8rf48lhgb9ei586bffmjopa4t6wf10yxNM200904120000000000000000000030');
INSERT INTO metadata_display_label ( default_locale, id, site_master, key_name) VALUES ('View an existing instance of com.runwaysdk.system.metadata.MobileGroupField', '8s8evp0j1d6mftq7ym7g0w6agux4xw22NM200904120000000000000000000030', 'runwaysdk.com', '8s8evp0j1d6mftq7ym7g0w6agux4xw22NM200904120000000000000000000030');
INSERT INTO md_action ( is_query, enclosing_md_controller, is_post, action_name, display_label, id) VALUES (0, '7anqmqmwbeejr9rfajhir0e0xowqxcjqNM200810110000000000000000000112', 0, 'view', '8rf48lhgb9ei586bffmjopa4t6wf10yxNM200904120000000000000000000030', 'zc4b9adwiozna60n5z7l6zyh975cv4bzNM200810110000000000000000000113');
INSERT INTO metadata ( description, created_by, owner, id, create_date, seq, type, remove, site_master, locked_by, entity_domain, last_updated_by, last_update_date, key_name) VALUES ('8s8evp0j1d6mftq7ym7g0w6agux4xw22NM200904120000000000000000000030', '0000000000000000000000000000001000000000000000000000000000000003', '0000000000000000000000000000001000000000000000000000000000000003', 'zc4b9adwiozna60n5z7l6zyh975cv4bzNM200810110000000000000000000113', '2011-10-13 17:37:05', 3816, 'com.runwaysdk.system.metadata.MdAction', 1, 'runwaysdk.com', NULL, NULL, '0000000000000000000000000000001000000000000000000000000000000003', '2011-10-13 17:37:05', 'com.runwaysdk.system.metadata.MobileGroupFieldController.view');
INSERT INTO controller_action ( key_name, locked_by, id, owner, entity_domain, created_by, type, last_update_date, create_date, seq, last_updated_by, site_master, parent_id, child_id) VALUES ('com.runwaysdk.system.metadata.MobileGroupFieldController.view', NULL, '6u19f1uwy5dw341z75b8lwjz4k2h3brvJS200807230000000000000000111111', '0000000000000000000000000000001000000000000000000000000000000003', NULL, '0000000000000000000000000000001000000000000000000000000000000003', 'com.runwaysdk.system.ControllerAction', '2011-10-13 17:37:05', '2011-10-13 17:37:05', 3817, '0000000000000000000000000000001000000000000000000000000000000003', 'runwaysdk.com', '7anqmqmwbeejr9rfajhir0e0xowqxcjqNM200810110000000000000000000112', 'zc4b9adwiozna60n5z7l6zyh975cv4bzNM200810110000000000000000000113');
INSERT INTO metadata_display_label ( default_locale, id, site_master, key_name) VALUES ('Parameter: com.runwaysdk.system.metadata.MobileGroupField - id', '1qy9aggku3m66c2ur7bvuwu1e98htzvtNM200904120000000000000000000030', 'runwaysdk.com', '1qy9aggku3m66c2ur7bvuwu1e98htzvtNM200904120000000000000000000030');
INSERT INTO metadata_display_label ( default_locale, id, site_master, key_name) VALUES ('Id of com.runwaysdk.system.metadata.MobileGroupField to view.', 'reb5i719hpjqow9ybnop074wo1j46qozNM200904120000000000000000000030', 'runwaysdk.com', 'reb5i719hpjqow9ybnop074wo1j46qozNM200904120000000000000000000030');
INSERT INTO md_parameter ( metadata, parameter_order, parameter_name, parameter_type, display_label, id) VALUES ('zc4b9adwiozna60n5z7l6zyh975cv4bzNM200810110000000000000000000113', 0, 'id', 'java.lang.String', '1qy9aggku3m66c2ur7bvuwu1e98htzvtNM200904120000000000000000000030', 'z5iif47sqoludzz1z2k0elxvysin31v420070427JS0000000000000000001517');
INSERT INTO metadata ( description, created_by, owner, id, create_date, seq, type, remove, site_master, locked_by, entity_domain, last_updated_by, last_update_date, key_name) VALUES ('reb5i719hpjqow9ybnop074wo1j46qozNM200904120000000000000000000030', '0000000000000000000000000000001000000000000000000000000000000003', '0000000000000000000000000000001000000000000000000000000000000003', 'z5iif47sqoludzz1z2k0elxvysin31v420070427JS0000000000000000001517', '2011-10-13 17:37:05', 3818, 'com.runwaysdk.system.metadata.MdParameter', 1, 'runwaysdk.com', NULL, NULL, '0000000000000000000000000000001000000000000000000000000000000003', '2011-10-13 17:37:05', 'com.runwaysdk.system.metadata.MobileGroupFieldController.view.id');
INSERT INTO metadata_parameter ( site_master, last_updated_by, create_date, seq, locked_by, entity_domain, created_by, type, last_update_date, key_name, owner, id, parent_id, child_id) VALUES ('runwaysdk.com', '0000000000000000000000000000001000000000000000000000000000000003', '2011-10-13 17:37:05', 3819, NULL, NULL, '0000000000000000000000000000001000000000000000000000000000000003', 'com.runwaysdk.system.MetadataParameter', '2011-10-13 17:37:05', 'com.runwaysdk.system.metadata.MobileGroupFieldController.view.id', '0000000000000000000000000000001000000000000000000000000000000003', '8c68tlsxtbo2zaebupcaua3f83iwoy3f20070427JS0000000000000000001524', 'zc4b9adwiozna60n5z7l6zyh975cv4bzNM200810110000000000000000000113', 'z5iif47sqoludzz1z2k0elxvysin31v420070427JS0000000000000000001517');
INSERT INTO metadata_display_label ( default_locale, id, site_master, key_name) VALUES ('New Instance', 'quu5xc0gl6z6w82fh7l0snt619722d4zNM200904120000000000000000000030', 'runwaysdk.com', 'quu5xc0gl6z6w82fh7l0snt619722d4zNM200904120000000000000000000030');
INSERT INTO metadata_display_label ( default_locale, id, site_master, key_name) VALUES ('Loads a new instance of com.runwaysdk.system.metadata.MobileGroupField into the request object', '0e8qtwk1jljr43t7vup8h7o11bzj4rxpNM200904120000000000000000000030', 'runwaysdk.com', '0e8qtwk1jljr43t7vup8h7o11bzj4rxpNM200904120000000000000000000030');
INSERT INTO md_action ( is_query, enclosing_md_controller, is_post, action_name, display_label, id) VALUES (0, '7anqmqmwbeejr9rfajhir0e0xowqxcjqNM200810110000000000000000000112', 1, 'newInstance', 'quu5xc0gl6z6w82fh7l0snt619722d4zNM200904120000000000000000000030', 'zb21a2tdm6oftcm8l5q8n8kz69r0yjoyNM200810110000000000000000000113');
INSERT INTO metadata ( description, created_by, owner, id, create_date, seq, type, remove, site_master, locked_by, entity_domain, last_updated_by, last_update_date, key_name) VALUES ('0e8qtwk1jljr43t7vup8h7o11bzj4rxpNM200904120000000000000000000030', '0000000000000000000000000000001000000000000000000000000000000003', '0000000000000000000000000000001000000000000000000000000000000003', 'zb21a2tdm6oftcm8l5q8n8kz69r0yjoyNM200810110000000000000000000113', '2011-10-13 17:37:05', 3820, 'com.runwaysdk.system.metadata.MdAction', 1, 'runwaysdk.com', NULL, NULL, '0000000000000000000000000000001000000000000000000000000000000003', '2011-10-13 17:37:05', 'com.runwaysdk.system.metadata.MobileGroupFieldController.newInstance');
INSERT INTO controller_action ( key_name, locked_by, id, owner, entity_domain, created_by, type, last_update_date, create_date, seq, last_updated_by, site_master, parent_id, child_id) VALUES ('com.runwaysdk.system.metadata.MobileGroupFieldController.newInstance', NULL, 'sfuvmfu52e8jincrzkj9985mdswadxoaJS200807230000000000000000111111', '0000000000000000000000000000001000000000000000000000000000000003', NULL, '0000000000000000000000000000001000000000000000000000000000000003', 'com.runwaysdk.system.ControllerAction', '2011-10-13 17:37:05', '2011-10-13 17:37:05', 3821, '0000000000000000000000000000001000000000000000000000000000000003', 'runwaysdk.com', '7anqmqmwbeejr9rfajhir0e0xowqxcjqNM200810110000000000000000000112', 'zb21a2tdm6oftcm8l5q8n8kz69r0yjoyNM200810110000000000000000000113');
INSERT INTO metadata_display_label ( default_locale, id, site_master, key_name) VALUES ('Parent Parameter: com.runwaysdk.system.metadata.MobileGroupField', 'qumlmumy2o1pqkx9v6mxtqkeph1oe7g4NM200904120000000000000000000030', 'runwaysdk.com', 'qumlmumy2o1pqkx9v6mxtqkeph1oe7g4NM200904120000000000000000000030');
INSERT INTO metadata_display_label ( default_locale, id, site_master, key_name) VALUES ('Id of the parent of the Relationship', 'xws3aoy4lyaoa90k44tpyphcoa3bezb2NM200904120000000000000000000030', 'runwaysdk.com', 'xws3aoy4lyaoa90k44tpyphcoa3bezb2NM200904120000000000000000000030');
INSERT INTO md_parameter ( metadata, parameter_order, parameter_name, parameter_type, display_label, id) VALUES ('zb21a2tdm6oftcm8l5q8n8kz69r0yjoyNM200810110000000000000000000113', 0, 'parentId', 'java.lang.String', 'qumlmumy2o1pqkx9v6mxtqkeph1oe7g4NM200904120000000000000000000030', 's9782487rf6gsk66tp328jxrc8z3tcim20070427JS0000000000000000001517');
INSERT INTO metadata ( description, created_by, owner, id, create_date, seq, type, remove, site_master, locked_by, entity_domain, last_updated_by, last_update_date, key_name) VALUES ('xws3aoy4lyaoa90k44tpyphcoa3bezb2NM200904120000000000000000000030', '0000000000000000000000000000001000000000000000000000000000000003', '0000000000000000000000000000001000000000000000000000000000000003', 's9782487rf6gsk66tp328jxrc8z3tcim20070427JS0000000000000000001517', '2011-10-13 17:37:05', 3822, 'com.runwaysdk.system.metadata.MdParameter', 1, 'runwaysdk.com', NULL, NULL, '0000000000000000000000000000001000000000000000000000000000000003', '2011-10-13 17:37:05', 'com.runwaysdk.system.metadata.MobileGroupFieldController.newInstance.parentId');
INSERT INTO metadata_parameter ( site_master, last_updated_by, create_date, seq, locked_by, entity_domain, created_by, type, last_update_date, key_name, owner, id, parent_id, child_id) VALUES ('runwaysdk.com', '0000000000000000000000000000001000000000000000000000000000000003', '2011-10-13 17:37:05', 3823, NULL, NULL, '0000000000000000000000000000001000000000000000000000000000000003', 'com.runwaysdk.system.MetadataParameter', '2011-10-13 17:37:05', 'com.runwaysdk.system.metadata.MobileGroupFieldController.newInstance.parentId', '0000000000000000000000000000001000000000000000000000000000000003', 'r7l12ar8fwdbd1nxvro6x5js3563lo9c20070427JS0000000000000000001524', 'zb21a2tdm6oftcm8l5q8n8kz69r0yjoyNM200810110000000000000000000113', 's9782487rf6gsk66tp328jxrc8z3tcim20070427JS0000000000000000001517');
INSERT INTO metadata_display_label ( default_locale, id, site_master, key_name) VALUES ('Child Parameter: com.runwaysdk.system.metadata.MobileGroupField', 'z6993v25c1l3po3hyc8lli0plsjx4ngvNM200904120000000000000000000030', 'runwaysdk.com', 'z6993v25c1l3po3hyc8lli0plsjx4ngvNM200904120000000000000000000030');
INSERT INTO metadata_display_label ( default_locale, id, site_master, key_name) VALUES ('Child of the Relationship', '8sxyatfx1apq1c4yym6bde9763bi2dctNM200904120000000000000000000030', 'runwaysdk.com', '8sxyatfx1apq1c4yym6bde9763bi2dctNM200904120000000000000000000030');
INSERT INTO md_parameter ( metadata, parameter_order, parameter_name, parameter_type, display_label, id) VALUES ('zb21a2tdm6oftcm8l5q8n8kz69r0yjoyNM200810110000000000000000000113', 1, 'childId', 'java.lang.String', 'z6993v25c1l3po3hyc8lli0plsjx4ngvNM200904120000000000000000000030', '215tq8nv42tr7mew6xaf3rzz9cvwqyyk20070427JS0000000000000000001517');
INSERT INTO metadata ( description, created_by, owner, id, create_date, seq, type, remove, site_master, locked_by, entity_domain, last_updated_by, last_update_date, key_name) VALUES ('8sxyatfx1apq1c4yym6bde9763bi2dctNM200904120000000000000000000030', '0000000000000000000000000000001000000000000000000000000000000003', '0000000000000000000000000000001000000000000000000000000000000003', '215tq8nv42tr7mew6xaf3rzz9cvwqyyk20070427JS0000000000000000001517', '2011-10-13 17:37:05', 3824, 'com.runwaysdk.system.metadata.MdParameter', 1, 'runwaysdk.com', NULL, NULL, '0000000000000000000000000000001000000000000000000000000000000003', '2011-10-13 17:37:05', 'com.runwaysdk.system.metadata.MobileGroupFieldController.newInstance.childId');
INSERT INTO metadata_parameter ( site_master, last_updated_by, create_date, seq, locked_by, entity_domain, created_by, type, last_update_date, key_name, owner, id, parent_id, child_id) VALUES ('runwaysdk.com', '0000000000000000000000000000001000000000000000000000000000000003', '2011-10-13 17:37:05', 3825, NULL, NULL, '0000000000000000000000000000001000000000000000000000000000000003', 'com.runwaysdk.system.MetadataParameter', '2011-10-13 17:37:05', 'com.runwaysdk.system.metadata.MobileGroupFieldController.newInstance.childId', '0000000000000000000000000000001000000000000000000000000000000003', 't1j35z7n3ynmyvaov39g4kpor0ndg8jw20070427JS0000000000000000001524', 'zb21a2tdm6oftcm8l5q8n8kz69r0yjoyNM200810110000000000000000000113', '215tq8nv42tr7mew6xaf3rzz9cvwqyyk20070427JS0000000000000000001517');
INSERT INTO metadata_display_label ( default_locale, id, site_master, key_name) VALUES ('Create', '76wkhinbz9xtzyxmh30oief5ncz95u8dNM200904120000000000000000000030', 'runwaysdk.com', '76wkhinbz9xtzyxmh30oief5ncz95u8dNM200904120000000000000000000030');
INSERT INTO metadata_display_label ( default_locale, id, site_master, key_name) VALUES ('Applys a new instance of com.runwaysdk.system.metadata.MobileGroupField', '26z2ead35tvyvpomq7m8rgpby94zjed5NM200904120000000000000000000030', 'runwaysdk.com', '26z2ead35tvyvpomq7m8rgpby94zjed5NM200904120000000000000000000030');
INSERT INTO md_action ( is_query, enclosing_md_controller, is_post, action_name, display_label, id) VALUES (0, '7anqmqmwbeejr9rfajhir0e0xowqxcjqNM200810110000000000000000000112', 1, 'create', '76wkhinbz9xtzyxmh30oief5ncz95u8dNM200904120000000000000000000030', '011j89vtslccpiugqxu57ngg4gjqwm6vNM200810110000000000000000000113');
INSERT INTO metadata ( description, created_by, owner, id, create_date, seq, type, remove, site_master, locked_by, entity_domain, last_updated_by, last_update_date, key_name) VALUES ('26z2ead35tvyvpomq7m8rgpby94zjed5NM200904120000000000000000000030', '0000000000000000000000000000001000000000000000000000000000000003', '0000000000000000000000000000001000000000000000000000000000000003', '011j89vtslccpiugqxu57ngg4gjqwm6vNM200810110000000000000000000113', '2011-10-13 17:37:05', 3826, 'com.runwaysdk.system.metadata.MdAction', 1, 'runwaysdk.com', NULL, NULL, '0000000000000000000000000000001000000000000000000000000000000003', '2011-10-13 17:37:05', 'com.runwaysdk.system.metadata.MobileGroupFieldController.create');
INSERT INTO controller_action ( key_name, locked_by, id, owner, entity_domain, created_by, type, last_update_date, create_date, seq, last_updated_by, site_master, parent_id, child_id) VALUES ('com.runwaysdk.system.metadata.MobileGroupFieldController.create', NULL, '1qazu6fvjin68n1bsgn12v4sk694tadxJS200807230000000000000000111111', '0000000000000000000000000000001000000000000000000000000000000003', NULL, '0000000000000000000000000000001000000000000000000000000000000003', 'com.runwaysdk.system.ControllerAction', '2011-10-13 17:37:05', '2011-10-13 17:37:05', 3827, '0000000000000000000000000000001000000000000000000000000000000003', 'runwaysdk.com', '7anqmqmwbeejr9rfajhir0e0xowqxcjqNM200810110000000000000000000112', '011j89vtslccpiugqxu57ngg4gjqwm6vNM200810110000000000000000000113');
INSERT INTO metadata_display_label ( default_locale, id, site_master, key_name) VALUES ('Parameter: com.runwaysdk.system.metadata.MobileGroupField', 'syxzuwem3t5dm7b7nfsax63ugzuvxy2dNM200904120000000000000000000030', 'runwaysdk.com', 'syxzuwem3t5dm7b7nfsax63ugzuvxy2dNM200904120000000000000000000030');
INSERT INTO metadata_display_label ( default_locale, id, site_master, key_name) VALUES ('com.runwaysdk.system.metadata.MobileGroupField to apply to the database', 'xy5atsr968f0jre5ayht234ahs4717phNM200904120000000000000000000030', 'runwaysdk.com', 'xy5atsr968f0jre5ayht234ahs4717phNM200904120000000000000000000030');
INSERT INTO md_parameter ( metadata, parameter_order, parameter_name, parameter_type, display_label, id) VALUES ('011j89vtslccpiugqxu57ngg4gjqwm6vNM200810110000000000000000000113', 0, 'dto', 'com.runwaysdk.system.metadata.MobileGroupField', 'syxzuwem3t5dm7b7nfsax63ugzuvxy2dNM200904120000000000000000000030', '710fbz2ig8ycq4gw7pv57p7x3tlh2gie20070427JS0000000000000000001517');
INSERT INTO metadata ( description, created_by, owner, id, create_date, seq, type, remove, site_master, locked_by, entity_domain, last_updated_by, last_update_date, key_name) VALUES ('xy5atsr968f0jre5ayht234ahs4717phNM200904120000000000000000000030', '0000000000000000000000000000001000000000000000000000000000000003', '0000000000000000000000000000001000000000000000000000000000000003', '710fbz2ig8ycq4gw7pv57p7x3tlh2gie20070427JS0000000000000000001517', '2011-10-13 17:37:05', 3828, 'com.runwaysdk.system.metadata.MdParameter', 1, 'runwaysdk.com', NULL, NULL, '0000000000000000000000000000001000000000000000000000000000000003', '2011-10-13 17:37:05', 'com.runwaysdk.system.metadata.MobileGroupFieldController.create.dto');
INSERT INTO metadata_parameter ( site_master, last_updated_by, create_date, seq, locked_by, entity_domain, created_by, type, last_update_date, key_name, owner, id, parent_id, child_id) VALUES ('runwaysdk.com', '0000000000000000000000000000001000000000000000000000000000000003', '2011-10-13 17:37:05', 3829, NULL, NULL, '0000000000000000000000000000001000000000000000000000000000000003', 'com.runwaysdk.system.MetadataParameter', '2011-10-13 17:37:05', 'com.runwaysdk.system.metadata.MobileGroupFieldController.create.dto', '0000000000000000000000000000001000000000000000000000000000000003', 'zaiw1h7ol4ewsnld5rdy0gdk49pu65l120070427JS0000000000000000001524', '011j89vtslccpiugqxu57ngg4gjqwm6vNM200810110000000000000000000113', '710fbz2ig8ycq4gw7pv57p7x3tlh2gie20070427JS0000000000000000001517');
INSERT INTO metadata_display_label ( default_locale, id, site_master, key_name) VALUES ('edit', 'xudid5ml85c2wucsanxpvhsvs5tp3dunNM200904120000000000000000000030', 'runwaysdk.com', 'xudid5ml85c2wucsanxpvhsvs5tp3dunNM200904120000000000000000000030');
INSERT INTO metadata_display_label ( default_locale, id, site_master, key_name) VALUES ('Applys an existing instance of com.runwaysdk.system.metadata.MobileGroupField', '8lsjp08bkhsh7dexinr5m6hl49y6vknyNM200904120000000000000000000030', 'runwaysdk.com', '8lsjp08bkhsh7dexinr5m6hl49y6vknyNM200904120000000000000000000030');
INSERT INTO md_action ( is_query, enclosing_md_controller, is_post, action_name, display_label, id) VALUES (0, '7anqmqmwbeejr9rfajhir0e0xowqxcjqNM200810110000000000000000000112', 0, 'edit', 'xudid5ml85c2wucsanxpvhsvs5tp3dunNM200904120000000000000000000030', '294bmz68uxn0i9iur1xn3t41l1v0qocgNM200810110000000000000000000113');
INSERT INTO metadata ( description, created_by, owner, id, create_date, seq, type, remove, site_master, locked_by, entity_domain, last_updated_by, last_update_date, key_name) VALUES ('8lsjp08bkhsh7dexinr5m6hl49y6vknyNM200904120000000000000000000030', '0000000000000000000000000000001000000000000000000000000000000003', '0000000000000000000000000000001000000000000000000000000000000003', '294bmz68uxn0i9iur1xn3t41l1v0qocgNM200810110000000000000000000113', '2011-10-13 17:37:05', 3830, 'com.runwaysdk.system.metadata.MdAction', 1, 'runwaysdk.com', NULL, NULL, '0000000000000000000000000000001000000000000000000000000000000003', '2011-10-13 17:37:05', 'com.runwaysdk.system.metadata.MobileGroupFieldController.edit');
INSERT INTO controller_action ( key_name, locked_by, id, owner, entity_domain, created_by, type, last_update_date, create_date, seq, last_updated_by, site_master, parent_id, child_id) VALUES ('com.runwaysdk.system.metadata.MobileGroupFieldController.edit', NULL, '789zr2v0v3r89pwltiijv5v11o7is5okJS200807230000000000000000111111', '0000000000000000000000000000001000000000000000000000000000000003', NULL, '0000000000000000000000000000001000000000000000000000000000000003', 'com.runwaysdk.system.ControllerAction', '2011-10-13 17:37:05', '2011-10-13 17:37:05', 3831, '0000000000000000000000000000001000000000000000000000000000000003', 'runwaysdk.com', '7anqmqmwbeejr9rfajhir0e0xowqxcjqNM200810110000000000000000000112', '294bmz68uxn0i9iur1xn3t41l1v0qocgNM200810110000000000000000000113');
INSERT INTO metadata_display_label ( default_locale, id, site_master, key_name) VALUES ('Parameter: com.runwaysdk.system.metadata.MobileGroupField', 'xtigq0tk67hqmhxhm69hbavg22gxn65qNM200904120000000000000000000030', 'runwaysdk.com', 'xtigq0tk67hqmhxhm69hbavg22gxn65qNM200904120000000000000000000030');
INSERT INTO metadata_display_label ( default_locale, id, site_master, key_name) VALUES ('com.runwaysdk.system.metadata.MobileGroupField to apply to the database', 'xumtndu6ghtsvswq257z8wv9gx81xmheNM200904120000000000000000000030', 'runwaysdk.com', 'xumtndu6ghtsvswq257z8wv9gx81xmheNM200904120000000000000000000030');
INSERT INTO md_parameter ( metadata, parameter_order, parameter_name, parameter_type, display_label, id) VALUES ('294bmz68uxn0i9iur1xn3t41l1v0qocgNM200810110000000000000000000113', 0, 'id', 'java.lang.String', 'xtigq0tk67hqmhxhm69hbavg22gxn65qNM200904120000000000000000000030', '06w3na5y97rp4c7go95zj7pjma9abcsy20070427JS0000000000000000001517');
INSERT INTO metadata ( description, created_by, owner, id, create_date, seq, type, remove, site_master, locked_by, entity_domain, last_updated_by, last_update_date, key_name) VALUES ('xumtndu6ghtsvswq257z8wv9gx81xmheNM200904120000000000000000000030', '0000000000000000000000000000001000000000000000000000000000000003', '0000000000000000000000000000001000000000000000000000000000000003', '06w3na5y97rp4c7go95zj7pjma9abcsy20070427JS0000000000000000001517', '2011-10-13 17:37:05', 3832, 'com.runwaysdk.system.metadata.MdParameter', 1, 'runwaysdk.com', NULL, NULL, '0000000000000000000000000000001000000000000000000000000000000003', '2011-10-13 17:37:05', 'com.runwaysdk.system.metadata.MobileGroupFieldController.edit.id');
INSERT INTO metadata_parameter ( site_master, last_updated_by, create_date, seq, locked_by, entity_domain, created_by, type, last_update_date, key_name, owner, id, parent_id, child_id) VALUES ('runwaysdk.com', '0000000000000000000000000000001000000000000000000000000000000003', '2011-10-13 17:37:05', 3833, NULL, NULL, '0000000000000000000000000000001000000000000000000000000000000003', 'com.runwaysdk.system.MetadataParameter', '2011-10-13 17:37:05', 'com.runwaysdk.system.metadata.MobileGroupFieldController.edit.id', '0000000000000000000000000000001000000000000000000000000000000003', '24gkivcp51ulfx39n71drpfpfxrt4urh20070427JS0000000000000000001524', '294bmz68uxn0i9iur1xn3t41l1v0qocgNM200810110000000000000000000113', '06w3na5y97rp4c7go95zj7pjma9abcsy20070427JS0000000000000000001517');
INSERT INTO metadata_display_label ( default_locale, id, site_master, key_name) VALUES ('update', 'y0op1jyo5tfi3ud89sz0sny9ccp3buacNM200904120000000000000000000030', 'runwaysdk.com', 'y0op1jyo5tfi3ud89sz0sny9ccp3buacNM200904120000000000000000000030');
INSERT INTO metadata_display_label ( default_locale, id, site_master, key_name) VALUES ('Applys an existing instance of com.runwaysdk.system.metadata.MobileGroupField', 'soo4sq2kge3q73or5fzg2p25m5qxo3tuNM200904120000000000000000000030', 'runwaysdk.com', 'soo4sq2kge3q73or5fzg2p25m5qxo3tuNM200904120000000000000000000030');
INSERT INTO md_action ( is_query, enclosing_md_controller, is_post, action_name, display_label, id) VALUES (0, '7anqmqmwbeejr9rfajhir0e0xowqxcjqNM200810110000000000000000000112', 1, 'update', 'y0op1jyo5tfi3ud89sz0sny9ccp3buacNM200904120000000000000000000030', '0o5ua1xak1z0k1dj9xpnhhk977s2jib8NM200810110000000000000000000113');
INSERT INTO metadata ( description, created_by, owner, id, create_date, seq, type, remove, site_master, locked_by, entity_domain, last_updated_by, last_update_date, key_name) VALUES ('soo4sq2kge3q73or5fzg2p25m5qxo3tuNM200904120000000000000000000030', '0000000000000000000000000000001000000000000000000000000000000003', '0000000000000000000000000000001000000000000000000000000000000003', '0o5ua1xak1z0k1dj9xpnhhk977s2jib8NM200810110000000000000000000113', '2011-10-13 17:37:05', 3834, 'com.runwaysdk.system.metadata.MdAction', 1, 'runwaysdk.com', NULL, NULL, '0000000000000000000000000000001000000000000000000000000000000003', '2011-10-13 17:37:05', 'com.runwaysdk.system.metadata.MobileGroupFieldController.update');
INSERT INTO controller_action ( key_name, locked_by, id, owner, entity_domain, created_by, type, last_update_date, create_date, seq, last_updated_by, site_master, parent_id, child_id) VALUES ('com.runwaysdk.system.metadata.MobileGroupFieldController.update', NULL, '07lwrz0xfwxodikpg3ygy10r0vetu04jJS200807230000000000000000111111', '0000000000000000000000000000001000000000000000000000000000000003', NULL, '0000000000000000000000000000001000000000000000000000000000000003', 'com.runwaysdk.system.ControllerAction', '2011-10-13 17:37:05', '2011-10-13 17:37:05', 3835, '0000000000000000000000000000001000000000000000000000000000000003', 'runwaysdk.com', '7anqmqmwbeejr9rfajhir0e0xowqxcjqNM200810110000000000000000000112', '0o5ua1xak1z0k1dj9xpnhhk977s2jib8NM200810110000000000000000000113');
INSERT INTO metadata_display_label ( default_locale, id, site_master, key_name) VALUES ('Parameter: com.runwaysdk.system.metadata.MobileGroupField - dto', '21anwr6n1puxz38ebxjqpze3ic6hzj5qNM200904120000000000000000000030', 'runwaysdk.com', '21anwr6n1puxz38ebxjqpze3ic6hzj5qNM200904120000000000000000000030');
INSERT INTO metadata_display_label ( default_locale, id, site_master, key_name) VALUES ('com.runwaysdk.system.metadata.MobileGroupField to apply to the database', '8dvbkkszlng7uzvs8pqikvqk14wnm9nlNM200904120000000000000000000030', 'runwaysdk.com', '8dvbkkszlng7uzvs8pqikvqk14wnm9nlNM200904120000000000000000000030');
INSERT INTO md_parameter ( metadata, parameter_order, parameter_name, parameter_type, display_label, id) VALUES ('0o5ua1xak1z0k1dj9xpnhhk977s2jib8NM200810110000000000000000000113', 0, 'dto', 'com.runwaysdk.system.metadata.MobileGroupField', '21anwr6n1puxz38ebxjqpze3ic6hzj5qNM200904120000000000000000000030', '74z360dmehvvgvzygyqi0zrmn11193et20070427JS0000000000000000001517');
INSERT INTO metadata ( description, created_by, owner, id, create_date, seq, type, remove, site_master, locked_by, entity_domain, last_updated_by, last_update_date, key_name) VALUES ('8dvbkkszlng7uzvs8pqikvqk14wnm9nlNM200904120000000000000000000030', '0000000000000000000000000000001000000000000000000000000000000003', '0000000000000000000000000000001000000000000000000000000000000003', '74z360dmehvvgvzygyqi0zrmn11193et20070427JS0000000000000000001517', '2011-10-13 17:37:05', 3836, 'com.runwaysdk.system.metadata.MdParameter', 1, 'runwaysdk.com', NULL, NULL, '0000000000000000000000000000001000000000000000000000000000000003', '2011-10-13 17:37:05', 'com.runwaysdk.system.metadata.MobileGroupFieldController.update.dto');
INSERT INTO metadata_parameter ( site_master, last_updated_by, create_date, seq, locked_by, entity_domain, created_by, type, last_update_date, key_name, owner, id, parent_id, child_id) VALUES ('runwaysdk.com', '0000000000000000000000000000001000000000000000000000000000000003', '2011-10-13 17:37:05', 3837, NULL, NULL, '0000000000000000000000000000001000000000000000000000000000000003', 'com.runwaysdk.system.MetadataParameter', '2011-10-13 17:37:05', 'com.runwaysdk.system.metadata.MobileGroupFieldController.update.dto', '0000000000000000000000000000001000000000000000000000000000000003', '77jxu6znxxb2ctizvp2xowc2fdhgqjt320070427JS0000000000000000001524', '0o5ua1xak1z0k1dj9xpnhhk977s2jib8NM200810110000000000000000000113', '74z360dmehvvgvzygyqi0zrmn11193et20070427JS0000000000000000001517');
INSERT INTO metadata_display_label ( default_locale, id, site_master, key_name) VALUES ('cancel', '8ukyrdbkcomnt3hdlimu1w3fvlpn7hapNM200904120000000000000000000030', 'runwaysdk.com', '8ukyrdbkcomnt3hdlimu1w3fvlpn7hapNM200904120000000000000000000030');
INSERT INTO metadata_display_label ( default_locale, id, site_master, key_name) VALUES ('Unlocks an instance com.runwaysdk.system.metadata.MobileGroupField', 'zcletzoomaosl01igz8misbk2sych8zlNM200904120000000000000000000030', 'runwaysdk.com', 'zcletzoomaosl01igz8misbk2sych8zlNM200904120000000000000000000030');
INSERT INTO md_action ( is_query, enclosing_md_controller, is_post, action_name, display_label, id) VALUES (0, '7anqmqmwbeejr9rfajhir0e0xowqxcjqNM200810110000000000000000000112', 1, 'cancel', '8ukyrdbkcomnt3hdlimu1w3fvlpn7hapNM200904120000000000000000000030', '71g5i5qqzngekugs0hokyrzrqlwql8euNM200810110000000000000000000113');
INSERT INTO metadata ( description, created_by, owner, id, create_date, seq, type, remove, site_master, locked_by, entity_domain, last_updated_by, last_update_date, key_name) VALUES ('zcletzoomaosl01igz8misbk2sych8zlNM200904120000000000000000000030', '0000000000000000000000000000001000000000000000000000000000000003', '0000000000000000000000000000001000000000000000000000000000000003', '71g5i5qqzngekugs0hokyrzrqlwql8euNM200810110000000000000000000113', '2011-10-13 17:37:05', 3838, 'com.runwaysdk.system.metadata.MdAction', 1, 'runwaysdk.com', NULL, NULL, '0000000000000000000000000000001000000000000000000000000000000003', '2011-10-13 17:37:05', 'com.runwaysdk.system.metadata.MobileGroupFieldController.cancel');
INSERT INTO controller_action ( key_name, locked_by, id, owner, entity_domain, created_by, type, last_update_date, create_date, seq, last_updated_by, site_master, parent_id, child_id) VALUES ('com.runwaysdk.system.metadata.MobileGroupFieldController.cancel', NULL, 'xy0r68fn772t59pbyf5soq10ztcbejdnJS200807230000000000000000111111', '0000000000000000000000000000001000000000000000000000000000000003', NULL, '0000000000000000000000000000001000000000000000000000000000000003', 'com.runwaysdk.system.ControllerAction', '2011-10-13 17:37:05', '2011-10-13 17:37:05', 3839, '0000000000000000000000000000001000000000000000000000000000000003', 'runwaysdk.com', '7anqmqmwbeejr9rfajhir0e0xowqxcjqNM200810110000000000000000000112', '71g5i5qqzngekugs0hokyrzrqlwql8euNM200810110000000000000000000113');
INSERT INTO metadata_display_label ( default_locale, id, site_master, key_name) VALUES ('Parameter: com.runwaysdk.system.metadata.MobileGroupField - dto', 'rblwimvfxqnpu3wstkv22sae540e48nzNM200904120000000000000000000030', 'runwaysdk.com', 'rblwimvfxqnpu3wstkv22sae540e48nzNM200904120000000000000000000030');
INSERT INTO metadata_display_label ( default_locale, id, site_master, key_name) VALUES ('com.runwaysdk.system.metadata.MobileGroupField to unlock', '71e9uowum0jqothw09c5tobk7rwffw73NM200904120000000000000000000030', 'runwaysdk.com', '71e9uowum0jqothw09c5tobk7rwffw73NM200904120000000000000000000030');
INSERT INTO md_parameter ( metadata, parameter_order, parameter_name, parameter_type, display_label, id) VALUES ('71g5i5qqzngekugs0hokyrzrqlwql8euNM200810110000000000000000000113', 0, 'dto', 'com.runwaysdk.system.metadata.MobileGroupField', 'rblwimvfxqnpu3wstkv22sae540e48nzNM200904120000000000000000000030', 'qld1zqmjxogbqiy0l1nl6sujijc064dp20070427JS0000000000000000001517');
INSERT INTO metadata ( description, created_by, owner, id, create_date, seq, type, remove, site_master, locked_by, entity_domain, last_updated_by, last_update_date, key_name) VALUES ('71e9uowum0jqothw09c5tobk7rwffw73NM200904120000000000000000000030', '0000000000000000000000000000001000000000000000000000000000000003', '0000000000000000000000000000001000000000000000000000000000000003', 'qld1zqmjxogbqiy0l1nl6sujijc064dp20070427JS0000000000000000001517', '2011-10-13 17:37:05', 3840, 'com.runwaysdk.system.metadata.MdParameter', 1, 'runwaysdk.com', NULL, NULL, '0000000000000000000000000000001000000000000000000000000000000003', '2011-10-13 17:37:05', 'com.runwaysdk.system.metadata.MobileGroupFieldController.cancel.dto');
INSERT INTO metadata_parameter ( site_master, last_updated_by, create_date, seq, locked_by, entity_domain, created_by, type, last_update_date, key_name, owner, id, parent_id, child_id) VALUES ('runwaysdk.com', '0000000000000000000000000000001000000000000000000000000000000003', '2011-10-13 17:37:05', 3841, NULL, NULL, '0000000000000000000000000000001000000000000000000000000000000003', 'com.runwaysdk.system.MetadataParameter', '2011-10-13 17:37:05', 'com.runwaysdk.system.metadata.MobileGroupFieldController.cancel.dto', '0000000000000000000000000000001000000000000000000000000000000003', 'qxqbv5jvz9hi92lu1m7rxorzbsmj8c1f20070427JS0000000000000000001524', '71g5i5qqzngekugs0hokyrzrqlwql8euNM200810110000000000000000000113', 'qld1zqmjxogbqiy0l1nl6sujijc064dp20070427JS0000000000000000001517');
INSERT INTO metadata_display_label ( default_locale, id, site_master, key_name) VALUES ('delete', '2bskd4qmuumbvkupja2rl0ib4pt5nyf6NM200904120000000000000000000030', 'runwaysdk.com', '2bskd4qmuumbvkupja2rl0ib4pt5nyf6NM200904120000000000000000000030');
INSERT INTO metadata_display_label ( default_locale, id, site_master, key_name) VALUES ('Delete an instance of com.runwaysdk.system.metadata.MobileGroupField', '0k94hiu5kaf7web6o6ie5f7psc9rumkcNM200904120000000000000000000030', 'runwaysdk.com', '0k94hiu5kaf7web6o6ie5f7psc9rumkcNM200904120000000000000000000030');
INSERT INTO md_action ( is_query, enclosing_md_controller, is_post, action_name, display_label, id) VALUES (0, '7anqmqmwbeejr9rfajhir0e0xowqxcjqNM200810110000000000000000000112', 1, 'delete', '2bskd4qmuumbvkupja2rl0ib4pt5nyf6NM200904120000000000000000000030', '08u8adjipaqtu3tiv6ntaz3s7k0641axNM200810110000000000000000000113');
INSERT INTO metadata ( description, created_by, owner, id, create_date, seq, type, remove, site_master, locked_by, entity_domain, last_updated_by, last_update_date, key_name) VALUES ('0k94hiu5kaf7web6o6ie5f7psc9rumkcNM200904120000000000000000000030', '0000000000000000000000000000001000000000000000000000000000000003', '0000000000000000000000000000001000000000000000000000000000000003', '08u8adjipaqtu3tiv6ntaz3s7k0641axNM200810110000000000000000000113', '2011-10-13 17:37:05', 3842, 'com.runwaysdk.system.metadata.MdAction', 1, 'runwaysdk.com', NULL, NULL, '0000000000000000000000000000001000000000000000000000000000000003', '2011-10-13 17:37:05', 'com.runwaysdk.system.metadata.MobileGroupFieldController.delete');
INSERT INTO controller_action ( key_name, locked_by, id, owner, entity_domain, created_by, type, last_update_date, create_date, seq, last_updated_by, site_master, parent_id, child_id) VALUES ('com.runwaysdk.system.metadata.MobileGroupFieldController.delete', NULL, '8nccndrn49zybt04kadyphga95rprr9fJS200807230000000000000000111111', '0000000000000000000000000000001000000000000000000000000000000003', NULL, '0000000000000000000000000000001000000000000000000000000000000003', 'com.runwaysdk.system.ControllerAction', '2011-10-13 17:37:05', '2011-10-13 17:37:05', 3843, '0000000000000000000000000000001000000000000000000000000000000003', 'runwaysdk.com', '7anqmqmwbeejr9rfajhir0e0xowqxcjqNM200810110000000000000000000112', '08u8adjipaqtu3tiv6ntaz3s7k0641axNM200810110000000000000000000113');
INSERT INTO metadata_display_label ( default_locale, id, site_master, key_name) VALUES ('Parameter: com.runwaysdk.system.metadata.MobileGroupField - dto', '1xtefni8snv3y4wmfd2lgv4m96omewwwNM200904120000000000000000000030', 'runwaysdk.com', '1xtefni8snv3y4wmfd2lgv4m96omewwwNM200904120000000000000000000030');
INSERT INTO metadata_display_label ( default_locale, id, site_master, key_name) VALUES ('com.runwaysdk.system.metadata.MobileGroupField to delete', '0e3ev2zy10tvu73nz7p185ethlqg3u4jNM200904120000000000000000000030', 'runwaysdk.com', '0e3ev2zy10tvu73nz7p185ethlqg3u4jNM200904120000000000000000000030');
INSERT INTO md_parameter ( metadata, parameter_order, parameter_name, parameter_type, display_label, id) VALUES ('08u8adjipaqtu3tiv6ntaz3s7k0641axNM200810110000000000000000000113', 0, 'dto', 'com.runwaysdk.system.metadata.MobileGroupField', '1xtefni8snv3y4wmfd2lgv4m96omewwwNM200904120000000000000000000030', 'xgsl23fee27wknltbjkwyqku8ra7cvh220070427JS0000000000000000001517');
INSERT INTO metadata ( description, created_by, owner, id, create_date, seq, type, remove, site_master, locked_by, entity_domain, last_updated_by, last_update_date, key_name) VALUES ('0e3ev2zy10tvu73nz7p185ethlqg3u4jNM200904120000000000000000000030', '0000000000000000000000000000001000000000000000000000000000000003', '0000000000000000000000000000001000000000000000000000000000000003', 'xgsl23fee27wknltbjkwyqku8ra7cvh220070427JS0000000000000000001517', '2011-10-13 17:37:05', 3844, 'com.runwaysdk.system.metadata.MdParameter', 1, 'runwaysdk.com', NULL, NULL, '0000000000000000000000000000001000000000000000000000000000000003', '2011-10-13 17:37:05', 'com.runwaysdk.system.metadata.MobileGroupFieldController.delete.dto');
INSERT INTO metadata_parameter ( site_master, last_updated_by, create_date, seq, locked_by, entity_domain, created_by, type, last_update_date, key_name, owner, id, parent_id, child_id) VALUES ('runwaysdk.com', '0000000000000000000000000000001000000000000000000000000000000003', '2011-10-13 17:37:05', 3845, NULL, NULL, '0000000000000000000000000000001000000000000000000000000000000003', 'com.runwaysdk.system.MetadataParameter', '2011-10-13 17:37:05', 'com.runwaysdk.system.metadata.MobileGroupFieldController.delete.dto', '0000000000000000000000000000001000000000000000000000000000000003', 'xpkdf11ms8a3sqcu3c12eb95dwsnsang20070427JS0000000000000000001524', '08u8adjipaqtu3tiv6ntaz3s7k0641axNM200810110000000000000000000113', 'xgsl23fee27wknltbjkwyqku8ra7cvh220070427JS0000000000000000001517');
INSERT INTO metadata_display_label ( default_locale, id, site_master, key_name) VALUES ('New Relationship', 'r3hb2c240uqjpl22u6mgthmskxhtqtmfNM200904120000000000000000000030', 'runwaysdk.com', 'r3hb2c240uqjpl22u6mgthmskxhtqtmfNM200904120000000000000000000030');
INSERT INTO metadata_display_label ( default_locale, id, site_master, key_name) VALUES ('Loads all relavent Parent and Child references into the request attribute for a new relationship', 'xlbcz3t0d1suffgs5xzbrsjjbt5ou69uNM200904120000000000000000000030', 'runwaysdk.com', 'xlbcz3t0d1suffgs5xzbrsjjbt5ou69uNM200904120000000000000000000030');
INSERT INTO md_action ( is_query, enclosing_md_controller, is_post, action_name, display_label, id) VALUES (0, '7anqmqmwbeejr9rfajhir0e0xowqxcjqNM200810110000000000000000000112', 0, 'newRelationship', 'r3hb2c240uqjpl22u6mgthmskxhtqtmfNM200904120000000000000000000030', '8rckafgxhc1ewxo58hms8imnfi78qo7pNM200810110000000000000000000113');
INSERT INTO metadata ( description, created_by, owner, id, create_date, seq, type, remove, site_master, locked_by, entity_domain, last_updated_by, last_update_date, key_name) VALUES ('xlbcz3t0d1suffgs5xzbrsjjbt5ou69uNM200904120000000000000000000030', '0000000000000000000000000000001000000000000000000000000000000003', '0000000000000000000000000000001000000000000000000000000000000003', '8rckafgxhc1ewxo58hms8imnfi78qo7pNM200810110000000000000000000113', '2011-10-13 17:37:05', 3846, 'com.runwaysdk.system.metadata.MdAction', 1, 'runwaysdk.com', NULL, NULL, '0000000000000000000000000000001000000000000000000000000000000003', '2011-10-13 17:37:05', 'com.runwaysdk.system.metadata.MobileGroupFieldController.newRelationship');
INSERT INTO controller_action ( key_name, locked_by, id, owner, entity_domain, created_by, type, last_update_date, create_date, seq, last_updated_by, site_master, parent_id, child_id) VALUES ('com.runwaysdk.system.metadata.MobileGroupFieldController.newRelationship', NULL, 'r2w4p0xrxn8tuojlmlesb1eqerusghcqJS200807230000000000000000111111', '0000000000000000000000000000001000000000000000000000000000000003', NULL, '0000000000000000000000000000001000000000000000000000000000000003', 'com.runwaysdk.system.ControllerAction', '2011-10-13 17:37:05', '2011-10-13 17:37:05', 3847, '0000000000000000000000000000001000000000000000000000000000000003', 'runwaysdk.com', '7anqmqmwbeejr9rfajhir0e0xowqxcjqNM200810110000000000000000000112', '8rckafgxhc1ewxo58hms8imnfi78qo7pNM200810110000000000000000000113');
INSERT INTO metadata_display_label ( default_locale, id, site_master, key_name) VALUES ('Parent Query', 't2797bn4ftvhztej2ybetsjje7jqe3hxNM200904120000000000000000000030', 'runwaysdk.com', 't2797bn4ftvhztej2ybetsjje7jqe3hxNM200904120000000000000000000030');
INSERT INTO metadata_display_label ( default_locale, id, site_master, key_name) VALUES (NULL, '8zptwu1xinfk1noeexo5edgtyhd4mytsNM200904120000000000000000000030', 'runwaysdk.com', '8zptwu1xinfk1noeexo5edgtyhd4mytsNM200904120000000000000000000030');
INSERT INTO md_action ( is_query, enclosing_md_controller, is_post, action_name, display_label, id) VALUES (0, '7anqmqmwbeejr9rfajhir0e0xowqxcjqNM200810110000000000000000000112', 0, 'parentQuery', 't2797bn4ftvhztej2ybetsjje7jqe3hxNM200904120000000000000000000030', '0mzczw5se72s6vc0pgmf8xugev5ey3frNM200810110000000000000000000113');
INSERT INTO metadata ( description, created_by, owner, id, create_date, seq, type, remove, site_master, locked_by, entity_domain, last_updated_by, last_update_date, key_name) VALUES ('8zptwu1xinfk1noeexo5edgtyhd4mytsNM200904120000000000000000000030', '0000000000000000000000000000001000000000000000000000000000000003', '0000000000000000000000000000001000000000000000000000000000000003', '0mzczw5se72s6vc0pgmf8xugev5ey3frNM200810110000000000000000000113', '2011-10-13 17:37:05', 3848, 'com.runwaysdk.system.metadata.MdAction', 1, 'runwaysdk.com', NULL, NULL, '0000000000000000000000000000001000000000000000000000000000000003', '2011-10-13 17:37:05', 'com.runwaysdk.system.metadata.MobileGroupFieldController.parentQuery');
INSERT INTO controller_action ( key_name, locked_by, id, owner, entity_domain, created_by, type, last_update_date, create_date, seq, last_updated_by, site_master, parent_id, child_id) VALUES ('com.runwaysdk.system.metadata.MobileGroupFieldController.parentQuery', NULL, 'xjn90howgj73b6eodh6y5c6nz1x6lplyJS200807230000000000000000111111', '0000000000000000000000000000001000000000000000000000000000000003', NULL, '0000000000000000000000000000001000000000000000000000000000000003', 'com.runwaysdk.system.ControllerAction', '2011-10-13 17:37:05', '2011-10-13 17:37:05', 3849, '0000000000000000000000000000001000000000000000000000000000000003', 'runwaysdk.com', '7anqmqmwbeejr9rfajhir0e0xowqxcjqNM200810110000000000000000000112', '0mzczw5se72s6vc0pgmf8xugev5ey3frNM200810110000000000000000000113');
INSERT INTO metadata_display_label ( default_locale, id, site_master, key_name) VALUES ('Parent Parameter: com.runwaysdk.system.metadata.MobileGroupField', 'xeqdezuh5rmvdoev0ivym1mlaxq7or9bNM200904120000000000000000000030', 'runwaysdk.com', 'xeqdezuh5rmvdoev0ivym1mlaxq7or9bNM200904120000000000000000000030');
INSERT INTO metadata_display_label ( default_locale, id, site_master, key_name) VALUES (NULL, '29yx6ahjnp04az3vn3gz14sxbg0zl2clNM200904120000000000000000000030', 'runwaysdk.com', '29yx6ahjnp04az3vn3gz14sxbg0zl2clNM200904120000000000000000000030');
INSERT INTO md_parameter ( metadata, parameter_order, parameter_name, parameter_type, display_label, id) VALUES ('0mzczw5se72s6vc0pgmf8xugev5ey3frNM200810110000000000000000000113', 0, 'parentId', 'java.lang.String', 'xeqdezuh5rmvdoev0ivym1mlaxq7or9bNM200904120000000000000000000030', '74bw6ymkvuh6qemvd9x31bk5lr0sep3520070427JS0000000000000000001517');
INSERT INTO metadata ( description, created_by, owner, id, create_date, seq, type, remove, site_master, locked_by, entity_domain, last_updated_by, last_update_date, key_name) VALUES ('29yx6ahjnp04az3vn3gz14sxbg0zl2clNM200904120000000000000000000030', '0000000000000000000000000000001000000000000000000000000000000003', '0000000000000000000000000000001000000000000000000000000000000003', '74bw6ymkvuh6qemvd9x31bk5lr0sep3520070427JS0000000000000000001517', '2011-10-13 17:37:05', 3850, 'com.runwaysdk.system.metadata.MdParameter', 1, 'runwaysdk.com', NULL, NULL, '0000000000000000000000000000001000000000000000000000000000000003', '2011-10-13 17:37:05', 'com.runwaysdk.system.metadata.MobileGroupFieldController.parentQuery.parentId');
INSERT INTO metadata_parameter ( site_master, last_updated_by, create_date, seq, locked_by, entity_domain, created_by, type, last_update_date, key_name, owner, id, parent_id, child_id) VALUES ('runwaysdk.com', '0000000000000000000000000000001000000000000000000000000000000003', '2011-10-13 17:37:05', 3851, NULL, NULL, '0000000000000000000000000000001000000000000000000000000000000003', 'com.runwaysdk.system.MetadataParameter', '2011-10-13 17:37:05', 'com.runwaysdk.system.metadata.MobileGroupFieldController.parentQuery.parentId', '0000000000000000000000000000001000000000000000000000000000000003', '94wb477d1o93rhkax7eaogamgbvw5v4i20070427JS0000000000000000001524', '0mzczw5se72s6vc0pgmf8xugev5ey3frNM200810110000000000000000000113', '74bw6ymkvuh6qemvd9x31bk5lr0sep3520070427JS0000000000000000001517');
INSERT INTO metadata_display_label ( default_locale, id, site_master, key_name) VALUES ('Child Query', 'scf0wn3i8ljxkox9fsc2lj0q1zmfbbiwNM200904120000000000000000000030', 'runwaysdk.com', 'scf0wn3i8ljxkox9fsc2lj0q1zmfbbiwNM200904120000000000000000000030');
INSERT INTO metadata_display_label ( default_locale, id, site_master, key_name) VALUES ('Returns all instances of this relationship with the given child', 'z2lp3b4v7wluf9ynehv2j53afcof69ixNM200904120000000000000000000030', 'runwaysdk.com', 'z2lp3b4v7wluf9ynehv2j53afcof69ixNM200904120000000000000000000030');
INSERT INTO md_action ( is_query, enclosing_md_controller, is_post, action_name, display_label, id) VALUES (0, '7anqmqmwbeejr9rfajhir0e0xowqxcjqNM200810110000000000000000000112', 0, 'childQuery', 'scf0wn3i8ljxkox9fsc2lj0q1zmfbbiwNM200904120000000000000000000030', '1p78njko9slo75izkuismiikde6xkci0NM200810110000000000000000000113');
INSERT INTO metadata ( description, created_by, owner, id, create_date, seq, type, remove, site_master, locked_by, entity_domain, last_updated_by, last_update_date, key_name) VALUES ('z2lp3b4v7wluf9ynehv2j53afcof69ixNM200904120000000000000000000030', '0000000000000000000000000000001000000000000000000000000000000003', '0000000000000000000000000000001000000000000000000000000000000003', '1p78njko9slo75izkuismiikde6xkci0NM200810110000000000000000000113', '2011-10-13 17:37:05', 3852, 'com.runwaysdk.system.metadata.MdAction', 1, 'runwaysdk.com', NULL, NULL, '0000000000000000000000000000001000000000000000000000000000000003', '2011-10-13 17:37:05', 'com.runwaysdk.system.metadata.MobileGroupFieldController.childQuery');
INSERT INTO controller_action ( key_name, locked_by, id, owner, entity_domain, created_by, type, last_update_date, create_date, seq, last_updated_by, site_master, parent_id, child_id) VALUES ('com.runwaysdk.system.metadata.MobileGroupFieldController.childQuery', NULL, 'xdcls7zdlbnrn1x0ya25s9tz7xru4j5vJS200807230000000000000000111111', '0000000000000000000000000000001000000000000000000000000000000003', NULL, '0000000000000000000000000000001000000000000000000000000000000003', 'com.runwaysdk.system.ControllerAction', '2011-10-13 17:37:05', '2011-10-13 17:37:05', 3853, '0000000000000000000000000000001000000000000000000000000000000003', 'runwaysdk.com', '7anqmqmwbeejr9rfajhir0e0xowqxcjqNM200810110000000000000000000112', '1p78njko9slo75izkuismiikde6xkci0NM200810110000000000000000000113');
INSERT INTO metadata_display_label ( default_locale, id, site_master, key_name) VALUES ('Child Parameter: com.runwaysdk.system.metadata.MobileGroupField', '7bnpgsf55ial8z9zijglhnrwitnqv1o4NM200904120000000000000000000030', 'runwaysdk.com', '7bnpgsf55ial8z9zijglhnrwitnqv1o4NM200904120000000000000000000030');
INSERT INTO metadata_display_label ( default_locale, id, site_master, key_name) VALUES ('Child of the Relationship', '2fixm269j54xkzjn0s3kotoh1hnrrdwbNM200904120000000000000000000030', 'runwaysdk.com', '2fixm269j54xkzjn0s3kotoh1hnrrdwbNM200904120000000000000000000030');
INSERT INTO md_parameter ( metadata, parameter_order, parameter_name, parameter_type, display_label, id) VALUES ('1p78njko9slo75izkuismiikde6xkci0NM200810110000000000000000000113', 1, 'childId', 'java.lang.String', '7bnpgsf55ial8z9zijglhnrwitnqv1o4NM200904120000000000000000000030', 'zm3vk5iub78fvwrvwmitircwc6udybl120070427JS0000000000000000001517');
INSERT INTO metadata ( description, created_by, owner, id, create_date, seq, type, remove, site_master, locked_by, entity_domain, last_updated_by, last_update_date, key_name) VALUES ('2fixm269j54xkzjn0s3kotoh1hnrrdwbNM200904120000000000000000000030', '0000000000000000000000000000001000000000000000000000000000000003', '0000000000000000000000000000001000000000000000000000000000000003', 'zm3vk5iub78fvwrvwmitircwc6udybl120070427JS0000000000000000001517', '2011-10-13 17:37:05', 3854, 'com.runwaysdk.system.metadata.MdParameter', 1, 'runwaysdk.com', NULL, NULL, '0000000000000000000000000000001000000000000000000000000000000003', '2011-10-13 17:37:05', 'com.runwaysdk.system.metadata.MobileGroupFieldController.childQuery.childId');
INSERT INTO metadata_parameter ( site_master, last_updated_by, create_date, seq, locked_by, entity_domain, created_by, type, last_update_date, key_name, owner, id, parent_id, child_id) VALUES ('runwaysdk.com', '0000000000000000000000000000001000000000000000000000000000000003', '2011-10-13 17:37:05', 3855, NULL, NULL, '0000000000000000000000000000001000000000000000000000000000000003', 'com.runwaysdk.system.MetadataParameter', '2011-10-13 17:37:05', 'com.runwaysdk.system.metadata.MobileGroupFieldController.childQuery.childId', '0000000000000000000000000000001000000000000000000000000000000003', '6powctjyneolmjw2799fkjmazre6xk0i20070427JS0000000000000000001524', '1p78njko9slo75izkuismiikde6xkci0NM200810110000000000000000000113', 'zm3vk5iub78fvwrvwmitircwc6udybl120070427JS0000000000000000001517');
INSERT INTO relationship_inheritance ( id, parent_id, child_id) VALUES ('8r4mrydr7svtxosb02v1ewfli9tdz91i20070926NM0000000000000000000010', '0000000000000000000000000000056320060824000000000000000000000011', 'syoxfzsiy5ktxuf31tke315ontk7bozz20060824000000000000000000000011');
INSERT INTO class_inheritance ( id, parent_id, child_id) VALUES ('8r4mrydr7svtxosb02v1ewfli9tdz91i20070926NM0000000000000000000010', '0000000000000000000000000000056320060824000000000000000000000011', 'syoxfzsiy5ktxuf31tke315ontk7bozz20060824000000000000000000000011');
INSERT INTO metadata_relationship ( entity_domain, site_master, last_updated_by, id, owner, locked_by, create_date, type, created_by, seq, key_name, last_update_date, parent_id, child_id) VALUES (NULL, 'runwaysdk.com', '0000000000000000000000000000001000000000000000000000000000000003', '8r4mrydr7svtxosb02v1ewfli9tdz91i20070926NM0000000000000000000010', '0000000000000000000000000000001000000000000000000000000000000003', NULL, '2011-10-13 17:37:05', 'com.runwaysdk.system.metadata.RelationshipInheritance', '0000000000000000000000000000001000000000000000000000000000000003', 3856, '8r4mrydr7svtxosb02v1ewfli9tdz91i20070926NM0000000000000000000010', '2011-10-13 17:37:05', '0000000000000000000000000000056320060824000000000000000000000011', 'syoxfzsiy5ktxuf31tke315ontk7bozz20060824000000000000000000000011');
UPDATE md_type SET display_label= 'z4xlz8x7hqzp37ntv1856m8zdshj7p84NM200904120000000000000000000030' , root_id= '0qaa40n87chagt74lwx841n56h4xkyp4' , package_name= 'com.runwaysdk.system.metadata' , type_name= 'WebGroupFieldController'  WHERE id='0qaa40n87chagt74lwx841n56h4xkyp4NM200810110000000000000000000112';
UPDATE metadata SET description= 'zlx9jc1az36xt4fqhv87koggh7j4bgalNM200904120000000000000000000030' , created_by= '0000000000000000000000000000001000000000000000000000000000000003' , owner= '0000000000000000000000000000001000000000000000000000000000000003' , id= '0qaa40n87chagt74lwx841n56h4xkyp4NM200810110000000000000000000112' , create_date= '2011-10-13 17:37:05' , seq= 3857 , type= 'com.runwaysdk.system.metadata.MdController' , site_master= 'runwaysdk.com' , last_updated_by= '0000000000000000000000000000001000000000000000000000000000000003' , last_update_date= '2011-10-13 17:37:05' , key_name= 'com.runwaysdk.system.metadata.WebGroupFieldController'  WHERE id='0qaa40n87chagt74lwx841n56h4xkyp4NM200810110000000000000000000112';
UPDATE md_type SET display_label= 'qorwvjx6llngmx4oznrjbaf9s7hq2ps5NM200904120000000000000000000030' , root_id= '8h4ap3keot3pblvyrzbpe7xp171xfeon' , package_name= 'com.runwaysdk.system.metadata' , type_name= 'CompositeFieldConditionController'  WHERE id='8h4ap3keot3pblvyrzbpe7xp171xfeonNM200810110000000000000000000112';
UPDATE metadata SET description= '7faop0ao92dg4dwybyvc4qp5xiodet5vNM200904120000000000000000000030' , created_by= '0000000000000000000000000000001000000000000000000000000000000003' , owner= '0000000000000000000000000000001000000000000000000000000000000003' , id= '8h4ap3keot3pblvyrzbpe7xp171xfeonNM200810110000000000000000000112' , create_date= '2011-10-13 17:37:05' , seq= 3858 , type= 'com.runwaysdk.system.metadata.MdController' , site_master= 'runwaysdk.com' , last_updated_by= '0000000000000000000000000000001000000000000000000000000000000003' , last_update_date= '2011-10-13 17:37:05' , key_name= 'com.runwaysdk.system.metadata.CompositeFieldConditionController'  WHERE id='8h4ap3keot3pblvyrzbpe7xp171xfeonNM200810110000000000000000000112';
UPDATE md_business SET cache_algorithm= 'xf9qmyp7t5q1zn5jfgo306fcu1712pbc' , cache_algorithm_c= '0000000000000000000000000000023100000000000000000000000000000222' , super_md_business= '8cyzqex757pg9voulx8mlnxoyo8ypfal00000000000000000000000000000001'  WHERE id='yww7u0dy8tqokn7ajm0uedf9x9dtu9jt00000000000000000000000000000001';
UPDATE md_entity SET table_name= 'double_condition'  WHERE id='yww7u0dy8tqokn7ajm0uedf9x9dtu9jt00000000000000000000000000000001';
UPDATE md_type SET display_label= '22lia0y7y3h1za2oy66wambcv4tl3qblNM200904120000000000000000000030' , root_id= 'yww7u0dy8tqokn7ajm0uedf9x9dtu9jt' , package_name= 'com.runwaysdk.system.metadata' , type_name= 'DoubleCondition'  WHERE id='yww7u0dy8tqokn7ajm0uedf9x9dtu9jt00000000000000000000000000000001';
UPDATE metadata SET description= 'skeji2wcc2yhjdzlhzfes6xtp8v6id6fNM200904120000000000000000000030' , created_by= '0000000000000000000000000000001000000000000000000000000000000003' , owner= '0000000000000000000000000000001000000000000000000000000000000003' , id= 'yww7u0dy8tqokn7ajm0uedf9x9dtu9jt00000000000000000000000000000001' , create_date= '2011-10-13 17:37:05' , seq= 3859 , type= 'com.runwaysdk.system.metadata.MdBusiness' , site_master= 'runwaysdk.com' , last_updated_by= '0000000000000000000000000000001000000000000000000000000000000003' , last_update_date= '2011-10-13 17:37:05' , key_name= 'com.runwaysdk.system.metadata.DoubleCondition'  WHERE id='yww7u0dy8tqokn7ajm0uedf9x9dtu9jt00000000000000000000000000000001';
UPDATE md_business SET cache_algorithm= 'xm448urpvfeps81vze7nvzj3b0vu5c5w' , cache_algorithm_c= '0000000000000000000000000000023100000000000000000000000000000222' , super_md_business= '8cyzqex757pg9voulx8mlnxoyo8ypfal00000000000000000000000000000001'  WHERE id='zan3sf07qdd8emyonxqiplhz2bbvm1z400000000000000000000000000000001';
UPDATE md_entity SET table_name= 'long_condition'  WHERE id='zan3sf07qdd8emyonxqiplhz2bbvm1z400000000000000000000000000000001';
UPDATE md_type SET display_label= '2d9vhyfkj9uny8mzttfh3mtqvx9jfxu5NM200904120000000000000000000030' , root_id= 'zan3sf07qdd8emyonxqiplhz2bbvm1z4' , package_name= 'com.runwaysdk.system.metadata' , type_name= 'LongCondition'  WHERE id='zan3sf07qdd8emyonxqiplhz2bbvm1z400000000000000000000000000000001';
UPDATE metadata SET description= '2d3p6qze4jmk6an5f8sm7nm17q7gt50aNM200904120000000000000000000030' , created_by= '0000000000000000000000000000001000000000000000000000000000000003' , owner= '0000000000000000000000000000001000000000000000000000000000000003' , id= 'zan3sf07qdd8emyonxqiplhz2bbvm1z400000000000000000000000000000001' , create_date= '2011-10-13 17:37:05' , seq= 3860 , type= 'com.runwaysdk.system.metadata.MdBusiness' , site_master= 'runwaysdk.com' , last_updated_by= '0000000000000000000000000000001000000000000000000000000000000003' , last_update_date= '2011-10-13 17:37:05' , key_name= 'com.runwaysdk.system.metadata.LongCondition'  WHERE id='zan3sf07qdd8emyonxqiplhz2bbvm1z400000000000000000000000000000001';
UPDATE md_enumeration SET master_md_business= 'qw3orcndphag3pbm1a8vsxygok725za300000000000000000000000000000001' , table_name= 'characteroperation'  WHERE id='szsrmxeudwjeyu6uej4nuz04w2lotcax00000000000000000000000000000196';
UPDATE md_type SET display_label= 'qzmra5p5n8qg3zssj0wszlwhizgczo87NM200904120000000000000000000030' , root_id= 'szsrmxeudwjeyu6uej4nuz04w2lotcax' , package_name= 'com.runwaysdk.system' , type_name= 'CharacterOperation'  WHERE id='szsrmxeudwjeyu6uej4nuz04w2lotcax00000000000000000000000000000196';
UPDATE metadata SET description= '1x70xmhf7ixa8f95dozcgs8amc3dgr22NM200904120000000000000000000030' , created_by= '0000000000000000000000000000001000000000000000000000000000000003' , owner= '0000000000000000000000000000001000000000000000000000000000000003' , id= 'szsrmxeudwjeyu6uej4nuz04w2lotcax00000000000000000000000000000196' , create_date= '2011-10-13 17:37:05' , seq= 3861 , type= 'com.runwaysdk.system.metadata.MdEnumeration' , site_master= 'runwaysdk.com' , last_updated_by= '0000000000000000000000000000001000000000000000000000000000000003' , last_update_date= '2011-10-13 17:37:05' , key_name= 'com.runwaysdk.system.CharacterOperation'  WHERE id='szsrmxeudwjeyu6uej4nuz04w2lotcax00000000000000000000000000000196';
UPDATE md_type SET display_label= 'qurjdwrz2onrcu7oehkbk09jkpuggzw2NM200904120000000000000000000030' , root_id= '70meqxcgcn32zot38sa0bhhiq1xz1cog' , package_name= 'com.runwaysdk.system' , type_name= 'FieldOperationController'  WHERE id='70meqxcgcn32zot38sa0bhhiq1xz1cogNM200810110000000000000000000112';
UPDATE metadata SET description= 'zith15gpa8aa992l85sv28l2l7k8fpljNM200904120000000000000000000030' , created_by= '0000000000000000000000000000001000000000000000000000000000000003' , owner= '0000000000000000000000000000001000000000000000000000000000000003' , id= '70meqxcgcn32zot38sa0bhhiq1xz1cogNM200810110000000000000000000112' , create_date= '2011-10-13 17:37:05' , seq= 3862 , type= 'com.runwaysdk.system.metadata.MdController' , site_master= 'runwaysdk.com' , last_updated_by= '0000000000000000000000000000001000000000000000000000000000000003' , last_update_date= '2011-10-13 17:37:05' , key_name= 'com.runwaysdk.system.FieldOperationController'  WHERE id='70meqxcgcn32zot38sa0bhhiq1xz1cogNM200810110000000000000000000112';
UPDATE md_type SET display_label= 'zmc8fep0shvt9i92pcglp09d15l2hpf4NM200904120000000000000000000030' , root_id= '2c8m6qtt4s4f2bk2lz190x4kjmx77scm' , package_name= 'com.runwaysdk.system.metadata' , type_name= 'CharacterConditionController'  WHERE id='2c8m6qtt4s4f2bk2lz190x4kjmx77scmNM200810110000000000000000000112';
UPDATE metadata SET description= 'r40aw8tv1j6feentjk3fjc40sq4tq5gkNM200904120000000000000000000030' , created_by= '0000000000000000000000000000001000000000000000000000000000000003' , owner= '0000000000000000000000000000001000000000000000000000000000000003' , id= '2c8m6qtt4s4f2bk2lz190x4kjmx77scmNM200810110000000000000000000112' , create_date= '2011-10-13 17:37:05' , seq= 3863 , type= 'com.runwaysdk.system.metadata.MdController' , site_master= 'runwaysdk.com' , last_updated_by= '0000000000000000000000000000001000000000000000000000000000000003' , last_update_date= '2011-10-13 17:37:05' , key_name= 'com.runwaysdk.system.metadata.CharacterConditionController'  WHERE id='2c8m6qtt4s4f2bk2lz190x4kjmx77scmNM200810110000000000000000000112';
UPDATE md_type SET display_label= '8l3ujfaj5jbpiiec4facslrg9o400s94NM200904120000000000000000000030' , root_id= 'yz5k5a0zl3dsc4nomkeo22rxg2zw3eff' , package_name= 'com.runwaysdk.system.metadata' , type_name= 'DoubleConditionController'  WHERE id='yz5k5a0zl3dsc4nomkeo22rxg2zw3effNM200810110000000000000000000112';
UPDATE metadata SET description= 'xn60jgjcrsc0lhwbq36d0r1j4p819byiNM200904120000000000000000000030' , created_by= '0000000000000000000000000000001000000000000000000000000000000003' , owner= '0000000000000000000000000000001000000000000000000000000000000003' , id= 'yz5k5a0zl3dsc4nomkeo22rxg2zw3effNM200810110000000000000000000112' , create_date= '2011-10-13 17:37:05' , seq= 3864 , type= 'com.runwaysdk.system.metadata.MdController' , site_master= 'runwaysdk.com' , last_updated_by= '0000000000000000000000000000001000000000000000000000000000000003' , last_update_date= '2011-10-13 17:37:05' , key_name= 'com.runwaysdk.system.metadata.DoubleConditionController'  WHERE id='yz5k5a0zl3dsc4nomkeo22rxg2zw3effNM200810110000000000000000000112';
UPDATE md_business SET cache_algorithm= '1pp56ebphyph0kmbpnthrys3lar0j725' , cache_algorithm_c= '0000000000000000000000000000023100000000000000000000000000000222' , super_md_business= 'zlh9ev85l10442ji8z9ync4di5f53zz100000000000000000000000000000001'  WHERE id='6z98jstw9mizd95fb1wpau8ifa2j1uro00000000000000000000000000000001';
UPDATE md_entity SET table_name= 'md_mobile_group'  WHERE id='6z98jstw9mizd95fb1wpau8ifa2j1uro00000000000000000000000000000001';
UPDATE md_type SET display_label= '92rfm12ql50zmz7vbs8y3wv41xdt53czNM200904120000000000000000000030' , root_id= '6z98jstw9mizd95fb1wpau8ifa2j1uro' , package_name= 'com.runwaysdk.system.metadata' , type_name= 'MdMobileGroup'  WHERE id='6z98jstw9mizd95fb1wpau8ifa2j1uro00000000000000000000000000000001';
UPDATE metadata SET description= '8x0s24iairc1s0vjraapi1d8xx5jqek4NM200904120000000000000000000030' , created_by= '0000000000000000000000000000001000000000000000000000000000000003' , owner= '0000000000000000000000000000001000000000000000000000000000000003' , id= '6z98jstw9mizd95fb1wpau8ifa2j1uro00000000000000000000000000000001' , create_date= '2011-10-13 17:37:05' , seq= 3865 , type= 'com.runwaysdk.system.metadata.MdBusiness' , site_master= 'runwaysdk.com' , last_updated_by= '0000000000000000000000000000001000000000000000000000000000000003' , last_update_date= '2011-10-13 17:37:05' , key_name= 'com.runwaysdk.system.metadata.MdMobileGroup'  WHERE id='6z98jstw9mizd95fb1wpau8ifa2j1uro00000000000000000000000000000001';
UPDATE md_business SET cache_algorithm= '0qhdwpgou9vc7zq2p802h9cz8v9uqvqh' , cache_algorithm_c= '0000000000000000000000000000023100000000000000000000000000000222' , super_md_business= '8cyzqex757pg9voulx8mlnxoyo8ypfal00000000000000000000000000000001'  WHERE id='saigf4a2wts52t7fqu0tapwfuawuu94100000000000000000000000000000001';
UPDATE md_element SET is_abstract= 1  WHERE id='saigf4a2wts52t7fqu0tapwfuawuu94100000000000000000000000000000001';
UPDATE md_entity SET table_name= 'composite_field_condition'  WHERE id='saigf4a2wts52t7fqu0tapwfuawuu94100000000000000000000000000000001';
UPDATE md_type SET display_label= 'shak6s9jy6kudznw73utdpl8cvno7adgNM200904120000000000000000000030' , root_id= 'saigf4a2wts52t7fqu0tapwfuawuu941' , package_name= 'com.runwaysdk.system.metadata' , type_name= 'CompositeFieldCondition'  WHERE id='saigf4a2wts52t7fqu0tapwfuawuu94100000000000000000000000000000001';
UPDATE metadata SET description= '6z1rw9uhw5f2aqgq9dmk9xsegzxglwihNM200904120000000000000000000030' , created_by= '0000000000000000000000000000001000000000000000000000000000000003' , owner= '0000000000000000000000000000001000000000000000000000000000000003' , id= 'saigf4a2wts52t7fqu0tapwfuawuu94100000000000000000000000000000001' , create_date= '2011-10-13 17:37:05' , seq= 3866 , type= 'com.runwaysdk.system.metadata.MdBusiness' , site_master= 'runwaysdk.com' , last_updated_by= '0000000000000000000000000000001000000000000000000000000000000003' , last_update_date= '2011-10-13 17:37:05' , key_name= 'com.runwaysdk.system.metadata.CompositeFieldCondition'  WHERE id='saigf4a2wts52t7fqu0tapwfuawuu94100000000000000000000000000000001';
UPDATE md_business SET cache_algorithm= '0fc40vwq7h5ktyni109llpw16li1jcqx' , cache_algorithm_c= '0000000000000000000000000000023100000000000000000000000000000222' , super_md_business= 'zgkseu7as85l9zfwaawq8k3wid4vd17v00000000000000000000000000000001'  WHERE id='t0xxll0b5dmkakuu7k7sa4l4l43s59g200000000000000000000000000000001';
UPDATE md_entity SET table_name= 'md_web_group'  WHERE id='t0xxll0b5dmkakuu7k7sa4l4l43s59g200000000000000000000000000000001';
UPDATE md_type SET display_label= '01gnp80z502xtye87ge3p1haf5stz8ibNM200904120000000000000000000030' , root_id= 't0xxll0b5dmkakuu7k7sa4l4l43s59g2' , package_name= 'com.runwaysdk.system.metadata' , type_name= 'MdWebGroup'  WHERE id='t0xxll0b5dmkakuu7k7sa4l4l43s59g200000000000000000000000000000001';
UPDATE metadata SET description= 'svgw3k5sfmcfz81dwjxsdlnndtl405z1NM200904120000000000000000000030' , created_by= '0000000000000000000000000000001000000000000000000000000000000003' , owner= '0000000000000000000000000000001000000000000000000000000000000003' , id= 't0xxll0b5dmkakuu7k7sa4l4l43s59g200000000000000000000000000000001' , create_date= '2011-10-13 17:37:05' , seq= 3867 , type= 'com.runwaysdk.system.metadata.MdBusiness' , site_master= 'runwaysdk.com' , last_updated_by= '0000000000000000000000000000001000000000000000000000000000000003' , last_update_date= '2011-10-13 17:37:05' , key_name= 'com.runwaysdk.system.metadata.MdWebGroup'  WHERE id='t0xxll0b5dmkakuu7k7sa4l4l43s59g200000000000000000000000000000001';
UPDATE md_business SET cache_algorithm= '8vvinqdtwc7gjopw2w8vxa6cekht9h5t' , cache_algorithm_c= '0000000000000000000000000000023100000000000000000000000000000222'  WHERE id='8cyzqex757pg9voulx8mlnxoyo8ypfal00000000000000000000000000000001';
UPDATE md_element SET is_abstract= 1  WHERE id='8cyzqex757pg9voulx8mlnxoyo8ypfal00000000000000000000000000000001';
UPDATE md_entity SET table_name= 'field_condition'  WHERE id='8cyzqex757pg9voulx8mlnxoyo8ypfal00000000000000000000000000000001';
UPDATE md_type SET display_label= '8gej450j39vc1juydo2paj9kmquqnnpiNM200904120000000000000000000030' , root_id= '8cyzqex757pg9voulx8mlnxoyo8ypfal' , package_name= 'com.runwaysdk.system.metadata' , type_name= 'FieldCondition'  WHERE id='8cyzqex757pg9voulx8mlnxoyo8ypfal00000000000000000000000000000001';
UPDATE metadata SET description= 'z0zbp63d0656s7wfkhkfdp8vqja4levwNM200904120000000000000000000030' , created_by= '0000000000000000000000000000001000000000000000000000000000000003' , owner= '0000000000000000000000000000001000000000000000000000000000000003' , id= '8cyzqex757pg9voulx8mlnxoyo8ypfal00000000000000000000000000000001' , create_date= '2011-10-13 17:37:05' , seq= 3868 , type= 'com.runwaysdk.system.metadata.MdBusiness' , site_master= 'runwaysdk.com' , last_updated_by= '0000000000000000000000000000001000000000000000000000000000000003' , last_update_date= '2011-10-13 17:37:05' , key_name= 'com.runwaysdk.system.metadata.FieldCondition'  WHERE id='8cyzqex757pg9voulx8mlnxoyo8ypfal00000000000000000000000000000001';
UPDATE md_type SET display_label= '93jmgv3bfx6x16pt28qvatxx90yz0i6zNM200904120000000000000000000030' , root_id= '8faj0e959gl33l6wxpov6k4u5xeks67s' , package_name= 'com.runwaysdk.system.metadata' , type_name= 'MdMobileGroupController'  WHERE id='8faj0e959gl33l6wxpov6k4u5xeks67sNM200810110000000000000000000112';
UPDATE metadata SET description= 'z3eyyhceptgzi7do7rhnz33jqaoc4bpnNM200904120000000000000000000030' , created_by= '0000000000000000000000000000001000000000000000000000000000000003' , owner= '0000000000000000000000000000001000000000000000000000000000000003' , id= '8faj0e959gl33l6wxpov6k4u5xeks67sNM200810110000000000000000000112' , create_date= '2011-10-13 17:37:05' , seq= 3869 , type= 'com.runwaysdk.system.metadata.MdController' , site_master= 'runwaysdk.com' , last_updated_by= '0000000000000000000000000000001000000000000000000000000000000003' , last_update_date= '2011-10-13 17:37:05' , key_name= 'com.runwaysdk.system.metadata.MdMobileGroupController'  WHERE id='8faj0e959gl33l6wxpov6k4u5xeks67sNM200810110000000000000000000112';
UPDATE metadata SET seq= 3870  WHERE id='1p8imi9p4g6xmfg82cskzb95veiiu78r00000000000000000000000000000001';
UPDATE md_type SET display_label= '20pl3aem6bh4nxpaneoi3156szv0q68lNM200904120000000000000000000030' , root_id= 'smyewtk3rubjycttfrz4tmcvv9caablb' , package_name= 'com.runwaysdk.system.metadata' , type_name= 'DateConditionController'  WHERE id='smyewtk3rubjycttfrz4tmcvv9caablbNM200810110000000000000000000112';
UPDATE metadata SET description= '763fe7etom1nsrpsbnkd9gig3gv0lm3mNM200904120000000000000000000030' , created_by= '0000000000000000000000000000001000000000000000000000000000000003' , owner= '0000000000000000000000000000001000000000000000000000000000000003' , id= 'smyewtk3rubjycttfrz4tmcvv9caablbNM200810110000000000000000000112' , create_date= '2011-10-13 17:37:05' , seq= 3871 , type= 'com.runwaysdk.system.metadata.MdController' , site_master= 'runwaysdk.com' , last_updated_by= '0000000000000000000000000000001000000000000000000000000000000003' , last_update_date= '2011-10-13 17:37:05' , key_name= 'com.runwaysdk.system.metadata.DateConditionController'  WHERE id='smyewtk3rubjycttfrz4tmcvv9caablbNM200810110000000000000000000112';
UPDATE md_business SET cache_algorithm= 'sa9djwk2xgbu3n9nshmoqgwx3f8gsqsa' , cache_algorithm_c= '0000000000000000000000000000023100000000000000000000000000000222' , super_md_business= '0000000000000000000000000000020600000000000000000000000000000001'  WHERE id='qw3orcndphag3pbm1a8vsxygok725za300000000000000000000000000000001';
UPDATE md_element SET extendable= 0  WHERE id='qw3orcndphag3pbm1a8vsxygok725za300000000000000000000000000000001';
UPDATE md_entity SET table_name= 'field_operation'  WHERE id='qw3orcndphag3pbm1a8vsxygok725za300000000000000000000000000000001';
UPDATE md_type SET display_label= '8onse51q36hmnheaw67zhalh8b140068NM200904120000000000000000000030' , root_id= 'qw3orcndphag3pbm1a8vsxygok725za3' , package_name= 'com.runwaysdk.system' , type_name= 'FieldOperation'  WHERE id='qw3orcndphag3pbm1a8vsxygok725za300000000000000000000000000000001';
UPDATE metadata SET description= '2bj9h9xbyj1xa2u8nba5jgunsf45y92vNM200904120000000000000000000030' , created_by= '0000000000000000000000000000001000000000000000000000000000000003' , owner= '0000000000000000000000000000001000000000000000000000000000000003' , id= 'qw3orcndphag3pbm1a8vsxygok725za300000000000000000000000000000001' , create_date= '2011-10-13 17:37:05' , seq= 3872 , type= 'com.runwaysdk.system.metadata.MdBusiness' , site_master= 'runwaysdk.com' , last_updated_by= '0000000000000000000000000000001000000000000000000000000000000003' , last_update_date= '2011-10-13 17:37:05' , key_name= 'com.runwaysdk.system.FieldOperation'  WHERE id='qw3orcndphag3pbm1a8vsxygok725za300000000000000000000000000000001';
UPDATE md_business SET cache_algorithm= 'smqzlrbx9lr94a5kk92nkkybmm6112li' , cache_algorithm_c= '0000000000000000000000000000023100000000000000000000000000000222' , super_md_business= '8cyzqex757pg9voulx8mlnxoyo8ypfal00000000000000000000000000000001'  WHERE id='8rprhvi6wvv8bwd4b6au4eudw29i60z400000000000000000000000000000001';
UPDATE md_entity SET table_name= 'character_condition'  WHERE id='8rprhvi6wvv8bwd4b6au4eudw29i60z400000000000000000000000000000001';
UPDATE md_type SET display_label= 'sv7ownelru5bg3sdetabeqy4sk4vioinNM200904120000000000000000000030' , root_id= '8rprhvi6wvv8bwd4b6au4eudw29i60z4' , package_name= 'com.runwaysdk.system.metadata' , type_name= 'CharacterCondition'  WHERE id='8rprhvi6wvv8bwd4b6au4eudw29i60z400000000000000000000000000000001';
UPDATE metadata SET description= 's9uw98kvfkxzl3dubz4zhkvjyaf2uptrNM200904120000000000000000000030' , created_by= '0000000000000000000000000000001000000000000000000000000000000003' , owner= '0000000000000000000000000000001000000000000000000000000000000003' , id= '8rprhvi6wvv8bwd4b6au4eudw29i60z400000000000000000000000000000001' , create_date= '2011-10-13 17:37:05' , seq= 3873 , type= 'com.runwaysdk.system.metadata.MdBusiness' , site_master= 'runwaysdk.com' , last_updated_by= '0000000000000000000000000000001000000000000000000000000000000003' , last_update_date= '2011-10-13 17:37:05' , key_name= 'com.runwaysdk.system.metadata.CharacterCondition'  WHERE id='8rprhvi6wvv8bwd4b6au4eudw29i60z400000000000000000000000000000001';
UPDATE metadata SET seq= 3874  WHERE id='zgkseu7as85l9zfwaawq8k3wid4vd17v00000000000000000000000000000001';
UPDATE md_business SET cache_algorithm= 'sgg166v0phkmysshrljtiwetupb4tsuy' , cache_algorithm_c= '0000000000000000000000000000023100000000000000000000000000000222' , super_md_business= 'saigf4a2wts52t7fqu0tapwfuawuu94100000000000000000000000000000001'  WHERE id='xz38ui24k0xnlofuv58kpbf87mom9ovz00000000000000000000000000000001';
UPDATE md_entity SET table_name= 'and_field_condition'  WHERE id='xz38ui24k0xnlofuv58kpbf87mom9ovz00000000000000000000000000000001';
UPDATE md_type SET display_label= '6tiqhhojtcjbap6qubqzd54pfv61x197NM200904120000000000000000000030' , root_id= 'xz38ui24k0xnlofuv58kpbf87mom9ovz' , package_name= 'com.runwaysdk.system.metadata' , type_name= 'AndFieldCondition'  WHERE id='xz38ui24k0xnlofuv58kpbf87mom9ovz00000000000000000000000000000001';
UPDATE metadata SET description= 'rc7o69d6oh5um338bqi01bd7j037vsttNM200904120000000000000000000030' , created_by= '0000000000000000000000000000001000000000000000000000000000000003' , owner= '0000000000000000000000000000001000000000000000000000000000000003' , id= 'xz38ui24k0xnlofuv58kpbf87mom9ovz00000000000000000000000000000001' , create_date= '2011-10-13 17:37:05' , seq= 3875 , type= 'com.runwaysdk.system.metadata.MdBusiness' , site_master= 'runwaysdk.com' , last_updated_by= '0000000000000000000000000000001000000000000000000000000000000003' , last_update_date= '2011-10-13 17:37:05' , key_name= 'com.runwaysdk.system.metadata.AndFieldCondition'  WHERE id='xz38ui24k0xnlofuv58kpbf87mom9ovz00000000000000000000000000000001';
UPDATE md_relationship SET cache_algorithm= 'xsdaipoho0nspvsb7zd8pv1v1rvzbg1n' , cache_algorithm_c= '0000000000000000000000000000023100000000000000000000000000000222' , index2_name= 'rel_6oqds35n5zoh0g2ipwa5iee0wo' , parent_visibility= '00n5oz63awfvsxt6pluvcamw1ytarcxd' , parent_visibility_c= '20071109NM000000000000000000000520071109NM0000000000000000000001' , parent_md_business= 't0xxll0b5dmkakuu7k7sa4l4l43s59g200000000000000000000000000000001' , parent_cardinality= '1' , parent_display_label= '8z8dxqjk6pi8p926n6shbw0bl7rxaivwNM200904120000000000000000000030' , child_visibility= '1wzbycrz3rhu57ywvuzi0vlipqv75vgk' , child_visibility_c= '20071109NM000000000000000000000520071109NM0000000000000000000001' , child_method= 'WebGroups' , super_md_relationship= '0000000000000000000000000000056320060824000000000000000000000011' , parent_method= 'GroupFields' , index1_name= 'rel_xy67zyi928elf3oec1amh66eem' , child_md_business= 'zgkseu7as85l9zfwaawq8k3wid4vd17v00000000000000000000000000000001' , child_display_label= '8qh0q1xkn5yrktu85bshwptyhfnpf7eoNM200904120000000000000000000030' , child_cardinality= '*'  WHERE id='syf39y24fzdk2nwdyjrzdu5bawe8b6nt20060824000000000000000000000011';
UPDATE md_entity SET table_name= 'web_group_field'  WHERE id='syf39y24fzdk2nwdyjrzdu5bawe8b6nt20060824000000000000000000000011';
UPDATE md_type SET display_label= 'zkwgkvau7p1yhj8uplr9aqy0i22d12xbNM200904120000000000000000000030' , root_id= 'syf39y24fzdk2nwdyjrzdu5bawe8b6nt' , package_name= 'com.runwaysdk.system.metadata' , type_name= 'WebGroupField'  WHERE id='syf39y24fzdk2nwdyjrzdu5bawe8b6nt20060824000000000000000000000011';
UPDATE metadata SET description= 'qvmbghblr9wdekkx7wx6661hwguulp6nNM200904120000000000000000000030' , created_by= '0000000000000000000000000000001000000000000000000000000000000003' , owner= '0000000000000000000000000000001000000000000000000000000000000003' , id= 'syf39y24fzdk2nwdyjrzdu5bawe8b6nt20060824000000000000000000000011' , create_date= '2011-10-13 17:37:05' , seq= 3876 , type= 'com.runwaysdk.system.metadata.MdTree' , site_master= 'runwaysdk.com' , last_updated_by= '0000000000000000000000000000001000000000000000000000000000000003' , last_update_date= '2011-10-13 17:37:05' , key_name= 'com.runwaysdk.system.metadata.WebGroupField'  WHERE id='syf39y24fzdk2nwdyjrzdu5bawe8b6nt20060824000000000000000000000011';
UPDATE md_type SET display_label= 'xuxa8j07e5f5tyrpojgok7978ld1x2l9NM200904120000000000000000000030' , root_id= 'r9xf8hhdqe8pwecl2av6er14hyjngzhm' , package_name= 'com.runwaysdk.system.metadata' , type_name= 'LongConditionController'  WHERE id='r9xf8hhdqe8pwecl2av6er14hyjngzhmNM200810110000000000000000000112';
UPDATE metadata SET description= '0ao8w9jb0uabiyl55uult48g48k9ye3kNM200904120000000000000000000030' , created_by= '0000000000000000000000000000001000000000000000000000000000000003' , owner= '0000000000000000000000000000001000000000000000000000000000000003' , id= 'r9xf8hhdqe8pwecl2av6er14hyjngzhmNM200810110000000000000000000112' , create_date= '2011-10-13 17:37:05' , seq= 3877 , type= 'com.runwaysdk.system.metadata.MdController' , site_master= 'runwaysdk.com' , last_updated_by= '0000000000000000000000000000001000000000000000000000000000000003' , last_update_date= '2011-10-13 17:37:05' , key_name= 'com.runwaysdk.system.metadata.LongConditionController'  WHERE id='r9xf8hhdqe8pwecl2av6er14hyjngzhmNM200810110000000000000000000112';
UPDATE md_type SET display_label= '90okv9pku3q2hpko86oklizc1ycm66h3NM200904120000000000000000000030' , root_id= 'syalogd6glxdxewk8llc0m1aphg9plhi' , package_name= 'com.runwaysdk.system.metadata' , type_name= 'AndFieldConditionController'  WHERE id='syalogd6glxdxewk8llc0m1aphg9plhiNM200810110000000000000000000112';
UPDATE metadata SET description= '7b32fjfwtfy9f510vcyfb2rqv6djeej5NM200904120000000000000000000030' , created_by= '0000000000000000000000000000001000000000000000000000000000000003' , owner= '0000000000000000000000000000001000000000000000000000000000000003' , id= 'syalogd6glxdxewk8llc0m1aphg9plhiNM200810110000000000000000000112' , create_date= '2011-10-13 17:37:05' , seq= 3878 , type= 'com.runwaysdk.system.metadata.MdController' , site_master= 'runwaysdk.com' , last_updated_by= '0000000000000000000000000000001000000000000000000000000000000003' , last_update_date= '2011-10-13 17:37:05' , key_name= 'com.runwaysdk.system.metadata.AndFieldConditionController'  WHERE id='syalogd6glxdxewk8llc0m1aphg9plhiNM200810110000000000000000000112';
UPDATE md_type SET display_label= '1yvs73sr2ov5xmweenaj9lc1hia5h0l9NM200904120000000000000000000030' , root_id= '7anqmqmwbeejr9rfajhir0e0xowqxcjq' , package_name= 'com.runwaysdk.system.metadata' , type_name= 'MobileGroupFieldController'  WHERE id='7anqmqmwbeejr9rfajhir0e0xowqxcjqNM200810110000000000000000000112';
UPDATE metadata SET description= 'z8zg5nlwvz03upv51l7p0mack58sfs5dNM200904120000000000000000000030' , created_by= '0000000000000000000000000000001000000000000000000000000000000003' , owner= '0000000000000000000000000000001000000000000000000000000000000003' , id= '7anqmqmwbeejr9rfajhir0e0xowqxcjqNM200810110000000000000000000112' , create_date= '2011-10-13 17:37:05' , seq= 3879 , type= 'com.runwaysdk.system.metadata.MdController' , site_master= 'runwaysdk.com' , last_updated_by= '0000000000000000000000000000001000000000000000000000000000000003' , last_update_date= '2011-10-13 17:37:05' , key_name= 'com.runwaysdk.system.metadata.MobileGroupFieldController'  WHERE id='7anqmqmwbeejr9rfajhir0e0xowqxcjqNM200810110000000000000000000112';
UPDATE metadata SET seq= 3880  WHERE id='zlh9ev85l10442ji8z9ync4di5f53zz100000000000000000000000000000001';
UPDATE md_enumeration SET include_all= 1 , master_md_business= 'qw3orcndphag3pbm1a8vsxygok725za300000000000000000000000000000001' , table_name= 'alloperation'  WHERE id='0c46qkgpl4rhtnsv3w3ou93kimna0rg300000000000000000000000000000196';
UPDATE md_type SET display_label= 'zag8trh1nhw0b36hahfk41v1v0df7aa2NM200904120000000000000000000030' , root_id= '0c46qkgpl4rhtnsv3w3ou93kimna0rg3' , package_name= 'com.runwaysdk.system' , type_name= 'AllOperation'  WHERE id='0c46qkgpl4rhtnsv3w3ou93kimna0rg300000000000000000000000000000196';
UPDATE metadata SET description= '01hdinsnynj25xd6aq9wwdsdtnpw3xcoNM200904120000000000000000000030' , created_by= '0000000000000000000000000000001000000000000000000000000000000003' , owner= '0000000000000000000000000000001000000000000000000000000000000003' , id= '0c46qkgpl4rhtnsv3w3ou93kimna0rg300000000000000000000000000000196' , create_date= '2011-10-13 17:37:05' , seq= 3881 , type= 'com.runwaysdk.system.metadata.MdEnumeration' , site_master= 'runwaysdk.com' , last_updated_by= '0000000000000000000000000000001000000000000000000000000000000003' , last_update_date= '2011-10-13 17:37:05' , key_name= 'com.runwaysdk.system.AllOperation'  WHERE id='0c46qkgpl4rhtnsv3w3ou93kimna0rg300000000000000000000000000000196';
UPDATE md_business SET cache_algorithm= '23h669xjvua6de4n12xlb59svnak0h64' , cache_algorithm_c= '0000000000000000000000000000023100000000000000000000000000000222' , super_md_business= '8cyzqex757pg9voulx8mlnxoyo8ypfal00000000000000000000000000000001'  WHERE id='scstwf3pkmjf6txcn0bvv3nx91darzee00000000000000000000000000000001';
UPDATE md_entity SET table_name= 'date_condition'  WHERE id='scstwf3pkmjf6txcn0bvv3nx91darzee00000000000000000000000000000001';
UPDATE md_type SET display_label= 'zht3n7acmrt4ypwqds5t465hq30yiw6gNM200904120000000000000000000030' , root_id= 'scstwf3pkmjf6txcn0bvv3nx91darzee' , package_name= 'com.runwaysdk.system.metadata' , type_name= 'DateCondition'  WHERE id='scstwf3pkmjf6txcn0bvv3nx91darzee00000000000000000000000000000001';
UPDATE metadata SET description= '0l0fo11gp9jncex40i1awx67qmllh1wlNM200904120000000000000000000030' , created_by= '0000000000000000000000000000001000000000000000000000000000000003' , owner= '0000000000000000000000000000001000000000000000000000000000000003' , id= 'scstwf3pkmjf6txcn0bvv3nx91darzee00000000000000000000000000000001' , create_date= '2011-10-13 17:37:05' , seq= 3882 , type= 'com.runwaysdk.system.metadata.MdBusiness' , site_master= 'runwaysdk.com' , last_updated_by= '0000000000000000000000000000001000000000000000000000000000000003' , last_update_date= '2011-10-13 17:37:05' , key_name= 'com.runwaysdk.system.metadata.DateCondition'  WHERE id='scstwf3pkmjf6txcn0bvv3nx91darzee00000000000000000000000000000001';
UPDATE md_relationship SET cache_algorithm= 'zfe4ugwyz4vl3nimzsidbmnee9klg67t' , cache_algorithm_c= '0000000000000000000000000000023100000000000000000000000000000222' , index2_name= 'rel_xcnzs4bk0r3arblpi51ti8b8wg' , parent_visibility= '2ep6n5n7cgdc0cumqgpnf8gcv3thb9xt' , parent_visibility_c= '20071109NM000000000000000000000520071109NM0000000000000000000001' , parent_md_business= '6z98jstw9mizd95fb1wpau8ifa2j1uro00000000000000000000000000000001' , parent_cardinality= '1' , parent_display_label= 'zd5kpeg1xpw5xxvkjnn5w0woh56eiagvNM200904120000000000000000000030' , child_visibility= '2fn1p234bcbha8t07oi2jc5uhdfdyce2' , child_visibility_c= '20071109NM000000000000000000000520071109NM0000000000000000000001' , child_method= 'MobileGroups' , super_md_relationship= '0000000000000000000000000000056320060824000000000000000000000011' , parent_method= 'GroupFields' , index1_name= 'rel_8hjr65dc6xb8mzd14hkqlibpp1' , child_md_business= 'zlh9ev85l10442ji8z9ync4di5f53zz100000000000000000000000000000001' , child_display_label= '7gaz78a3734su608eybj8gffpcsnflu8NM200904120000000000000000000030' , child_cardinality= '*'  WHERE id='syoxfzsiy5ktxuf31tke315ontk7bozz20060824000000000000000000000011';
UPDATE md_entity SET table_name= 'mobile_group_field'  WHERE id='syoxfzsiy5ktxuf31tke315ontk7bozz20060824000000000000000000000011';
UPDATE md_type SET display_label= 'r8glv1rnjyx1o9toj9ub3ranst8zg4mrNM200904120000000000000000000030' , root_id= 'syoxfzsiy5ktxuf31tke315ontk7bozz' , package_name= 'com.runwaysdk.system.metadata' , type_name= 'MobileGroupField'  WHERE id='syoxfzsiy5ktxuf31tke315ontk7bozz20060824000000000000000000000011';
UPDATE metadata SET description= 'sc1dreqvwjrxeu2zqqcbd4r89zaphb4dNM200904120000000000000000000030' , created_by= '0000000000000000000000000000001000000000000000000000000000000003' , owner= '0000000000000000000000000000001000000000000000000000000000000003' , id= 'syoxfzsiy5ktxuf31tke315ontk7bozz20060824000000000000000000000011' , create_date= '2011-10-13 17:37:05' , seq= 3883 , type= 'com.runwaysdk.system.metadata.MdTree' , site_master= 'runwaysdk.com' , last_updated_by= '0000000000000000000000000000001000000000000000000000000000000003' , last_update_date= '2011-10-13 17:37:05' , key_name= 'com.runwaysdk.system.metadata.MobileGroupField'  WHERE id='syoxfzsiy5ktxuf31tke315ontk7bozz20060824000000000000000000000011';
UPDATE md_type SET display_label= '0fawux71kgg867ozc49l9eohp2v79hjbNM200904120000000000000000000030' , root_id= '03ij748ulne25jne35zg7kkzh5u83hyb' , package_name= 'com.runwaysdk.system.metadata' , type_name= 'FieldConditionController'  WHERE id='03ij748ulne25jne35zg7kkzh5u83hybNM200810110000000000000000000112';
UPDATE metadata SET description= '6w3n7ojg8xy5jij5zq3kdoxxppu2iv9kNM200904120000000000000000000030' , created_by= '0000000000000000000000000000001000000000000000000000000000000003' , owner= '0000000000000000000000000000001000000000000000000000000000000003' , id= '03ij748ulne25jne35zg7kkzh5u83hybNM200810110000000000000000000112' , create_date= '2011-10-13 17:37:05' , seq= 3884 , type= 'com.runwaysdk.system.metadata.MdController' , site_master= 'runwaysdk.com' , last_updated_by= '0000000000000000000000000000001000000000000000000000000000000003' , last_update_date= '2011-10-13 17:37:05' , key_name= 'com.runwaysdk.system.metadata.FieldConditionController'  WHERE id='03ij748ulne25jne35zg7kkzh5u83hybNM200810110000000000000000000112';
UPDATE md_type SET display_label= '7673o77hyj1kg397klg0fi0twyxyhqs0NM200904120000000000000000000030' , root_id= 'xybe6y9kczkjsi3pdmqmqrjcpfd2frwo' , package_name= 'com.runwaysdk.system.metadata' , type_name= 'MdWebGroupController'  WHERE id='xybe6y9kczkjsi3pdmqmqrjcpfd2frwoNM200810110000000000000000000112';
UPDATE metadata SET description= '2eq40sju99lcxgf6qji1qjvjgmnrqmv8NM200904120000000000000000000030' , created_by= '0000000000000000000000000000001000000000000000000000000000000003' , owner= '0000000000000000000000000000001000000000000000000000000000000003' , id= 'xybe6y9kczkjsi3pdmqmqrjcpfd2frwoNM200810110000000000000000000112' , create_date= '2011-10-13 17:37:05' , seq= 3885 , type= 'com.runwaysdk.system.metadata.MdController' , site_master= 'runwaysdk.com' , last_updated_by= '0000000000000000000000000000001000000000000000000000000000000003' , last_update_date= '2011-10-13 17:37:05' , key_name= 'com.runwaysdk.system.metadata.MdWebGroupController'  WHERE id='xybe6y9kczkjsi3pdmqmqrjcpfd2frwoNM200810110000000000000000000112';