<featureType>
  <id>FeatureTypeInfoImpl-666e8714:13540d4737d:-7fcb</id>
  <name>geo$1328232725384</name>
  <nativeName>geo$1328232725384</nativeName>
  <namespace>
    <id>NamespaceInfoImpl-19aa05c:134eec39c32:-7ff8</id>
  </namespace>
  <title>geo$1328232725384</title>
  <keywords>
    <string>KEYWORD</string>
  </keywords>
  <srs>EPSG:4326</srs>
  <nativeBoundingBox>
    <minx>-17.53524</minx>
    <maxx>51.41303</maxx>
    <miny>-34.83983</miny>
    <maxy>37.34962</maxy>
    <crs>EPSG:4326</crs>
  </nativeBoundingBox>
  <latLonBoundingBox>
    <minx>-17.53524</minx>
    <maxx>51.41303</maxx>
    <miny>-34.83983</miny>
    <maxy>37.34962</maxy>
    <crs>EPSG:4326</crs>
  </latLonBoundingBox>
  <projectionPolicy>REPROJECT_TO_DECLARED</projectionPolicy>
  <enabled>true</enabled>
  <store class="dataStore">
    <id>DataStoreInfoImpl-19aa05c:134eec39c32:-7fcd</id>
  </store>
  <maxFeatures>0</maxFeatures>
  <numDecimals>0</numDecimals>
</featureType>