<layer>
  <name>geo$1328232725384</name>
  <id>LayerInfoImpl-666e8714:13540d4737d:-7fca</id>
  <type>VECTOR</type>
  <defaultStyle>
    <id>StyleInfoImpl-19aa05c:134eec39c32:-7fdd</id>
  </defaultStyle>
  <resource class="featureType">
    <id>FeatureTypeInfoImpl-666e8714:13540d4737d:-7fcb</id>
  </resource>
  <enabled>true</enabled>
  <queryable>true</queryable>
  <metadata>
    <entry key="advertised">true</entry>
  </metadata>
  <attribution>
    <logoWidth>0</logoWidth>
    <logoHeight>0</logoHeight>
  </attribution>
</layer>