<layer>
  <name>geo$1333151434834</name>
  <id>LayerInfoImpl--6d0e911c:13665ed2518:-7fee</id>
  <type>VECTOR</type>
  <defaultStyle>
    <id>StyleInfoImpl--570ae188:124761b8d78:-7fdf</id>
  </defaultStyle>
  <resource class="featureType">
    <id>FeatureTypeInfoImpl--6d0e911c:13665ed2518:-7fef</id>
  </resource>
  <enabled>true</enabled>
  <queryable>true</queryable>
  <metadata>
    <entry key="advertised">true</entry>
  </metadata>
  <attribution>
    <logoWidth>0</logoWidth>
    <logoHeight>0</logoHeight>
  </attribution>
</layer>