<featureType>
  <id>FeatureTypeInfoImpl-51d4f5ed:13666086c18:-7fdd</id>
  <name>geo$1333154052420</name>
  <nativeName>geo$1333154052420</nativeName>
  <namespace>
    <id>NamespaceInfoImpl--6ce4ff92:136659f3746:-7ff9</id>
  </namespace>
  <title>geo$1333154052420</title>
  <keywords>
    <string>KEYWORD</string>
  </keywords>
  <srs>EPSG:4326</srs>
  <nativeBoundingBox>
    <minx>19.9999</minx>
    <maxx>20.0001</maxx>
    <miny>19.9999</miny>
    <maxy>20.0001</maxy>
    <crs>EPSG:4326</crs>
  </nativeBoundingBox>
  <latLonBoundingBox>
    <minx>19.9999</minx>
    <maxx>20.0001</maxx>
    <miny>19.9999</miny>
    <maxy>20.0001</maxy>
    <crs>GEOGCS[&quot;WGS84(DD)&quot;, 
  DATUM[&quot;WGS84&quot;, 
    SPHEROID[&quot;WGS84&quot;, 6378137.0, 298.257223563]], 
  PRIMEM[&quot;Greenwich&quot;, 0.0], 
  UNIT[&quot;degree&quot;, 0.017453292519943295], 
  AXIS[&quot;Geodetic longitude&quot;, EAST], 
  AXIS[&quot;Geodetic latitude&quot;, NORTH]]</crs>
  </latLonBoundingBox>
  <projectionPolicy>REPROJECT_TO_DECLARED</projectionPolicy>
  <enabled>true</enabled>
  <store class="dataStore">
    <id>DataStoreInfoImpl--6ce4ff92:136659f3746:-7ff8</id>
  </store>
  <maxFeatures>0</maxFeatures>
  <numDecimals>0</numDecimals>
</featureType>