<featureType datastore = "sfStreams" >
  <name>streams</name>
  <!--
    native wich EPGS code for the FeatureTypeInfoDTO
  -->
  <SRS>26713</SRS>
  <SRSHandling>0</SRSHandling>
  <title>Spearfish streams</title>
  <abstract>Sample data from GRASS, streams, Spearfish, South Dakota, USA</abstract>
  <wmspath>/</wmspath>
  <numDecimals value = "0" />
  <keywords>spearfish, sfStreams, streams</keywords>
  <latLonBoundingBox dynamic = "false" miny = "44.372335260095554" maxy = "44.502218486214815" maxx = "-103.62287788915457" minx = "-103.87789019829768" />
  <nativeBBox dynamic = "false" miny = "4913947.342298816" maxy = "4928071.049965891" maxx = "609518.2117427464" minx = "589434.4971235897" />
  <!--
    the default style this FeatureTypeInfoDTO can be represented by.
    at least must contain the "default" attribute
  -->
  <styles default = "simple_streams" />
  <cacheinfo enabled = "true" maxage = "3600" />
  <searchable enabled = "false" />
  <regionateAttribute value = "null" />
  <regionateStrategy value = "best_guess" />
  <regionateFeatureLimit value = "10" />
  <maxFeatures>0</maxFeatures>
</featureType>
