<layer>
  <name>geo$1327541694206</name>
  <id>LayerInfoImpl--506ed3bd:13517a48012:-7ff5</id>
  <type>VECTOR</type>
  <defaultStyle>
    <id>StyleInfoImpl-19aa05c:134eec39c32:-7fdd</id>
  </defaultStyle>
  <resource class="featureType">
    <id>FeatureTypeInfoImpl--506ed3bd:13517a48012:-7ff6</id>
  </resource>
  <enabled>true</enabled>
  <queryable>true</queryable>
  <metadata>
    <entry key="advertised">true</entry>
  </metadata>
  <attribution>
    <logoWidth>0</logoWidth>
    <logoHeight>0</logoHeight>
  </attribution>
</layer>