<featureType datastore = "broomfield" >
  <name>fe_2007_08014_edges</name>
  <!--
    native wich EPGS code for the FeatureTypeInfoDTO
  -->
  <SRS>4269</SRS>
  <SRSHandling>0</SRSHandling>
  <title>fe_2007_08014_edges_Type</title>
  <abstract>Generated from broomfield</abstract>
  <wmspath>/</wmspath>
  <numDecimals value = "0" />
  <keywords>fe_2007_08014_edges, broomfield</keywords>
  <latLonBoundingBox dynamic = "false" miny = "39.88906399907147" maxy = "40.044226999070574" maxx = "-104.96115099999999" minx = "-105.165683" />
  <nativeBBox dynamic = "false" miny = "39.889064" maxy = "40.044227" maxx = "-104.961151" minx = "-105.165683" />
  <!--
    the default style this FeatureTypeInfoDTO can be represented by.
    at least must contain the "default" attribute
  -->
  <styles default = "burg" />
  <cacheinfo enabled = "false" maxage = "" />
  <searchable enabled = "false" />
  <regionateAttribute value = "null" />
  <regionateStrategy value = "best_guess" />
  <regionateFeatureLimit value = "15" />
  <maxFeatures>0</maxFeatures>
</featureType>
