<layer>
  <name>archsites</name>
  <id>LayerInfoImpl--570ae188:124761b8d78:-7fca</id>
  <path>/</path>
  <type>VECTOR</type>
  <defaultStyle>
    <id>StyleInfoImpl--570ae188:124761b8d78:-7fdf</id>
  </defaultStyle>
  <styles class="linked-hash-set">
    <style>
      <id>StyleInfoImpl--570ae188:124761b8d78:-7ff2</id>
    </style>
    <style>
      <id>StyleInfoImpl--570ae188:124761b8d78:-7ff0</id>
    </style>
  </styles>
  <resource class="featureType">
    <id>FeatureTypeInfoImpl--570ae188:124761b8d78:-7fcb</id>
  </resource>
  <enabled>true</enabled>
  <metadata>
    <entry key="GWC.metaTilingX">4</entry>
    <entry key="GWC.autoCacheStyles">true</entry>
    <entry key="GWC.metaTilingY">4</entry>
    <entry key="GWC.gutter">0</entry>
    <entry key="GWC.cachedNonDefaultStyles">capitals,burg</entry>
    <entry key="GWC.enabled">true</entry>
    <entry key="GWC.gridSets">EPSG:4326,EPSG:900913</entry>
    <entry key="GWC.cacheFormats">image/jpeg,image/png</entry>
  </metadata>
  <attribution>
    <logoWidth>0</logoWidth>
    <logoHeight>0</logoHeight>
  </attribution>
</layer>