<dataStore>
  <id>DataStoreInfoImpl--6ce4ff92:136659f3746:-7ff8</id>
  <name>MDSS_maps_IDSLite</name>
  <type>PostGIS</type>
  <enabled>true</enabled>
  <workspace>
    <id>WorkspaceInfoImpl--6ce4ff92:136659f3746:-7ffa</id>
  </workspace>
  <connectionParameters>
    <entry key="port">5432</entry>
    <entry key="passwd">idsdevelop</entry>
    <entry key="dbtype">postgis</entry>
    <entry key="host">localhost</entry>
    <entry key="validate connections">false</entry>
    <entry key="max connections">10</entry>
    <entry key="database">idsdevelop</entry>
    <entry key="namespace">http://IDSLite.terraframe.com</entry>
    <entry key="schema">ids</entry>
    <entry key="Loose bbox">true</entry>
    <entry key="Expose primary keys">false</entry>
    <entry key="preparedStatements">false</entry>
    <entry key="Estimated extends">false</entry>
    <entry key="user">idsdevelop</entry>
    <entry key="min connections">4</entry>
  </connectionParameters>
  <__default>false</__default>
</dataStore>