<featureType datastore = "sfRoads" >
  <name>roads</name>
  <!--
    native wich EPGS code for the FeatureTypeInfoDTO
  -->
  <SRS>26713</SRS>
  <SRSHandling>0</SRSHandling>
  <title>Spearfish roads</title>
  <abstract>Sample data from GRASS, road layout, Spearfish, South Dakota, USA</abstract>
  <wmspath>/</wmspath>
  <numDecimals value = "0" />
  <keywords>roads, sfRoads, spearfish</keywords>
  <latLonBoundingBox dynamic = "false" miny = "44.37087275281798" maxy = "44.50015918338962" maxx = "-103.62231404880659" minx = "-103.87741691493184" />
  <nativeBBox dynamic = "false" miny = "4914006.337837095" maxy = "4928063.398014731" maxx = "609527.2102150217" minx = "589434.8564686741" />
  <!--
    the default style this FeatureTypeInfoDTO can be represented by.
    at least must contain the "default" attribute
  -->
  <styles default = "simple_roads" />
  <cacheinfo enabled = "true" maxage = "3600" />
  <searchable enabled = "false" />
  <regionateAttribute value = "null" />
  <regionateStrategy value = "best_guess" />
  <regionateFeatureLimit value = "10" />
  <maxFeatures>0</maxFeatures>
</featureType>
