<featureType datastore = "DS_poly_landmarks" >
  <name>poly_landmarks</name>
  <!--
    native wich EPGS code for the FeatureTypeInfoDTO
  -->
  <SRS>4326</SRS>
  <SRSHandling>0</SRSHandling>
  <title>Manhattan (NY) landmarks</title>
  <abstract>Manhattan landmarks, identifies water, lakes, parks, interesting buildilngs</abstract>
  <wmspath>/</wmspath>
  <numDecimals value = "0" />
  <keywords>manhattan, landmarks, DS_poly_landmarks, poly_landmarks</keywords>
  <latLonBoundingBox dynamic = "false" miny = "40.679648" maxy = "40.882078" maxx = "-73.90782" minx = "-74.047185" />
  <nativeBBox dynamic = "false" miny = "40.679648" maxy = "40.882078" maxx = "-73.90782" minx = "-74.047185" />
  <!--
    the default style this FeatureTypeInfoDTO can be represented by.
    at least must contain the "default" attribute
  -->
  <styles default = "poly_landmarks" />
  <cacheinfo enabled = "true" maxage = "3600" />
  <searchable enabled = "false" />
  <regionateAttribute value = "null" />
  <regionateStrategy value = "best_guess" />
  <regionateFeatureLimit value = "10" />
  <maxFeatures>0</maxFeatures>
</featureType>
