<featureType datastore = "sfBugsites" >
  <name>bugsites</name>
  <!--
    native wich EPGS code for the FeatureTypeInfoDTO
  -->
  <SRS>26713</SRS>
  <SRSHandling>0</SRSHandling>
  <title>Spearfish bug locations</title>
  <abstract>Sample data from GRASS, bug sites location, Spearfish, South Dakota, USA</abstract>
  <wmspath>/</wmspath>
  <numDecimals value = "0" />
  <keywords>tiger_beetles, insects, bugsites, spearfish, sfBugsites</keywords>
  <latLonBoundingBox dynamic = "false" miny = "44.373938816704396" maxy = "44.43418821380063" maxx = "-103.63773523234195" minx = "-103.86796131703647" />
  <nativeBBox dynamic = "false" miny = "4914107.882513998" maxy = "4920523.89081033" maxx = "608462.4604629107" minx = "590223.4382724703" />
  <!--
    the default style this FeatureTypeInfoDTO can be represented by.
    at least must contain the "default" attribute
  -->
  <styles default = "capitals" />
  <cacheinfo enabled = "true" maxage = "3600" />
  <searchable enabled = "false" />
  <regionateAttribute value = "null" />
  <regionateStrategy value = "best_guess" />
  <regionateFeatureLimit value = "10" />
  <maxFeatures>0</maxFeatures>
</featureType>
