<featureType>
  <id>FeatureTypeInfoImpl-138846a5:13517ae6de4:-7ffa</id>
  <name>geo$1327542268302</name>
  <nativeName>geo$1327542268302</nativeName>
  <namespace>
    <id>NamespaceInfoImpl-19aa05c:134eec39c32:-7ff8</id>
  </namespace>
  <title>geo$1327542268302</title>
  <keywords>
    <string>KEYWORD</string>
  </keywords>
  <srs>EPSG:4326</srs>
  <nativeBoundingBox>
    <minx>24.965614</minx>
    <maxx>29.340059</maxx>
    <miny>-18.023189</miny>
    <maxy>-13.595122</maxy>
    <crs>EPSG:4326</crs>
  </nativeBoundingBox>
  <latLonBoundingBox>
    <minx>24.965614</minx>
    <maxx>29.340059</maxx>
    <miny>-18.023189</miny>
    <maxy>-13.595122</maxy>
    <crs>EPSG:4326</crs>
  </latLonBoundingBox>
  <projectionPolicy>REPROJECT_TO_DECLARED</projectionPolicy>
  <enabled>true</enabled>
  <store class="dataStore">
    <id>DataStoreInfoImpl-19aa05c:134eec39c32:-7fcd</id>
  </store>
  <maxFeatures>0</maxFeatures>
  <numDecimals>0</numDecimals>
</featureType>