<featureType datastore = "DS_tiger_roads" >
  <name>tiger_roads</name>
  <!--
    native wich EPGS code for the FeatureTypeInfoDTO
  -->
  <SRS>4326</SRS>
  <SRSHandling>0</SRSHandling>
  <title>Manhattan (NY) roads</title>
  <abstract>Highly simplified road layout of Manhattan in New York..</abstract>
  <wmspath>/</wmspath>
  <numDecimals value = "0" />
  <keywords>roads, tiger_roads, DS_tiger_roads</keywords>
  <latLonBoundingBox dynamic = "false" miny = "40.684221" maxy = "40.878178" maxx = "-73.907005" minx = "-74.02722" />
  <nativeBBox dynamic = "false" miny = "40.684221" maxy = "40.878178" maxx = "-73.907005" minx = "-74.02722" />
  <!--
    the default style this FeatureTypeInfoDTO can be represented by.
    at least must contain the "default" attribute
  -->
  <styles default = "tiger_roads" />
  <cacheinfo enabled = "true" maxage = "3600" />
  <searchable enabled = "false" />
  <regionateAttribute value = "null" />
  <regionateStrategy value = "best_guess" />
  <regionateFeatureLimit value = "10" />
  <maxFeatures>0</maxFeatures>
</featureType>
