<featureType datastore = "tasmania_roads" >
  <name>tasmania_roads</name>
  <!--
    native wich EPGS code for the FeatureTypeInfoDTO
  -->
  <SRS>4326</SRS>
  <SRSHandling>0</SRSHandling>
  <title>Tasmania roads</title>
  <abstract>Main Tasmania roads</abstract>
  <wmspath>/</wmspath>
  <numDecimals value = "0" />
  <keywords>Tasmania, Roads</keywords>
  <latLonBoundingBox dynamic = "false" miny = "-43.423512" maxy = "-40.852802" maxx = "148.27298000000002" minx = "145.19754" />
  <nativeBBox dynamic = "false" miny = "-43.423512" maxy = "-40.852802" maxx = "148.27298000000002" minx = "145.19754" />
  <!--
    the default style this FeatureTypeInfoDTO can be represented by.
    at least must contain the "default" attribute
  -->
  <styles default = "simple_roads" />
  <cacheinfo enabled = "true" maxage = "3600" />
  <searchable enabled = "false" />
  <regionateAttribute value = "null" />
  <regionateStrategy value = "best_guess" />
  <regionateFeatureLimit value = "10" />
  <maxFeatures>0</maxFeatures>
</featureType>
