<featureType>
  <id>FeatureTypeInfoImpl-2676e07e:1367b52458b:-7ffa</id>
  <name>geo$1333509074364</name>
  <nativeName>geo$1333509074364</nativeName>
  <namespace>
    <id>NamespaceInfoImpl--441bfb4f:135465257d0:-7f65</id>
  </namespace>
  <title>geo$1333509074364</title>
  <keywords>
    <string>KEYWORD</string>
  </keywords>
  <srs>EPSG:4326</srs>
  <nativeBoundingBox>
    <minx>9.9999</minx>
    <maxx>10.0001</maxx>
    <miny>9.9999</miny>
    <maxy>10.0001</maxy>
    <crs>EPSG:4326</crs>
  </nativeBoundingBox>
  <latLonBoundingBox>
    <minx>9.9999</minx>
    <maxx>10.0001</maxx>
    <miny>9.9999</miny>
    <maxy>10.0001</maxy>
    <crs>EPSG:4326</crs>
  </latLonBoundingBox>
  <projectionPolicy>REPROJECT_TO_DECLARED</projectionPolicy>
  <enabled>true</enabled>
  <store class="dataStore">
    <id>DataStoreInfoImpl--441bfb4f:135465257d0:-7f64</id>
  </store>
  <maxFeatures>0</maxFeatures>
  <numDecimals>0</numDecimals>
</featureType>