<featureType datastore = "MDSS_maps" >
  <name>sentinelsite_view</name>
  <!--
    native wich EPGS code for the FeatureTypeInfoDTO
  -->
  <SRS>4326</SRS>
  <SRSHandling>0</SRSHandling>
  <title>sentinelsite_view</title>
  <abstract>Generated from MDSS_maps</abstract>
  <wmspath>/</wmspath>
  <numDecimals value = "0" />
  <keywords>sentinelsite_view</keywords>
  <latLonBoundingBox dynamic = "false" miny = "-17.857836" maxy = "-16.535351" maxx = "37.546021" minx = "35.313989" />
  <nativeBBox dynamic = "false" miny = "-17.857836" maxy = "-16.535351" maxx = "37.546021" minx = "35.313989" />
  <!--
    the default style this FeatureTypeInfoDTO can be represented by.
    at least must contain the "default" attribute
  -->
  <styles default = "point" />
  <cacheinfo enabled = "false" maxage = "" />
  <searchable enabled = "false" />
  <regionateAttribute value = "null" />
  <regionateStrategy value = "best_guess" />
  <regionateFeatureLimit value = "15" />
  <maxFeatures>0</maxFeatures>
</featureType>
