<layer>
  <name>geo$1333386250922</name>
  <id>LayerInfoImpl-22004820:13673fc5e05:-7ff4</id>
  <type>VECTOR</type>
  <defaultStyle>
    <id>StyleInfoImpl--570ae188:124761b8d78:-7fdf</id>
  </defaultStyle>
  <resource class="featureType">
    <id>FeatureTypeInfoImpl-22004820:13673fc5e05:-7ff5</id>
  </resource>
  <enabled>true</enabled>
  <queryable>true</queryable>
  <metadata>
    <entry key="advertised">true</entry>
  </metadata>
  <attribution>
    <logoWidth>0</logoWidth>
    <logoHeight>0</logoHeight>
  </attribution>
</layer>