<featureType>
  <id>FeatureTypeInfoImpl--570ae188:124761b8d78:-7fd1</id>
  <name>poi</name>
  <nativeName>poi</nativeName>
  <namespace>
    <id>NamespaceInfoImpl--570ae188:124761b8d78:-7ff6</id>
  </namespace>
  <title>Manhattan (NY) points of interest</title>
  <abstract>Points of interest in New York, New York (on Manhattan). One of the attributes contains the name of a file with a picture of the point of interest.</abstract>
  <keywords>
    <string>poi</string>
    <string>Manhattan</string>
    <string>DS_poi</string>
    <string>points_of_interest</string>
  </keywords>
  <nativeCRS>GEOGCS[&quot;GCS_WGS_1984&quot;, 
  DATUM[&quot;WGS_1984&quot;, 
    SPHEROID[&quot;WGS_1984&quot;, 6378137.0, 298.257223563]], 
  PRIMEM[&quot;Greenwich&quot;, 0.0], 
  UNIT[&quot;degree&quot;, 0.017453292519943295], 
  AXIS[&quot;Longitude&quot;, EAST], 
  AXIS[&quot;Latitude&quot;, NORTH]]</nativeCRS>
  <srs>EPSG:4326</srs>
  <nativeBoundingBox>
    <minx>-74.0118315772888</minx>
    <maxx>-74.00153046439813</maxx>
    <miny>40.70754683896324</miny>
    <maxy>40.719885123828675</maxy>
    <crs>EPSG:4326</crs>
  </nativeBoundingBox>
  <latLonBoundingBox>
    <minx>-74.0118315772888</minx>
    <maxx>-74.00857344353275</maxx>
    <miny>40.70754683896324</miny>
    <maxy>40.711945649065406</maxy>
    <crs>EPSG:4326</crs>
  </latLonBoundingBox>
  <projectionPolicy>FORCE_DECLARED</projectionPolicy>
  <enabled>true</enabled>
  <metadata>
    <entry key="cacheAgeMax">3600</entry>
    <entry key="kml.regionateFeatureLimit">10</entry>
    <entry key="indexingEnabled">false</entry>
    <entry key="cachingEnabled">true</entry>
    <entry key="dirName">DS_poi_poi</entry>
  </metadata>
  <store class="dataStore">
    <id>DataStoreInfoImpl--570ae188:124761b8d78:-7fda</id>
  </store>
  <attributes>
    <attribute>
      <name>the_geom</name>
      <minOccurs>0</minOccurs>
      <maxOccurs>1</maxOccurs>
      <nillable>false</nillable>
    </attribute>
    <attribute>
      <name>NAME</name>
      <minOccurs>0</minOccurs>
      <maxOccurs>1</maxOccurs>
      <nillable>false</nillable>
    </attribute>
    <attribute>
      <name>THUMBNAIL</name>
      <minOccurs>0</minOccurs>
      <maxOccurs>1</maxOccurs>
      <nillable>false</nillable>
    </attribute>
    <attribute>
      <name>MAINPAGE</name>
      <minOccurs>0</minOccurs>
      <maxOccurs>1</maxOccurs>
      <nillable>false</nillable>
    </attribute>
  </attributes>
  <maxFeatures>0</maxFeatures>
  <numDecimals>0</numDecimals>
</featureType>