<layer>
  <name>Img_Sample</name>
  <id>LayerInfoImpl--570ae188:124761b8d78:-7fae</id>
  <path>/</path>
  <type>RASTER</type>
  <defaultStyle>
    <id>StyleInfoImpl--570ae188:124761b8d78:-7fe2</id>
  </defaultStyle>
  <resource class="coverage">
    <id>CoverageInfoImpl--570ae188:124761b8d78:-7faf</id>
  </resource>
  <enabled>true</enabled>
  <metadata>
    <entry key="GWC.metaTilingX">4</entry>
    <entry key="GWC.autoCacheStyles">true</entry>
    <entry key="GWC.metaTilingY">4</entry>
    <entry key="GWC.gutter">0</entry>
    <entry key="GWC.enabled">true</entry>
    <entry key="GWC.gridSets">EPSG:4326,EPSG:900913</entry>
    <entry key="GWC.cacheFormats">image/jpeg,image/png</entry>
  </metadata>
  <attribution>
    <logoWidth>0</logoWidth>
    <logoHeight>0</logoHeight>
  </attribution>
</layer>