<featureType datastore = "states_shapefile" >
  <name>states</name>
  <!--
    native wich EPGS code for the FeatureTypeInfoDTO
  -->
  <SRS>4326</SRS>
  <SRSHandling>0</SRSHandling>
  <title>USA Population</title>
  <abstract>This is some census data on the states.</abstract>
  <wmspath>/</wmspath>
  <numDecimals value = "0" />
  <keywords>states, census, boundaries, united, state</keywords>
  <latLonBoundingBox dynamic = "false" miny = "24.955967" maxy = "49.371735" maxx = "-66.969849" minx = "-124.731422" />
  <nativeBBox dynamic = "false" miny = "24.955967" maxy = "49.371735" maxx = "-66.969849" minx = "-124.73142200000001" />
  <!--
    the default style this FeatureTypeInfoDTO can be represented by.
    at least must contain the "default" attribute
  -->
  <styles default = "population" />
  <cacheinfo enabled = "true" maxage = "3600" />
  <searchable enabled = "false" />
  <regionateAttribute value = "" />
  <regionateStrategy value = "" />
  <regionateFeatureLimit value = "10" />
  <maxFeatures>0</maxFeatures>
</featureType>
