<?xml version="1.0" encoding="UTF-8"?>
<!DOCTYPE beans PUBLIC "-//SPRING//DTD BEAN//EN" "http://www.springframework.org/dtd/spring-beans.dtd">

<beans>
	<!-- controller for handling all incoming requests -->
	<bean id="org.openplans.geoserver.requestController" 
		class="org.openplans.geoserver.RequestController"/>

	<!-- url mappings -->		
	<bean id="org.openplans.geoserver.urlMapping"
		class="org.springframework.web.servlet.handler.SimpleUrlHandlerMapping">
		<property name="mappings">
			<props>
				<prop key="*.gs">org.openplans.geoserver.requestController</prop>
			</props>
		</property>
	</bean>
	
	<bean id="viewResolver" class="org.springframework.web.servlet.view.InternalResourceViewResolver">
	  <property name="viewClass" value="org.springframework.web.servlet.view.JstlView"/>
	  <property name="prefix" value="/WEB-INF/jsp/"/>
	  <property name="suffix" value=".jsp"/>
	</bean>
</beans>
