<?xml version="1.0" encoding="ISO-8859-1" ?>

<!DOCTYPE struts-config PUBLIC
          "-//Apache Software Foundation//DTD Struts Configuration 1.1//EN"
          "http://jakarta.apache.org/struts/dtds/struts-config_1_1.dtd">

<struts-config>

<!-- ==================================== Data Source Configuration -->

<!-- ======================================== Form Bean Definitions -->

    <form-beans>
        <!--
          form-bean: maps ActionForm instances
          name: name of of form bean
          type: class of form bean
        -->
        
        <form-bean 
	    name="srsInfoForm" 
	    type="org.apache.struts.action.DynaActionForm">
	    <form-property 
	        name="srsDefinitionList"
	        type="java.lang.String[]" 
	    />
	    <form-property 
	        name="srsIDList" 
	        type="java.lang.String[]" 
	    />
	</form-bean>

	    <form-bean
    		name="sldWizardForm"
    		type="org.vfny.geoserver.form.data.SLDWizardForm"/>
    		
		
		<form-bean 
	    name="mapPreviewForm" 
	    type="org.apache.struts.action.DynaActionForm">
	    <form-property 
	        name="DSNameList"
	        type="java.lang.String[]" 
	    />
	    <form-property 
	        name="FTNameList" 
	        type="java.lang.String[]" 
	    />
	    <form-property 
	        name="FTNamespaceList" 
	        type="java.lang.String[]" 
	    />
	    <form-property 
            name="EscapedFTNamespaceList" 
            type="java.lang.String[]" 
        />
	    <form-property 
	        name="BBoxList" 
	        type="java.lang.String[]" 
	    />
        <form-property 
            name="SRSList" 
            type="java.lang.String[]" 
        />
        <form-property 
            name="WidthList" 
            type="java.lang.String[]" 
        />
        <form-property 
            name="HeightList" 
            type="java.lang.String[]" 
        />
        <form-property 
            name="CoverageStatus" 
            type="java.lang.Integer[]" 
        />
		<form-property 
			name="BaseUrl" 
			type="java.lang.String" 
		/>	
		</form-bean>

    	<form-bean
    		name="loginForm"
    		type="org.vfny.geoserver.form.LoginForm"/>
    		    		  		
    	<form-bean
    		name="demoForm"
    		type="org.vfny.geoserver.form.DemoForm"/>    		

    	<form-bean
    		name="demoRequestForm"
    		type="org.vfny.geoserver.form.DemoRequestForm"/>

    	<form-bean
    		name="loginEditForm"
    		type="org.vfny.geoserver.form.LoginForm"/>
    
    	<form-bean
    		name="geoServerConfigurationForm"
    		type="org.vfny.geoserver.form.global.GeoServerConfigurationForm"/>
    
    	<!-- DATA Namespace -->
    	<form-bean
    		name="dataNamespacesSelectForm"
    		type="org.vfny.geoserver.form.data.DataNamespacesSelectForm"/>
    	<form-bean
    		name="dataNamespacesNewForm"
    		type="org.vfny.geoserver.form.data.DataNamespacesNewForm"/>
    	<form-bean
    		name="dataNamespacesEditorForm"
    		type="org.vfny.geoserver.form.data.DataNamespacesEditorForm"/>
    	
		<!-- DATA Styles -->
    	<form-bean
    		name="dataStylesSelectForm"
    		type="org.vfny.geoserver.form.data.StylesSelectForm"/>
    	<form-bean
    		name="dataStylesNewForm"
    		type="org.vfny.geoserver.form.data.StylesNewForm"/>
    	<form-bean
    		name="dataStylesEditorForm"
    		type="org.vfny.geoserver.form.data.StylesEditorForm"/>
    		
		<form-bean
			name="blankBean"
			type="org.apache.struts.action.DynaActionForm"/>
    		
    </form-beans>

<!-- ================================= Global Exception Definitions -->

    <global-exceptions>
    </global-exceptions>

<!-- =================================== Global Forward Definitions -->

    <global-forwards>
        <!-- Default forward to "Welcome" action -->
        <!-- Demonstrates using index.jsp to forward -->
        <forward
            name="welcome"
            path="/welcome.do"/>    
            
        <forward 
        	name="contact"
        	path="/contactInformation.do"/>

        <forward 
        	name="welcome.demo"
        	path="/demo.do"/>
        	
        <forward 
        	name="welcome.demoRequest"
        	path="/demoRequest.do"/>
        
        	
        <!-- Appearance -->       		
       	<forward name="style" path="/style.css"/>
       	<forward name="icon" path="/images/gs.gif"/>
       	<forward name="favicon" path="/images/gs.ico"/>
       		
        <!-- ADMIN -->
        <forward 
        	name="admin"
        	path="/admin/index.do"/>

        <forward 
        	name="admin.main"
        	path="/admin/main.do"/>

        <forward 
        	name="admin.freeLocks"
        	path="/admin/freeLocks.do"/>
        	
        <forward 
        	name="admin.freeMemory"
        	path="/admin/freeMemory.do"/>
        	
        <forward 
        	name="admin.freeJAIMemory"
        	path="/admin/freeJAIMemory.do"/>

        <forward 
        	name="login"
        	path="/admin/login.do"/>        
        	        	
        <forward 
       		name="logout"
        	path="/admin/logout.do"/>

        <!-- CONFIG -->     
        <forward
       		name="config.main"
       		path="/config/main.do"/>
        
       	<forward
       		name="config"
       		path="/config/index.do"/>
        	
       	<forward
       		name="geoServer"
       		path="/config/geoServer.do"/>
       		
       	<forward
       		name="config.server"
       		path="/config/server.do"/>

        <forward 
        	name="config.server.login"
        	path="/config/loginEdit.do"/>

        <!-- CONFIG data -->
       	<forward
       		name="config.data"
       		path="/config/data/index.do"/>

        <!-- CONFIG data namespace -->
       	<forward
       		name="config.data.namespace"
       		path="/config/data/namespace.do"/>
       	<forward
       		name="config.data.namespace.select"
       		path="/config/data/namespaceSelect.do"/>
       	<forward
       		name="config.data.namespace.editor"
       		path="/config/data/namespaceEditor.do"/>
       	<forward
       		name="config.data.namespace.new"
       		path="/config/data/namespaceNew.do"/>
       		
        <!-- CONFIG data style -->
       	<forward
       		name="config.data.style"
       		path="/config/data/style.do"/>
       	<forward
       		name="config.data.style.select"
       		path="/config/data/styleSelect.do"/>       		
       	<forward
       		name="config.data.style.new"
       		path="/config/data/styleNew.do"/>
       	<forward
       		name="config.data.style.editor"
       		path="/config/data/styleEditor.do"/>

       	<forward
       		name="config.data.calculateBoundingBox"
       		path="/config/data/calculateBoundingBox.do"/>
       	<forward
       		name="SLDWizard"
       		path="/WEB-INF/pages/SLDWizard.jsp"/>

    </global-forwards>

<!-- =================================== Action Mapping Definitions -->

    <action-mappings>
        <!-- WELCOME -->
        <action
            path="/welcome"
            type="org.apache.struts.actions.ForwardAction"
            parameter="welcome"
            name="blankBean"/>
        <action
            path="/"
            type="org.apache.struts.actions.ForwardAction"
            parameter="welcome"
            name="blankBean"/>

        <action
            path="/contactInformation"
            type="org.apache.struts.actions.ForwardAction"
            parameter="welcome.contact"/>                             	       	

		<action
			path ="/demo"
        	type="org.apache.struts.actions.ForwardAction"
        	parameter="welcome.demo"/>
        	
       	<action
			path ="/demoRequest"
        	type="org.apache.struts.actions.ForwardAction"
        	parameter="welcome.demoRequest"/>
        	
        <!-- ADMIN -->
        <action
        	path ="/admin/index"
        	type="org.apache.struts.actions.ForwardAction"
        	parameter="admin"
        	name="blankBean"/>        	

        <action
        	path ="/admin"
        	type="org.apache.struts.actions.ForwardAction"
        	parameter="admin"
        	name="blankBean"/>       

        <action
        	path ="/admin/main"
        	type="org.apache.struts.actions.ForwardAction"
        	parameter="admin.main"
        	name="blankBean"/>        	

        <action
        	path ="/admin/freeLocks"
        	type="org.apache.struts.actions.ForwardAction"
        	parameter="admin.freeLocks"
        	name="blankBean"/>

        <action
        	path ="/admin/freeMemory"
        	type="org.apache.struts.actions.ForwardAction"
        	parameter="admin.freeMemory"
        	name="blankBean"/>
        	        	
        <action
        	path ="/admin/freeJAIMemory"
        	type="org.apache.struts.actions.ForwardAction"
        	parameter="admin.freeJAIMemory"
        	name="blankBean"/>

		<action
			path ="/admin/login"
        	type="org.apache.struts.actions.ForwardAction"
        	parameter="admin.login"/>
                	
		<action        	
			path ="/admin/logout"
        	type="org.vfny.geoserver.action.LogoutAction"
        	parameter=""/>
        	
        <!-- CONFIG -->
        <action
        	path ="/config"
        	type="org.apache.struts.actions.ForwardAction"
        	parameter="config"
        	name="blankBean"/>
        <action
        	path ="/config/main"
        	type="org.apache.struts.actions.ForwardAction"
        	parameter="config.main"
        	name="blankBean"/>
        <action
        	path="/config/index"
        	type="org.apache.struts.actions.ForwardAction"
        	parameter="config"
        	name="blankBean"/>
        <action
        	path="/config/server"
        	type="org.apache.struts.actions.ForwardAction"
        	parameter="config.server"
        	name="blankBean"/>

        <action
        	path="/config/loginEdit"
        	type="org.apache.struts.actions.ForwardAction"
        	parameter="config.server.login"/>

        <!-- DATA -->
        <action
        	path="/config/data/index"
        	type="org.apache.struts.actions.ForwardAction"
        	parameter="config.data"/>    
        <action
        	path="/config/data"
        	type="org.apache.struts.actions.ForwardAction"
        	parameter="config.data"/>      

       <!-- DATA Namespaces -->        	
        <action
        	path="/config/data/namespace"
        	type="org.apache.struts.actions.ForwardAction"
        	parameter="config.data.namespace"/>
        <action
        	path="/config/data/namespaceNew"
        	type="org.apache.struts.actions.ForwardAction"
        	parameter="config.data.namespace.new"/>
        <action
        	path="/config/data/namespaceEditor"
        	type="org.apache.struts.actions.ForwardAction"
        	parameter="config.data.namespace.editor"/>        	        	

		<!-- DATA styles -->        	
        <action
        	path="/config/data/style"
        	type="org.apache.struts.actions.ForwardAction"
        	parameter="config.data.style"/>
        <action
        	path="/config/data/styleNew"
        	type="org.apache.struts.actions.ForwardAction"
        	parameter="config.data.style.new"/>
        <action
        	path="/config/data/styleEditor"
        	type="org.apache.struts.actions.ForwardAction"
        	parameter="config.data.style.editor"/>
        	
<!-- Submit Actions -->    
		<!-- Welcome Actions -->
		<action
			path="/admin/loginSubmit"
			type="org.vfny.geoserver.action.LoginAction"
			name="loginForm"
			scope="request"
			validate="true"
			input="/admin/login.do"/>
			
		<action
			path="/config/loginEditSubmit"
			type="org.vfny.geoserver.action.LoginEditAction"
			name="loginEditForm"
			scope="request"
			validate="true"
			input="/config/loginEdit.do"/>

		<action
			path="/demoSubmit"
			type="org.vfny.geoserver.action.DemoAction"
			name="demoForm"
			scope="request"
			validate="true"
			input="/demo.do"/>
			
		<action
			path="/demoRequestSubmit"
			type="org.vfny.geoserver.action.DemoRequestAction"
			name="demoRequestForm"
			scope="request"
			validate="true"
			input="/demoRequest.do"/>
			
			
		<!-- Admin Actions -->
        <action
        	path="/admin/index"
        	type="org.vfny.geoserver.action.AdminIndexAction"
        	name="blankBean"/>

        <action
        	path="/admin/freeLocks"
        	type="org.vfny.geoserver.action.FreeLocksAction"
        	name="blankBean"/>

        <action
        	path="/admin/freeMemory"
        	type="org.vfny.geoserver.action.FreeMemoryAction"
        	name="blankBean"/>

        <action
        	path="/admin/freeJAIMemory"
        	type="org.vfny.geoserver.action.FreeJAIMemoryAction"
        	name="blankBean"/>
        	        	
        <!-- Config Actions -->
        <action
        	path="/config/index"
        	type="org.vfny.geoserver.action.ConfigIndexAction"
        	name="blankBean"/>
        
		<action    	
        	path="/config/geoServerSubmit"
        	type="org.vfny.geoserver.action.global.GeoServerConfigurationSubmit"
        	name="geoServerConfigurationForm"
        	scope="request"
        	validate="true"
        	input="/config/server.do"/>

		<!-- DATA Namespaces Actions -->
        <action
        	path="/config/data/namespaceSelect"
        	type="org.vfny.geoserver.action.data.DataNamespacesSelectAction"
        	name="dataNamespacesSelectForm"
        	scope="request"
        	validate="true"
        	input="/config/data/namespaceSelect.do"/>
        <action
        	path="/config/data/namespaceNewSubmit"
        	type="org.vfny.geoserver.action.data.DataNamespacesNewAction"
        	name="dataNamespacesNewForm"
        	scope="request"
        	validate="true"
        	input="/config/data/namespaceNew.do"/>
        <action
        	path="/config/data/namespaceSubmit"
        	type="org.vfny.geoserver.action.data.DataNamespacesEditorAction"
        	name="dataNamespacesEditorForm"
        	scope="request"
        	validate="true"
        	input="/config/data/namespaceEditor.do"/>
        	
		<!-- DATA Styles Actions -->        	
        <action
        	path="/config/data/styleSelectSubmit"
        	type="org.vfny.geoserver.action.data.StylesSelectAction"
        	name="dataStylesSelectForm"
        	scope="request"
        	validate="true"
        	input="/config/data/styleSelect.do"/>
        <action
        	path="/config/data/styleNewSubmit"
        	type="org.vfny.geoserver.action.data.StylesNewAction"
        	name="dataStylesNewForm"
        	scope="request"
        	validate="true"
        	input="/config/data/styleNew.do"/>
        <action
        	path="/config/data/styleEditorSubmit"
        	type="org.vfny.geoserver.action.data.StylesEditorAction"
        	name="dataStylesEditorForm"
        	scope="request"
        	validate="true"
        	input="/config/data/styleEditor.do">
        	   <forward name="schemaErrors" path="/WEB-INF/pages/schemaErrors.jsp"/>
         </action>
        	        	        	
        <action
        	path="/config/data/calculateBoundingBox"
        	type="org.vfny.geoserver.action.data.CalculateBoundingBoxAction"
        	name="blankBean"/>
        <action
        	path="/SLDWizard"
        	type="org.vfny.geoserver.action.data.SLDWizardAction"
        	name="sldWizardForm"
        	input="/WEB-INF/pages/SLDWizard.jsp"
			scope="request"
			validate="true">
        	
        	<forward name="SLDWizard" path="/WEB-INF/pages/SLDWizard.jsp"/>
        </action>
        	
        <action
        	path="/admin/saveToGeoServer"
        	type="org.vfny.geoserver.action.UpdateGSAction"
        	name="blankBean"/>
        <action
        	path="/admin/saveToXML"
        	type="org.vfny.geoserver.action.SaveXMLAction"
        	name="blankBean"/>
        <action
        	path="/admin/loadFromXML"
        	type="org.vfny.geoserver.action.LoadXMLAction"
        	name="blankBean"/>        	
        	
        	
        	<!-- srsHelp -->
        	
        <action
		            path="/srsHelp"
		            type="org.vfny.geoserver.action.SrsHelpAction"
		            name="srsInfoForm"
		            scope="request"
                 >
                 <forward name="success" path="/WEB-INF/pages/srsList.jsp"/>
          </action>
          <action
                    path="/config/data/srsHelp"
                    type="org.vfny.geoserver.action.SrsHelpAction"
                    name="srsInfoForm"
                    scope="request"
                 >
                 <forward name="success" path="/WEB-INF/pages/srsList.jsp"/>
          </action>
          
          <!-- mapPreview -->
          
          <action
		            path="/mapPreview"
		            type="org.vfny.geoserver.action.MapPreviewAction"
		            name="mapPreviewForm"
		            scope="request"
                 >
                 <forward name="success" path="/WEB-INF/pages/mapPreview.jsp"/>
          </action>

<!-- End Submit Actions -->

    </action-mappings>

<!-- ===================================== Controller Configuration -->

    <!--  controller
       processorClass="org.apache.struts.tiles.TilesRequestProcessor"/-->
	<controller>
       <set-property property="processorClass"
       		value="org.vfny.geoserver.config.web.tiles.MultipleDelegatingTilesRequestProcessor"/>
    </controller>

<!-- ================================ Message Resources Definitions -->

    <message-resources parameter="ApplicationResources"/>


<!-- ======================================= Plug Ins Configuration -->

  <!-- ========== Tiles plugin ===================  -->
  <!--												-->
  <!--
     This plugin initialize Tiles definition factory. This later can takes some
	 parameters explained here after. The plugin first read parameters from web.xml, then
	 overload them with parameters defined here. All parameters are optional.
	 The plugin should be declared in each struts-config file.
       - definitions-config: (optional) 
            Specify configuration file names. There can be several comma 
		    separated file names (default: ?? )
       - moduleAware: (optional - struts1.1) 
            Specify if the Tiles definition factory is module aware. If true (default), 
			there will be one factory for each Struts module. 
			If false, there will be one common factory for all module. In this later case, 
			it is still needed to declare one plugin per module. The factory will be 
			initialized with parameters found in the first initialized plugin (generally the
			one associated with the default module).
			  true : One factory per module. (default)
			  false : one single shared factory for all modules
	   - definitions-parser-validate: (optional)
	        Specify if xml parser should validate the Tiles configuration file.
			  true : validate. DTD should be specified in file header. (default)
			  false : no validation
			  
	  Paths found in Tiles definitions are relative to the main context.
  -->
  <!-- comment following if struts1.0.x -->
  <plug-in className="org.apache.struts.tiles.TilesPlugin" >
    <set-property property="definitions-factory-class"
    				 value="org.vfny.geoserver.config.web.tiles.definition.MultipleDefinitionsFactory" />
    <set-property property="definitions-config" 
	                 value="/WEB-INF/tiles-defs.xml,classpath*:/WEB-INF/tiles-defs.xml" />
    <set-property property="moduleAware" value="true" />
    <set-property property="definitions-parser-validate" value="true" />
  </plug-in>

  <!-- end comment if struts1.0.x -->

  <plug-in className="org.apache.struts.validator.ValidatorPlugIn">
    <set-property
        property="pathnames"
        value="/WEB-INF/validator-rules.xml,/WEB-INF/validation.xml"/>
  </plug-in>

  <!-- plug-in className="org.vfny.geoserver.global.ApplicationState">
  </plug-in>
  
  <plug-in className="org.vfny.geoserver.global.GeoServerPlugIn">
  </plug-in>  
  
  <plug-in className="org.vfny.geoserver.config.ConfigPlugIn">
  </plug-in-->  
  
  <!--  plugin for struts integration -->
  <plug-in className="org.springframework.web.struts.ContextLoaderPlugIn"/>
 
</struts-config>