<dataStore>
  <id>DataStoreInfoImpl-19aa05c:134eec39c32:-7fcd</id>
  <name>MDSS_maps_DDMS</name>
  <enabled>true</enabled>
  <workspace>
    <id>WorkspaceInfoImpl-19aa05c:134eec39c32:-7ff7</id>
  </workspace>
  <connectionParameters>
    <entry key="port">5432</entry>
    <entry key="passwd">mdssdeploy</entry>
    <entry key="dbtype">postgis</entry>
    <entry key="host">localhost</entry>
    <entry key="validate connections">false</entry>
    <entry key="max connections">10</entry>
    <entry key="database">mdssdeploy</entry>
    <entry key="wkb enabled">true</entry>
    <entry key="namespace">http://DDMS.terraframe.com</entry>
    <entry key="schema">public</entry>
    <entry key="Loose bbox">false</entry>
    <entry key="estimated extent">false</entry>
    <entry key="Expose primary keys">false</entry>
    <entry key="preparedStatements">false</entry>
    <entry key="loose bbox">true</entry>
    <entry key="Estimated extends">false</entry>
    <entry key="user">mdssdeploy</entry>
    <entry key="min connections">4</entry>
  </connectionParameters>
  <__default>false</__default>
</dataStore>