<layer>
  <name>geo$1333145085925</name>
  <id>LayerInfoImpl--6ce4ff92:136659f3746:-7ff4</id>
  <type>VECTOR</type>
  <defaultStyle>
    <id>StyleInfoImpl--570ae188:124761b8d78:-7fdf</id>
  </defaultStyle>
  <resource class="featureType">
    <id>FeatureTypeInfoImpl--6ce4ff92:136659f3746:-7ff5</id>
  </resource>
  <enabled>true</enabled>
  <queryable>true</queryable>
  <metadata>
    <entry key="advertised">true</entry>
  </metadata>
  <attribution>
    <logoWidth>0</logoWidth>
    <logoHeight>0</logoHeight>
  </attribution>
</layer>