<dataStore>
  <id>DataStoreInfoImpl--441bfb4f:135465257d0:-7f64</id>
  <name>MDSS_maps_DDMS</name>
  <type>PostGIS</type>
  <enabled>true</enabled>
  <workspace>
    <id>WorkspaceInfoImpl--441bfb4f:135465257d0:-7f66</id>
  </workspace>
  <connectionParameters>
    <entry key="port">5432</entry>
    <entry key="passwd">mdssdeploy</entry>
    <entry key="dbtype">postgis</entry>
    <entry key="host">localhost</entry>
    <entry key="validate connections">false</entry>
    <entry key="max connections">10</entry>
    <entry key="database">mdssdeploy</entry>
    <entry key="namespace">http://DDMS.terraframe.com</entry>
    <entry key="schema">ddms</entry>
    <entry key="Loose bbox">true</entry>
    <entry key="Expose primary keys">false</entry>
    <entry key="preparedStatements">false</entry>
    <entry key="Estimated extends">false</entry>
    <entry key="user">mdssdeploy</entry>
    <entry key="min connections">4</entry>
  </connectionParameters>
  <__default>false</__default>
</dataStore>