
BEGIN;

ALTER TABLE md_type ADD COLUMN js_stub  text;
ALTER TABLE md_type ADD COLUMN js_base  text;
CREATE TABLE md_attribute_clob ( id CHAR(64) NOT NULL PRIMARY KEY );
ALTER TABLE md_attribute_clob ADD COLUMN default_value  text;

-- add MdType.jsStub and MdType.jsBase
INSERT INTO md_attribute_indicies (set_id, item_id)  VALUES  ('2bwca01eb50bi2ju8xm71vladht44ccs', '0000000000000000000000000000040100000000000000000000000000000403');
INSERT INTO metadata_display_label (id, site_master, key_name, default_locale, m_alaria_default_locale, d_engue_default_locale) VALUES ('1xtc4faq6cinis27nbo5unfl8tb9ayo8NM200904120000000000000000000030', 'www.runwaysdk.com', '1xtc4faq6cinis27nbo5unfl8tb9ayo8NM200904120000000000000000000030', 'JS Stub', NULL, NULL);
INSERT INTO visibilitymodifier (set_id, item_id)  VALUES  ('2bgjxrkk8p65y95tbg20ibksz2y8p8kd', '20071109NM000000000000000000000520071109NM0000000000000000000001');
INSERT INTO visibilitymodifier (set_id, item_id)  VALUES  ('8o8lwvjtjcaewbrh8y6a0wawn62bl739', '20071109NM000000000000000000000520071109NM0000000000000000000001');
INSERT INTO metadata_display_label (id, site_master, key_name, default_locale, m_alaria_default_locale, d_engue_default_locale) VALUES ('sppde4hu8ynrn2v9223rjnwv0bic1qsrNM200904120000000000000000000030', 'www.runwaysdk.com', 'sppde4hu8ynrn2v9223rjnwv0bic1qsrNM200904120000000000000000000030', NULL, NULL, NULL);
INSERT INTO md_attribute_clob (default_value, id) VALUES (NULL, '6ozempoo35sdmp69nkuagmeb0kejpe5r20101231NM0000000000000000000010');
INSERT INTO md_attribute_char (id) VALUES ('6ozempoo35sdmp69nkuagmeb0kejpe5r20101231NM0000000000000000000010');
INSERT INTO md_attribute_primitive (id) VALUES ('6ozempoo35sdmp69nkuagmeb0kejpe5r20101231NM0000000000000000000010');
INSERT INTO md_attribute_concrete (column_name, immutable, index_type, index_type_c, display_label, generate_accessor, getter_visibility, getter_visibility_c, attribute_name, defining_md_class, required, system, index_name, setter_visibility, setter_visibility_c, id) VALUES ('js_stub', 0, '2bwca01eb50bi2ju8xm71vladht44ccs', '0000000000000000000000000000040100000000000000000000000000000403', '1xtc4faq6cinis27nbo5unfl8tb9ayo8NM200904120000000000000000000030', 1, '2bgjxrkk8p65y95tbg20ibksz2y8p8kd', '20071109NM000000000000000000000520071109NM0000000000000000000001', 'jsStub', '0000000000000000000000000000018000000000000000000000000000000001', 0, 0, 'akm3f3x43joosctjdqfn78dicbjc3u', '8o8lwvjtjcaewbrh8y6a0wawn62bl739', '20071109NM000000000000000000000520071109NM0000000000000000000001', '6ozempoo35sdmp69nkuagmeb0kejpe5r20101231NM0000000000000000000010');
INSERT INTO md_attribute (id) VALUES ('6ozempoo35sdmp69nkuagmeb0kejpe5r20101231NM0000000000000000000010');
INSERT INTO metadata (seq, type, created_by, entity_domain, key_name, last_update_date, description, last_updated_by, remove, locked_by, create_date, id, owner, site_master) VALUES (311289, 'com.runwaysdk.system.metadata.MdAttributeClob', '0000000000000000000000000000001000000000000000000000000000000003', NULL, 'com.runwaysdk.system.metadata.MdType.jsStub', '2011-01-15 13:42:26', 'sppde4hu8ynrn2v9223rjnwv0bic1qsrNM200904120000000000000000000030', '0000000000000000000000000000001000000000000000000000000000000003', 1, NULL, '2011-01-15 13:42:26', '6ozempoo35sdmp69nkuagmeb0kejpe5r20101231NM0000000000000000000010', '0000000000000000000000000000001000000000000000000000000000000003', 'www.runwaysdk.com');
INSERT INTO metadata_display_label (id, site_master, key_name, default_locale, m_alaria_default_locale, d_engue_default_locale) VALUES ('ql6qj409kjp209hfx05iz8lobbkgaqymNM200904120000000000000000000030', 'www.runwaysdk.com', 'ql6qj409kjp209hfx05iz8lobbkgaqymNM200904120000000000000000000030', NULL, NULL, NULL);
INSERT INTO md_attribute_dimension (required, defining_md_dimension, defining_md_attribute, default_value, id) VALUES (0, '6uyitd0vjbjh7mqy7divi2r9y6w73p606nyuo8p2bb4now7x8owuvvhhekl28k73', '6ozempoo35sdmp69nkuagmeb0kejpe5r20101231NM0000000000000000000010', NULL, 'xopab9yxlq1zto0dgy6ce2xdtvbax5apszii8pjdf8hmj16pi3csomvwxphpzp74');
INSERT INTO metadata (seq, type, created_by, entity_domain, key_name, last_update_date, description, last_updated_by, remove, locked_by, create_date, id, owner, site_master) VALUES (311290, 'com.runwaysdk.system.metadata.MdAttributeDimension', '0000000000000000000000000000001000000000000000000000000000000003', NULL, 'xopab9yxlq1zto0dgy6ce2xdtvbax5apszii8pjdf8hmj16pi3csomvwxphpzp74', '2011-01-15 13:42:26', 'ql6qj409kjp209hfx05iz8lobbkgaqymNM200904120000000000000000000030', '0000000000000000000000000000001000000000000000000000000000000003', 1, NULL, '2011-01-15 13:42:26', 'xopab9yxlq1zto0dgy6ce2xdtvbax5apszii8pjdf8hmj16pi3csomvwxphpzp74', '0000000000000000000000000000001000000000000000000000000000000003', 'www.runwaysdk.com');
INSERT INTO dimension_has_attribute (id, parent_id, child_id) VALUES ('rcqn3ub9qrg3bggiwro3dxrpgi7wcn77qs6a32c2wsxz7xp75r3kcxryhqx3qwui', '6uyitd0vjbjh7mqy7divi2r9y6w73p606nyuo8p2bb4now7x8owuvvhhekl28k73', 'xopab9yxlq1zto0dgy6ce2xdtvbax5apszii8pjdf8hmj16pi3csomvwxphpzp74');
INSERT INTO metadata_relationship (site_master, type, entity_domain, create_date, id, last_updated_by, seq, locked_by, key_name, owner, created_by, last_update_date, parent_id, child_id) VALUES ('www.runwaysdk.com', 'com.runwaysdk.system.metadata.DimensionHasAttribute', NULL, '2011-01-15 13:42:26', 'rcqn3ub9qrg3bggiwro3dxrpgi7wcn77qs6a32c2wsxz7xp75r3kcxryhqx3qwui', '0000000000000000000000000000001000000000000000000000000000000003', 311291, NULL, 'rcqn3ub9qrg3bggiwro3dxrpgi7wcn77qs6a32c2wsxz7xp75r3kcxryhqx3qwui', '0000000000000000000000000000001000000000000000000000000000000003', '0000000000000000000000000000001000000000000000000000000000000003', '2011-01-15 13:42:26', '6uyitd0vjbjh7mqy7divi2r9y6w73p606nyuo8p2bb4now7x8owuvvhhekl28k73', 'xopab9yxlq1zto0dgy6ce2xdtvbax5apszii8pjdf8hmj16pi3csomvwxphpzp74');
INSERT INTO attribute_has_dimension (id, parent_id, child_id) VALUES ('765xauhwjlkmdfc68ohcdezkupbw2zv3088krl4llbs2hzg1n65ub3mavye46rhe', '6ozempoo35sdmp69nkuagmeb0kejpe5r20101231NM0000000000000000000010', 'xopab9yxlq1zto0dgy6ce2xdtvbax5apszii8pjdf8hmj16pi3csomvwxphpzp74');
INSERT INTO metadata_relationship (site_master, type, entity_domain, create_date, id, last_updated_by, seq, locked_by, key_name, owner, created_by, last_update_date, parent_id, child_id) VALUES ('www.runwaysdk.com', 'com.runwaysdk.system.metadata.AttributeHasDimension', NULL, '2011-01-15 13:42:26', '765xauhwjlkmdfc68ohcdezkupbw2zv3088krl4llbs2hzg1n65ub3mavye46rhe', '0000000000000000000000000000001000000000000000000000000000000003', 311292, NULL, '765xauhwjlkmdfc68ohcdezkupbw2zv3088krl4llbs2hzg1n65ub3mavye46rhe', '0000000000000000000000000000001000000000000000000000000000000003', '0000000000000000000000000000001000000000000000000000000000000003', '2011-01-15 13:42:26', '6ozempoo35sdmp69nkuagmeb0kejpe5r20101231NM0000000000000000000010', 'xopab9yxlq1zto0dgy6ce2xdtvbax5apszii8pjdf8hmj16pi3csomvwxphpzp74');
INSERT INTO metadata_display_label (id, site_master, key_name, default_locale, m_alaria_default_locale, d_engue_default_locale) VALUES ('0jn7k6vmnewg9mt0kb3gb8dzgby0i2ckNM200904120000000000000000000030', 'www.runwaysdk.com', '0jn7k6vmnewg9mt0kb3gb8dzgby0i2ckNM200904120000000000000000000030', NULL, NULL, NULL);
INSERT INTO md_attribute_dimension (required, defining_md_dimension, defining_md_attribute, default_value, id) VALUES (0, 'r7lmgihr673bjj6s04b24on8plki1sld6nyuo8p2bb4now7x8owuvvhhekl28k73', '6ozempoo35sdmp69nkuagmeb0kejpe5r20101231NM0000000000000000000010', NULL, '8ovwvl2bwyk129qgblz0ukd77rbm84ekszii8pjdf8hmj16pi3csomvwxphpzp74');
INSERT INTO metadata (seq, type, created_by, entity_domain, key_name, last_update_date, description, last_updated_by, remove, locked_by, create_date, id, owner, site_master) VALUES (311293, 'com.runwaysdk.system.metadata.MdAttributeDimension', '0000000000000000000000000000001000000000000000000000000000000003', NULL, '8ovwvl2bwyk129qgblz0ukd77rbm84ekszii8pjdf8hmj16pi3csomvwxphpzp74', '2011-01-15 13:42:26', '0jn7k6vmnewg9mt0kb3gb8dzgby0i2ckNM200904120000000000000000000030', '0000000000000000000000000000001000000000000000000000000000000003', 1, NULL, '2011-01-15 13:42:26', '8ovwvl2bwyk129qgblz0ukd77rbm84ekszii8pjdf8hmj16pi3csomvwxphpzp74', '0000000000000000000000000000001000000000000000000000000000000003', 'www.runwaysdk.com');
INSERT INTO dimension_has_attribute (id, parent_id, child_id) VALUES ('07c335hfstdo2r9z6we8u9fa63404rg2qs6a32c2wsxz7xp75r3kcxryhqx3qwui', 'r7lmgihr673bjj6s04b24on8plki1sld6nyuo8p2bb4now7x8owuvvhhekl28k73', '8ovwvl2bwyk129qgblz0ukd77rbm84ekszii8pjdf8hmj16pi3csomvwxphpzp74');
INSERT INTO metadata_relationship (site_master, type, entity_domain, create_date, id, last_updated_by, seq, locked_by, key_name, owner, created_by, last_update_date, parent_id, child_id) VALUES ('www.runwaysdk.com', 'com.runwaysdk.system.metadata.DimensionHasAttribute', NULL, '2011-01-15 13:42:26', '07c335hfstdo2r9z6we8u9fa63404rg2qs6a32c2wsxz7xp75r3kcxryhqx3qwui', '0000000000000000000000000000001000000000000000000000000000000003', 311294, NULL, '07c335hfstdo2r9z6we8u9fa63404rg2qs6a32c2wsxz7xp75r3kcxryhqx3qwui', '0000000000000000000000000000001000000000000000000000000000000003', '0000000000000000000000000000001000000000000000000000000000000003', '2011-01-15 13:42:26', 'r7lmgihr673bjj6s04b24on8plki1sld6nyuo8p2bb4now7x8owuvvhhekl28k73', '8ovwvl2bwyk129qgblz0ukd77rbm84ekszii8pjdf8hmj16pi3csomvwxphpzp74');
INSERT INTO attribute_has_dimension (id, parent_id, child_id) VALUES ('sogos3qdhslg6f97uhfi06mzrc5ess51088krl4llbs2hzg1n65ub3mavye46rhe', '6ozempoo35sdmp69nkuagmeb0kejpe5r20101231NM0000000000000000000010', '8ovwvl2bwyk129qgblz0ukd77rbm84ekszii8pjdf8hmj16pi3csomvwxphpzp74');
INSERT INTO metadata_relationship (site_master, type, entity_domain, create_date, id, last_updated_by, seq, locked_by, key_name, owner, created_by, last_update_date, parent_id, child_id) VALUES ('www.runwaysdk.com', 'com.runwaysdk.system.metadata.AttributeHasDimension', NULL, '2011-01-15 13:42:26', 'sogos3qdhslg6f97uhfi06mzrc5ess51088krl4llbs2hzg1n65ub3mavye46rhe', '0000000000000000000000000000001000000000000000000000000000000003', 311295, NULL, 'sogos3qdhslg6f97uhfi06mzrc5ess51088krl4llbs2hzg1n65ub3mavye46rhe', '0000000000000000000000000000001000000000000000000000000000000003', '0000000000000000000000000000001000000000000000000000000000000003', '2011-01-15 13:42:26', '6ozempoo35sdmp69nkuagmeb0kejpe5r20101231NM0000000000000000000010', '8ovwvl2bwyk129qgblz0ukd77rbm84ekszii8pjdf8hmj16pi3csomvwxphpzp74');
INSERT INTO class_attribute_concrete (id, parent_id, child_id) VALUES ('282p1cahuehcnpp2jx2p44uu4dbq99bo00000000000000000000000000000073', '0000000000000000000000000000018000000000000000000000000000000001', '6ozempoo35sdmp69nkuagmeb0kejpe5r20101231NM0000000000000000000010');
INSERT INTO class_attribute (id, parent_id, child_id) VALUES ('282p1cahuehcnpp2jx2p44uu4dbq99bo00000000000000000000000000000073', '0000000000000000000000000000018000000000000000000000000000000001', '6ozempoo35sdmp69nkuagmeb0kejpe5r20101231NM0000000000000000000010');
INSERT INTO metadata_relationship (site_master, type, entity_domain, create_date, id, last_updated_by, seq, locked_by, key_name, owner, created_by, last_update_date, parent_id, child_id) VALUES ('www.runwaysdk.com', 'com.runwaysdk.system.metadata.ClassAttributeConcrete', NULL, '2011-01-15 13:42:26', '282p1cahuehcnpp2jx2p44uu4dbq99bo00000000000000000000000000000073', '0000000000000000000000000000001000000000000000000000000000000003', 311296, NULL, 'com.runwaysdk.system.metadata.MdType.jsStub', '0000000000000000000000000000001000000000000000000000000000000003', '0000000000000000000000000000001000000000000000000000000000000003', '2011-01-15 13:42:26', '0000000000000000000000000000018000000000000000000000000000000001', '6ozempoo35sdmp69nkuagmeb0kejpe5r20101231NM0000000000000000000010');
INSERT INTO md_attribute_indicies (set_id, item_id)  VALUES  ('0163kn9drcqtnehv6ehlsze9g85v8m0r', '0000000000000000000000000000040100000000000000000000000000000403');
INSERT INTO metadata_display_label (id, site_master, key_name, default_locale, m_alaria_default_locale, d_engue_default_locale) VALUES ('rcc964x3wl6d0vx1c4r3p7pycn7jht8uNM200904120000000000000000000030', 'www.runwaysdk.com', 'rcc964x3wl6d0vx1c4r3p7pycn7jht8uNM200904120000000000000000000030', 'JS Base', NULL, NULL);
INSERT INTO visibilitymodifier (set_id, item_id)  VALUES  ('qx42hkrvvqvv32y6pvnwf8gl8sqks950', '20071109NM000000000000000000000520071109NM0000000000000000000001');
INSERT INTO visibilitymodifier (set_id, item_id)  VALUES  ('8qb4t3quiamrh386bkw1mxniqx0pwdbk', '20071109NM000000000000000000000520071109NM0000000000000000000001');
INSERT INTO metadata_display_label (id, site_master, key_name, default_locale, m_alaria_default_locale, d_engue_default_locale) VALUES ('sf8bad9bkc1zyna5p670twinc6lapx62NM200904120000000000000000000030', 'www.runwaysdk.com', 'sf8bad9bkc1zyna5p670twinc6lapx62NM200904120000000000000000000030', NULL, NULL, NULL);
INSERT INTO md_attribute_clob (default_value, id) VALUES (NULL, 'sx1bsc4gxk1lrjkl544m7fak7sg2t1j820101231NM0000000000000000000010');
INSERT INTO md_attribute_char (id) VALUES ('sx1bsc4gxk1lrjkl544m7fak7sg2t1j820101231NM0000000000000000000010');
INSERT INTO md_attribute_primitive (id) VALUES ('sx1bsc4gxk1lrjkl544m7fak7sg2t1j820101231NM0000000000000000000010');
INSERT INTO md_attribute_concrete (column_name, immutable, index_type, index_type_c, display_label, generate_accessor, getter_visibility, getter_visibility_c, attribute_name, defining_md_class, required, system, index_name, setter_visibility, setter_visibility_c, id) VALUES ('js_base', 0, '0163kn9drcqtnehv6ehlsze9g85v8m0r', '0000000000000000000000000000040100000000000000000000000000000403', 'rcc964x3wl6d0vx1c4r3p7pycn7jht8uNM200904120000000000000000000030', 1, 'qx42hkrvvqvv32y6pvnwf8gl8sqks950', '20071109NM000000000000000000000520071109NM0000000000000000000001', 'jsBase', '0000000000000000000000000000018000000000000000000000000000000001', 0, 0, 'a41ap36zr45ufvo3u7o2xpr5q4153u', '8qb4t3quiamrh386bkw1mxniqx0pwdbk', '20071109NM000000000000000000000520071109NM0000000000000000000001', 'sx1bsc4gxk1lrjkl544m7fak7sg2t1j820101231NM0000000000000000000010');
INSERT INTO md_attribute (id) VALUES ('sx1bsc4gxk1lrjkl544m7fak7sg2t1j820101231NM0000000000000000000010');
INSERT INTO metadata (seq, type, created_by, entity_domain, key_name, last_update_date, description, last_updated_by, remove, locked_by, create_date, id, owner, site_master) VALUES (311297, 'com.runwaysdk.system.metadata.MdAttributeClob', '0000000000000000000000000000001000000000000000000000000000000003', NULL, 'com.runwaysdk.system.metadata.MdType.jsBase', '2011-01-15 13:42:26', 'sf8bad9bkc1zyna5p670twinc6lapx62NM200904120000000000000000000030', '0000000000000000000000000000001000000000000000000000000000000003', 1, NULL, '2011-01-15 13:42:26', 'sx1bsc4gxk1lrjkl544m7fak7sg2t1j820101231NM0000000000000000000010', '0000000000000000000000000000001000000000000000000000000000000003', 'www.runwaysdk.com');
INSERT INTO metadata_display_label (id, site_master, key_name, default_locale, m_alaria_default_locale, d_engue_default_locale) VALUES ('1umade3307idn7jn9dd9noxkesgr2jblNM200904120000000000000000000030', 'www.runwaysdk.com', '1umade3307idn7jn9dd9noxkesgr2jblNM200904120000000000000000000030', NULL, NULL, NULL);
INSERT INTO md_attribute_dimension (required, defining_md_dimension, defining_md_attribute, default_value, id) VALUES (0, '6uyitd0vjbjh7mqy7divi2r9y6w73p606nyuo8p2bb4now7x8owuvvhhekl28k73', 'sx1bsc4gxk1lrjkl544m7fak7sg2t1j820101231NM0000000000000000000010', NULL, '8zk7bd6c3f2zx5vm2im10a64yu8b5v6wszii8pjdf8hmj16pi3csomvwxphpzp74');
INSERT INTO metadata (seq, type, created_by, entity_domain, key_name, last_update_date, description, last_updated_by, remove, locked_by, create_date, id, owner, site_master) VALUES (311298, 'com.runwaysdk.system.metadata.MdAttributeDimension', '0000000000000000000000000000001000000000000000000000000000000003', NULL, '8zk7bd6c3f2zx5vm2im10a64yu8b5v6wszii8pjdf8hmj16pi3csomvwxphpzp74', '2011-01-15 13:42:26', '1umade3307idn7jn9dd9noxkesgr2jblNM200904120000000000000000000030', '0000000000000000000000000000001000000000000000000000000000000003', 1, NULL, '2011-01-15 13:42:26', '8zk7bd6c3f2zx5vm2im10a64yu8b5v6wszii8pjdf8hmj16pi3csomvwxphpzp74', '0000000000000000000000000000001000000000000000000000000000000003', 'www.runwaysdk.com');
INSERT INTO dimension_has_attribute (id, parent_id, child_id) VALUES ('qnw5st5luwt05wcjcpy36ls0ud5re69mqs6a32c2wsxz7xp75r3kcxryhqx3qwui', '6uyitd0vjbjh7mqy7divi2r9y6w73p606nyuo8p2bb4now7x8owuvvhhekl28k73', '8zk7bd6c3f2zx5vm2im10a64yu8b5v6wszii8pjdf8hmj16pi3csomvwxphpzp74');
INSERT INTO metadata_relationship (site_master, type, entity_domain, create_date, id, last_updated_by, seq, locked_by, key_name, owner, created_by, last_update_date, parent_id, child_id) VALUES ('www.runwaysdk.com', 'com.runwaysdk.system.metadata.DimensionHasAttribute', NULL, '2011-01-15 13:42:26', 'qnw5st5luwt05wcjcpy36ls0ud5re69mqs6a32c2wsxz7xp75r3kcxryhqx3qwui', '0000000000000000000000000000001000000000000000000000000000000003', 311299, NULL, 'qnw5st5luwt05wcjcpy36ls0ud5re69mqs6a32c2wsxz7xp75r3kcxryhqx3qwui', '0000000000000000000000000000001000000000000000000000000000000003', '0000000000000000000000000000001000000000000000000000000000000003', '2011-01-15 13:42:26', '6uyitd0vjbjh7mqy7divi2r9y6w73p606nyuo8p2bb4now7x8owuvvhhekl28k73', '8zk7bd6c3f2zx5vm2im10a64yu8b5v6wszii8pjdf8hmj16pi3csomvwxphpzp74');
INSERT INTO attribute_has_dimension (id, parent_id, child_id) VALUES ('ywi9l7qez3iiro2u2r9pf4eyo43p1n7z088krl4llbs2hzg1n65ub3mavye46rhe', 'sx1bsc4gxk1lrjkl544m7fak7sg2t1j820101231NM0000000000000000000010', '8zk7bd6c3f2zx5vm2im10a64yu8b5v6wszii8pjdf8hmj16pi3csomvwxphpzp74');
INSERT INTO metadata_relationship (site_master, type, entity_domain, create_date, id, last_updated_by, seq, locked_by, key_name, owner, created_by, last_update_date, parent_id, child_id) VALUES ('www.runwaysdk.com', 'com.runwaysdk.system.metadata.AttributeHasDimension', NULL, '2011-01-15 13:42:26', 'ywi9l7qez3iiro2u2r9pf4eyo43p1n7z088krl4llbs2hzg1n65ub3mavye46rhe', '0000000000000000000000000000001000000000000000000000000000000003', 311300, NULL, 'ywi9l7qez3iiro2u2r9pf4eyo43p1n7z088krl4llbs2hzg1n65ub3mavye46rhe', '0000000000000000000000000000001000000000000000000000000000000003', '0000000000000000000000000000001000000000000000000000000000000003', '2011-01-15 13:42:26', 'sx1bsc4gxk1lrjkl544m7fak7sg2t1j820101231NM0000000000000000000010', '8zk7bd6c3f2zx5vm2im10a64yu8b5v6wszii8pjdf8hmj16pi3csomvwxphpzp74');
INSERT INTO metadata_display_label (id, site_master, key_name, default_locale, m_alaria_default_locale, d_engue_default_locale) VALUES ('zfauwqf03ljgwwshm2dwgsk8fe39zkl7NM200904120000000000000000000030', 'www.runwaysdk.com', 'zfauwqf03ljgwwshm2dwgsk8fe39zkl7NM200904120000000000000000000030', NULL, NULL, NULL);
INSERT INTO md_attribute_dimension (required, defining_md_dimension, defining_md_attribute, default_value, id) VALUES (0, 'r7lmgihr673bjj6s04b24on8plki1sld6nyuo8p2bb4now7x8owuvvhhekl28k73', 'sx1bsc4gxk1lrjkl544m7fak7sg2t1j820101231NM0000000000000000000010', NULL, '0fqwdzbqjdnpa4rcl6o29gdko9c2st42szii8pjdf8hmj16pi3csomvwxphpzp74');
INSERT INTO metadata (seq, type, created_by, entity_domain, key_name, last_update_date, description, last_updated_by, remove, locked_by, create_date, id, owner, site_master) VALUES (311301, 'com.runwaysdk.system.metadata.MdAttributeDimension', '0000000000000000000000000000001000000000000000000000000000000003', NULL, '0fqwdzbqjdnpa4rcl6o29gdko9c2st42szii8pjdf8hmj16pi3csomvwxphpzp74', '2011-01-15 13:42:26', 'zfauwqf03ljgwwshm2dwgsk8fe39zkl7NM200904120000000000000000000030', '0000000000000000000000000000001000000000000000000000000000000003', 1, NULL, '2011-01-15 13:42:26', '0fqwdzbqjdnpa4rcl6o29gdko9c2st42szii8pjdf8hmj16pi3csomvwxphpzp74', '0000000000000000000000000000001000000000000000000000000000000003', 'www.runwaysdk.com');
INSERT INTO dimension_has_attribute (id, parent_id, child_id) VALUES ('su5igxv4utsnw157xw2h5wues17eaf4zqs6a32c2wsxz7xp75r3kcxryhqx3qwui', 'r7lmgihr673bjj6s04b24on8plki1sld6nyuo8p2bb4now7x8owuvvhhekl28k73', '0fqwdzbqjdnpa4rcl6o29gdko9c2st42szii8pjdf8hmj16pi3csomvwxphpzp74');
INSERT INTO metadata_relationship (site_master, type, entity_domain, create_date, id, last_updated_by, seq, locked_by, key_name, owner, created_by, last_update_date, parent_id, child_id) VALUES ('www.runwaysdk.com', 'com.runwaysdk.system.metadata.DimensionHasAttribute', NULL, '2011-01-15 13:42:26', 'su5igxv4utsnw157xw2h5wues17eaf4zqs6a32c2wsxz7xp75r3kcxryhqx3qwui', '0000000000000000000000000000001000000000000000000000000000000003', 311302, NULL, 'su5igxv4utsnw157xw2h5wues17eaf4zqs6a32c2wsxz7xp75r3kcxryhqx3qwui', '0000000000000000000000000000001000000000000000000000000000000003', '0000000000000000000000000000001000000000000000000000000000000003', '2011-01-15 13:42:26', 'r7lmgihr673bjj6s04b24on8plki1sld6nyuo8p2bb4now7x8owuvvhhekl28k73', '0fqwdzbqjdnpa4rcl6o29gdko9c2st42szii8pjdf8hmj16pi3csomvwxphpzp74');
INSERT INTO attribute_has_dimension (id, parent_id, child_id) VALUES ('xr9u5rmnve1fca44f4mthy9pw4ssym9l088krl4llbs2hzg1n65ub3mavye46rhe', 'sx1bsc4gxk1lrjkl544m7fak7sg2t1j820101231NM0000000000000000000010', '0fqwdzbqjdnpa4rcl6o29gdko9c2st42szii8pjdf8hmj16pi3csomvwxphpzp74');
INSERT INTO metadata_relationship (site_master, type, entity_domain, create_date, id, last_updated_by, seq, locked_by, key_name, owner, created_by, last_update_date, parent_id, child_id) VALUES ('www.runwaysdk.com', 'com.runwaysdk.system.metadata.AttributeHasDimension', NULL, '2011-01-15 13:42:26', 'xr9u5rmnve1fca44f4mthy9pw4ssym9l088krl4llbs2hzg1n65ub3mavye46rhe', '0000000000000000000000000000001000000000000000000000000000000003', 311303, NULL, 'xr9u5rmnve1fca44f4mthy9pw4ssym9l088krl4llbs2hzg1n65ub3mavye46rhe', '0000000000000000000000000000001000000000000000000000000000000003', '0000000000000000000000000000001000000000000000000000000000000003', '2011-01-15 13:42:26', 'sx1bsc4gxk1lrjkl544m7fak7sg2t1j820101231NM0000000000000000000010', '0fqwdzbqjdnpa4rcl6o29gdko9c2st42szii8pjdf8hmj16pi3csomvwxphpzp74');

INSERT INTO class_attribute_concrete (id, parent_id, child_id) VALUES ('01cfg2arg1un2qf4jikx2ex97w924t0y00000000000000000000000000000073', '0000000000000000000000000000018000000000000000000000000000000001', 'sx1bsc4gxk1lrjkl544m7fak7sg2t1j820101231NM0000000000000000000010');
INSERT INTO class_attribute (id, parent_id, child_id) VALUES ('01cfg2arg1un2qf4jikx2ex97w924t0y00000000000000000000000000000073', '0000000000000000000000000000018000000000000000000000000000000001', 'sx1bsc4gxk1lrjkl544m7fak7sg2t1j820101231NM0000000000000000000010');
INSERT INTO metadata_relationship (site_master, type, entity_domain, create_date, id, last_updated_by, seq, locked_by, key_name, owner, created_by, last_update_date, parent_id, child_id) VALUES ('www.runwaysdk.com', 'com.runwaysdk.system.metadata.ClassAttributeConcrete', NULL, '2011-01-15 13:42:26', '01cfg2arg1un2qf4jikx2ex97w924t0y00000000000000000000000000000073', '0000000000000000000000000000001000000000000000000000000000000003', 311304, NULL, 'com.runwaysdk.system.metadata.MdType.jsBase', '0000000000000000000000000000001000000000000000000000000000000003', '0000000000000000000000000000001000000000000000000000000000000003', '2011-01-15 13:42:26', '0000000000000000000000000000018000000000000000000000000000000001', 'sx1bsc4gxk1lrjkl544m7fak7sg2t1j820101231NM0000000000000000000010');


-- converts the text attribute md_attribute_enumeration.cache_column_name to a character attribute.
-- Create the new record
INSERT INTO md_attribute_character (id, default_value, database_size)
  VALUES ('20061126NM000000000000000000000100000000000000000000000000000138', NULL, 32);
-- Delete the old
DELETE FROM md_attribute_text
 WHERE id = '20061126NM000000000000000000000100000000000000000000000000000139';
-- Copy the existig values over to the new colum
ALTER TABLE md_attribute_enumeration ADD COLUMN cache_column_name_t VARCHAR(32);
UPDATE md_attribute_enumeration
   SET cache_column_name_t = cache_column_name;
ALTER TABLE md_attribute_enumeration DROP COLUMN cache_column_name;
ALTER TABLE md_attribute_enumeration ADD COLUMN cache_column_name VARCHAR(32);
UPDATE md_attribute_enumeration
   SET cache_column_name = cache_column_name_t;
ALTER TABLE md_attribute_enumeration DROP COLUMN cache_column_name_t;

-- Update the ids and the type fields in the object tables
UPDATE md_attribute_character
   SET id = '20061126NM000000000000000000000100000000000000000000000000000138'
 WHERE id = '20061126NM000000000000000000000100000000000000000000000000000139';

UPDATE md_attribute_char
   SET id = '20061126NM000000000000000000000100000000000000000000000000000138'
 WHERE id = '20061126NM000000000000000000000100000000000000000000000000000139';

UPDATE md_attribute_primitive
   SET id = '20061126NM000000000000000000000100000000000000000000000000000138'
 WHERE id = '20061126NM000000000000000000000100000000000000000000000000000139';

UPDATE md_attribute_concrete
   SET id = '20061126NM000000000000000000000100000000000000000000000000000138'
 WHERE id = '20061126NM000000000000000000000100000000000000000000000000000139';

UPDATE md_attribute
   SET id = '20061126NM000000000000000000000100000000000000000000000000000138'
 WHERE id = '20061126NM000000000000000000000100000000000000000000000000000139';

UPDATE metadata
   SET id = '20061126NM000000000000000000000100000000000000000000000000000138',
       type = 'com.runwaysdk.system.metadata.MdAttributeCharacter'
 WHERE id = '20061126NM000000000000000000000100000000000000000000000000000139';


--Parent Relationships
UPDATE type_method
   SET parent_id = '20061126NM000000000000000000000100000000000000000000000000000138'
 WHERE parent_id = '20061126NM000000000000000000000100000000000000000000000000000139';

UPDATE problem_inheritance
   SET parent_id = '20061126NM000000000000000000000100000000000000000000000000000138'
 WHERE parent_id = '20061126NM000000000000000000000100000000000000000000000000000139';

UPDATE dimension_def_struct_attr
   SET parent_id = '20061126NM000000000000000000000100000000000000000000000000000138'
 WHERE parent_id = '20061126NM000000000000000000000100000000000000000000000000000139';

UPDATE dimension_has_attribute
   SET parent_id = '20061126NM000000000000000000000100000000000000000000000000000138'
 WHERE parent_id = '20061126NM000000000000000000000100000000000000000000000000000139';

UPDATE dimension_has_class
   SET parent_id = '20061126NM000000000000000000000100000000000000000000000000000138'
 WHERE parent_id = '20061126NM000000000000000000000100000000000000000000000000000139';

UPDATE view_inheritance
   SET parent_id = '20061126NM000000000000000000000100000000000000000000000000000138'
 WHERE parent_id = '20061126NM000000000000000000000100000000000000000000000000000139';

UPDATE business_inheritance
   SET parent_id = '20061126NM000000000000000000000100000000000000000000000000000138'
 WHERE parent_id = '20061126NM000000000000000000000100000000000000000000000000000139';

UPDATE md_method_method_actor
   SET parent_id = '20061126NM000000000000000000000100000000000000000000000000000138'
 WHERE parent_id = '20061126NM000000000000000000000100000000000000000000000000000139';

UPDATE index_attribute
   SET parent_id = '20061126NM000000000000000000000100000000000000000000000000000138'
 WHERE parent_id = '20061126NM000000000000000000000100000000000000000000000000000139';

UPDATE class_attribute
   SET parent_id = '20061126NM000000000000000000000100000000000000000000000000000138'
 WHERE parent_id = '20061126NM000000000000000000000100000000000000000000000000000139';

UPDATE warning_inheritance
   SET parent_id = '20061126NM000000000000000000000100000000000000000000000000000138'
 WHERE parent_id = '20061126NM000000000000000000000100000000000000000000000000000139';

UPDATE entity_index
   SET parent_id = '20061126NM000000000000000000000100000000000000000000000000000138'
 WHERE parent_id = '20061126NM000000000000000000000100000000000000000000000000000139';

UPDATE enumeration_attribute_item
   SET parent_id = '20061126NM000000000000000000000100000000000000000000000000000138'
 WHERE parent_id = '20061126NM000000000000000000000100000000000000000000000000000139';

UPDATE relationship_inheritance
   SET parent_id = '20061126NM000000000000000000000100000000000000000000000000000138'
 WHERE parent_id = '20061126NM000000000000000000000100000000000000000000000000000139';

UPDATE information_inheritance
   SET parent_id = '20061126NM000000000000000000000100000000000000000000000000000138'
 WHERE parent_id = '20061126NM000000000000000000000100000000000000000000000000000139';

UPDATE class_attribute_virtual
   SET parent_id = '20061126NM000000000000000000000100000000000000000000000000000138'
 WHERE parent_id = '20061126NM000000000000000000000100000000000000000000000000000139';

UPDATE exception_inheritance
   SET parent_id = '20061126NM000000000000000000000100000000000000000000000000000138'
 WHERE parent_id = '20061126NM000000000000000000000100000000000000000000000000000139';

UPDATE enumeration_attribute
   SET parent_id = '20061126NM000000000000000000000100000000000000000000000000000138'
 WHERE parent_id = '20061126NM000000000000000000000100000000000000000000000000000139';

UPDATE util_inheritance
   SET parent_id = '20061126NM000000000000000000000100000000000000000000000000000138'
 WHERE parent_id = '20061126NM000000000000000000000100000000000000000000000000000139';

UPDATE class_inheritance
   SET parent_id = '20061126NM000000000000000000000100000000000000000000000000000138'
 WHERE parent_id = '20061126NM000000000000000000000100000000000000000000000000000139';

UPDATE attribute_has_dimension
   SET parent_id = '20061126NM000000000000000000000100000000000000000000000000000138'
 WHERE parent_id = '20061126NM000000000000000000000100000000000000000000000000000139';

UPDATE virtualize_attribute
   SET parent_id = '20061126NM000000000000000000000100000000000000000000000000000138'
 WHERE parent_id = '20061126NM000000000000000000000100000000000000000000000000000139';

UPDATE class_has_dimension
   SET parent_id = '20061126NM000000000000000000000100000000000000000000000000000138'
 WHERE parent_id = '20061126NM000000000000000000000100000000000000000000000000000139';

UPDATE class_attribute_concrete
   SET parent_id = '20061126NM000000000000000000000100000000000000000000000000000138'
 WHERE parent_id = '20061126NM000000000000000000000100000000000000000000000000000139';

UPDATE metadata_parameter
   SET parent_id = '20061126NM000000000000000000000100000000000000000000000000000138'
 WHERE parent_id = '20061126NM000000000000000000000100000000000000000000000000000139';

UPDATE metadata_relationship
   SET parent_id = '20061126NM000000000000000000000100000000000000000000000000000138'
 WHERE parent_id = '20061126NM000000000000000000000100000000000000000000000000000139';


--Child Relationships
UPDATE dimension_def_struct_attr
   SET child_id = '20061126NM000000000000000000000100000000000000000000000000000138'
 WHERE child_id = '20061126NM000000000000000000000100000000000000000000000000000139';

UPDATE index_attribute
   SET child_id = '20061126NM000000000000000000000100000000000000000000000000000138'
 WHERE child_id = '20061126NM000000000000000000000100000000000000000000000000000139';

UPDATE class_attribute
   SET child_id = '20061126NM000000000000000000000100000000000000000000000000000138'
 WHERE child_id = '20061126NM000000000000000000000100000000000000000000000000000139';

UPDATE type_permissions
   SET child_id = '20061126NM000000000000000000000100000000000000000000000000000138'
 WHERE child_id = '20061126NM000000000000000000000100000000000000000000000000000139';

UPDATE class_attribute_virtual
   SET child_id = '20061126NM000000000000000000000100000000000000000000000000000138'
 WHERE child_id = '20061126NM000000000000000000000100000000000000000000000000000139';

UPDATE class_attribute_concrete
   SET child_id = '20061126NM000000000000000000000100000000000000000000000000000138'
 WHERE child_id = '20061126NM000000000000000000000100000000000000000000000000000139';

UPDATE metadata_relationship
   SET child_id = '20061126NM000000000000000000000100000000000000000000000000000138'
 WHERE child_id = '20061126NM000000000000000000000100000000000000000000000000000139';


-- Reference Attributes
UPDATE md_relationship
   SET sort_md_attribute = '20061126NM000000000000000000000100000000000000000000000000000138'
 WHERE sort_md_attribute = '20061126NM000000000000000000000100000000000000000000000000000139';

UPDATE object_tuple
   SET md_attribute_concrete = '20061126NM000000000000000000000100000000000000000000000000000138'
 WHERE md_attribute_concrete = '20061126NM000000000000000000000100000000000000000000000000000139';

UPDATE type_tuple
   SET metadata = '20061126NM000000000000000000000100000000000000000000000000000138'
 WHERE metadata = '20061126NM000000000000000000000100000000000000000000000000000139';

UPDATE md_parameter
   SET metadata = '20061126NM000000000000000000000100000000000000000000000000000138'
 WHERE metadata = '20061126NM000000000000000000000100000000000000000000000000000139';

UPDATE md_attribute_virtual
   SET md_attribute_concrete = '20061126NM000000000000000000000100000000000000000000000000000138'
 WHERE md_attribute_concrete = '20061126NM000000000000000000000100000000000000000000000000000139';

UPDATE md_attribute_dimension
   SET defining_md_attribute = '20061126NM000000000000000000000100000000000000000000000000000138'
 WHERE defining_md_attribute = '20061126NM000000000000000000000100000000000000000000000000000139';

-- Updating item_ids in MdEnumeration tables.

-- Adding the attribute type MdAttributeClob
-- Root id      70b3cklmgdsvs73u458bqnz1hanqrai5
-- New Root id  20101231NM0000000000000000000010

-- xwm936z3bulbeutdxq0ei15b1j59srtp
-- 20101231NM0000000000000000000011

-- 6qsietylgx1j1v28jj1sg515ysfbhy91
-- 20101231NM0000000000000000000012

-- zmgwlkw073c1xf4in45khyhaky41sww3
-- 20101231NM0000000000000000000013

INSERT INTO metadata_display_label (default_locale, site_master, key_name, id) VALUES ('Metadata Attribute Clob', 'www.runwaysdk.com', '6qs6b1xwech58ydevkbvigzwj9eend2mNM200904120000000000000000000030', '6qs6b1xwech58ydevkbvigzwj9eend2mNM200904120000000000000000000030');
INSERT INTO metadata_display_label (default_locale, site_master, key_name, id) VALUES ('Attribute clob metadata definition', 'www.runwaysdk.com', 're1t4xh5jz6z63z5sfdkkxwn99beyc4nNM200904120000000000000000000030', 're1t4xh5jz6z63z5sfdkkxwn99beyc4nNM200904120000000000000000000030');
INSERT INTO md_business (cache_algorithm, cache_algorithm_c, super_md_business, id) VALUES ('xj03zkahg7k8d3pww6iu279g66xbi68m', '0000000000000000000000000000023100000000000000000000000000000222', '0000000000000000000000000000013700000000000000000000000000000001', '20101231NM000000000000000000001000000000000000000000000000000001');

INSERT INTO class_cache (set_id, item_id) VALUES('xj03zkahg7k8d3pww6iu279g66xbi68m', '0000000000000000000000000000023100000000000000000000000000000222');

INSERT INTO md_element (extendable, is_abstract, id) VALUES (0, 0, '20101231NM000000000000000000001000000000000000000000000000000001');
INSERT INTO md_entity (cache_size, query_dto_source, enforce_site_master, table_name, query_source, id) VALUES (0, NULL, 1, 'md_attribute_clob', NULL, '20101231NM000000000000000000001000000000000000000000000000000001');
INSERT INTO md_class (publish, stub_source, stub_dto_source, id) VALUES (1, NULL, NULL, '20101231NM000000000000000000001000000000000000000000000000000001');
INSERT INTO md_type (js_stub, package_name, js_base, dto_source, exported, base_source, root_id, type_name, display_label, id) VALUES (NULL, 'com.runwaysdk.system.metadata', NULL, NULL, 1, NULL, '20101231NM0000000000000000000010', 'MdAttributeClob', '6qs6b1xwech58ydevkbvigzwj9eend2mNM200904120000000000000000000030', '20101231NM000000000000000000001000000000000000000000000000000001');
INSERT INTO metadata (created_by, locked_by, last_update_date, id, description, last_updated_by, entity_domain, owner, seq, site_master, type, key_name, create_date, remove) VALUES ('0000000000000000000000000000001000000000000000000000000000000003', NULL, '2010-12-30 18:45:08', '20101231NM000000000000000000001000000000000000000000000000000001', 're1t4xh5jz6z63z5sfdkkxwn99beyc4nNM200904120000000000000000000030', '0000000000000000000000000000001000000000000000000000000000000003', NULL, '0000000000000000000000000000001000000000000000000000000000000003', 2741, 'www.runwaysdk.com', 'com.runwaysdk.system.metadata.MdBusiness', 'com.runwaysdk.system.metadata.MdAttributeClob', '2010-12-30 18:45:08', 0);

INSERT INTO business_inheritance (id, parent_id, child_id) VALUES ('20101231NM000000000000000000001120070926NM0000000000000000000004', '0000000000000000000000000000013700000000000000000000000000000001', '20101231NM000000000000000000001000000000000000000000000000000001');
INSERT INTO class_inheritance (id, parent_id, child_id) VALUES ('20101231NM000000000000000000001120070926NM0000000000000000000004', '0000000000000000000000000000013700000000000000000000000000000001', '20101231NM000000000000000000001000000000000000000000000000000001');
INSERT INTO metadata_relationship (created_by, key_name, owner, seq, entity_domain, last_update_date, create_date, type, site_master, locked_by, id, last_updated_by, parent_id, child_id) VALUES ('0000000000000000000000000000001000000000000000000000000000000003', '20101231NM000000000000000000001120070926NM0000000000000000000004', '0000000000000000000000000000001000000000000000000000000000000003', 2742, NULL, '2010-12-30 18:45:08', '2010-12-30 18:45:08', 'com.runwaysdk.system.metadata.BusinessInheritance', 'www.runwaysdk.com', NULL, '20101231NM000000000000000000001120070926NM0000000000000000000004', '0000000000000000000000000000001000000000000000000000000000000003', '0000000000000000000000000000013700000000000000000000000000000001', '20101231NM000000000000000000001000000000000000000000000000000001');
UPDATE md_business SET cache_algorithm= 'xj03zkahg7k8d3pww6iu279g66xbi68m' , cache_algorithm_c= '0000000000000000000000000000023100000000000000000000000000000222' , super_md_business= '0000000000000000000000000000013700000000000000000000000000000001'  WHERE id='20101231NM000000000000000000001000000000000000000000000000000001';
UPDATE md_element SET extendable= 0  WHERE id='20101231NM000000000000000000001000000000000000000000000000000001';
UPDATE md_entity SET table_name= 'md_attribute_clob'  WHERE id='20101231NM000000000000000000001000000000000000000000000000000001';
UPDATE md_type SET package_name= 'com.runwaysdk.system.metadata' , root_id= '20101231NM0000000000000000000010' , type_name= 'MdAttributeClob' , display_label= '6qs6b1xwech58ydevkbvigzwj9eend2mNM200904120000000000000000000030'  WHERE id='20101231NM000000000000000000001000000000000000000000000000000001';
UPDATE metadata SET created_by= '0000000000000000000000000000001000000000000000000000000000000003' , last_update_date= '2010-12-30 18:45:08' , id= '20101231NM000000000000000000001000000000000000000000000000000001' , description= 're1t4xh5jz6z63z5sfdkkxwn99beyc4nNM200904120000000000000000000030' , last_updated_by= '0000000000000000000000000000001000000000000000000000000000000003' , owner= '0000000000000000000000000000001000000000000000000000000000000003' , seq= 2743 , site_master= 'www.runwaysdk.com' , type= 'com.runwaysdk.system.metadata.MdBusiness' , key_name= 'com.runwaysdk.system.metadata.MdAttributeClob' , create_date= '2010-12-30 18:45:08' , remove= 0  WHERE id='20101231NM000000000000000000001000000000000000000000000000000001';

-- Adding attribute defaultValue to MdAttributeClob
INSERT INTO metadata_display_label (default_locale, site_master, key_name, id) VALUES ('Default Value', 'www.runwaysdk.com', '7e44s98sb0ucvxgqc9u9tm8oswy9maygNM200904120000000000000000000030', '7e44s98sb0ucvxgqc9u9tm8oswy9maygNM200904120000000000000000000030');
INSERT INTO metadata_display_label (default_locale, site_master, key_name, id) VALUES ('Default value attribute for default attributes', 'www.runwaysdk.com', '6zwxl6zt7zb6kd91mv5ho49pvm368xc6NM200904120000000000000000000030', '6zwxl6zt7zb6kd91mv5ho49pvm368xc6NM200904120000000000000000000030');
INSERT INTO md_attribute_clob (id) VALUES ('20101231NM000000000000000000001220101231NM0000000000000000000010');
INSERT INTO md_attribute_char (id) VALUES ('20101231NM000000000000000000001220101231NM0000000000000000000010');
INSERT INTO md_attribute_primitive (id) VALUES ('20101231NM000000000000000000001220101231NM0000000000000000000010');
INSERT INTO md_attribute_concrete (display_label, system, getter_visibility, getter_visibility_c, column_name, index_name, attribute_name, generate_accessor, immutable, defining_md_class, index_type, index_type_c, setter_visibility, setter_visibility_c, required, id) VALUES ('7e44s98sb0ucvxgqc9u9tm8oswy9maygNM200904120000000000000000000030', 0, 'swoxje5bnfdmmi85be6uncy6x3ttvxyn', '20071109NM000000000000000000000520071109NM0000000000000000000001', 'default_value', 'abbssc8rl2x6bq7o0b5c3tzd9ht589', 'defaultValue', 1, 0, '20101231NM000000000000000000001000000000000000000000000000000001', 'qsk2y15qiga72b45zz996kzfv1pjg9yt', '0000000000000000000000000000040100000000000000000000000000000403', '016u322utvdk7mguzotbxgp69uwtd053', '20071109NM000000000000000000000520071109NM0000000000000000000001', 0, '20101231NM000000000000000000001220101231NM0000000000000000000010');

INSERT INTO visibilitymodifier (set_id, item_id) VALUES('swoxje5bnfdmmi85be6uncy6x3ttvxyn', '20071109NM000000000000000000000520071109NM0000000000000000000001');
INSERT INTO visibilitymodifier (set_id, item_id) VALUES('016u322utvdk7mguzotbxgp69uwtd053', '20071109NM000000000000000000000520071109NM0000000000000000000001');
INSERT INTO md_attribute_indicies (set_id, item_id) VALUES('qsk2y15qiga72b45zz996kzfv1pjg9yt', '0000000000000000000000000000040100000000000000000000000000000403');

INSERT INTO md_attribute (id) VALUES ('20101231NM000000000000000000001220101231NM0000000000000000000010');
INSERT INTO metadata (created_by, locked_by, last_update_date, id, description, last_updated_by, entity_domain, owner, seq, site_master, type, key_name, create_date, remove) VALUES ('0000000000000000000000000000001000000000000000000000000000000003', NULL, '2010-12-31 18:37:24', '20101231NM000000000000000000001220101231NM0000000000000000000010', '6zwxl6zt7zb6kd91mv5ho49pvm368xc6NM200904120000000000000000000030', '0000000000000000000000000000001000000000000000000000000000000003', NULL, '0000000000000000000000000000001000000000000000000000000000000003', 2742, 'www.runwaysdk.com', 'com.runwaysdk.system.metadata.MdAttributeClob', 'com.runwaysdk.system.metadata.MdAttributeClob.defaultValue', '2010-12-31 18:37:24', 0);

INSERT INTO class_attribute_concrete (id, parent_id, child_id) VALUES ('20101231NM000000000000000000001300000000000000000000000000000073', '20101231NM000000000000000000001000000000000000000000000000000001', '20101231NM000000000000000000001220101231NM0000000000000000000010');
INSERT INTO class_attribute (id, parent_id, child_id) VALUES ('20101231NM000000000000000000001300000000000000000000000000000073', '20101231NM000000000000000000001000000000000000000000000000000001', '20101231NM000000000000000000001220101231NM0000000000000000000010');
INSERT INTO metadata_relationship (created_by, key_name, owner, seq, entity_domain, last_update_date, create_date, type, site_master, locked_by, id, last_updated_by, parent_id, child_id) VALUES ('0000000000000000000000000000001000000000000000000000000000000003', 'com.runwaysdk.system.metadata.MdAttributeClob.defaultValue', '0000000000000000000000000000001000000000000000000000000000000003', 2743, NULL, '2010-12-31 18:37:24', '2010-12-31 18:37:24', 'com.runwaysdk.system.metadata.ClassAttributeConcrete', 'www.runwaysdk.com', NULL, '20101231NM000000000000000000001300000000000000000000000000000073', '0000000000000000000000000000001000000000000000000000000000000003', '20101231NM000000000000000000001000000000000000000000000000000001', '20101231NM000000000000000000001220101231NM0000000000000000000010');
UPDATE metadata SET seq= 2744  WHERE id='20101231NM000000000000000000001000000000000000000000000000000001';

/*********************************************************************
 * Converting code source attributes to the clob datatype
 *********************************************************************/

-- converts the text attribute md_facade.stub_source to a character attribute.
-- Create the new record
-- Old Id:200706016NM00000000000000000000200000000000000000000000000000139
-- New Id:200706016NM00000000000000000000220101231NM0000000000000000000010
--                                        20101231NM0000000000000000000010
INSERT INTO md_attribute_clob (id, default_value)
  VALUES ('200706016NM00000000000000000000220101231NM0000000000000000000010', NULL);
-- Delete the old
DELETE FROM md_attribute_text
 WHERE id = '200706016NM00000000000000000000200000000000000000000000000000139';

-- converts the text attribute md_class.stub_source to a character attribute.
-- Create the new record
-- Old Id:20070923NM000000000000000000000100000000000000000000000000000139
-- New Id:20070923NM000000000000000000000120101231NM0000000000000000000010
--                                        20101231NM0000000000000000000010
INSERT INTO md_attribute_clob (id, default_value)
  VALUES ('20070923NM000000000000000000000120101231NM0000000000000000000010', NULL);
-- Delete the old
DELETE FROM md_attribute_text
 WHERE id = '20070923NM000000000000000000000100000000000000000000000000000139';

-- converts the text attribute md_class.stub_dto_source to a character attribute.
-- Create the new record
-- Old Id:20070923NM000000000000000000000400000000000000000000000000000139
-- New Id:20070923NM000000000000000000000420101231NM0000000000000000000010
--                                        20101231NM0000000000000000000010
INSERT INTO md_attribute_clob (id, default_value)
  VALUES ('20070923NM000000000000000000000420101231NM0000000000000000000010', NULL);
-- Delete the old
DELETE FROM md_attribute_text
 WHERE id = '20070923NM000000000000000000000400000000000000000000000000000139';

-- converts the text attribute md_entity.query_source to a character attribute.
-- Create the new record
-- Old Id:20070923NM000000000000000000001000000000000000000000000000000139
-- New Id:20070923NM000000000000000000001020101231NM0000000000000000000010
--                                        20101231NM0000000000000000000010
INSERT INTO md_attribute_clob (id, default_value)
  VALUES ('20070923NM000000000000000000001020101231NM0000000000000000000010', NULL);
-- Delete the old
DELETE FROM md_attribute_text
 WHERE id = '20070923NM000000000000000000001000000000000000000000000000000139';

-- converts the text attribute md_entity.query_dto_source to a character attribute.
-- Create the new record
-- Old Id:20080408NM000000000000000000000100000000000000000000000000000139
-- New Id:20080408NM000000000000000000000120101231NM0000000000000000000010
--                                        20101231NM0000000000000000000010
INSERT INTO md_attribute_clob (id, default_value)
  VALUES ('20080408NM000000000000000000000120101231NM0000000000000000000010', NULL);
-- Delete the old
DELETE FROM md_attribute_text
 WHERE id = '20080408NM000000000000000000000100000000000000000000000000000139';

-- converts the text attribute md_view.query_dto_source to a character attribute.
-- Create the new record
-- Old Id:20080429NM000000000000000000000100000000000000000000000000000139
-- New Id:20080429NM000000000000000000000120101231NM0000000000000000000010
--                                        20101231NM0000000000000000000010
INSERT INTO md_attribute_clob (id, default_value)
  VALUES ('20080429NM000000000000000000000120101231NM0000000000000000000010', NULL);
-- Delete the old
DELETE FROM md_attribute_text
 WHERE id = '20080429NM000000000000000000000100000000000000000000000000000139';

-- converts the text attribute md_view.query_stub_source to a character attribute.
-- Create the new record
-- Old Id:20080423NM000000000000000000000100000000000000000000000000000139
-- New Id:20080423NM000000000000000000000120101231NM0000000000000000000010
--                                        20101231NM0000000000000000000010
INSERT INTO md_attribute_clob (id, default_value)
  VALUES ('20080423NM000000000000000000000120101231NM0000000000000000000010', NULL);
-- Delete the old
DELETE FROM md_attribute_text
 WHERE id = '20080423NM000000000000000000000100000000000000000000000000000139';

-- converts the text attribute md_view.query_base_source to a character attribute.
-- Create the new record
-- Old Id:20080326NM000000000000000000000200000000000000000000000000000139
-- New Id:20080326NM000000000000000000000220101231NM0000000000000000000010
--                                        20101231NM0000000000000000000010
INSERT INTO md_attribute_clob (id, default_value)
  VALUES ('20080326NM000000000000000000000220101231NM0000000000000000000010', NULL);
-- Delete the old
DELETE FROM md_attribute_text
 WHERE id = '20080326NM000000000000000000000200000000000000000000000000000139';

-- converts the text attribute md_controller.stub_source to a character attribute.
-- Create the new record
-- Old Id:NM20081011000000000000000000007500000000000000000000000000000139
-- New Id:NM20081011000000000000000000007520101231NM0000000000000000000010
--                                        20101231NM0000000000000000000010
INSERT INTO md_attribute_clob (id, default_value)
  VALUES ('NM20081011000000000000000000007520101231NM0000000000000000000010', NULL);
-- Delete the old
DELETE FROM md_attribute_text
 WHERE id = 'NM20081011000000000000000000007500000000000000000000000000000139';

-- converts the text attribute transaction_item.xml_record to a character attribute.
-- Create the new record
-- Old Id:0d3j6jnotv7bcwuv83j1w7o4tltte71z00000000000000000000000000000139
-- New Id:0d3j6jnotv7bcwuv83j1w7o4tltte71z20101231NM0000000000000000000010
--                                        20101231NM0000000000000000000010
INSERT INTO md_attribute_clob (id, default_value)
  VALUES ('0d3j6jnotv7bcwuv83j1w7o4tltte71z20101231NM0000000000000000000010', NULL);
-- Delete the old
DELETE FROM md_attribute_text
 WHERE id = '0d3j6jnotv7bcwuv83j1w7o4tltte71z00000000000000000000000000000139';
/*  
-- converts the text attribute md_type.js_base to a character attribute.
-- Create the new record
-- Old Id:sx1bsc4gxk1lrjkl544m7fak7sg2t1j800000000000000000000000000000139
-- New Id:sx1bsc4gxk1lrjkl544m7fak7sg2t1j820101231NM0000000000000000000010
--                                        20101231NM0000000000000000000010
INSERT INTO md_attribute_clob (id, default_value)
  VALUES ('sx1bsc4gxk1lrjkl544m7fak7sg2t1j820101231NM0000000000000000000010', NULL);
-- Delete the old
DELETE FROM md_attribute_text
 WHERE id = 'sx1bsc4gxk1lrjkl544m7fak7sg2t1j800000000000000000000000000000139';
-- converts the text attribute md_type.js_stub to a character attribute.
-- Create the new record
-- Old Id:6ozempoo35sdmp69nkuagmeb0kejpe5r00000000000000000000000000000139
-- New Id:6ozempoo35sdmp69nkuagmeb0kejpe5r20101231NM0000000000000000000010
--                                        20101231NM0000000000000000000010
INSERT INTO md_attribute_clob (id, default_value)
  VALUES ('6ozempoo35sdmp69nkuagmeb0kejpe5r20101231NM0000000000000000000010', NULL);
-- Delete the old
DELETE FROM md_attribute_text
 WHERE id = '6ozempoo35sdmp69nkuagmeb0kejpe5r00000000000000000000000000000139';
*/

-- converts the text attribute md_type.dto_source to a character attribute.
-- Create the new record
-- Old Id:NM20070418000000000000000000004000000000000000000000000000000139
-- New Id:NM20070418000000000000000000004020101231NM0000000000000000000010
--                                        20101231NM0000000000000000000010
INSERT INTO md_attribute_clob (id, default_value)
  VALUES ('NM20070418000000000000000000004020101231NM0000000000000000000010', NULL);
-- Delete the old
DELETE FROM md_attribute_text
 WHERE id = 'NM20070418000000000000000000004000000000000000000000000000000139';

-- converts the text attribute md_type.base_source to a character attribute.
-- Create the new record
-- Old Id:20070320EG000000000000000000145400000000000000000000000000000139
-- New Id:20070320EG000000000000000000145420101231NM0000000000000000000010
--                                        20101231NM0000000000000000000010
INSERT INTO md_attribute_clob (id, default_value)
  VALUES ('20070320EG000000000000000000145420101231NM0000000000000000000010', NULL);
-- Delete the old
DELETE FROM md_attribute_text
 WHERE id = '20070320EG000000000000000000145400000000000000000000000000000139';

 -- Update the ids and the type fields in the object tables
UPDATE md_attribute_clob
   SET id = '200706016NM00000000000000000000220101231NM0000000000000000000010'
 WHERE id = '200706016NM00000000000000000000200000000000000000000000000000139';

UPDATE md_attribute_char
   SET id = '200706016NM00000000000000000000220101231NM0000000000000000000010'
 WHERE id = '200706016NM00000000000000000000200000000000000000000000000000139';

UPDATE md_attribute_primitive
   SET id = '200706016NM00000000000000000000220101231NM0000000000000000000010'
 WHERE id = '200706016NM00000000000000000000200000000000000000000000000000139';

UPDATE md_attribute_concrete
   SET id = '200706016NM00000000000000000000220101231NM0000000000000000000010'
 WHERE id = '200706016NM00000000000000000000200000000000000000000000000000139';

UPDATE md_attribute
   SET id = '200706016NM00000000000000000000220101231NM0000000000000000000010'
 WHERE id = '200706016NM00000000000000000000200000000000000000000000000000139';

UPDATE metadata
   SET id = '200706016NM00000000000000000000220101231NM0000000000000000000010',
       type = 'com.runwaysdk.system.metadata.MdAttributeClob'
 WHERE id = '200706016NM00000000000000000000200000000000000000000000000000139';


--Parent Relationships
UPDATE type_method
   SET parent_id = '200706016NM00000000000000000000220101231NM0000000000000000000010'
 WHERE parent_id = '200706016NM00000000000000000000200000000000000000000000000000139';

UPDATE problem_inheritance
   SET parent_id = '200706016NM00000000000000000000220101231NM0000000000000000000010'
 WHERE parent_id = '200706016NM00000000000000000000200000000000000000000000000000139';

UPDATE dimension_def_struct_attr
   SET parent_id = '200706016NM00000000000000000000220101231NM0000000000000000000010'
 WHERE parent_id = '200706016NM00000000000000000000200000000000000000000000000000139';

UPDATE dimension_has_attribute
   SET parent_id = '200706016NM00000000000000000000220101231NM0000000000000000000010'
 WHERE parent_id = '200706016NM00000000000000000000200000000000000000000000000000139';

UPDATE dimension_has_class
   SET parent_id = '200706016NM00000000000000000000220101231NM0000000000000000000010'
 WHERE parent_id = '200706016NM00000000000000000000200000000000000000000000000000139';

UPDATE view_inheritance
   SET parent_id = '200706016NM00000000000000000000220101231NM0000000000000000000010'
 WHERE parent_id = '200706016NM00000000000000000000200000000000000000000000000000139';

UPDATE business_inheritance
   SET parent_id = '200706016NM00000000000000000000220101231NM0000000000000000000010'
 WHERE parent_id = '200706016NM00000000000000000000200000000000000000000000000000139';

UPDATE md_method_method_actor
   SET parent_id = '200706016NM00000000000000000000220101231NM0000000000000000000010'
 WHERE parent_id = '200706016NM00000000000000000000200000000000000000000000000000139';

UPDATE index_attribute
   SET parent_id = '200706016NM00000000000000000000220101231NM0000000000000000000010'
 WHERE parent_id = '200706016NM00000000000000000000200000000000000000000000000000139';

UPDATE class_attribute
   SET parent_id = '200706016NM00000000000000000000220101231NM0000000000000000000010'
 WHERE parent_id = '200706016NM00000000000000000000200000000000000000000000000000139';

UPDATE warning_inheritance
   SET parent_id = '200706016NM00000000000000000000220101231NM0000000000000000000010'
 WHERE parent_id = '200706016NM00000000000000000000200000000000000000000000000000139';

UPDATE entity_index
   SET parent_id = '200706016NM00000000000000000000220101231NM0000000000000000000010'
 WHERE parent_id = '200706016NM00000000000000000000200000000000000000000000000000139';

UPDATE enumeration_attribute_item
   SET parent_id = '200706016NM00000000000000000000220101231NM0000000000000000000010'
 WHERE parent_id = '200706016NM00000000000000000000200000000000000000000000000000139';

UPDATE relationship_inheritance
   SET parent_id = '200706016NM00000000000000000000220101231NM0000000000000000000010'
 WHERE parent_id = '200706016NM00000000000000000000200000000000000000000000000000139';

UPDATE information_inheritance
   SET parent_id = '200706016NM00000000000000000000220101231NM0000000000000000000010'
 WHERE parent_id = '200706016NM00000000000000000000200000000000000000000000000000139';

UPDATE class_attribute_virtual
   SET parent_id = '200706016NM00000000000000000000220101231NM0000000000000000000010'
 WHERE parent_id = '200706016NM00000000000000000000200000000000000000000000000000139';

UPDATE exception_inheritance
   SET parent_id = '200706016NM00000000000000000000220101231NM0000000000000000000010'
 WHERE parent_id = '200706016NM00000000000000000000200000000000000000000000000000139';

UPDATE enumeration_attribute
   SET parent_id = '200706016NM00000000000000000000220101231NM0000000000000000000010'
 WHERE parent_id = '200706016NM00000000000000000000200000000000000000000000000000139';

UPDATE util_inheritance
   SET parent_id = '200706016NM00000000000000000000220101231NM0000000000000000000010'
 WHERE parent_id = '200706016NM00000000000000000000200000000000000000000000000000139';

UPDATE class_inheritance
   SET parent_id = '200706016NM00000000000000000000220101231NM0000000000000000000010'
 WHERE parent_id = '200706016NM00000000000000000000200000000000000000000000000000139';

UPDATE attribute_has_dimension
   SET parent_id = '200706016NM00000000000000000000220101231NM0000000000000000000010'
 WHERE parent_id = '200706016NM00000000000000000000200000000000000000000000000000139';

UPDATE virtualize_attribute
   SET parent_id = '200706016NM00000000000000000000220101231NM0000000000000000000010'
 WHERE parent_id = '200706016NM00000000000000000000200000000000000000000000000000139';

UPDATE class_has_dimension
   SET parent_id = '200706016NM00000000000000000000220101231NM0000000000000000000010'
 WHERE parent_id = '200706016NM00000000000000000000200000000000000000000000000000139';

UPDATE class_attribute_concrete
   SET parent_id = '200706016NM00000000000000000000220101231NM0000000000000000000010'
 WHERE parent_id = '200706016NM00000000000000000000200000000000000000000000000000139';

UPDATE metadata_parameter
   SET parent_id = '200706016NM00000000000000000000220101231NM0000000000000000000010'
 WHERE parent_id = '200706016NM00000000000000000000200000000000000000000000000000139';

UPDATE metadata_relationship
   SET parent_id = '200706016NM00000000000000000000220101231NM0000000000000000000010'
 WHERE parent_id = '200706016NM00000000000000000000200000000000000000000000000000139';


--Child Relationships
UPDATE dimension_def_struct_attr
   SET child_id = '200706016NM00000000000000000000220101231NM0000000000000000000010'
 WHERE child_id = '200706016NM00000000000000000000200000000000000000000000000000139';

UPDATE index_attribute
   SET child_id = '200706016NM00000000000000000000220101231NM0000000000000000000010'
 WHERE child_id = '200706016NM00000000000000000000200000000000000000000000000000139';

UPDATE class_attribute
   SET child_id = '200706016NM00000000000000000000220101231NM0000000000000000000010'
 WHERE child_id = '200706016NM00000000000000000000200000000000000000000000000000139';

UPDATE type_permissions
   SET child_id = '200706016NM00000000000000000000220101231NM0000000000000000000010'
 WHERE child_id = '200706016NM00000000000000000000200000000000000000000000000000139';

UPDATE class_attribute_virtual
   SET child_id = '200706016NM00000000000000000000220101231NM0000000000000000000010'
 WHERE child_id = '200706016NM00000000000000000000200000000000000000000000000000139';

UPDATE class_attribute_concrete
   SET child_id = '200706016NM00000000000000000000220101231NM0000000000000000000010'
 WHERE child_id = '200706016NM00000000000000000000200000000000000000000000000000139';

UPDATE metadata_relationship
   SET child_id = '200706016NM00000000000000000000220101231NM0000000000000000000010'
 WHERE child_id = '200706016NM00000000000000000000200000000000000000000000000000139';


-- Reference Attributes
UPDATE md_relationship
   SET sort_md_attribute = '200706016NM00000000000000000000220101231NM0000000000000000000010'
 WHERE sort_md_attribute = '200706016NM00000000000000000000200000000000000000000000000000139';

UPDATE object_tuple
   SET md_attribute_concrete = '200706016NM00000000000000000000220101231NM0000000000000000000010'
 WHERE md_attribute_concrete = '200706016NM00000000000000000000200000000000000000000000000000139';

UPDATE type_tuple
   SET metadata = '200706016NM00000000000000000000220101231NM0000000000000000000010'
 WHERE metadata = '200706016NM00000000000000000000200000000000000000000000000000139';

UPDATE md_parameter
   SET metadata = '200706016NM00000000000000000000220101231NM0000000000000000000010'
 WHERE metadata = '200706016NM00000000000000000000200000000000000000000000000000139';

UPDATE md_attribute_virtual
   SET md_attribute_concrete = '200706016NM00000000000000000000220101231NM0000000000000000000010'
 WHERE md_attribute_concrete = '200706016NM00000000000000000000200000000000000000000000000000139';

UPDATE md_attribute_dimension
   SET defining_md_attribute = '200706016NM00000000000000000000220101231NM0000000000000000000010'
 WHERE defining_md_attribute = '200706016NM00000000000000000000200000000000000000000000000000139';

-- Updating item_ids in MdEnumeration tables.
-- Update the ids and the type fields in the object tables
UPDATE md_attribute_clob
   SET id = '20070923NM000000000000000000000120101231NM0000000000000000000010'
 WHERE id = '20070923NM000000000000000000000100000000000000000000000000000139';

UPDATE md_attribute_char
   SET id = '20070923NM000000000000000000000120101231NM0000000000000000000010'
 WHERE id = '20070923NM000000000000000000000100000000000000000000000000000139';

UPDATE md_attribute_primitive
   SET id = '20070923NM000000000000000000000120101231NM0000000000000000000010'
 WHERE id = '20070923NM000000000000000000000100000000000000000000000000000139';

UPDATE md_attribute_concrete
   SET id = '20070923NM000000000000000000000120101231NM0000000000000000000010'
 WHERE id = '20070923NM000000000000000000000100000000000000000000000000000139';

UPDATE md_attribute
   SET id = '20070923NM000000000000000000000120101231NM0000000000000000000010'
 WHERE id = '20070923NM000000000000000000000100000000000000000000000000000139';

UPDATE metadata
   SET id = '20070923NM000000000000000000000120101231NM0000000000000000000010',
       type = 'com.runwaysdk.system.metadata.MdAttributeClob'
 WHERE id = '20070923NM000000000000000000000100000000000000000000000000000139';


--Parent Relationships
UPDATE type_method
   SET parent_id = '20070923NM000000000000000000000120101231NM0000000000000000000010'
 WHERE parent_id = '20070923NM000000000000000000000100000000000000000000000000000139';

UPDATE problem_inheritance
   SET parent_id = '20070923NM000000000000000000000120101231NM0000000000000000000010'
 WHERE parent_id = '20070923NM000000000000000000000100000000000000000000000000000139';

UPDATE dimension_def_struct_attr
   SET parent_id = '20070923NM000000000000000000000120101231NM0000000000000000000010'
 WHERE parent_id = '20070923NM000000000000000000000100000000000000000000000000000139';

UPDATE dimension_has_attribute
   SET parent_id = '20070923NM000000000000000000000120101231NM0000000000000000000010'
 WHERE parent_id = '20070923NM000000000000000000000100000000000000000000000000000139';

UPDATE dimension_has_class
   SET parent_id = '20070923NM000000000000000000000120101231NM0000000000000000000010'
 WHERE parent_id = '20070923NM000000000000000000000100000000000000000000000000000139';

UPDATE view_inheritance
   SET parent_id = '20070923NM000000000000000000000120101231NM0000000000000000000010'
 WHERE parent_id = '20070923NM000000000000000000000100000000000000000000000000000139';

UPDATE business_inheritance
   SET parent_id = '20070923NM000000000000000000000120101231NM0000000000000000000010'
 WHERE parent_id = '20070923NM000000000000000000000100000000000000000000000000000139';

UPDATE md_method_method_actor
   SET parent_id = '20070923NM000000000000000000000120101231NM0000000000000000000010'
 WHERE parent_id = '20070923NM000000000000000000000100000000000000000000000000000139';

UPDATE index_attribute
   SET parent_id = '20070923NM000000000000000000000120101231NM0000000000000000000010'
 WHERE parent_id = '20070923NM000000000000000000000100000000000000000000000000000139';

UPDATE class_attribute
   SET parent_id = '20070923NM000000000000000000000120101231NM0000000000000000000010'
 WHERE parent_id = '20070923NM000000000000000000000100000000000000000000000000000139';

UPDATE warning_inheritance
   SET parent_id = '20070923NM000000000000000000000120101231NM0000000000000000000010'
 WHERE parent_id = '20070923NM000000000000000000000100000000000000000000000000000139';

UPDATE entity_index
   SET parent_id = '20070923NM000000000000000000000120101231NM0000000000000000000010'
 WHERE parent_id = '20070923NM000000000000000000000100000000000000000000000000000139';

UPDATE enumeration_attribute_item
   SET parent_id = '20070923NM000000000000000000000120101231NM0000000000000000000010'
 WHERE parent_id = '20070923NM000000000000000000000100000000000000000000000000000139';

UPDATE relationship_inheritance
   SET parent_id = '20070923NM000000000000000000000120101231NM0000000000000000000010'
 WHERE parent_id = '20070923NM000000000000000000000100000000000000000000000000000139';

UPDATE information_inheritance
   SET parent_id = '20070923NM000000000000000000000120101231NM0000000000000000000010'
 WHERE parent_id = '20070923NM000000000000000000000100000000000000000000000000000139';

UPDATE class_attribute_virtual
   SET parent_id = '20070923NM000000000000000000000120101231NM0000000000000000000010'
 WHERE parent_id = '20070923NM000000000000000000000100000000000000000000000000000139';

UPDATE exception_inheritance
   SET parent_id = '20070923NM000000000000000000000120101231NM0000000000000000000010'
 WHERE parent_id = '20070923NM000000000000000000000100000000000000000000000000000139';

UPDATE enumeration_attribute
   SET parent_id = '20070923NM000000000000000000000120101231NM0000000000000000000010'
 WHERE parent_id = '20070923NM000000000000000000000100000000000000000000000000000139';

UPDATE util_inheritance
   SET parent_id = '20070923NM000000000000000000000120101231NM0000000000000000000010'
 WHERE parent_id = '20070923NM000000000000000000000100000000000000000000000000000139';

UPDATE class_inheritance
   SET parent_id = '20070923NM000000000000000000000120101231NM0000000000000000000010'
 WHERE parent_id = '20070923NM000000000000000000000100000000000000000000000000000139';

UPDATE attribute_has_dimension
   SET parent_id = '20070923NM000000000000000000000120101231NM0000000000000000000010'
 WHERE parent_id = '20070923NM000000000000000000000100000000000000000000000000000139';

UPDATE virtualize_attribute
   SET parent_id = '20070923NM000000000000000000000120101231NM0000000000000000000010'
 WHERE parent_id = '20070923NM000000000000000000000100000000000000000000000000000139';

UPDATE class_has_dimension
   SET parent_id = '20070923NM000000000000000000000120101231NM0000000000000000000010'
 WHERE parent_id = '20070923NM000000000000000000000100000000000000000000000000000139';

UPDATE class_attribute_concrete
   SET parent_id = '20070923NM000000000000000000000120101231NM0000000000000000000010'
 WHERE parent_id = '20070923NM000000000000000000000100000000000000000000000000000139';

UPDATE metadata_parameter
   SET parent_id = '20070923NM000000000000000000000120101231NM0000000000000000000010'
 WHERE parent_id = '20070923NM000000000000000000000100000000000000000000000000000139';

UPDATE metadata_relationship
   SET parent_id = '20070923NM000000000000000000000120101231NM0000000000000000000010'
 WHERE parent_id = '20070923NM000000000000000000000100000000000000000000000000000139';


--Child Relationships
UPDATE dimension_def_struct_attr
   SET child_id = '20070923NM000000000000000000000120101231NM0000000000000000000010'
 WHERE child_id = '20070923NM000000000000000000000100000000000000000000000000000139';

UPDATE index_attribute
   SET child_id = '20070923NM000000000000000000000120101231NM0000000000000000000010'
 WHERE child_id = '20070923NM000000000000000000000100000000000000000000000000000139';

UPDATE class_attribute
   SET child_id = '20070923NM000000000000000000000120101231NM0000000000000000000010'
 WHERE child_id = '20070923NM000000000000000000000100000000000000000000000000000139';

UPDATE type_permissions
   SET child_id = '20070923NM000000000000000000000120101231NM0000000000000000000010'
 WHERE child_id = '20070923NM000000000000000000000100000000000000000000000000000139';

UPDATE class_attribute_virtual
   SET child_id = '20070923NM000000000000000000000120101231NM0000000000000000000010'
 WHERE child_id = '20070923NM000000000000000000000100000000000000000000000000000139';

UPDATE class_attribute_concrete
   SET child_id = '20070923NM000000000000000000000120101231NM0000000000000000000010'
 WHERE child_id = '20070923NM000000000000000000000100000000000000000000000000000139';

UPDATE metadata_relationship
   SET child_id = '20070923NM000000000000000000000120101231NM0000000000000000000010'
 WHERE child_id = '20070923NM000000000000000000000100000000000000000000000000000139';


-- Reference Attributes
UPDATE md_relationship
   SET sort_md_attribute = '20070923NM000000000000000000000120101231NM0000000000000000000010'
 WHERE sort_md_attribute = '20070923NM000000000000000000000100000000000000000000000000000139';

UPDATE object_tuple
   SET md_attribute_concrete = '20070923NM000000000000000000000120101231NM0000000000000000000010'
 WHERE md_attribute_concrete = '20070923NM000000000000000000000100000000000000000000000000000139';

UPDATE type_tuple
   SET metadata = '20070923NM000000000000000000000120101231NM0000000000000000000010'
 WHERE metadata = '20070923NM000000000000000000000100000000000000000000000000000139';

UPDATE md_parameter
   SET metadata = '20070923NM000000000000000000000120101231NM0000000000000000000010'
 WHERE metadata = '20070923NM000000000000000000000100000000000000000000000000000139';

UPDATE md_attribute_virtual
   SET md_attribute_concrete = '20070923NM000000000000000000000120101231NM0000000000000000000010'
 WHERE md_attribute_concrete = '20070923NM000000000000000000000100000000000000000000000000000139';

UPDATE md_attribute_dimension
   SET defining_md_attribute = '20070923NM000000000000000000000120101231NM0000000000000000000010'
 WHERE defining_md_attribute = '20070923NM000000000000000000000100000000000000000000000000000139';

-- Updating item_ids in MdEnumeration tables.
-- Update the ids and the type fields in the object tables
UPDATE md_attribute_clob
   SET id = '20070923NM000000000000000000000420101231NM0000000000000000000010'
 WHERE id = '20070923NM000000000000000000000400000000000000000000000000000139';

UPDATE md_attribute_char
   SET id = '20070923NM000000000000000000000420101231NM0000000000000000000010'
 WHERE id = '20070923NM000000000000000000000400000000000000000000000000000139';

UPDATE md_attribute_primitive
   SET id = '20070923NM000000000000000000000420101231NM0000000000000000000010'
 WHERE id = '20070923NM000000000000000000000400000000000000000000000000000139';

UPDATE md_attribute_concrete
   SET id = '20070923NM000000000000000000000420101231NM0000000000000000000010'
 WHERE id = '20070923NM000000000000000000000400000000000000000000000000000139';

UPDATE md_attribute
   SET id = '20070923NM000000000000000000000420101231NM0000000000000000000010'
 WHERE id = '20070923NM000000000000000000000400000000000000000000000000000139';

UPDATE metadata
   SET id = '20070923NM000000000000000000000420101231NM0000000000000000000010',
       type = 'com.runwaysdk.system.metadata.MdAttributeClob'
 WHERE id = '20070923NM000000000000000000000400000000000000000000000000000139';


--Parent Relationships
UPDATE type_method
   SET parent_id = '20070923NM000000000000000000000420101231NM0000000000000000000010'
 WHERE parent_id = '20070923NM000000000000000000000400000000000000000000000000000139';

UPDATE problem_inheritance
   SET parent_id = '20070923NM000000000000000000000420101231NM0000000000000000000010'
 WHERE parent_id = '20070923NM000000000000000000000400000000000000000000000000000139';

UPDATE dimension_def_struct_attr
   SET parent_id = '20070923NM000000000000000000000420101231NM0000000000000000000010'
 WHERE parent_id = '20070923NM000000000000000000000400000000000000000000000000000139';

UPDATE dimension_has_attribute
   SET parent_id = '20070923NM000000000000000000000420101231NM0000000000000000000010'
 WHERE parent_id = '20070923NM000000000000000000000400000000000000000000000000000139';

UPDATE dimension_has_class
   SET parent_id = '20070923NM000000000000000000000420101231NM0000000000000000000010'
 WHERE parent_id = '20070923NM000000000000000000000400000000000000000000000000000139';

UPDATE view_inheritance
   SET parent_id = '20070923NM000000000000000000000420101231NM0000000000000000000010'
 WHERE parent_id = '20070923NM000000000000000000000400000000000000000000000000000139';

UPDATE business_inheritance
   SET parent_id = '20070923NM000000000000000000000420101231NM0000000000000000000010'
 WHERE parent_id = '20070923NM000000000000000000000400000000000000000000000000000139';

UPDATE md_method_method_actor
   SET parent_id = '20070923NM000000000000000000000420101231NM0000000000000000000010'
 WHERE parent_id = '20070923NM000000000000000000000400000000000000000000000000000139';

UPDATE index_attribute
   SET parent_id = '20070923NM000000000000000000000420101231NM0000000000000000000010'
 WHERE parent_id = '20070923NM000000000000000000000400000000000000000000000000000139';

UPDATE class_attribute
   SET parent_id = '20070923NM000000000000000000000420101231NM0000000000000000000010'
 WHERE parent_id = '20070923NM000000000000000000000400000000000000000000000000000139';

UPDATE warning_inheritance
   SET parent_id = '20070923NM000000000000000000000420101231NM0000000000000000000010'
 WHERE parent_id = '20070923NM000000000000000000000400000000000000000000000000000139';

UPDATE entity_index
   SET parent_id = '20070923NM000000000000000000000420101231NM0000000000000000000010'
 WHERE parent_id = '20070923NM000000000000000000000400000000000000000000000000000139';

UPDATE enumeration_attribute_item
   SET parent_id = '20070923NM000000000000000000000420101231NM0000000000000000000010'
 WHERE parent_id = '20070923NM000000000000000000000400000000000000000000000000000139';

UPDATE relationship_inheritance
   SET parent_id = '20070923NM000000000000000000000420101231NM0000000000000000000010'
 WHERE parent_id = '20070923NM000000000000000000000400000000000000000000000000000139';

UPDATE information_inheritance
   SET parent_id = '20070923NM000000000000000000000420101231NM0000000000000000000010'
 WHERE parent_id = '20070923NM000000000000000000000400000000000000000000000000000139';

UPDATE class_attribute_virtual
   SET parent_id = '20070923NM000000000000000000000420101231NM0000000000000000000010'
 WHERE parent_id = '20070923NM000000000000000000000400000000000000000000000000000139';

UPDATE exception_inheritance
   SET parent_id = '20070923NM000000000000000000000420101231NM0000000000000000000010'
 WHERE parent_id = '20070923NM000000000000000000000400000000000000000000000000000139';

UPDATE enumeration_attribute
   SET parent_id = '20070923NM000000000000000000000420101231NM0000000000000000000010'
 WHERE parent_id = '20070923NM000000000000000000000400000000000000000000000000000139';

UPDATE util_inheritance
   SET parent_id = '20070923NM000000000000000000000420101231NM0000000000000000000010'
 WHERE parent_id = '20070923NM000000000000000000000400000000000000000000000000000139';

UPDATE class_inheritance
   SET parent_id = '20070923NM000000000000000000000420101231NM0000000000000000000010'
 WHERE parent_id = '20070923NM000000000000000000000400000000000000000000000000000139';

UPDATE attribute_has_dimension
   SET parent_id = '20070923NM000000000000000000000420101231NM0000000000000000000010'
 WHERE parent_id = '20070923NM000000000000000000000400000000000000000000000000000139';

UPDATE virtualize_attribute
   SET parent_id = '20070923NM000000000000000000000420101231NM0000000000000000000010'
 WHERE parent_id = '20070923NM000000000000000000000400000000000000000000000000000139';

UPDATE class_has_dimension
   SET parent_id = '20070923NM000000000000000000000420101231NM0000000000000000000010'
 WHERE parent_id = '20070923NM000000000000000000000400000000000000000000000000000139';

UPDATE class_attribute_concrete
   SET parent_id = '20070923NM000000000000000000000420101231NM0000000000000000000010'
 WHERE parent_id = '20070923NM000000000000000000000400000000000000000000000000000139';

UPDATE metadata_parameter
   SET parent_id = '20070923NM000000000000000000000420101231NM0000000000000000000010'
 WHERE parent_id = '20070923NM000000000000000000000400000000000000000000000000000139';

UPDATE metadata_relationship
   SET parent_id = '20070923NM000000000000000000000420101231NM0000000000000000000010'
 WHERE parent_id = '20070923NM000000000000000000000400000000000000000000000000000139';


--Child Relationships
UPDATE dimension_def_struct_attr
   SET child_id = '20070923NM000000000000000000000420101231NM0000000000000000000010'
 WHERE child_id = '20070923NM000000000000000000000400000000000000000000000000000139';

UPDATE index_attribute
   SET child_id = '20070923NM000000000000000000000420101231NM0000000000000000000010'
 WHERE child_id = '20070923NM000000000000000000000400000000000000000000000000000139';

UPDATE class_attribute
   SET child_id = '20070923NM000000000000000000000420101231NM0000000000000000000010'
 WHERE child_id = '20070923NM000000000000000000000400000000000000000000000000000139';

UPDATE type_permissions
   SET child_id = '20070923NM000000000000000000000420101231NM0000000000000000000010'
 WHERE child_id = '20070923NM000000000000000000000400000000000000000000000000000139';

UPDATE class_attribute_virtual
   SET child_id = '20070923NM000000000000000000000420101231NM0000000000000000000010'
 WHERE child_id = '20070923NM000000000000000000000400000000000000000000000000000139';

UPDATE class_attribute_concrete
   SET child_id = '20070923NM000000000000000000000420101231NM0000000000000000000010'
 WHERE child_id = '20070923NM000000000000000000000400000000000000000000000000000139';

UPDATE metadata_relationship
   SET child_id = '20070923NM000000000000000000000420101231NM0000000000000000000010'
 WHERE child_id = '20070923NM000000000000000000000400000000000000000000000000000139';


-- Reference Attributes
UPDATE md_relationship
   SET sort_md_attribute = '20070923NM000000000000000000000420101231NM0000000000000000000010'
 WHERE sort_md_attribute = '20070923NM000000000000000000000400000000000000000000000000000139';

UPDATE object_tuple
   SET md_attribute_concrete = '20070923NM000000000000000000000420101231NM0000000000000000000010'
 WHERE md_attribute_concrete = '20070923NM000000000000000000000400000000000000000000000000000139';

UPDATE type_tuple
   SET metadata = '20070923NM000000000000000000000420101231NM0000000000000000000010'
 WHERE metadata = '20070923NM000000000000000000000400000000000000000000000000000139';

UPDATE md_parameter
   SET metadata = '20070923NM000000000000000000000420101231NM0000000000000000000010'
 WHERE metadata = '20070923NM000000000000000000000400000000000000000000000000000139';

UPDATE md_attribute_virtual
   SET md_attribute_concrete = '20070923NM000000000000000000000420101231NM0000000000000000000010'
 WHERE md_attribute_concrete = '20070923NM000000000000000000000400000000000000000000000000000139';

UPDATE md_attribute_dimension
   SET defining_md_attribute = '20070923NM000000000000000000000420101231NM0000000000000000000010'
 WHERE defining_md_attribute = '20070923NM000000000000000000000400000000000000000000000000000139';

-- Updating item_ids in MdEnumeration tables.
-- Update the ids and the type fields in the object tables
UPDATE md_attribute_clob
   SET id = '20070923NM000000000000000000001020101231NM0000000000000000000010'
 WHERE id = '20070923NM000000000000000000001000000000000000000000000000000139';

UPDATE md_attribute_char
   SET id = '20070923NM000000000000000000001020101231NM0000000000000000000010'
 WHERE id = '20070923NM000000000000000000001000000000000000000000000000000139';

UPDATE md_attribute_primitive
   SET id = '20070923NM000000000000000000001020101231NM0000000000000000000010'
 WHERE id = '20070923NM000000000000000000001000000000000000000000000000000139';

UPDATE md_attribute_concrete
   SET id = '20070923NM000000000000000000001020101231NM0000000000000000000010'
 WHERE id = '20070923NM000000000000000000001000000000000000000000000000000139';

UPDATE md_attribute
   SET id = '20070923NM000000000000000000001020101231NM0000000000000000000010'
 WHERE id = '20070923NM000000000000000000001000000000000000000000000000000139';

UPDATE metadata
   SET id = '20070923NM000000000000000000001020101231NM0000000000000000000010',
       type = 'com.runwaysdk.system.metadata.MdAttributeClob'
 WHERE id = '20070923NM000000000000000000001000000000000000000000000000000139';


--Parent Relationships
UPDATE type_method
   SET parent_id = '20070923NM000000000000000000001020101231NM0000000000000000000010'
 WHERE parent_id = '20070923NM000000000000000000001000000000000000000000000000000139';

UPDATE problem_inheritance
   SET parent_id = '20070923NM000000000000000000001020101231NM0000000000000000000010'
 WHERE parent_id = '20070923NM000000000000000000001000000000000000000000000000000139';

UPDATE dimension_def_struct_attr
   SET parent_id = '20070923NM000000000000000000001020101231NM0000000000000000000010'
 WHERE parent_id = '20070923NM000000000000000000001000000000000000000000000000000139';

UPDATE dimension_has_attribute
   SET parent_id = '20070923NM000000000000000000001020101231NM0000000000000000000010'
 WHERE parent_id = '20070923NM000000000000000000001000000000000000000000000000000139';

UPDATE dimension_has_class
   SET parent_id = '20070923NM000000000000000000001020101231NM0000000000000000000010'
 WHERE parent_id = '20070923NM000000000000000000001000000000000000000000000000000139';

UPDATE view_inheritance
   SET parent_id = '20070923NM000000000000000000001020101231NM0000000000000000000010'
 WHERE parent_id = '20070923NM000000000000000000001000000000000000000000000000000139';

UPDATE business_inheritance
   SET parent_id = '20070923NM000000000000000000001020101231NM0000000000000000000010'
 WHERE parent_id = '20070923NM000000000000000000001000000000000000000000000000000139';

UPDATE md_method_method_actor
   SET parent_id = '20070923NM000000000000000000001020101231NM0000000000000000000010'
 WHERE parent_id = '20070923NM000000000000000000001000000000000000000000000000000139';

UPDATE index_attribute
   SET parent_id = '20070923NM000000000000000000001020101231NM0000000000000000000010'
 WHERE parent_id = '20070923NM000000000000000000001000000000000000000000000000000139';

UPDATE class_attribute
   SET parent_id = '20070923NM000000000000000000001020101231NM0000000000000000000010'
 WHERE parent_id = '20070923NM000000000000000000001000000000000000000000000000000139';

UPDATE warning_inheritance
   SET parent_id = '20070923NM000000000000000000001020101231NM0000000000000000000010'
 WHERE parent_id = '20070923NM000000000000000000001000000000000000000000000000000139';

UPDATE entity_index
   SET parent_id = '20070923NM000000000000000000001020101231NM0000000000000000000010'
 WHERE parent_id = '20070923NM000000000000000000001000000000000000000000000000000139';

UPDATE enumeration_attribute_item
   SET parent_id = '20070923NM000000000000000000001020101231NM0000000000000000000010'
 WHERE parent_id = '20070923NM000000000000000000001000000000000000000000000000000139';

UPDATE relationship_inheritance
   SET parent_id = '20070923NM000000000000000000001020101231NM0000000000000000000010'
 WHERE parent_id = '20070923NM000000000000000000001000000000000000000000000000000139';

UPDATE information_inheritance
   SET parent_id = '20070923NM000000000000000000001020101231NM0000000000000000000010'
 WHERE parent_id = '20070923NM000000000000000000001000000000000000000000000000000139';

UPDATE class_attribute_virtual
   SET parent_id = '20070923NM000000000000000000001020101231NM0000000000000000000010'
 WHERE parent_id = '20070923NM000000000000000000001000000000000000000000000000000139';

UPDATE exception_inheritance
   SET parent_id = '20070923NM000000000000000000001020101231NM0000000000000000000010'
 WHERE parent_id = '20070923NM000000000000000000001000000000000000000000000000000139';

UPDATE enumeration_attribute
   SET parent_id = '20070923NM000000000000000000001020101231NM0000000000000000000010'
 WHERE parent_id = '20070923NM000000000000000000001000000000000000000000000000000139';

UPDATE util_inheritance
   SET parent_id = '20070923NM000000000000000000001020101231NM0000000000000000000010'
 WHERE parent_id = '20070923NM000000000000000000001000000000000000000000000000000139';

UPDATE class_inheritance
   SET parent_id = '20070923NM000000000000000000001020101231NM0000000000000000000010'
 WHERE parent_id = '20070923NM000000000000000000001000000000000000000000000000000139';

UPDATE attribute_has_dimension
   SET parent_id = '20070923NM000000000000000000001020101231NM0000000000000000000010'
 WHERE parent_id = '20070923NM000000000000000000001000000000000000000000000000000139';

UPDATE virtualize_attribute
   SET parent_id = '20070923NM000000000000000000001020101231NM0000000000000000000010'
 WHERE parent_id = '20070923NM000000000000000000001000000000000000000000000000000139';

UPDATE class_has_dimension
   SET parent_id = '20070923NM000000000000000000001020101231NM0000000000000000000010'
 WHERE parent_id = '20070923NM000000000000000000001000000000000000000000000000000139';

UPDATE class_attribute_concrete
   SET parent_id = '20070923NM000000000000000000001020101231NM0000000000000000000010'
 WHERE parent_id = '20070923NM000000000000000000001000000000000000000000000000000139';

UPDATE metadata_parameter
   SET parent_id = '20070923NM000000000000000000001020101231NM0000000000000000000010'
 WHERE parent_id = '20070923NM000000000000000000001000000000000000000000000000000139';

UPDATE metadata_relationship
   SET parent_id = '20070923NM000000000000000000001020101231NM0000000000000000000010'
 WHERE parent_id = '20070923NM000000000000000000001000000000000000000000000000000139';


--Child Relationships
UPDATE dimension_def_struct_attr
   SET child_id = '20070923NM000000000000000000001020101231NM0000000000000000000010'
 WHERE child_id = '20070923NM000000000000000000001000000000000000000000000000000139';

UPDATE index_attribute
   SET child_id = '20070923NM000000000000000000001020101231NM0000000000000000000010'
 WHERE child_id = '20070923NM000000000000000000001000000000000000000000000000000139';

UPDATE class_attribute
   SET child_id = '20070923NM000000000000000000001020101231NM0000000000000000000010'
 WHERE child_id = '20070923NM000000000000000000001000000000000000000000000000000139';

UPDATE type_permissions
   SET child_id = '20070923NM000000000000000000001020101231NM0000000000000000000010'
 WHERE child_id = '20070923NM000000000000000000001000000000000000000000000000000139';

UPDATE class_attribute_virtual
   SET child_id = '20070923NM000000000000000000001020101231NM0000000000000000000010'
 WHERE child_id = '20070923NM000000000000000000001000000000000000000000000000000139';

UPDATE class_attribute_concrete
   SET child_id = '20070923NM000000000000000000001020101231NM0000000000000000000010'
 WHERE child_id = '20070923NM000000000000000000001000000000000000000000000000000139';

UPDATE metadata_relationship
   SET child_id = '20070923NM000000000000000000001020101231NM0000000000000000000010'
 WHERE child_id = '20070923NM000000000000000000001000000000000000000000000000000139';


-- Reference Attributes
UPDATE md_relationship
   SET sort_md_attribute = '20070923NM000000000000000000001020101231NM0000000000000000000010'
 WHERE sort_md_attribute = '20070923NM000000000000000000001000000000000000000000000000000139';

UPDATE object_tuple
   SET md_attribute_concrete = '20070923NM000000000000000000001020101231NM0000000000000000000010'
 WHERE md_attribute_concrete = '20070923NM000000000000000000001000000000000000000000000000000139';

UPDATE type_tuple
   SET metadata = '20070923NM000000000000000000001020101231NM0000000000000000000010'
 WHERE metadata = '20070923NM000000000000000000001000000000000000000000000000000139';

UPDATE md_parameter
   SET metadata = '20070923NM000000000000000000001020101231NM0000000000000000000010'
 WHERE metadata = '20070923NM000000000000000000001000000000000000000000000000000139';

UPDATE md_attribute_virtual
   SET md_attribute_concrete = '20070923NM000000000000000000001020101231NM0000000000000000000010'
 WHERE md_attribute_concrete = '20070923NM000000000000000000001000000000000000000000000000000139';

UPDATE md_attribute_dimension
   SET defining_md_attribute = '20070923NM000000000000000000001020101231NM0000000000000000000010'
 WHERE defining_md_attribute = '20070923NM000000000000000000001000000000000000000000000000000139';

-- Updating item_ids in MdEnumeration tables.
-- Update the ids and the type fields in the object tables
UPDATE md_attribute_clob
   SET id = '20080408NM000000000000000000000120101231NM0000000000000000000010'
 WHERE id = '20080408NM000000000000000000000100000000000000000000000000000139';

UPDATE md_attribute_char
   SET id = '20080408NM000000000000000000000120101231NM0000000000000000000010'
 WHERE id = '20080408NM000000000000000000000100000000000000000000000000000139';

UPDATE md_attribute_primitive
   SET id = '20080408NM000000000000000000000120101231NM0000000000000000000010'
 WHERE id = '20080408NM000000000000000000000100000000000000000000000000000139';

UPDATE md_attribute_concrete
   SET id = '20080408NM000000000000000000000120101231NM0000000000000000000010'
 WHERE id = '20080408NM000000000000000000000100000000000000000000000000000139';

UPDATE md_attribute
   SET id = '20080408NM000000000000000000000120101231NM0000000000000000000010'
 WHERE id = '20080408NM000000000000000000000100000000000000000000000000000139';

UPDATE metadata
   SET id = '20080408NM000000000000000000000120101231NM0000000000000000000010',
       type = 'com.runwaysdk.system.metadata.MdAttributeClob'
 WHERE id = '20080408NM000000000000000000000100000000000000000000000000000139';


--Parent Relationships
UPDATE type_method
   SET parent_id = '20080408NM000000000000000000000120101231NM0000000000000000000010'
 WHERE parent_id = '20080408NM000000000000000000000100000000000000000000000000000139';

UPDATE problem_inheritance
   SET parent_id = '20080408NM000000000000000000000120101231NM0000000000000000000010'
 WHERE parent_id = '20080408NM000000000000000000000100000000000000000000000000000139';

UPDATE dimension_def_struct_attr
   SET parent_id = '20080408NM000000000000000000000120101231NM0000000000000000000010'
 WHERE parent_id = '20080408NM000000000000000000000100000000000000000000000000000139';

UPDATE dimension_has_attribute
   SET parent_id = '20080408NM000000000000000000000120101231NM0000000000000000000010'
 WHERE parent_id = '20080408NM000000000000000000000100000000000000000000000000000139';

UPDATE dimension_has_class
   SET parent_id = '20080408NM000000000000000000000120101231NM0000000000000000000010'
 WHERE parent_id = '20080408NM000000000000000000000100000000000000000000000000000139';

UPDATE view_inheritance
   SET parent_id = '20080408NM000000000000000000000120101231NM0000000000000000000010'
 WHERE parent_id = '20080408NM000000000000000000000100000000000000000000000000000139';

UPDATE business_inheritance
   SET parent_id = '20080408NM000000000000000000000120101231NM0000000000000000000010'
 WHERE parent_id = '20080408NM000000000000000000000100000000000000000000000000000139';

UPDATE md_method_method_actor
   SET parent_id = '20080408NM000000000000000000000120101231NM0000000000000000000010'
 WHERE parent_id = '20080408NM000000000000000000000100000000000000000000000000000139';

UPDATE index_attribute
   SET parent_id = '20080408NM000000000000000000000120101231NM0000000000000000000010'
 WHERE parent_id = '20080408NM000000000000000000000100000000000000000000000000000139';

UPDATE class_attribute
   SET parent_id = '20080408NM000000000000000000000120101231NM0000000000000000000010'
 WHERE parent_id = '20080408NM000000000000000000000100000000000000000000000000000139';

UPDATE warning_inheritance
   SET parent_id = '20080408NM000000000000000000000120101231NM0000000000000000000010'
 WHERE parent_id = '20080408NM000000000000000000000100000000000000000000000000000139';

UPDATE entity_index
   SET parent_id = '20080408NM000000000000000000000120101231NM0000000000000000000010'
 WHERE parent_id = '20080408NM000000000000000000000100000000000000000000000000000139';

UPDATE enumeration_attribute_item
   SET parent_id = '20080408NM000000000000000000000120101231NM0000000000000000000010'
 WHERE parent_id = '20080408NM000000000000000000000100000000000000000000000000000139';

UPDATE relationship_inheritance
   SET parent_id = '20080408NM000000000000000000000120101231NM0000000000000000000010'
 WHERE parent_id = '20080408NM000000000000000000000100000000000000000000000000000139';

UPDATE information_inheritance
   SET parent_id = '20080408NM000000000000000000000120101231NM0000000000000000000010'
 WHERE parent_id = '20080408NM000000000000000000000100000000000000000000000000000139';

UPDATE class_attribute_virtual
   SET parent_id = '20080408NM000000000000000000000120101231NM0000000000000000000010'
 WHERE parent_id = '20080408NM000000000000000000000100000000000000000000000000000139';

UPDATE exception_inheritance
   SET parent_id = '20080408NM000000000000000000000120101231NM0000000000000000000010'
 WHERE parent_id = '20080408NM000000000000000000000100000000000000000000000000000139';

UPDATE enumeration_attribute
   SET parent_id = '20080408NM000000000000000000000120101231NM0000000000000000000010'
 WHERE parent_id = '20080408NM000000000000000000000100000000000000000000000000000139';

UPDATE util_inheritance
   SET parent_id = '20080408NM000000000000000000000120101231NM0000000000000000000010'
 WHERE parent_id = '20080408NM000000000000000000000100000000000000000000000000000139';

UPDATE class_inheritance
   SET parent_id = '20080408NM000000000000000000000120101231NM0000000000000000000010'
 WHERE parent_id = '20080408NM000000000000000000000100000000000000000000000000000139';

UPDATE attribute_has_dimension
   SET parent_id = '20080408NM000000000000000000000120101231NM0000000000000000000010'
 WHERE parent_id = '20080408NM000000000000000000000100000000000000000000000000000139';

UPDATE virtualize_attribute
   SET parent_id = '20080408NM000000000000000000000120101231NM0000000000000000000010'
 WHERE parent_id = '20080408NM000000000000000000000100000000000000000000000000000139';

UPDATE class_has_dimension
   SET parent_id = '20080408NM000000000000000000000120101231NM0000000000000000000010'
 WHERE parent_id = '20080408NM000000000000000000000100000000000000000000000000000139';

UPDATE class_attribute_concrete
   SET parent_id = '20080408NM000000000000000000000120101231NM0000000000000000000010'
 WHERE parent_id = '20080408NM000000000000000000000100000000000000000000000000000139';

UPDATE metadata_parameter
   SET parent_id = '20080408NM000000000000000000000120101231NM0000000000000000000010'
 WHERE parent_id = '20080408NM000000000000000000000100000000000000000000000000000139';

UPDATE metadata_relationship
   SET parent_id = '20080408NM000000000000000000000120101231NM0000000000000000000010'
 WHERE parent_id = '20080408NM000000000000000000000100000000000000000000000000000139';


--Child Relationships
UPDATE dimension_def_struct_attr
   SET child_id = '20080408NM000000000000000000000120101231NM0000000000000000000010'
 WHERE child_id = '20080408NM000000000000000000000100000000000000000000000000000139';

UPDATE index_attribute
   SET child_id = '20080408NM000000000000000000000120101231NM0000000000000000000010'
 WHERE child_id = '20080408NM000000000000000000000100000000000000000000000000000139';

UPDATE class_attribute
   SET child_id = '20080408NM000000000000000000000120101231NM0000000000000000000010'
 WHERE child_id = '20080408NM000000000000000000000100000000000000000000000000000139';

UPDATE type_permissions
   SET child_id = '20080408NM000000000000000000000120101231NM0000000000000000000010'
 WHERE child_id = '20080408NM000000000000000000000100000000000000000000000000000139';

UPDATE class_attribute_virtual
   SET child_id = '20080408NM000000000000000000000120101231NM0000000000000000000010'
 WHERE child_id = '20080408NM000000000000000000000100000000000000000000000000000139';

UPDATE class_attribute_concrete
   SET child_id = '20080408NM000000000000000000000120101231NM0000000000000000000010'
 WHERE child_id = '20080408NM000000000000000000000100000000000000000000000000000139';

UPDATE metadata_relationship
   SET child_id = '20080408NM000000000000000000000120101231NM0000000000000000000010'
 WHERE child_id = '20080408NM000000000000000000000100000000000000000000000000000139';


-- Reference Attributes
UPDATE md_relationship
   SET sort_md_attribute = '20080408NM000000000000000000000120101231NM0000000000000000000010'
 WHERE sort_md_attribute = '20080408NM000000000000000000000100000000000000000000000000000139';

UPDATE object_tuple
   SET md_attribute_concrete = '20080408NM000000000000000000000120101231NM0000000000000000000010'
 WHERE md_attribute_concrete = '20080408NM000000000000000000000100000000000000000000000000000139';

UPDATE type_tuple
   SET metadata = '20080408NM000000000000000000000120101231NM0000000000000000000010'
 WHERE metadata = '20080408NM000000000000000000000100000000000000000000000000000139';

UPDATE md_parameter
   SET metadata = '20080408NM000000000000000000000120101231NM0000000000000000000010'
 WHERE metadata = '20080408NM000000000000000000000100000000000000000000000000000139';

UPDATE md_attribute_virtual
   SET md_attribute_concrete = '20080408NM000000000000000000000120101231NM0000000000000000000010'
 WHERE md_attribute_concrete = '20080408NM000000000000000000000100000000000000000000000000000139';

UPDATE md_attribute_dimension
   SET defining_md_attribute = '20080408NM000000000000000000000120101231NM0000000000000000000010'
 WHERE defining_md_attribute = '20080408NM000000000000000000000100000000000000000000000000000139';

-- Updating item_ids in MdEnumeration tables.
-- Update the ids and the type fields in the object tables
UPDATE md_attribute_clob
   SET id = '20080429NM000000000000000000000120101231NM0000000000000000000010'
 WHERE id = '20080429NM000000000000000000000100000000000000000000000000000139';

UPDATE md_attribute_char
   SET id = '20080429NM000000000000000000000120101231NM0000000000000000000010'
 WHERE id = '20080429NM000000000000000000000100000000000000000000000000000139';

UPDATE md_attribute_primitive
   SET id = '20080429NM000000000000000000000120101231NM0000000000000000000010'
 WHERE id = '20080429NM000000000000000000000100000000000000000000000000000139';

UPDATE md_attribute_concrete
   SET id = '20080429NM000000000000000000000120101231NM0000000000000000000010'
 WHERE id = '20080429NM000000000000000000000100000000000000000000000000000139';

UPDATE md_attribute
   SET id = '20080429NM000000000000000000000120101231NM0000000000000000000010'
 WHERE id = '20080429NM000000000000000000000100000000000000000000000000000139';

UPDATE metadata
   SET id = '20080429NM000000000000000000000120101231NM0000000000000000000010',
       type = 'com.runwaysdk.system.metadata.MdAttributeClob'
 WHERE id = '20080429NM000000000000000000000100000000000000000000000000000139';


--Parent Relationships
UPDATE type_method
   SET parent_id = '20080429NM000000000000000000000120101231NM0000000000000000000010'
 WHERE parent_id = '20080429NM000000000000000000000100000000000000000000000000000139';

UPDATE problem_inheritance
   SET parent_id = '20080429NM000000000000000000000120101231NM0000000000000000000010'
 WHERE parent_id = '20080429NM000000000000000000000100000000000000000000000000000139';

UPDATE dimension_def_struct_attr
   SET parent_id = '20080429NM000000000000000000000120101231NM0000000000000000000010'
 WHERE parent_id = '20080429NM000000000000000000000100000000000000000000000000000139';

UPDATE dimension_has_attribute
   SET parent_id = '20080429NM000000000000000000000120101231NM0000000000000000000010'
 WHERE parent_id = '20080429NM000000000000000000000100000000000000000000000000000139';

UPDATE dimension_has_class
   SET parent_id = '20080429NM000000000000000000000120101231NM0000000000000000000010'
 WHERE parent_id = '20080429NM000000000000000000000100000000000000000000000000000139';

UPDATE view_inheritance
   SET parent_id = '20080429NM000000000000000000000120101231NM0000000000000000000010'
 WHERE parent_id = '20080429NM000000000000000000000100000000000000000000000000000139';

UPDATE business_inheritance
   SET parent_id = '20080429NM000000000000000000000120101231NM0000000000000000000010'
 WHERE parent_id = '20080429NM000000000000000000000100000000000000000000000000000139';

UPDATE md_method_method_actor
   SET parent_id = '20080429NM000000000000000000000120101231NM0000000000000000000010'
 WHERE parent_id = '20080429NM000000000000000000000100000000000000000000000000000139';

UPDATE index_attribute
   SET parent_id = '20080429NM000000000000000000000120101231NM0000000000000000000010'
 WHERE parent_id = '20080429NM000000000000000000000100000000000000000000000000000139';

UPDATE class_attribute
   SET parent_id = '20080429NM000000000000000000000120101231NM0000000000000000000010'
 WHERE parent_id = '20080429NM000000000000000000000100000000000000000000000000000139';

UPDATE warning_inheritance
   SET parent_id = '20080429NM000000000000000000000120101231NM0000000000000000000010'
 WHERE parent_id = '20080429NM000000000000000000000100000000000000000000000000000139';

UPDATE entity_index
   SET parent_id = '20080429NM000000000000000000000120101231NM0000000000000000000010'
 WHERE parent_id = '20080429NM000000000000000000000100000000000000000000000000000139';

UPDATE enumeration_attribute_item
   SET parent_id = '20080429NM000000000000000000000120101231NM0000000000000000000010'
 WHERE parent_id = '20080429NM000000000000000000000100000000000000000000000000000139';

UPDATE relationship_inheritance
   SET parent_id = '20080429NM000000000000000000000120101231NM0000000000000000000010'
 WHERE parent_id = '20080429NM000000000000000000000100000000000000000000000000000139';

UPDATE information_inheritance
   SET parent_id = '20080429NM000000000000000000000120101231NM0000000000000000000010'
 WHERE parent_id = '20080429NM000000000000000000000100000000000000000000000000000139';

UPDATE class_attribute_virtual
   SET parent_id = '20080429NM000000000000000000000120101231NM0000000000000000000010'
 WHERE parent_id = '20080429NM000000000000000000000100000000000000000000000000000139';

UPDATE exception_inheritance
   SET parent_id = '20080429NM000000000000000000000120101231NM0000000000000000000010'
 WHERE parent_id = '20080429NM000000000000000000000100000000000000000000000000000139';

UPDATE enumeration_attribute
   SET parent_id = '20080429NM000000000000000000000120101231NM0000000000000000000010'
 WHERE parent_id = '20080429NM000000000000000000000100000000000000000000000000000139';

UPDATE util_inheritance
   SET parent_id = '20080429NM000000000000000000000120101231NM0000000000000000000010'
 WHERE parent_id = '20080429NM000000000000000000000100000000000000000000000000000139';

UPDATE class_inheritance
   SET parent_id = '20080429NM000000000000000000000120101231NM0000000000000000000010'
 WHERE parent_id = '20080429NM000000000000000000000100000000000000000000000000000139';

UPDATE attribute_has_dimension
   SET parent_id = '20080429NM000000000000000000000120101231NM0000000000000000000010'
 WHERE parent_id = '20080429NM000000000000000000000100000000000000000000000000000139';

UPDATE virtualize_attribute
   SET parent_id = '20080429NM000000000000000000000120101231NM0000000000000000000010'
 WHERE parent_id = '20080429NM000000000000000000000100000000000000000000000000000139';

UPDATE class_has_dimension
   SET parent_id = '20080429NM000000000000000000000120101231NM0000000000000000000010'
 WHERE parent_id = '20080429NM000000000000000000000100000000000000000000000000000139';

UPDATE class_attribute_concrete
   SET parent_id = '20080429NM000000000000000000000120101231NM0000000000000000000010'
 WHERE parent_id = '20080429NM000000000000000000000100000000000000000000000000000139';

UPDATE metadata_parameter
   SET parent_id = '20080429NM000000000000000000000120101231NM0000000000000000000010'
 WHERE parent_id = '20080429NM000000000000000000000100000000000000000000000000000139';

UPDATE metadata_relationship
   SET parent_id = '20080429NM000000000000000000000120101231NM0000000000000000000010'
 WHERE parent_id = '20080429NM000000000000000000000100000000000000000000000000000139';


--Child Relationships
UPDATE dimension_def_struct_attr
   SET child_id = '20080429NM000000000000000000000120101231NM0000000000000000000010'
 WHERE child_id = '20080429NM000000000000000000000100000000000000000000000000000139';

UPDATE index_attribute
   SET child_id = '20080429NM000000000000000000000120101231NM0000000000000000000010'
 WHERE child_id = '20080429NM000000000000000000000100000000000000000000000000000139';

UPDATE class_attribute
   SET child_id = '20080429NM000000000000000000000120101231NM0000000000000000000010'
 WHERE child_id = '20080429NM000000000000000000000100000000000000000000000000000139';

UPDATE type_permissions
   SET child_id = '20080429NM000000000000000000000120101231NM0000000000000000000010'
 WHERE child_id = '20080429NM000000000000000000000100000000000000000000000000000139';

UPDATE class_attribute_virtual
   SET child_id = '20080429NM000000000000000000000120101231NM0000000000000000000010'
 WHERE child_id = '20080429NM000000000000000000000100000000000000000000000000000139';

UPDATE class_attribute_concrete
   SET child_id = '20080429NM000000000000000000000120101231NM0000000000000000000010'
 WHERE child_id = '20080429NM000000000000000000000100000000000000000000000000000139';

UPDATE metadata_relationship
   SET child_id = '20080429NM000000000000000000000120101231NM0000000000000000000010'
 WHERE child_id = '20080429NM000000000000000000000100000000000000000000000000000139';


-- Reference Attributes
UPDATE md_relationship
   SET sort_md_attribute = '20080429NM000000000000000000000120101231NM0000000000000000000010'
 WHERE sort_md_attribute = '20080429NM000000000000000000000100000000000000000000000000000139';

UPDATE object_tuple
   SET md_attribute_concrete = '20080429NM000000000000000000000120101231NM0000000000000000000010'
 WHERE md_attribute_concrete = '20080429NM000000000000000000000100000000000000000000000000000139';

UPDATE type_tuple
   SET metadata = '20080429NM000000000000000000000120101231NM0000000000000000000010'
 WHERE metadata = '20080429NM000000000000000000000100000000000000000000000000000139';

UPDATE md_parameter
   SET metadata = '20080429NM000000000000000000000120101231NM0000000000000000000010'
 WHERE metadata = '20080429NM000000000000000000000100000000000000000000000000000139';

UPDATE md_attribute_virtual
   SET md_attribute_concrete = '20080429NM000000000000000000000120101231NM0000000000000000000010'
 WHERE md_attribute_concrete = '20080429NM000000000000000000000100000000000000000000000000000139';

UPDATE md_attribute_dimension
   SET defining_md_attribute = '20080429NM000000000000000000000120101231NM0000000000000000000010'
 WHERE defining_md_attribute = '20080429NM000000000000000000000100000000000000000000000000000139';

-- Updating item_ids in MdEnumeration tables.
-- Update the ids and the type fields in the object tables
UPDATE md_attribute_clob
   SET id = '20080423NM000000000000000000000120101231NM0000000000000000000010'
 WHERE id = '20080423NM000000000000000000000100000000000000000000000000000139';

UPDATE md_attribute_char
   SET id = '20080423NM000000000000000000000120101231NM0000000000000000000010'
 WHERE id = '20080423NM000000000000000000000100000000000000000000000000000139';

UPDATE md_attribute_primitive
   SET id = '20080423NM000000000000000000000120101231NM0000000000000000000010'
 WHERE id = '20080423NM000000000000000000000100000000000000000000000000000139';

UPDATE md_attribute_concrete
   SET id = '20080423NM000000000000000000000120101231NM0000000000000000000010'
 WHERE id = '20080423NM000000000000000000000100000000000000000000000000000139';

UPDATE md_attribute
   SET id = '20080423NM000000000000000000000120101231NM0000000000000000000010'
 WHERE id = '20080423NM000000000000000000000100000000000000000000000000000139';

UPDATE metadata
   SET id = '20080423NM000000000000000000000120101231NM0000000000000000000010',
       type = 'com.runwaysdk.system.metadata.MdAttributeClob'
 WHERE id = '20080423NM000000000000000000000100000000000000000000000000000139';


--Parent Relationships
UPDATE type_method
   SET parent_id = '20080423NM000000000000000000000120101231NM0000000000000000000010'
 WHERE parent_id = '20080423NM000000000000000000000100000000000000000000000000000139';

UPDATE problem_inheritance
   SET parent_id = '20080423NM000000000000000000000120101231NM0000000000000000000010'
 WHERE parent_id = '20080423NM000000000000000000000100000000000000000000000000000139';

UPDATE dimension_def_struct_attr
   SET parent_id = '20080423NM000000000000000000000120101231NM0000000000000000000010'
 WHERE parent_id = '20080423NM000000000000000000000100000000000000000000000000000139';

UPDATE dimension_has_attribute
   SET parent_id = '20080423NM000000000000000000000120101231NM0000000000000000000010'
 WHERE parent_id = '20080423NM000000000000000000000100000000000000000000000000000139';

UPDATE dimension_has_class
   SET parent_id = '20080423NM000000000000000000000120101231NM0000000000000000000010'
 WHERE parent_id = '20080423NM000000000000000000000100000000000000000000000000000139';

UPDATE view_inheritance
   SET parent_id = '20080423NM000000000000000000000120101231NM0000000000000000000010'
 WHERE parent_id = '20080423NM000000000000000000000100000000000000000000000000000139';

UPDATE business_inheritance
   SET parent_id = '20080423NM000000000000000000000120101231NM0000000000000000000010'
 WHERE parent_id = '20080423NM000000000000000000000100000000000000000000000000000139';

UPDATE md_method_method_actor
   SET parent_id = '20080423NM000000000000000000000120101231NM0000000000000000000010'
 WHERE parent_id = '20080423NM000000000000000000000100000000000000000000000000000139';

UPDATE index_attribute
   SET parent_id = '20080423NM000000000000000000000120101231NM0000000000000000000010'
 WHERE parent_id = '20080423NM000000000000000000000100000000000000000000000000000139';

UPDATE class_attribute
   SET parent_id = '20080423NM000000000000000000000120101231NM0000000000000000000010'
 WHERE parent_id = '20080423NM000000000000000000000100000000000000000000000000000139';

UPDATE warning_inheritance
   SET parent_id = '20080423NM000000000000000000000120101231NM0000000000000000000010'
 WHERE parent_id = '20080423NM000000000000000000000100000000000000000000000000000139';

UPDATE entity_index
   SET parent_id = '20080423NM000000000000000000000120101231NM0000000000000000000010'
 WHERE parent_id = '20080423NM000000000000000000000100000000000000000000000000000139';

UPDATE enumeration_attribute_item
   SET parent_id = '20080423NM000000000000000000000120101231NM0000000000000000000010'
 WHERE parent_id = '20080423NM000000000000000000000100000000000000000000000000000139';

UPDATE relationship_inheritance
   SET parent_id = '20080423NM000000000000000000000120101231NM0000000000000000000010'
 WHERE parent_id = '20080423NM000000000000000000000100000000000000000000000000000139';

UPDATE information_inheritance
   SET parent_id = '20080423NM000000000000000000000120101231NM0000000000000000000010'
 WHERE parent_id = '20080423NM000000000000000000000100000000000000000000000000000139';

UPDATE class_attribute_virtual
   SET parent_id = '20080423NM000000000000000000000120101231NM0000000000000000000010'
 WHERE parent_id = '20080423NM000000000000000000000100000000000000000000000000000139';

UPDATE exception_inheritance
   SET parent_id = '20080423NM000000000000000000000120101231NM0000000000000000000010'
 WHERE parent_id = '20080423NM000000000000000000000100000000000000000000000000000139';

UPDATE enumeration_attribute
   SET parent_id = '20080423NM000000000000000000000120101231NM0000000000000000000010'
 WHERE parent_id = '20080423NM000000000000000000000100000000000000000000000000000139';

UPDATE util_inheritance
   SET parent_id = '20080423NM000000000000000000000120101231NM0000000000000000000010'
 WHERE parent_id = '20080423NM000000000000000000000100000000000000000000000000000139';

UPDATE class_inheritance
   SET parent_id = '20080423NM000000000000000000000120101231NM0000000000000000000010'
 WHERE parent_id = '20080423NM000000000000000000000100000000000000000000000000000139';

UPDATE attribute_has_dimension
   SET parent_id = '20080423NM000000000000000000000120101231NM0000000000000000000010'
 WHERE parent_id = '20080423NM000000000000000000000100000000000000000000000000000139';

UPDATE virtualize_attribute
   SET parent_id = '20080423NM000000000000000000000120101231NM0000000000000000000010'
 WHERE parent_id = '20080423NM000000000000000000000100000000000000000000000000000139';

UPDATE class_has_dimension
   SET parent_id = '20080423NM000000000000000000000120101231NM0000000000000000000010'
 WHERE parent_id = '20080423NM000000000000000000000100000000000000000000000000000139';

UPDATE class_attribute_concrete
   SET parent_id = '20080423NM000000000000000000000120101231NM0000000000000000000010'
 WHERE parent_id = '20080423NM000000000000000000000100000000000000000000000000000139';

UPDATE metadata_parameter
   SET parent_id = '20080423NM000000000000000000000120101231NM0000000000000000000010'
 WHERE parent_id = '20080423NM000000000000000000000100000000000000000000000000000139';

UPDATE metadata_relationship
   SET parent_id = '20080423NM000000000000000000000120101231NM0000000000000000000010'
 WHERE parent_id = '20080423NM000000000000000000000100000000000000000000000000000139';


--Child Relationships
UPDATE dimension_def_struct_attr
   SET child_id = '20080423NM000000000000000000000120101231NM0000000000000000000010'
 WHERE child_id = '20080423NM000000000000000000000100000000000000000000000000000139';

UPDATE index_attribute
   SET child_id = '20080423NM000000000000000000000120101231NM0000000000000000000010'
 WHERE child_id = '20080423NM000000000000000000000100000000000000000000000000000139';

UPDATE class_attribute
   SET child_id = '20080423NM000000000000000000000120101231NM0000000000000000000010'
 WHERE child_id = '20080423NM000000000000000000000100000000000000000000000000000139';

UPDATE type_permissions
   SET child_id = '20080423NM000000000000000000000120101231NM0000000000000000000010'
 WHERE child_id = '20080423NM000000000000000000000100000000000000000000000000000139';

UPDATE class_attribute_virtual
   SET child_id = '20080423NM000000000000000000000120101231NM0000000000000000000010'
 WHERE child_id = '20080423NM000000000000000000000100000000000000000000000000000139';

UPDATE class_attribute_concrete
   SET child_id = '20080423NM000000000000000000000120101231NM0000000000000000000010'
 WHERE child_id = '20080423NM000000000000000000000100000000000000000000000000000139';

UPDATE metadata_relationship
   SET child_id = '20080423NM000000000000000000000120101231NM0000000000000000000010'
 WHERE child_id = '20080423NM000000000000000000000100000000000000000000000000000139';


-- Reference Attributes
UPDATE md_relationship
   SET sort_md_attribute = '20080423NM000000000000000000000120101231NM0000000000000000000010'
 WHERE sort_md_attribute = '20080423NM000000000000000000000100000000000000000000000000000139';

UPDATE object_tuple
   SET md_attribute_concrete = '20080423NM000000000000000000000120101231NM0000000000000000000010'
 WHERE md_attribute_concrete = '20080423NM000000000000000000000100000000000000000000000000000139';

UPDATE type_tuple
   SET metadata = '20080423NM000000000000000000000120101231NM0000000000000000000010'
 WHERE metadata = '20080423NM000000000000000000000100000000000000000000000000000139';

UPDATE md_parameter
   SET metadata = '20080423NM000000000000000000000120101231NM0000000000000000000010'
 WHERE metadata = '20080423NM000000000000000000000100000000000000000000000000000139';

UPDATE md_attribute_virtual
   SET md_attribute_concrete = '20080423NM000000000000000000000120101231NM0000000000000000000010'
 WHERE md_attribute_concrete = '20080423NM000000000000000000000100000000000000000000000000000139';

UPDATE md_attribute_dimension
   SET defining_md_attribute = '20080423NM000000000000000000000120101231NM0000000000000000000010'
 WHERE defining_md_attribute = '20080423NM000000000000000000000100000000000000000000000000000139';

-- Updating item_ids in MdEnumeration tables.
-- Update the ids and the type fields in the object tables
UPDATE md_attribute_clob
   SET id = '20080326NM000000000000000000000220101231NM0000000000000000000010'
 WHERE id = '20080326NM000000000000000000000200000000000000000000000000000139';

UPDATE md_attribute_char
   SET id = '20080326NM000000000000000000000220101231NM0000000000000000000010'
 WHERE id = '20080326NM000000000000000000000200000000000000000000000000000139';

UPDATE md_attribute_primitive
   SET id = '20080326NM000000000000000000000220101231NM0000000000000000000010'
 WHERE id = '20080326NM000000000000000000000200000000000000000000000000000139';

UPDATE md_attribute_concrete
   SET id = '20080326NM000000000000000000000220101231NM0000000000000000000010'
 WHERE id = '20080326NM000000000000000000000200000000000000000000000000000139';

UPDATE md_attribute
   SET id = '20080326NM000000000000000000000220101231NM0000000000000000000010'
 WHERE id = '20080326NM000000000000000000000200000000000000000000000000000139';

UPDATE metadata
   SET id = '20080326NM000000000000000000000220101231NM0000000000000000000010',
       type = 'com.runwaysdk.system.metadata.MdAttributeClob'
 WHERE id = '20080326NM000000000000000000000200000000000000000000000000000139';


--Parent Relationships
UPDATE type_method
   SET parent_id = '20080326NM000000000000000000000220101231NM0000000000000000000010'
 WHERE parent_id = '20080326NM000000000000000000000200000000000000000000000000000139';

UPDATE problem_inheritance
   SET parent_id = '20080326NM000000000000000000000220101231NM0000000000000000000010'
 WHERE parent_id = '20080326NM000000000000000000000200000000000000000000000000000139';

UPDATE dimension_def_struct_attr
   SET parent_id = '20080326NM000000000000000000000220101231NM0000000000000000000010'
 WHERE parent_id = '20080326NM000000000000000000000200000000000000000000000000000139';

UPDATE dimension_has_attribute
   SET parent_id = '20080326NM000000000000000000000220101231NM0000000000000000000010'
 WHERE parent_id = '20080326NM000000000000000000000200000000000000000000000000000139';

UPDATE dimension_has_class
   SET parent_id = '20080326NM000000000000000000000220101231NM0000000000000000000010'
 WHERE parent_id = '20080326NM000000000000000000000200000000000000000000000000000139';

UPDATE view_inheritance
   SET parent_id = '20080326NM000000000000000000000220101231NM0000000000000000000010'
 WHERE parent_id = '20080326NM000000000000000000000200000000000000000000000000000139';

UPDATE business_inheritance
   SET parent_id = '20080326NM000000000000000000000220101231NM0000000000000000000010'
 WHERE parent_id = '20080326NM000000000000000000000200000000000000000000000000000139';

UPDATE md_method_method_actor
   SET parent_id = '20080326NM000000000000000000000220101231NM0000000000000000000010'
 WHERE parent_id = '20080326NM000000000000000000000200000000000000000000000000000139';

UPDATE index_attribute
   SET parent_id = '20080326NM000000000000000000000220101231NM0000000000000000000010'
 WHERE parent_id = '20080326NM000000000000000000000200000000000000000000000000000139';

UPDATE class_attribute
   SET parent_id = '20080326NM000000000000000000000220101231NM0000000000000000000010'
 WHERE parent_id = '20080326NM000000000000000000000200000000000000000000000000000139';

UPDATE warning_inheritance
   SET parent_id = '20080326NM000000000000000000000220101231NM0000000000000000000010'
 WHERE parent_id = '20080326NM000000000000000000000200000000000000000000000000000139';

UPDATE entity_index
   SET parent_id = '20080326NM000000000000000000000220101231NM0000000000000000000010'
 WHERE parent_id = '20080326NM000000000000000000000200000000000000000000000000000139';

UPDATE enumeration_attribute_item
   SET parent_id = '20080326NM000000000000000000000220101231NM0000000000000000000010'
 WHERE parent_id = '20080326NM000000000000000000000200000000000000000000000000000139';

UPDATE relationship_inheritance
   SET parent_id = '20080326NM000000000000000000000220101231NM0000000000000000000010'
 WHERE parent_id = '20080326NM000000000000000000000200000000000000000000000000000139';

UPDATE information_inheritance
   SET parent_id = '20080326NM000000000000000000000220101231NM0000000000000000000010'
 WHERE parent_id = '20080326NM000000000000000000000200000000000000000000000000000139';

UPDATE class_attribute_virtual
   SET parent_id = '20080326NM000000000000000000000220101231NM0000000000000000000010'
 WHERE parent_id = '20080326NM000000000000000000000200000000000000000000000000000139';

UPDATE exception_inheritance
   SET parent_id = '20080326NM000000000000000000000220101231NM0000000000000000000010'
 WHERE parent_id = '20080326NM000000000000000000000200000000000000000000000000000139';

UPDATE enumeration_attribute
   SET parent_id = '20080326NM000000000000000000000220101231NM0000000000000000000010'
 WHERE parent_id = '20080326NM000000000000000000000200000000000000000000000000000139';

UPDATE util_inheritance
   SET parent_id = '20080326NM000000000000000000000220101231NM0000000000000000000010'
 WHERE parent_id = '20080326NM000000000000000000000200000000000000000000000000000139';

UPDATE class_inheritance
   SET parent_id = '20080326NM000000000000000000000220101231NM0000000000000000000010'
 WHERE parent_id = '20080326NM000000000000000000000200000000000000000000000000000139';

UPDATE attribute_has_dimension
   SET parent_id = '20080326NM000000000000000000000220101231NM0000000000000000000010'
 WHERE parent_id = '20080326NM000000000000000000000200000000000000000000000000000139';

UPDATE virtualize_attribute
   SET parent_id = '20080326NM000000000000000000000220101231NM0000000000000000000010'
 WHERE parent_id = '20080326NM000000000000000000000200000000000000000000000000000139';

UPDATE class_has_dimension
   SET parent_id = '20080326NM000000000000000000000220101231NM0000000000000000000010'
 WHERE parent_id = '20080326NM000000000000000000000200000000000000000000000000000139';

UPDATE class_attribute_concrete
   SET parent_id = '20080326NM000000000000000000000220101231NM0000000000000000000010'
 WHERE parent_id = '20080326NM000000000000000000000200000000000000000000000000000139';

UPDATE metadata_parameter
   SET parent_id = '20080326NM000000000000000000000220101231NM0000000000000000000010'
 WHERE parent_id = '20080326NM000000000000000000000200000000000000000000000000000139';

UPDATE metadata_relationship
   SET parent_id = '20080326NM000000000000000000000220101231NM0000000000000000000010'
 WHERE parent_id = '20080326NM000000000000000000000200000000000000000000000000000139';


--Child Relationships
UPDATE dimension_def_struct_attr
   SET child_id = '20080326NM000000000000000000000220101231NM0000000000000000000010'
 WHERE child_id = '20080326NM000000000000000000000200000000000000000000000000000139';

UPDATE index_attribute
   SET child_id = '20080326NM000000000000000000000220101231NM0000000000000000000010'
 WHERE child_id = '20080326NM000000000000000000000200000000000000000000000000000139';

UPDATE class_attribute
   SET child_id = '20080326NM000000000000000000000220101231NM0000000000000000000010'
 WHERE child_id = '20080326NM000000000000000000000200000000000000000000000000000139';

UPDATE type_permissions
   SET child_id = '20080326NM000000000000000000000220101231NM0000000000000000000010'
 WHERE child_id = '20080326NM000000000000000000000200000000000000000000000000000139';

UPDATE class_attribute_virtual
   SET child_id = '20080326NM000000000000000000000220101231NM0000000000000000000010'
 WHERE child_id = '20080326NM000000000000000000000200000000000000000000000000000139';

UPDATE class_attribute_concrete
   SET child_id = '20080326NM000000000000000000000220101231NM0000000000000000000010'
 WHERE child_id = '20080326NM000000000000000000000200000000000000000000000000000139';

UPDATE metadata_relationship
   SET child_id = '20080326NM000000000000000000000220101231NM0000000000000000000010'
 WHERE child_id = '20080326NM000000000000000000000200000000000000000000000000000139';


-- Reference Attributes
UPDATE md_relationship
   SET sort_md_attribute = '20080326NM000000000000000000000220101231NM0000000000000000000010'
 WHERE sort_md_attribute = '20080326NM000000000000000000000200000000000000000000000000000139';

UPDATE object_tuple
   SET md_attribute_concrete = '20080326NM000000000000000000000220101231NM0000000000000000000010'
 WHERE md_attribute_concrete = '20080326NM000000000000000000000200000000000000000000000000000139';

UPDATE type_tuple
   SET metadata = '20080326NM000000000000000000000220101231NM0000000000000000000010'
 WHERE metadata = '20080326NM000000000000000000000200000000000000000000000000000139';

UPDATE md_parameter
   SET metadata = '20080326NM000000000000000000000220101231NM0000000000000000000010'
 WHERE metadata = '20080326NM000000000000000000000200000000000000000000000000000139';

UPDATE md_attribute_virtual
   SET md_attribute_concrete = '20080326NM000000000000000000000220101231NM0000000000000000000010'
 WHERE md_attribute_concrete = '20080326NM000000000000000000000200000000000000000000000000000139';

UPDATE md_attribute_dimension
   SET defining_md_attribute = '20080326NM000000000000000000000220101231NM0000000000000000000010'
 WHERE defining_md_attribute = '20080326NM000000000000000000000200000000000000000000000000000139';

-- Updating item_ids in MdEnumeration tables.
-- Update the ids and the type fields in the object tables
UPDATE md_attribute_clob
   SET id = 'NM20081011000000000000000000007520101231NM0000000000000000000010'
 WHERE id = 'NM20081011000000000000000000007500000000000000000000000000000139';

UPDATE md_attribute_char
   SET id = 'NM20081011000000000000000000007520101231NM0000000000000000000010'
 WHERE id = 'NM20081011000000000000000000007500000000000000000000000000000139';

UPDATE md_attribute_primitive
   SET id = 'NM20081011000000000000000000007520101231NM0000000000000000000010'
 WHERE id = 'NM20081011000000000000000000007500000000000000000000000000000139';

UPDATE md_attribute_concrete
   SET id = 'NM20081011000000000000000000007520101231NM0000000000000000000010'
 WHERE id = 'NM20081011000000000000000000007500000000000000000000000000000139';

UPDATE md_attribute
   SET id = 'NM20081011000000000000000000007520101231NM0000000000000000000010'
 WHERE id = 'NM20081011000000000000000000007500000000000000000000000000000139';

UPDATE metadata
   SET id = 'NM20081011000000000000000000007520101231NM0000000000000000000010',
       type = 'com.runwaysdk.system.metadata.MdAttributeClob'
 WHERE id = 'NM20081011000000000000000000007500000000000000000000000000000139';


--Parent Relationships
UPDATE type_method
   SET parent_id = 'NM20081011000000000000000000007520101231NM0000000000000000000010'
 WHERE parent_id = 'NM20081011000000000000000000007500000000000000000000000000000139';

UPDATE problem_inheritance
   SET parent_id = 'NM20081011000000000000000000007520101231NM0000000000000000000010'
 WHERE parent_id = 'NM20081011000000000000000000007500000000000000000000000000000139';

UPDATE dimension_def_struct_attr
   SET parent_id = 'NM20081011000000000000000000007520101231NM0000000000000000000010'
 WHERE parent_id = 'NM20081011000000000000000000007500000000000000000000000000000139';

UPDATE dimension_has_attribute
   SET parent_id = 'NM20081011000000000000000000007520101231NM0000000000000000000010'
 WHERE parent_id = 'NM20081011000000000000000000007500000000000000000000000000000139';

UPDATE dimension_has_class
   SET parent_id = 'NM20081011000000000000000000007520101231NM0000000000000000000010'
 WHERE parent_id = 'NM20081011000000000000000000007500000000000000000000000000000139';

UPDATE view_inheritance
   SET parent_id = 'NM20081011000000000000000000007520101231NM0000000000000000000010'
 WHERE parent_id = 'NM20081011000000000000000000007500000000000000000000000000000139';

UPDATE business_inheritance
   SET parent_id = 'NM20081011000000000000000000007520101231NM0000000000000000000010'
 WHERE parent_id = 'NM20081011000000000000000000007500000000000000000000000000000139';

UPDATE md_method_method_actor
   SET parent_id = 'NM20081011000000000000000000007520101231NM0000000000000000000010'
 WHERE parent_id = 'NM20081011000000000000000000007500000000000000000000000000000139';

UPDATE index_attribute
   SET parent_id = 'NM20081011000000000000000000007520101231NM0000000000000000000010'
 WHERE parent_id = 'NM20081011000000000000000000007500000000000000000000000000000139';

UPDATE class_attribute
   SET parent_id = 'NM20081011000000000000000000007520101231NM0000000000000000000010'
 WHERE parent_id = 'NM20081011000000000000000000007500000000000000000000000000000139';

UPDATE warning_inheritance
   SET parent_id = 'NM20081011000000000000000000007520101231NM0000000000000000000010'
 WHERE parent_id = 'NM20081011000000000000000000007500000000000000000000000000000139';

UPDATE entity_index
   SET parent_id = 'NM20081011000000000000000000007520101231NM0000000000000000000010'
 WHERE parent_id = 'NM20081011000000000000000000007500000000000000000000000000000139';

UPDATE enumeration_attribute_item
   SET parent_id = 'NM20081011000000000000000000007520101231NM0000000000000000000010'
 WHERE parent_id = 'NM20081011000000000000000000007500000000000000000000000000000139';

UPDATE relationship_inheritance
   SET parent_id = 'NM20081011000000000000000000007520101231NM0000000000000000000010'
 WHERE parent_id = 'NM20081011000000000000000000007500000000000000000000000000000139';

UPDATE information_inheritance
   SET parent_id = 'NM20081011000000000000000000007520101231NM0000000000000000000010'
 WHERE parent_id = 'NM20081011000000000000000000007500000000000000000000000000000139';

UPDATE class_attribute_virtual
   SET parent_id = 'NM20081011000000000000000000007520101231NM0000000000000000000010'
 WHERE parent_id = 'NM20081011000000000000000000007500000000000000000000000000000139';

UPDATE exception_inheritance
   SET parent_id = 'NM20081011000000000000000000007520101231NM0000000000000000000010'
 WHERE parent_id = 'NM20081011000000000000000000007500000000000000000000000000000139';

UPDATE enumeration_attribute
   SET parent_id = 'NM20081011000000000000000000007520101231NM0000000000000000000010'
 WHERE parent_id = 'NM20081011000000000000000000007500000000000000000000000000000139';

UPDATE util_inheritance
   SET parent_id = 'NM20081011000000000000000000007520101231NM0000000000000000000010'
 WHERE parent_id = 'NM20081011000000000000000000007500000000000000000000000000000139';

UPDATE class_inheritance
   SET parent_id = 'NM20081011000000000000000000007520101231NM0000000000000000000010'
 WHERE parent_id = 'NM20081011000000000000000000007500000000000000000000000000000139';

UPDATE attribute_has_dimension
   SET parent_id = 'NM20081011000000000000000000007520101231NM0000000000000000000010'
 WHERE parent_id = 'NM20081011000000000000000000007500000000000000000000000000000139';

UPDATE virtualize_attribute
   SET parent_id = 'NM20081011000000000000000000007520101231NM0000000000000000000010'
 WHERE parent_id = 'NM20081011000000000000000000007500000000000000000000000000000139';

UPDATE class_has_dimension
   SET parent_id = 'NM20081011000000000000000000007520101231NM0000000000000000000010'
 WHERE parent_id = 'NM20081011000000000000000000007500000000000000000000000000000139';

UPDATE class_attribute_concrete
   SET parent_id = 'NM20081011000000000000000000007520101231NM0000000000000000000010'
 WHERE parent_id = 'NM20081011000000000000000000007500000000000000000000000000000139';

UPDATE metadata_parameter
   SET parent_id = 'NM20081011000000000000000000007520101231NM0000000000000000000010'
 WHERE parent_id = 'NM20081011000000000000000000007500000000000000000000000000000139';

UPDATE metadata_relationship
   SET parent_id = 'NM20081011000000000000000000007520101231NM0000000000000000000010'
 WHERE parent_id = 'NM20081011000000000000000000007500000000000000000000000000000139';


--Child Relationships
UPDATE dimension_def_struct_attr
   SET child_id = 'NM20081011000000000000000000007520101231NM0000000000000000000010'
 WHERE child_id = 'NM20081011000000000000000000007500000000000000000000000000000139';

UPDATE index_attribute
   SET child_id = 'NM20081011000000000000000000007520101231NM0000000000000000000010'
 WHERE child_id = 'NM20081011000000000000000000007500000000000000000000000000000139';

UPDATE class_attribute
   SET child_id = 'NM20081011000000000000000000007520101231NM0000000000000000000010'
 WHERE child_id = 'NM20081011000000000000000000007500000000000000000000000000000139';

UPDATE type_permissions
   SET child_id = 'NM20081011000000000000000000007520101231NM0000000000000000000010'
 WHERE child_id = 'NM20081011000000000000000000007500000000000000000000000000000139';

UPDATE class_attribute_virtual
   SET child_id = 'NM20081011000000000000000000007520101231NM0000000000000000000010'
 WHERE child_id = 'NM20081011000000000000000000007500000000000000000000000000000139';

UPDATE class_attribute_concrete
   SET child_id = 'NM20081011000000000000000000007520101231NM0000000000000000000010'
 WHERE child_id = 'NM20081011000000000000000000007500000000000000000000000000000139';

UPDATE metadata_relationship
   SET child_id = 'NM20081011000000000000000000007520101231NM0000000000000000000010'
 WHERE child_id = 'NM20081011000000000000000000007500000000000000000000000000000139';


-- Reference Attributes
UPDATE md_relationship
   SET sort_md_attribute = 'NM20081011000000000000000000007520101231NM0000000000000000000010'
 WHERE sort_md_attribute = 'NM20081011000000000000000000007500000000000000000000000000000139';

UPDATE object_tuple
   SET md_attribute_concrete = 'NM20081011000000000000000000007520101231NM0000000000000000000010'
 WHERE md_attribute_concrete = 'NM20081011000000000000000000007500000000000000000000000000000139';

UPDATE type_tuple
   SET metadata = 'NM20081011000000000000000000007520101231NM0000000000000000000010'
 WHERE metadata = 'NM20081011000000000000000000007500000000000000000000000000000139';

UPDATE md_parameter
   SET metadata = 'NM20081011000000000000000000007520101231NM0000000000000000000010'
 WHERE metadata = 'NM20081011000000000000000000007500000000000000000000000000000139';

UPDATE md_attribute_virtual
   SET md_attribute_concrete = 'NM20081011000000000000000000007520101231NM0000000000000000000010'
 WHERE md_attribute_concrete = 'NM20081011000000000000000000007500000000000000000000000000000139';

UPDATE md_attribute_dimension
   SET defining_md_attribute = 'NM20081011000000000000000000007520101231NM0000000000000000000010'
 WHERE defining_md_attribute = 'NM20081011000000000000000000007500000000000000000000000000000139';

-- Updating item_ids in MdEnumeration tables.
-- Update the ids and the type fields in the object tables
UPDATE md_attribute_clob
   SET id = '0d3j6jnotv7bcwuv83j1w7o4tltte71z20101231NM0000000000000000000010'
 WHERE id = '0d3j6jnotv7bcwuv83j1w7o4tltte71z00000000000000000000000000000139';

UPDATE md_attribute_char
   SET id = '0d3j6jnotv7bcwuv83j1w7o4tltte71z20101231NM0000000000000000000010'
 WHERE id = '0d3j6jnotv7bcwuv83j1w7o4tltte71z00000000000000000000000000000139';

UPDATE md_attribute_primitive
   SET id = '0d3j6jnotv7bcwuv83j1w7o4tltte71z20101231NM0000000000000000000010'
 WHERE id = '0d3j6jnotv7bcwuv83j1w7o4tltte71z00000000000000000000000000000139';

UPDATE md_attribute_concrete
   SET id = '0d3j6jnotv7bcwuv83j1w7o4tltte71z20101231NM0000000000000000000010'
 WHERE id = '0d3j6jnotv7bcwuv83j1w7o4tltte71z00000000000000000000000000000139';

UPDATE md_attribute
   SET id = '0d3j6jnotv7bcwuv83j1w7o4tltte71z20101231NM0000000000000000000010'
 WHERE id = '0d3j6jnotv7bcwuv83j1w7o4tltte71z00000000000000000000000000000139';

UPDATE metadata
   SET id = '0d3j6jnotv7bcwuv83j1w7o4tltte71z20101231NM0000000000000000000010',
       type = 'com.runwaysdk.system.metadata.MdAttributeClob'
 WHERE id = '0d3j6jnotv7bcwuv83j1w7o4tltte71z00000000000000000000000000000139';


--Parent Relationships
UPDATE type_method
   SET parent_id = '0d3j6jnotv7bcwuv83j1w7o4tltte71z20101231NM0000000000000000000010'
 WHERE parent_id = '0d3j6jnotv7bcwuv83j1w7o4tltte71z00000000000000000000000000000139';

UPDATE problem_inheritance
   SET parent_id = '0d3j6jnotv7bcwuv83j1w7o4tltte71z20101231NM0000000000000000000010'
 WHERE parent_id = '0d3j6jnotv7bcwuv83j1w7o4tltte71z00000000000000000000000000000139';

UPDATE dimension_def_struct_attr
   SET parent_id = '0d3j6jnotv7bcwuv83j1w7o4tltte71z20101231NM0000000000000000000010'
 WHERE parent_id = '0d3j6jnotv7bcwuv83j1w7o4tltte71z00000000000000000000000000000139';

UPDATE dimension_has_attribute
   SET parent_id = '0d3j6jnotv7bcwuv83j1w7o4tltte71z20101231NM0000000000000000000010'
 WHERE parent_id = '0d3j6jnotv7bcwuv83j1w7o4tltte71z00000000000000000000000000000139';

UPDATE dimension_has_class
   SET parent_id = '0d3j6jnotv7bcwuv83j1w7o4tltte71z20101231NM0000000000000000000010'
 WHERE parent_id = '0d3j6jnotv7bcwuv83j1w7o4tltte71z00000000000000000000000000000139';

UPDATE view_inheritance
   SET parent_id = '0d3j6jnotv7bcwuv83j1w7o4tltte71z20101231NM0000000000000000000010'
 WHERE parent_id = '0d3j6jnotv7bcwuv83j1w7o4tltte71z00000000000000000000000000000139';

UPDATE business_inheritance
   SET parent_id = '0d3j6jnotv7bcwuv83j1w7o4tltte71z20101231NM0000000000000000000010'
 WHERE parent_id = '0d3j6jnotv7bcwuv83j1w7o4tltte71z00000000000000000000000000000139';

UPDATE md_method_method_actor
   SET parent_id = '0d3j6jnotv7bcwuv83j1w7o4tltte71z20101231NM0000000000000000000010'
 WHERE parent_id = '0d3j6jnotv7bcwuv83j1w7o4tltte71z00000000000000000000000000000139';

UPDATE index_attribute
   SET parent_id = '0d3j6jnotv7bcwuv83j1w7o4tltte71z20101231NM0000000000000000000010'
 WHERE parent_id = '0d3j6jnotv7bcwuv83j1w7o4tltte71z00000000000000000000000000000139';

UPDATE class_attribute
   SET parent_id = '0d3j6jnotv7bcwuv83j1w7o4tltte71z20101231NM0000000000000000000010'
 WHERE parent_id = '0d3j6jnotv7bcwuv83j1w7o4tltte71z00000000000000000000000000000139';

UPDATE warning_inheritance
   SET parent_id = '0d3j6jnotv7bcwuv83j1w7o4tltte71z20101231NM0000000000000000000010'
 WHERE parent_id = '0d3j6jnotv7bcwuv83j1w7o4tltte71z00000000000000000000000000000139';

UPDATE entity_index
   SET parent_id = '0d3j6jnotv7bcwuv83j1w7o4tltte71z20101231NM0000000000000000000010'
 WHERE parent_id = '0d3j6jnotv7bcwuv83j1w7o4tltte71z00000000000000000000000000000139';

UPDATE enumeration_attribute_item
   SET parent_id = '0d3j6jnotv7bcwuv83j1w7o4tltte71z20101231NM0000000000000000000010'
 WHERE parent_id = '0d3j6jnotv7bcwuv83j1w7o4tltte71z00000000000000000000000000000139';

UPDATE relationship_inheritance
   SET parent_id = '0d3j6jnotv7bcwuv83j1w7o4tltte71z20101231NM0000000000000000000010'
 WHERE parent_id = '0d3j6jnotv7bcwuv83j1w7o4tltte71z00000000000000000000000000000139';

UPDATE information_inheritance
   SET parent_id = '0d3j6jnotv7bcwuv83j1w7o4tltte71z20101231NM0000000000000000000010'
 WHERE parent_id = '0d3j6jnotv7bcwuv83j1w7o4tltte71z00000000000000000000000000000139';

UPDATE class_attribute_virtual
   SET parent_id = '0d3j6jnotv7bcwuv83j1w7o4tltte71z20101231NM0000000000000000000010'
 WHERE parent_id = '0d3j6jnotv7bcwuv83j1w7o4tltte71z00000000000000000000000000000139';

UPDATE exception_inheritance
   SET parent_id = '0d3j6jnotv7bcwuv83j1w7o4tltte71z20101231NM0000000000000000000010'
 WHERE parent_id = '0d3j6jnotv7bcwuv83j1w7o4tltte71z00000000000000000000000000000139';

UPDATE enumeration_attribute
   SET parent_id = '0d3j6jnotv7bcwuv83j1w7o4tltte71z20101231NM0000000000000000000010'
 WHERE parent_id = '0d3j6jnotv7bcwuv83j1w7o4tltte71z00000000000000000000000000000139';

UPDATE util_inheritance
   SET parent_id = '0d3j6jnotv7bcwuv83j1w7o4tltte71z20101231NM0000000000000000000010'
 WHERE parent_id = '0d3j6jnotv7bcwuv83j1w7o4tltte71z00000000000000000000000000000139';

UPDATE class_inheritance
   SET parent_id = '0d3j6jnotv7bcwuv83j1w7o4tltte71z20101231NM0000000000000000000010'
 WHERE parent_id = '0d3j6jnotv7bcwuv83j1w7o4tltte71z00000000000000000000000000000139';

UPDATE attribute_has_dimension
   SET parent_id = '0d3j6jnotv7bcwuv83j1w7o4tltte71z20101231NM0000000000000000000010'
 WHERE parent_id = '0d3j6jnotv7bcwuv83j1w7o4tltte71z00000000000000000000000000000139';

UPDATE virtualize_attribute
   SET parent_id = '0d3j6jnotv7bcwuv83j1w7o4tltte71z20101231NM0000000000000000000010'
 WHERE parent_id = '0d3j6jnotv7bcwuv83j1w7o4tltte71z00000000000000000000000000000139';

UPDATE class_has_dimension
   SET parent_id = '0d3j6jnotv7bcwuv83j1w7o4tltte71z20101231NM0000000000000000000010'
 WHERE parent_id = '0d3j6jnotv7bcwuv83j1w7o4tltte71z00000000000000000000000000000139';

UPDATE class_attribute_concrete
   SET parent_id = '0d3j6jnotv7bcwuv83j1w7o4tltte71z20101231NM0000000000000000000010'
 WHERE parent_id = '0d3j6jnotv7bcwuv83j1w7o4tltte71z00000000000000000000000000000139';

UPDATE metadata_parameter
   SET parent_id = '0d3j6jnotv7bcwuv83j1w7o4tltte71z20101231NM0000000000000000000010'
 WHERE parent_id = '0d3j6jnotv7bcwuv83j1w7o4tltte71z00000000000000000000000000000139';

UPDATE metadata_relationship
   SET parent_id = '0d3j6jnotv7bcwuv83j1w7o4tltte71z20101231NM0000000000000000000010'
 WHERE parent_id = '0d3j6jnotv7bcwuv83j1w7o4tltte71z00000000000000000000000000000139';


--Child Relationships
UPDATE dimension_def_struct_attr
   SET child_id = '0d3j6jnotv7bcwuv83j1w7o4tltte71z20101231NM0000000000000000000010'
 WHERE child_id = '0d3j6jnotv7bcwuv83j1w7o4tltte71z00000000000000000000000000000139';

UPDATE index_attribute
   SET child_id = '0d3j6jnotv7bcwuv83j1w7o4tltte71z20101231NM0000000000000000000010'
 WHERE child_id = '0d3j6jnotv7bcwuv83j1w7o4tltte71z00000000000000000000000000000139';

UPDATE class_attribute
   SET child_id = '0d3j6jnotv7bcwuv83j1w7o4tltte71z20101231NM0000000000000000000010'
 WHERE child_id = '0d3j6jnotv7bcwuv83j1w7o4tltte71z00000000000000000000000000000139';

UPDATE type_permissions
   SET child_id = '0d3j6jnotv7bcwuv83j1w7o4tltte71z20101231NM0000000000000000000010'
 WHERE child_id = '0d3j6jnotv7bcwuv83j1w7o4tltte71z00000000000000000000000000000139';

UPDATE class_attribute_virtual
   SET child_id = '0d3j6jnotv7bcwuv83j1w7o4tltte71z20101231NM0000000000000000000010'
 WHERE child_id = '0d3j6jnotv7bcwuv83j1w7o4tltte71z00000000000000000000000000000139';

UPDATE class_attribute_concrete
   SET child_id = '0d3j6jnotv7bcwuv83j1w7o4tltte71z20101231NM0000000000000000000010'
 WHERE child_id = '0d3j6jnotv7bcwuv83j1w7o4tltte71z00000000000000000000000000000139';

UPDATE metadata_relationship
   SET child_id = '0d3j6jnotv7bcwuv83j1w7o4tltte71z20101231NM0000000000000000000010'
 WHERE child_id = '0d3j6jnotv7bcwuv83j1w7o4tltte71z00000000000000000000000000000139';


-- Reference Attributes
UPDATE md_relationship
   SET sort_md_attribute = '0d3j6jnotv7bcwuv83j1w7o4tltte71z20101231NM0000000000000000000010'
 WHERE sort_md_attribute = '0d3j6jnotv7bcwuv83j1w7o4tltte71z00000000000000000000000000000139';

UPDATE object_tuple
   SET md_attribute_concrete = '0d3j6jnotv7bcwuv83j1w7o4tltte71z20101231NM0000000000000000000010'
 WHERE md_attribute_concrete = '0d3j6jnotv7bcwuv83j1w7o4tltte71z00000000000000000000000000000139';

UPDATE type_tuple
   SET metadata = '0d3j6jnotv7bcwuv83j1w7o4tltte71z20101231NM0000000000000000000010'
 WHERE metadata = '0d3j6jnotv7bcwuv83j1w7o4tltte71z00000000000000000000000000000139';

UPDATE md_parameter
   SET metadata = '0d3j6jnotv7bcwuv83j1w7o4tltte71z20101231NM0000000000000000000010'
 WHERE metadata = '0d3j6jnotv7bcwuv83j1w7o4tltte71z00000000000000000000000000000139';

UPDATE md_attribute_virtual
   SET md_attribute_concrete = '0d3j6jnotv7bcwuv83j1w7o4tltte71z20101231NM0000000000000000000010'
 WHERE md_attribute_concrete = '0d3j6jnotv7bcwuv83j1w7o4tltte71z00000000000000000000000000000139';

UPDATE md_attribute_dimension
   SET defining_md_attribute = '0d3j6jnotv7bcwuv83j1w7o4tltte71z20101231NM0000000000000000000010'
 WHERE defining_md_attribute = '0d3j6jnotv7bcwuv83j1w7o4tltte71z00000000000000000000000000000139';

-- Updating item_ids in MdEnumeration tables.
-- Update the ids and the type fields in the object tables
UPDATE md_attribute_clob
   SET id = 'sx1bsc4gxk1lrjkl544m7fak7sg2t1j820101231NM0000000000000000000010'
 WHERE id = 'sx1bsc4gxk1lrjkl544m7fak7sg2t1j800000000000000000000000000000139';

UPDATE md_attribute_char
   SET id = 'sx1bsc4gxk1lrjkl544m7fak7sg2t1j820101231NM0000000000000000000010'
 WHERE id = 'sx1bsc4gxk1lrjkl544m7fak7sg2t1j800000000000000000000000000000139';

UPDATE md_attribute_primitive
   SET id = 'sx1bsc4gxk1lrjkl544m7fak7sg2t1j820101231NM0000000000000000000010'
 WHERE id = 'sx1bsc4gxk1lrjkl544m7fak7sg2t1j800000000000000000000000000000139';

UPDATE md_attribute_concrete
   SET id = 'sx1bsc4gxk1lrjkl544m7fak7sg2t1j820101231NM0000000000000000000010'
 WHERE id = 'sx1bsc4gxk1lrjkl544m7fak7sg2t1j800000000000000000000000000000139';

UPDATE md_attribute
   SET id = 'sx1bsc4gxk1lrjkl544m7fak7sg2t1j820101231NM0000000000000000000010'
 WHERE id = 'sx1bsc4gxk1lrjkl544m7fak7sg2t1j800000000000000000000000000000139';

UPDATE metadata
   SET id = 'sx1bsc4gxk1lrjkl544m7fak7sg2t1j820101231NM0000000000000000000010',
       type = 'com.runwaysdk.system.metadata.MdAttributeClob'
 WHERE id = 'sx1bsc4gxk1lrjkl544m7fak7sg2t1j800000000000000000000000000000139';


--Parent Relationships
UPDATE type_method
   SET parent_id = 'sx1bsc4gxk1lrjkl544m7fak7sg2t1j820101231NM0000000000000000000010'
 WHERE parent_id = 'sx1bsc4gxk1lrjkl544m7fak7sg2t1j800000000000000000000000000000139';

UPDATE problem_inheritance
   SET parent_id = 'sx1bsc4gxk1lrjkl544m7fak7sg2t1j820101231NM0000000000000000000010'
 WHERE parent_id = 'sx1bsc4gxk1lrjkl544m7fak7sg2t1j800000000000000000000000000000139';

UPDATE dimension_def_struct_attr
   SET parent_id = 'sx1bsc4gxk1lrjkl544m7fak7sg2t1j820101231NM0000000000000000000010'
 WHERE parent_id = 'sx1bsc4gxk1lrjkl544m7fak7sg2t1j800000000000000000000000000000139';

UPDATE dimension_has_attribute
   SET parent_id = 'sx1bsc4gxk1lrjkl544m7fak7sg2t1j820101231NM0000000000000000000010'
 WHERE parent_id = 'sx1bsc4gxk1lrjkl544m7fak7sg2t1j800000000000000000000000000000139';

UPDATE dimension_has_class
   SET parent_id = 'sx1bsc4gxk1lrjkl544m7fak7sg2t1j820101231NM0000000000000000000010'
 WHERE parent_id = 'sx1bsc4gxk1lrjkl544m7fak7sg2t1j800000000000000000000000000000139';

UPDATE view_inheritance
   SET parent_id = 'sx1bsc4gxk1lrjkl544m7fak7sg2t1j820101231NM0000000000000000000010'
 WHERE parent_id = 'sx1bsc4gxk1lrjkl544m7fak7sg2t1j800000000000000000000000000000139';

UPDATE business_inheritance
   SET parent_id = 'sx1bsc4gxk1lrjkl544m7fak7sg2t1j820101231NM0000000000000000000010'
 WHERE parent_id = 'sx1bsc4gxk1lrjkl544m7fak7sg2t1j800000000000000000000000000000139';

UPDATE md_method_method_actor
   SET parent_id = 'sx1bsc4gxk1lrjkl544m7fak7sg2t1j820101231NM0000000000000000000010'
 WHERE parent_id = 'sx1bsc4gxk1lrjkl544m7fak7sg2t1j800000000000000000000000000000139';

UPDATE index_attribute
   SET parent_id = 'sx1bsc4gxk1lrjkl544m7fak7sg2t1j820101231NM0000000000000000000010'
 WHERE parent_id = 'sx1bsc4gxk1lrjkl544m7fak7sg2t1j800000000000000000000000000000139';

UPDATE class_attribute
   SET parent_id = 'sx1bsc4gxk1lrjkl544m7fak7sg2t1j820101231NM0000000000000000000010'
 WHERE parent_id = 'sx1bsc4gxk1lrjkl544m7fak7sg2t1j800000000000000000000000000000139';

UPDATE warning_inheritance
   SET parent_id = 'sx1bsc4gxk1lrjkl544m7fak7sg2t1j820101231NM0000000000000000000010'
 WHERE parent_id = 'sx1bsc4gxk1lrjkl544m7fak7sg2t1j800000000000000000000000000000139';

UPDATE entity_index
   SET parent_id = 'sx1bsc4gxk1lrjkl544m7fak7sg2t1j820101231NM0000000000000000000010'
 WHERE parent_id = 'sx1bsc4gxk1lrjkl544m7fak7sg2t1j800000000000000000000000000000139';

UPDATE enumeration_attribute_item
   SET parent_id = 'sx1bsc4gxk1lrjkl544m7fak7sg2t1j820101231NM0000000000000000000010'
 WHERE parent_id = 'sx1bsc4gxk1lrjkl544m7fak7sg2t1j800000000000000000000000000000139';

UPDATE relationship_inheritance
   SET parent_id = 'sx1bsc4gxk1lrjkl544m7fak7sg2t1j820101231NM0000000000000000000010'
 WHERE parent_id = 'sx1bsc4gxk1lrjkl544m7fak7sg2t1j800000000000000000000000000000139';

UPDATE information_inheritance
   SET parent_id = 'sx1bsc4gxk1lrjkl544m7fak7sg2t1j820101231NM0000000000000000000010'
 WHERE parent_id = 'sx1bsc4gxk1lrjkl544m7fak7sg2t1j800000000000000000000000000000139';

UPDATE class_attribute_virtual
   SET parent_id = 'sx1bsc4gxk1lrjkl544m7fak7sg2t1j820101231NM0000000000000000000010'
 WHERE parent_id = 'sx1bsc4gxk1lrjkl544m7fak7sg2t1j800000000000000000000000000000139';

UPDATE exception_inheritance
   SET parent_id = 'sx1bsc4gxk1lrjkl544m7fak7sg2t1j820101231NM0000000000000000000010'
 WHERE parent_id = 'sx1bsc4gxk1lrjkl544m7fak7sg2t1j800000000000000000000000000000139';

UPDATE enumeration_attribute
   SET parent_id = 'sx1bsc4gxk1lrjkl544m7fak7sg2t1j820101231NM0000000000000000000010'
 WHERE parent_id = 'sx1bsc4gxk1lrjkl544m7fak7sg2t1j800000000000000000000000000000139';

UPDATE util_inheritance
   SET parent_id = 'sx1bsc4gxk1lrjkl544m7fak7sg2t1j820101231NM0000000000000000000010'
 WHERE parent_id = 'sx1bsc4gxk1lrjkl544m7fak7sg2t1j800000000000000000000000000000139';

UPDATE class_inheritance
   SET parent_id = 'sx1bsc4gxk1lrjkl544m7fak7sg2t1j820101231NM0000000000000000000010'
 WHERE parent_id = 'sx1bsc4gxk1lrjkl544m7fak7sg2t1j800000000000000000000000000000139';

UPDATE attribute_has_dimension
   SET parent_id = 'sx1bsc4gxk1lrjkl544m7fak7sg2t1j820101231NM0000000000000000000010'
 WHERE parent_id = 'sx1bsc4gxk1lrjkl544m7fak7sg2t1j800000000000000000000000000000139';

UPDATE virtualize_attribute
   SET parent_id = 'sx1bsc4gxk1lrjkl544m7fak7sg2t1j820101231NM0000000000000000000010'
 WHERE parent_id = 'sx1bsc4gxk1lrjkl544m7fak7sg2t1j800000000000000000000000000000139';

UPDATE class_has_dimension
   SET parent_id = 'sx1bsc4gxk1lrjkl544m7fak7sg2t1j820101231NM0000000000000000000010'
 WHERE parent_id = 'sx1bsc4gxk1lrjkl544m7fak7sg2t1j800000000000000000000000000000139';

UPDATE class_attribute_concrete
   SET parent_id = 'sx1bsc4gxk1lrjkl544m7fak7sg2t1j820101231NM0000000000000000000010'
 WHERE parent_id = 'sx1bsc4gxk1lrjkl544m7fak7sg2t1j800000000000000000000000000000139';

UPDATE metadata_parameter
   SET parent_id = 'sx1bsc4gxk1lrjkl544m7fak7sg2t1j820101231NM0000000000000000000010'
 WHERE parent_id = 'sx1bsc4gxk1lrjkl544m7fak7sg2t1j800000000000000000000000000000139';

UPDATE metadata_relationship
   SET parent_id = 'sx1bsc4gxk1lrjkl544m7fak7sg2t1j820101231NM0000000000000000000010'
 WHERE parent_id = 'sx1bsc4gxk1lrjkl544m7fak7sg2t1j800000000000000000000000000000139';


--Child Relationships
UPDATE dimension_def_struct_attr
   SET child_id = 'sx1bsc4gxk1lrjkl544m7fak7sg2t1j820101231NM0000000000000000000010'
 WHERE child_id = 'sx1bsc4gxk1lrjkl544m7fak7sg2t1j800000000000000000000000000000139';

UPDATE index_attribute
   SET child_id = 'sx1bsc4gxk1lrjkl544m7fak7sg2t1j820101231NM0000000000000000000010'
 WHERE child_id = 'sx1bsc4gxk1lrjkl544m7fak7sg2t1j800000000000000000000000000000139';

UPDATE class_attribute
   SET child_id = 'sx1bsc4gxk1lrjkl544m7fak7sg2t1j820101231NM0000000000000000000010'
 WHERE child_id = 'sx1bsc4gxk1lrjkl544m7fak7sg2t1j800000000000000000000000000000139';

UPDATE type_permissions
   SET child_id = 'sx1bsc4gxk1lrjkl544m7fak7sg2t1j820101231NM0000000000000000000010'
 WHERE child_id = 'sx1bsc4gxk1lrjkl544m7fak7sg2t1j800000000000000000000000000000139';

UPDATE class_attribute_virtual
   SET child_id = 'sx1bsc4gxk1lrjkl544m7fak7sg2t1j820101231NM0000000000000000000010'
 WHERE child_id = 'sx1bsc4gxk1lrjkl544m7fak7sg2t1j800000000000000000000000000000139';

UPDATE class_attribute_concrete
   SET child_id = 'sx1bsc4gxk1lrjkl544m7fak7sg2t1j820101231NM0000000000000000000010'
 WHERE child_id = 'sx1bsc4gxk1lrjkl544m7fak7sg2t1j800000000000000000000000000000139';

UPDATE metadata_relationship
   SET child_id = 'sx1bsc4gxk1lrjkl544m7fak7sg2t1j820101231NM0000000000000000000010'
 WHERE child_id = 'sx1bsc4gxk1lrjkl544m7fak7sg2t1j800000000000000000000000000000139';


-- Reference Attributes
UPDATE md_relationship
   SET sort_md_attribute = 'sx1bsc4gxk1lrjkl544m7fak7sg2t1j820101231NM0000000000000000000010'
 WHERE sort_md_attribute = 'sx1bsc4gxk1lrjkl544m7fak7sg2t1j800000000000000000000000000000139';

UPDATE object_tuple
   SET md_attribute_concrete = 'sx1bsc4gxk1lrjkl544m7fak7sg2t1j820101231NM0000000000000000000010'
 WHERE md_attribute_concrete = 'sx1bsc4gxk1lrjkl544m7fak7sg2t1j800000000000000000000000000000139';

UPDATE type_tuple
   SET metadata = 'sx1bsc4gxk1lrjkl544m7fak7sg2t1j820101231NM0000000000000000000010'
 WHERE metadata = 'sx1bsc4gxk1lrjkl544m7fak7sg2t1j800000000000000000000000000000139';

UPDATE md_parameter
   SET metadata = 'sx1bsc4gxk1lrjkl544m7fak7sg2t1j820101231NM0000000000000000000010'
 WHERE metadata = 'sx1bsc4gxk1lrjkl544m7fak7sg2t1j800000000000000000000000000000139';

UPDATE md_attribute_virtual
   SET md_attribute_concrete = 'sx1bsc4gxk1lrjkl544m7fak7sg2t1j820101231NM0000000000000000000010'
 WHERE md_attribute_concrete = 'sx1bsc4gxk1lrjkl544m7fak7sg2t1j800000000000000000000000000000139';

UPDATE md_attribute_dimension
   SET defining_md_attribute = 'sx1bsc4gxk1lrjkl544m7fak7sg2t1j820101231NM0000000000000000000010'
 WHERE defining_md_attribute = 'sx1bsc4gxk1lrjkl544m7fak7sg2t1j800000000000000000000000000000139';

-- Updating item_ids in MdEnumeration tables.
-- Update the ids and the type fields in the object tables
UPDATE md_attribute_clob
   SET id = '6ozempoo35sdmp69nkuagmeb0kejpe5r20101231NM0000000000000000000010'
 WHERE id = '6ozempoo35sdmp69nkuagmeb0kejpe5r00000000000000000000000000000139';

UPDATE md_attribute_char
   SET id = '6ozempoo35sdmp69nkuagmeb0kejpe5r20101231NM0000000000000000000010'
 WHERE id = '6ozempoo35sdmp69nkuagmeb0kejpe5r00000000000000000000000000000139';

UPDATE md_attribute_primitive
   SET id = '6ozempoo35sdmp69nkuagmeb0kejpe5r20101231NM0000000000000000000010'
 WHERE id = '6ozempoo35sdmp69nkuagmeb0kejpe5r00000000000000000000000000000139';

UPDATE md_attribute_concrete
   SET id = '6ozempoo35sdmp69nkuagmeb0kejpe5r20101231NM0000000000000000000010'
 WHERE id = '6ozempoo35sdmp69nkuagmeb0kejpe5r00000000000000000000000000000139';

UPDATE md_attribute
   SET id = '6ozempoo35sdmp69nkuagmeb0kejpe5r20101231NM0000000000000000000010'
 WHERE id = '6ozempoo35sdmp69nkuagmeb0kejpe5r00000000000000000000000000000139';

UPDATE metadata
   SET id = '6ozempoo35sdmp69nkuagmeb0kejpe5r20101231NM0000000000000000000010',
       type = 'com.runwaysdk.system.metadata.MdAttributeClob'
 WHERE id = '6ozempoo35sdmp69nkuagmeb0kejpe5r00000000000000000000000000000139';


--Parent Relationships
UPDATE type_method
   SET parent_id = '6ozempoo35sdmp69nkuagmeb0kejpe5r20101231NM0000000000000000000010'
 WHERE parent_id = '6ozempoo35sdmp69nkuagmeb0kejpe5r00000000000000000000000000000139';

UPDATE problem_inheritance
   SET parent_id = '6ozempoo35sdmp69nkuagmeb0kejpe5r20101231NM0000000000000000000010'
 WHERE parent_id = '6ozempoo35sdmp69nkuagmeb0kejpe5r00000000000000000000000000000139';

UPDATE dimension_def_struct_attr
   SET parent_id = '6ozempoo35sdmp69nkuagmeb0kejpe5r20101231NM0000000000000000000010'
 WHERE parent_id = '6ozempoo35sdmp69nkuagmeb0kejpe5r00000000000000000000000000000139';

UPDATE dimension_has_attribute
   SET parent_id = '6ozempoo35sdmp69nkuagmeb0kejpe5r20101231NM0000000000000000000010'
 WHERE parent_id = '6ozempoo35sdmp69nkuagmeb0kejpe5r00000000000000000000000000000139';

UPDATE dimension_has_class
   SET parent_id = '6ozempoo35sdmp69nkuagmeb0kejpe5r20101231NM0000000000000000000010'
 WHERE parent_id = '6ozempoo35sdmp69nkuagmeb0kejpe5r00000000000000000000000000000139';

UPDATE view_inheritance
   SET parent_id = '6ozempoo35sdmp69nkuagmeb0kejpe5r20101231NM0000000000000000000010'
 WHERE parent_id = '6ozempoo35sdmp69nkuagmeb0kejpe5r00000000000000000000000000000139';

UPDATE business_inheritance
   SET parent_id = '6ozempoo35sdmp69nkuagmeb0kejpe5r20101231NM0000000000000000000010'
 WHERE parent_id = '6ozempoo35sdmp69nkuagmeb0kejpe5r00000000000000000000000000000139';

UPDATE md_method_method_actor
   SET parent_id = '6ozempoo35sdmp69nkuagmeb0kejpe5r20101231NM0000000000000000000010'
 WHERE parent_id = '6ozempoo35sdmp69nkuagmeb0kejpe5r00000000000000000000000000000139';

UPDATE index_attribute
   SET parent_id = '6ozempoo35sdmp69nkuagmeb0kejpe5r20101231NM0000000000000000000010'
 WHERE parent_id = '6ozempoo35sdmp69nkuagmeb0kejpe5r00000000000000000000000000000139';

UPDATE class_attribute
   SET parent_id = '6ozempoo35sdmp69nkuagmeb0kejpe5r20101231NM0000000000000000000010'
 WHERE parent_id = '6ozempoo35sdmp69nkuagmeb0kejpe5r00000000000000000000000000000139';

UPDATE warning_inheritance
   SET parent_id = '6ozempoo35sdmp69nkuagmeb0kejpe5r20101231NM0000000000000000000010'
 WHERE parent_id = '6ozempoo35sdmp69nkuagmeb0kejpe5r00000000000000000000000000000139';

UPDATE entity_index
   SET parent_id = '6ozempoo35sdmp69nkuagmeb0kejpe5r20101231NM0000000000000000000010'
 WHERE parent_id = '6ozempoo35sdmp69nkuagmeb0kejpe5r00000000000000000000000000000139';

UPDATE enumeration_attribute_item
   SET parent_id = '6ozempoo35sdmp69nkuagmeb0kejpe5r20101231NM0000000000000000000010'
 WHERE parent_id = '6ozempoo35sdmp69nkuagmeb0kejpe5r00000000000000000000000000000139';

UPDATE relationship_inheritance
   SET parent_id = '6ozempoo35sdmp69nkuagmeb0kejpe5r20101231NM0000000000000000000010'
 WHERE parent_id = '6ozempoo35sdmp69nkuagmeb0kejpe5r00000000000000000000000000000139';

UPDATE information_inheritance
   SET parent_id = '6ozempoo35sdmp69nkuagmeb0kejpe5r20101231NM0000000000000000000010'
 WHERE parent_id = '6ozempoo35sdmp69nkuagmeb0kejpe5r00000000000000000000000000000139';

UPDATE class_attribute_virtual
   SET parent_id = '6ozempoo35sdmp69nkuagmeb0kejpe5r20101231NM0000000000000000000010'
 WHERE parent_id = '6ozempoo35sdmp69nkuagmeb0kejpe5r00000000000000000000000000000139';

UPDATE exception_inheritance
   SET parent_id = '6ozempoo35sdmp69nkuagmeb0kejpe5r20101231NM0000000000000000000010'
 WHERE parent_id = '6ozempoo35sdmp69nkuagmeb0kejpe5r00000000000000000000000000000139';

UPDATE enumeration_attribute
   SET parent_id = '6ozempoo35sdmp69nkuagmeb0kejpe5r20101231NM0000000000000000000010'
 WHERE parent_id = '6ozempoo35sdmp69nkuagmeb0kejpe5r00000000000000000000000000000139';

UPDATE util_inheritance
   SET parent_id = '6ozempoo35sdmp69nkuagmeb0kejpe5r20101231NM0000000000000000000010'
 WHERE parent_id = '6ozempoo35sdmp69nkuagmeb0kejpe5r00000000000000000000000000000139';

UPDATE class_inheritance
   SET parent_id = '6ozempoo35sdmp69nkuagmeb0kejpe5r20101231NM0000000000000000000010'
 WHERE parent_id = '6ozempoo35sdmp69nkuagmeb0kejpe5r00000000000000000000000000000139';

UPDATE attribute_has_dimension
   SET parent_id = '6ozempoo35sdmp69nkuagmeb0kejpe5r20101231NM0000000000000000000010'
 WHERE parent_id = '6ozempoo35sdmp69nkuagmeb0kejpe5r00000000000000000000000000000139';

UPDATE virtualize_attribute
   SET parent_id = '6ozempoo35sdmp69nkuagmeb0kejpe5r20101231NM0000000000000000000010'
 WHERE parent_id = '6ozempoo35sdmp69nkuagmeb0kejpe5r00000000000000000000000000000139';

UPDATE class_has_dimension
   SET parent_id = '6ozempoo35sdmp69nkuagmeb0kejpe5r20101231NM0000000000000000000010'
 WHERE parent_id = '6ozempoo35sdmp69nkuagmeb0kejpe5r00000000000000000000000000000139';

UPDATE class_attribute_concrete
   SET parent_id = '6ozempoo35sdmp69nkuagmeb0kejpe5r20101231NM0000000000000000000010'
 WHERE parent_id = '6ozempoo35sdmp69nkuagmeb0kejpe5r00000000000000000000000000000139';

UPDATE metadata_parameter
   SET parent_id = '6ozempoo35sdmp69nkuagmeb0kejpe5r20101231NM0000000000000000000010'
 WHERE parent_id = '6ozempoo35sdmp69nkuagmeb0kejpe5r00000000000000000000000000000139';

UPDATE metadata_relationship
   SET parent_id = '6ozempoo35sdmp69nkuagmeb0kejpe5r20101231NM0000000000000000000010'
 WHERE parent_id = '6ozempoo35sdmp69nkuagmeb0kejpe5r00000000000000000000000000000139';


--Child Relationships
UPDATE dimension_def_struct_attr
   SET child_id = '6ozempoo35sdmp69nkuagmeb0kejpe5r20101231NM0000000000000000000010'
 WHERE child_id = '6ozempoo35sdmp69nkuagmeb0kejpe5r00000000000000000000000000000139';

UPDATE index_attribute
   SET child_id = '6ozempoo35sdmp69nkuagmeb0kejpe5r20101231NM0000000000000000000010'
 WHERE child_id = '6ozempoo35sdmp69nkuagmeb0kejpe5r00000000000000000000000000000139';

UPDATE class_attribute
   SET child_id = '6ozempoo35sdmp69nkuagmeb0kejpe5r20101231NM0000000000000000000010'
 WHERE child_id = '6ozempoo35sdmp69nkuagmeb0kejpe5r00000000000000000000000000000139';

UPDATE type_permissions
   SET child_id = '6ozempoo35sdmp69nkuagmeb0kejpe5r20101231NM0000000000000000000010'
 WHERE child_id = '6ozempoo35sdmp69nkuagmeb0kejpe5r00000000000000000000000000000139';

UPDATE class_attribute_virtual
   SET child_id = '6ozempoo35sdmp69nkuagmeb0kejpe5r20101231NM0000000000000000000010'
 WHERE child_id = '6ozempoo35sdmp69nkuagmeb0kejpe5r00000000000000000000000000000139';

UPDATE class_attribute_concrete
   SET child_id = '6ozempoo35sdmp69nkuagmeb0kejpe5r20101231NM0000000000000000000010'
 WHERE child_id = '6ozempoo35sdmp69nkuagmeb0kejpe5r00000000000000000000000000000139';

UPDATE metadata_relationship
   SET child_id = '6ozempoo35sdmp69nkuagmeb0kejpe5r20101231NM0000000000000000000010'
 WHERE child_id = '6ozempoo35sdmp69nkuagmeb0kejpe5r00000000000000000000000000000139';


-- Reference Attributes
UPDATE md_relationship
   SET sort_md_attribute = '6ozempoo35sdmp69nkuagmeb0kejpe5r20101231NM0000000000000000000010'
 WHERE sort_md_attribute = '6ozempoo35sdmp69nkuagmeb0kejpe5r00000000000000000000000000000139';

UPDATE object_tuple
   SET md_attribute_concrete = '6ozempoo35sdmp69nkuagmeb0kejpe5r20101231NM0000000000000000000010'
 WHERE md_attribute_concrete = '6ozempoo35sdmp69nkuagmeb0kejpe5r00000000000000000000000000000139';

UPDATE type_tuple
   SET metadata = '6ozempoo35sdmp69nkuagmeb0kejpe5r20101231NM0000000000000000000010'
 WHERE metadata = '6ozempoo35sdmp69nkuagmeb0kejpe5r00000000000000000000000000000139';

UPDATE md_parameter
   SET metadata = '6ozempoo35sdmp69nkuagmeb0kejpe5r20101231NM0000000000000000000010'
 WHERE metadata = '6ozempoo35sdmp69nkuagmeb0kejpe5r00000000000000000000000000000139';

UPDATE md_attribute_virtual
   SET md_attribute_concrete = '6ozempoo35sdmp69nkuagmeb0kejpe5r20101231NM0000000000000000000010'
 WHERE md_attribute_concrete = '6ozempoo35sdmp69nkuagmeb0kejpe5r00000000000000000000000000000139';

UPDATE md_attribute_dimension
   SET defining_md_attribute = '6ozempoo35sdmp69nkuagmeb0kejpe5r20101231NM0000000000000000000010'
 WHERE defining_md_attribute = '6ozempoo35sdmp69nkuagmeb0kejpe5r00000000000000000000000000000139';

-- Updating item_ids in MdEnumeration tables.
-- Update the ids and the type fields in the object tables
UPDATE md_attribute_clob
   SET id = 'NM20070418000000000000000000004020101231NM0000000000000000000010'
 WHERE id = 'NM20070418000000000000000000004000000000000000000000000000000139';

UPDATE md_attribute_char
   SET id = 'NM20070418000000000000000000004020101231NM0000000000000000000010'
 WHERE id = 'NM20070418000000000000000000004000000000000000000000000000000139';

UPDATE md_attribute_primitive
   SET id = 'NM20070418000000000000000000004020101231NM0000000000000000000010'
 WHERE id = 'NM20070418000000000000000000004000000000000000000000000000000139';

UPDATE md_attribute_concrete
   SET id = 'NM20070418000000000000000000004020101231NM0000000000000000000010'
 WHERE id = 'NM20070418000000000000000000004000000000000000000000000000000139';

UPDATE md_attribute
   SET id = 'NM20070418000000000000000000004020101231NM0000000000000000000010'
 WHERE id = 'NM20070418000000000000000000004000000000000000000000000000000139';

UPDATE metadata
   SET id = 'NM20070418000000000000000000004020101231NM0000000000000000000010',
       type = 'com.runwaysdk.system.metadata.MdAttributeClob'
 WHERE id = 'NM20070418000000000000000000004000000000000000000000000000000139';


--Parent Relationships
UPDATE type_method
   SET parent_id = 'NM20070418000000000000000000004020101231NM0000000000000000000010'
 WHERE parent_id = 'NM20070418000000000000000000004000000000000000000000000000000139';

UPDATE problem_inheritance
   SET parent_id = 'NM20070418000000000000000000004020101231NM0000000000000000000010'
 WHERE parent_id = 'NM20070418000000000000000000004000000000000000000000000000000139';

UPDATE dimension_def_struct_attr
   SET parent_id = 'NM20070418000000000000000000004020101231NM0000000000000000000010'
 WHERE parent_id = 'NM20070418000000000000000000004000000000000000000000000000000139';

UPDATE dimension_has_attribute
   SET parent_id = 'NM20070418000000000000000000004020101231NM0000000000000000000010'
 WHERE parent_id = 'NM20070418000000000000000000004000000000000000000000000000000139';

UPDATE dimension_has_class
   SET parent_id = 'NM20070418000000000000000000004020101231NM0000000000000000000010'
 WHERE parent_id = 'NM20070418000000000000000000004000000000000000000000000000000139';

UPDATE view_inheritance
   SET parent_id = 'NM20070418000000000000000000004020101231NM0000000000000000000010'
 WHERE parent_id = 'NM20070418000000000000000000004000000000000000000000000000000139';

UPDATE business_inheritance
   SET parent_id = 'NM20070418000000000000000000004020101231NM0000000000000000000010'
 WHERE parent_id = 'NM20070418000000000000000000004000000000000000000000000000000139';

UPDATE md_method_method_actor
   SET parent_id = 'NM20070418000000000000000000004020101231NM0000000000000000000010'
 WHERE parent_id = 'NM20070418000000000000000000004000000000000000000000000000000139';

UPDATE index_attribute
   SET parent_id = 'NM20070418000000000000000000004020101231NM0000000000000000000010'
 WHERE parent_id = 'NM20070418000000000000000000004000000000000000000000000000000139';

UPDATE class_attribute
   SET parent_id = 'NM20070418000000000000000000004020101231NM0000000000000000000010'
 WHERE parent_id = 'NM20070418000000000000000000004000000000000000000000000000000139';

UPDATE warning_inheritance
   SET parent_id = 'NM20070418000000000000000000004020101231NM0000000000000000000010'
 WHERE parent_id = 'NM20070418000000000000000000004000000000000000000000000000000139';

UPDATE entity_index
   SET parent_id = 'NM20070418000000000000000000004020101231NM0000000000000000000010'
 WHERE parent_id = 'NM20070418000000000000000000004000000000000000000000000000000139';

UPDATE enumeration_attribute_item
   SET parent_id = 'NM20070418000000000000000000004020101231NM0000000000000000000010'
 WHERE parent_id = 'NM20070418000000000000000000004000000000000000000000000000000139';

UPDATE relationship_inheritance
   SET parent_id = 'NM20070418000000000000000000004020101231NM0000000000000000000010'
 WHERE parent_id = 'NM20070418000000000000000000004000000000000000000000000000000139';

UPDATE information_inheritance
   SET parent_id = 'NM20070418000000000000000000004020101231NM0000000000000000000010'
 WHERE parent_id = 'NM20070418000000000000000000004000000000000000000000000000000139';

UPDATE class_attribute_virtual
   SET parent_id = 'NM20070418000000000000000000004020101231NM0000000000000000000010'
 WHERE parent_id = 'NM20070418000000000000000000004000000000000000000000000000000139';

UPDATE exception_inheritance
   SET parent_id = 'NM20070418000000000000000000004020101231NM0000000000000000000010'
 WHERE parent_id = 'NM20070418000000000000000000004000000000000000000000000000000139';

UPDATE enumeration_attribute
   SET parent_id = 'NM20070418000000000000000000004020101231NM0000000000000000000010'
 WHERE parent_id = 'NM20070418000000000000000000004000000000000000000000000000000139';

UPDATE util_inheritance
   SET parent_id = 'NM20070418000000000000000000004020101231NM0000000000000000000010'
 WHERE parent_id = 'NM20070418000000000000000000004000000000000000000000000000000139';

UPDATE class_inheritance
   SET parent_id = 'NM20070418000000000000000000004020101231NM0000000000000000000010'
 WHERE parent_id = 'NM20070418000000000000000000004000000000000000000000000000000139';

UPDATE attribute_has_dimension
   SET parent_id = 'NM20070418000000000000000000004020101231NM0000000000000000000010'
 WHERE parent_id = 'NM20070418000000000000000000004000000000000000000000000000000139';

UPDATE virtualize_attribute
   SET parent_id = 'NM20070418000000000000000000004020101231NM0000000000000000000010'
 WHERE parent_id = 'NM20070418000000000000000000004000000000000000000000000000000139';

UPDATE class_has_dimension
   SET parent_id = 'NM20070418000000000000000000004020101231NM0000000000000000000010'
 WHERE parent_id = 'NM20070418000000000000000000004000000000000000000000000000000139';

UPDATE class_attribute_concrete
   SET parent_id = 'NM20070418000000000000000000004020101231NM0000000000000000000010'
 WHERE parent_id = 'NM20070418000000000000000000004000000000000000000000000000000139';

UPDATE metadata_parameter
   SET parent_id = 'NM20070418000000000000000000004020101231NM0000000000000000000010'
 WHERE parent_id = 'NM20070418000000000000000000004000000000000000000000000000000139';

UPDATE metadata_relationship
   SET parent_id = 'NM20070418000000000000000000004020101231NM0000000000000000000010'
 WHERE parent_id = 'NM20070418000000000000000000004000000000000000000000000000000139';


--Child Relationships
UPDATE dimension_def_struct_attr
   SET child_id = 'NM20070418000000000000000000004020101231NM0000000000000000000010'
 WHERE child_id = 'NM20070418000000000000000000004000000000000000000000000000000139';

UPDATE index_attribute
   SET child_id = 'NM20070418000000000000000000004020101231NM0000000000000000000010'
 WHERE child_id = 'NM20070418000000000000000000004000000000000000000000000000000139';

UPDATE class_attribute
   SET child_id = 'NM20070418000000000000000000004020101231NM0000000000000000000010'
 WHERE child_id = 'NM20070418000000000000000000004000000000000000000000000000000139';

UPDATE type_permissions
   SET child_id = 'NM20070418000000000000000000004020101231NM0000000000000000000010'
 WHERE child_id = 'NM20070418000000000000000000004000000000000000000000000000000139';

UPDATE class_attribute_virtual
   SET child_id = 'NM20070418000000000000000000004020101231NM0000000000000000000010'
 WHERE child_id = 'NM20070418000000000000000000004000000000000000000000000000000139';

UPDATE class_attribute_concrete
   SET child_id = 'NM20070418000000000000000000004020101231NM0000000000000000000010'
 WHERE child_id = 'NM20070418000000000000000000004000000000000000000000000000000139';

UPDATE metadata_relationship
   SET child_id = 'NM20070418000000000000000000004020101231NM0000000000000000000010'
 WHERE child_id = 'NM20070418000000000000000000004000000000000000000000000000000139';


-- Reference Attributes
UPDATE md_relationship
   SET sort_md_attribute = 'NM20070418000000000000000000004020101231NM0000000000000000000010'
 WHERE sort_md_attribute = 'NM20070418000000000000000000004000000000000000000000000000000139';

UPDATE object_tuple
   SET md_attribute_concrete = 'NM20070418000000000000000000004020101231NM0000000000000000000010'
 WHERE md_attribute_concrete = 'NM20070418000000000000000000004000000000000000000000000000000139';

UPDATE type_tuple
   SET metadata = 'NM20070418000000000000000000004020101231NM0000000000000000000010'
 WHERE metadata = 'NM20070418000000000000000000004000000000000000000000000000000139';

UPDATE md_parameter
   SET metadata = 'NM20070418000000000000000000004020101231NM0000000000000000000010'
 WHERE metadata = 'NM20070418000000000000000000004000000000000000000000000000000139';

UPDATE md_attribute_virtual
   SET md_attribute_concrete = 'NM20070418000000000000000000004020101231NM0000000000000000000010'
 WHERE md_attribute_concrete = 'NM20070418000000000000000000004000000000000000000000000000000139';

UPDATE md_attribute_dimension
   SET defining_md_attribute = 'NM20070418000000000000000000004020101231NM0000000000000000000010'
 WHERE defining_md_attribute = 'NM20070418000000000000000000004000000000000000000000000000000139';

-- Updating item_ids in MdEnumeration tables.
-- Update the ids and the type fields in the object tables
UPDATE md_attribute_clob
   SET id = '20070320EG000000000000000000145420101231NM0000000000000000000010'
 WHERE id = '20070320EG000000000000000000145400000000000000000000000000000139';

UPDATE md_attribute_char
   SET id = '20070320EG000000000000000000145420101231NM0000000000000000000010'
 WHERE id = '20070320EG000000000000000000145400000000000000000000000000000139';

UPDATE md_attribute_primitive
   SET id = '20070320EG000000000000000000145420101231NM0000000000000000000010'
 WHERE id = '20070320EG000000000000000000145400000000000000000000000000000139';

UPDATE md_attribute_concrete
   SET id = '20070320EG000000000000000000145420101231NM0000000000000000000010'
 WHERE id = '20070320EG000000000000000000145400000000000000000000000000000139';

UPDATE md_attribute
   SET id = '20070320EG000000000000000000145420101231NM0000000000000000000010'
 WHERE id = '20070320EG000000000000000000145400000000000000000000000000000139';

UPDATE metadata
   SET id = '20070320EG000000000000000000145420101231NM0000000000000000000010',
       type = 'com.runwaysdk.system.metadata.MdAttributeClob'
 WHERE id = '20070320EG000000000000000000145400000000000000000000000000000139';


--Parent Relationships
UPDATE type_method
   SET parent_id = '20070320EG000000000000000000145420101231NM0000000000000000000010'
 WHERE parent_id = '20070320EG000000000000000000145400000000000000000000000000000139';

UPDATE problem_inheritance
   SET parent_id = '20070320EG000000000000000000145420101231NM0000000000000000000010'
 WHERE parent_id = '20070320EG000000000000000000145400000000000000000000000000000139';

UPDATE dimension_def_struct_attr
   SET parent_id = '20070320EG000000000000000000145420101231NM0000000000000000000010'
 WHERE parent_id = '20070320EG000000000000000000145400000000000000000000000000000139';

UPDATE dimension_has_attribute
   SET parent_id = '20070320EG000000000000000000145420101231NM0000000000000000000010'
 WHERE parent_id = '20070320EG000000000000000000145400000000000000000000000000000139';

UPDATE dimension_has_class
   SET parent_id = '20070320EG000000000000000000145420101231NM0000000000000000000010'
 WHERE parent_id = '20070320EG000000000000000000145400000000000000000000000000000139';

UPDATE view_inheritance
   SET parent_id = '20070320EG000000000000000000145420101231NM0000000000000000000010'
 WHERE parent_id = '20070320EG000000000000000000145400000000000000000000000000000139';

UPDATE business_inheritance
   SET parent_id = '20070320EG000000000000000000145420101231NM0000000000000000000010'
 WHERE parent_id = '20070320EG000000000000000000145400000000000000000000000000000139';

UPDATE md_method_method_actor
   SET parent_id = '20070320EG000000000000000000145420101231NM0000000000000000000010'
 WHERE parent_id = '20070320EG000000000000000000145400000000000000000000000000000139';

UPDATE index_attribute
   SET parent_id = '20070320EG000000000000000000145420101231NM0000000000000000000010'
 WHERE parent_id = '20070320EG000000000000000000145400000000000000000000000000000139';

UPDATE class_attribute
   SET parent_id = '20070320EG000000000000000000145420101231NM0000000000000000000010'
 WHERE parent_id = '20070320EG000000000000000000145400000000000000000000000000000139';

UPDATE warning_inheritance
   SET parent_id = '20070320EG000000000000000000145420101231NM0000000000000000000010'
 WHERE parent_id = '20070320EG000000000000000000145400000000000000000000000000000139';

UPDATE entity_index
   SET parent_id = '20070320EG000000000000000000145420101231NM0000000000000000000010'
 WHERE parent_id = '20070320EG000000000000000000145400000000000000000000000000000139';

UPDATE enumeration_attribute_item
   SET parent_id = '20070320EG000000000000000000145420101231NM0000000000000000000010'
 WHERE parent_id = '20070320EG000000000000000000145400000000000000000000000000000139';

UPDATE relationship_inheritance
   SET parent_id = '20070320EG000000000000000000145420101231NM0000000000000000000010'
 WHERE parent_id = '20070320EG000000000000000000145400000000000000000000000000000139';

UPDATE information_inheritance
   SET parent_id = '20070320EG000000000000000000145420101231NM0000000000000000000010'
 WHERE parent_id = '20070320EG000000000000000000145400000000000000000000000000000139';

UPDATE class_attribute_virtual
   SET parent_id = '20070320EG000000000000000000145420101231NM0000000000000000000010'
 WHERE parent_id = '20070320EG000000000000000000145400000000000000000000000000000139';

UPDATE exception_inheritance
   SET parent_id = '20070320EG000000000000000000145420101231NM0000000000000000000010'
 WHERE parent_id = '20070320EG000000000000000000145400000000000000000000000000000139';

UPDATE enumeration_attribute
   SET parent_id = '20070320EG000000000000000000145420101231NM0000000000000000000010'
 WHERE parent_id = '20070320EG000000000000000000145400000000000000000000000000000139';

UPDATE util_inheritance
   SET parent_id = '20070320EG000000000000000000145420101231NM0000000000000000000010'
 WHERE parent_id = '20070320EG000000000000000000145400000000000000000000000000000139';

UPDATE class_inheritance
   SET parent_id = '20070320EG000000000000000000145420101231NM0000000000000000000010'
 WHERE parent_id = '20070320EG000000000000000000145400000000000000000000000000000139';

UPDATE attribute_has_dimension
   SET parent_id = '20070320EG000000000000000000145420101231NM0000000000000000000010'
 WHERE parent_id = '20070320EG000000000000000000145400000000000000000000000000000139';

UPDATE virtualize_attribute
   SET parent_id = '20070320EG000000000000000000145420101231NM0000000000000000000010'
 WHERE parent_id = '20070320EG000000000000000000145400000000000000000000000000000139';

UPDATE class_has_dimension
   SET parent_id = '20070320EG000000000000000000145420101231NM0000000000000000000010'
 WHERE parent_id = '20070320EG000000000000000000145400000000000000000000000000000139';

UPDATE class_attribute_concrete
   SET parent_id = '20070320EG000000000000000000145420101231NM0000000000000000000010'
 WHERE parent_id = '20070320EG000000000000000000145400000000000000000000000000000139';

UPDATE metadata_parameter
   SET parent_id = '20070320EG000000000000000000145420101231NM0000000000000000000010'
 WHERE parent_id = '20070320EG000000000000000000145400000000000000000000000000000139';

UPDATE metadata_relationship
   SET parent_id = '20070320EG000000000000000000145420101231NM0000000000000000000010'
 WHERE parent_id = '20070320EG000000000000000000145400000000000000000000000000000139';


--Child Relationships
UPDATE dimension_def_struct_attr
   SET child_id = '20070320EG000000000000000000145420101231NM0000000000000000000010'
 WHERE child_id = '20070320EG000000000000000000145400000000000000000000000000000139';

UPDATE index_attribute
   SET child_id = '20070320EG000000000000000000145420101231NM0000000000000000000010'
 WHERE child_id = '20070320EG000000000000000000145400000000000000000000000000000139';

UPDATE class_attribute
   SET child_id = '20070320EG000000000000000000145420101231NM0000000000000000000010'
 WHERE child_id = '20070320EG000000000000000000145400000000000000000000000000000139';

UPDATE type_permissions
   SET child_id = '20070320EG000000000000000000145420101231NM0000000000000000000010'
 WHERE child_id = '20070320EG000000000000000000145400000000000000000000000000000139';

UPDATE class_attribute_virtual
   SET child_id = '20070320EG000000000000000000145420101231NM0000000000000000000010'
 WHERE child_id = '20070320EG000000000000000000145400000000000000000000000000000139';

UPDATE class_attribute_concrete
   SET child_id = '20070320EG000000000000000000145420101231NM0000000000000000000010'
 WHERE child_id = '20070320EG000000000000000000145400000000000000000000000000000139';

UPDATE metadata_relationship
   SET child_id = '20070320EG000000000000000000145420101231NM0000000000000000000010'
 WHERE child_id = '20070320EG000000000000000000145400000000000000000000000000000139';


-- Reference Attributes
UPDATE md_relationship
   SET sort_md_attribute = '20070320EG000000000000000000145420101231NM0000000000000000000010'
 WHERE sort_md_attribute = '20070320EG000000000000000000145400000000000000000000000000000139';

UPDATE object_tuple
   SET md_attribute_concrete = '20070320EG000000000000000000145420101231NM0000000000000000000010'
 WHERE md_attribute_concrete = '20070320EG000000000000000000145400000000000000000000000000000139';

UPDATE type_tuple
   SET metadata = '20070320EG000000000000000000145420101231NM0000000000000000000010'
 WHERE metadata = '20070320EG000000000000000000145400000000000000000000000000000139';

UPDATE md_parameter
   SET metadata = '20070320EG000000000000000000145420101231NM0000000000000000000010'
 WHERE metadata = '20070320EG000000000000000000145400000000000000000000000000000139';

UPDATE md_attribute_virtual
   SET md_attribute_concrete = '20070320EG000000000000000000145420101231NM0000000000000000000010'
 WHERE md_attribute_concrete = '20070320EG000000000000000000145400000000000000000000000000000139';

UPDATE md_attribute_dimension
   SET defining_md_attribute = '20070320EG000000000000000000145420101231NM0000000000000000000010'
 WHERE defining_md_attribute = '20070320EG000000000000000000145400000000000000000000000000000139';

-- Updating item_ids in MdEnumeration tables.


COMMIT;

