<?xml version="1.0" encoding="ISO-8859-1" ?>

 <!DOCTYPE tiles-definitions PUBLIC
       "-//Apache Software Foundation//DTD Tiles Configuration 1.1//EN"
       "http://jakarta.apache.org/struts/dtds/tiles-config_1_1.dtd">

<tiles-definitions>

   	<definition name=".mainLayout"
   	            page="/WEB-INF/pages/layouts/mainLayout.jsp">
		<put name="key" value="GeoServer"/>
    
        <!-- HEADER -->
        <put name="javascript" value="/WEB-INF/pages/blank.jsp"/>
   		
		<!-- SIDEBAR -->
   		<put name="status" value="/WEB-INF/pages/status.jsp"/>
   		<put name="messages" value="/WEB-INF/pages/messages.jsp"/>
   		<put name="actionator"	value="/WEB-INF/pages/actionator.jsp"/>
   		<put name="menuator"	value="/WEB-INF/pages/menuator.jsp"/>   		
   		<put name="configActions" value="/WEB-INF/pages/blank.jsp"/>
   		
		<!-- BODY -->
   		<put name="locator" value="/WEB-INF/pages/locator.jsp"/>
		<put name="body" value="/WEB-INF/pages/blank.jsp"/>

		<!-- CONTEXT -->
   		<put name="layer" value="application"/>
        <put name="locationForwards" value="welcome"/>
        <put name="actionForwards" value=""/>
        <put name="menuForwards" value=""/>
   	</definition>

   	<!-- WELCOME -->
   	<definition name="welcome" extends=".mainLayout">
        <put name="key" value="welcome"/>
   		<put name="body" value="/WEB-INF/pages/Welcome.jsp"/>
   		<put name="layer" value="application"/>
        <put name="locationForwards" value=""/>
        <put name="menuForwards" value="admin:config:welcome.demo"/>
   	</definition>
   	
   	<definition name="welcome.contact" extends=".mainLayout">
        <put name="key" value="welcome.contact"/>
   		<put name="body" value="/WEB-INF/pages/ContactInformation.jsp"/>
   		<put name="layer" value="application"/>
        <put name="locationForwards" value="welcome"/>   		
   	</definition>
   	
   	<definition name="admin.login" extends=".mainLayout">
   		<put name="key" value="admin.login"/>
   		<put name="body" value="/WEB-INF/pages/Login.jsp"/>   		
   		<put name="layer" value="application"/>
        <put name="locationForwards" value="welcome"/>        
   	</definition>

   	<definition name="welcome.demo" extends=".mainLayout">
   		<put name="key" value="welcome.demo"/>
   		<put name="body" value="/WEB-INF/pages/Demo.jsp"/>   		
   		<put name="layer" value="application"/>
        <put name="locationForwards" value="welcome"/>        
   	</definition>
   	
   	<definition name="welcome.demoRequest" extends=".mainLayout">
   		<put name="key" value="welcome.demoRequest"/>
   		<put name="body" value="/WEB-INF/pages/demoRequest.jsp"/>   		
   		<put name="layer" value="application"/>
        <put name="locationForwards" value="welcome:welcome.demo"/>        
   	</definition>
   	   	   	
   	<!-- ADMIN -->
   	<definition name="admin.main" extends=".mainLayout">
   		<put name="key" value="admin"/>
   		<put name="body" value="/WEB-INF/pages/Administration.jsp"/>
   		<put name="layer" value="configuration"/>
        <put name="locationForwards" value="welcome"/>
        <put name="actionForwards" value="admin.freeLocks:admin.freeMemory:admin.freeJAIMemory"/>
   	</definition>   	
   	   	
   	<!-- CONFIG -->
   	<definition name="config.main" extends=".mainLayout">
   		<put name="key" value="config"/>
   		<put name="body" value="/WEB-INF/pages/Configuration.jsp"/>
   		<put name="layer" value="configuration"/>
   		<put name="status" value="/WEB-INF/pages/data/status.jsp"/>
        <put name="locationForwards" value="welcome"/>
   		<put name="configActions" value="/WEB-INF/pages/configActions.jsp"/>        
        <put name="menuForwards"
             value="config.server:config.wcs:config.wfs:config.wms:config.data"/>   		
   	</definition>

   	<!-- CONFIG Server -->
   	<definition name="config.server" extends=".mainLayout">
   		<put name="key" value="config.server"/>
   		<put name="body" value="/WEB-INF/pages/GeoServerConfiguration.jsp"/>
   		<put name="layer" value="configuration"/>
   		<put name="status" value="/WEB-INF/pages/data/status.jsp"/>
        <put name="locationForwards" value="welcome:config"/>
   		<put name="configActions" value="/WEB-INF/pages/configActions.jsp"/>
      <!-- Removed, since for the moment the configuration is stored in property files
        <put name="menuForwards"
             value="config.server.login"/>
      -->
   	</definition>
   	
        <definition name="config.server.login" extends=".mainLayout">
                <put name="key" value="config.server.login"/>
                <put name="body" value="/WEB-INF/pages/loginEditor.jsp"/>
                <put name="layer" value="configuration"/>
        <put name="locationForwards" value="welcome:config:config.server"/>
        </definition>

    <!-- CONFIG DATA -->
   	<definition name="config.data" extends=".mainLayout">
   		<put name="key" value="config.data"/>
		<put name="body" value="/WEB-INF/pages/data/DataMenu.jsp"/>
		<put name="status" value="/WEB-INF/pages/data/status.jsp"/>		
   		<put name="layer" value="data"/>
        <put name="locationForwards" value="welcome:config"/>
   		<put name="configActions" value="/WEB-INF/pages/configActions.jsp"/>
<!-- didier, 2004-04-18, logical order :
        <put name="menuForwards"
             value="config.data.store:config.data.namespace:config.data.style:config.data.type"/>
  -->
        <put name="menuForwards"
             value="config.data.namespace:config.data.format:config.data.store:config.data.style:config.data.type:config.data.coverage"/>
   	</definition>

	<!-- namespace -->   	
   	<definition name="config.data.namespace" extends=".mainLayout">
   		<put name="key" value="config.data.namespace"/>
		<put name="body" value="/WEB-INF/pages/data/namespaces/Select.jsp"/>
		<put name="status" value="/WEB-INF/pages/data/status.jsp"/>
   		<put name="layer" value="data"/>
        <put name="locationForwards" value="welcome:config:config.data"/>
   		<put name="configActions" value="/WEB-INF/pages/configActions.jsp"/>
        <put name="menuForwards"
             value="config.data.namespace.new"/> 
   	</definition>   	

   	<definition name="config.data.namespace.new" extends=".mainLayout">
   		<put name="key" value="config.data.namespace.new"/>
   		<put name="body" value="/WEB-INF/pages/data/namespaces/New.jsp"/>
		<put name="status" value="/WEB-INF/pages/data/status.jsp"/>		
   		<put name="layer" value="data"/>
        <put name="locationForwards" value="welcome:config:config.data:config.data.namespace"/>
   		<put name="configActions" value="/WEB-INF/pages/configActions.jsp"/>
   	</definition>   	
   	
   	<definition name="config.data.namespace.editor" extends=".mainLayout">
   		<put name="key" value="config.data.namespace.editor"/>
   		<put name="body" value="/WEB-INF/pages/data/namespaces/Editor.jsp"/>
		<put name="status" value="/WEB-INF/pages/data/status.jsp"/>		
   		<put name="layer" value="data"/>   						
        <put name="locationForwards" value="welcome:config:config.data:config.data.namespace"/>
   		<put name="configActions" value="/WEB-INF/pages/configActions.jsp"/>
   	</definition>   	

	<!-- styles -->
   	<definition name="config.data.style" extends=".mainLayout">
   		<put name="key" value="config.data.style"/>
   		<put name="body" value="/WEB-INF/pages/data/styles/Select.jsp"/>
		<put name="status" value="/WEB-INF/pages/data/status.jsp"/>
   		<put name="layer" value="data"/>
        <put name="locationForwards" value="welcome:config:config.data"/>
   		<put name="configActions" value="/WEB-INF/pages/configActions.jsp"/>
        <put name="menuForwards"
             value="config.data.style.new"/>
   	</definition>
   	   	
   	<definition name="config.data.style.new" extends=".mainLayout">
   		<put name="key" value="config.data.style.new"/>
   		<put name="body" value="/WEB-INF/pages/data/styles/New.jsp"/>
		<put name="status" value="/WEB-INF/pages/data/status.jsp"/>
   		<put name="layer" value="data"/>
        <put name="locationForwards" value="welcome:config:config.data:config.data.style"/>
   		<put name="configActions" value="/WEB-INF/pages/configActions.jsp"/>
   	</definition>

   	<definition name="config.data.style.editor" extends=".mainLayout">
        <put name="javascript" value="/WEB-INF/pages/editAreaXml.jsp"/>
   		<put name="key" value="config.data.style.editor"/>
   		<put name="body" value="/WEB-INF/pages/data/styles/Editor.jsp"/>
		<put name="status" value="/WEB-INF/pages/data/status.jsp"/>
   		<put name="layer" value="data"/>
        <put name="locationForwards" value="welcome:config:config.data:config.data.style"/>
   		<put name="configActions" value="/WEB-INF/pages/configActions.jsp"/>
   	</definition>
   	   	
</tiles-definitions>