<layerGroup>
  <id>LayerGroupInfoImpl--570ae188:124761b8d78:-7fab</id>
  <name>spearfish</name>
  <layers>
    <layer>
      <id>LayerInfoImpl--570ae188:124761b8d78:-7fb0</id>
    </layer>
    <layer>
      <id>LayerInfoImpl--570ae188:124761b8d78:-7fc2</id>
    </layer>
    <layer>
      <id>LayerInfoImpl--570ae188:124761b8d78:-7fc4</id>
    </layer>
    <layer>
      <id>LayerInfoImpl--570ae188:124761b8d78:-7fc6</id>
    </layer>
    <layer>
      <id>LayerInfoImpl--570ae188:124761b8d78:-7fca</id>
    </layer>
    <layer>
      <id>LayerInfoImpl--570ae188:124761b8d78:-7fc8</id>
    </layer>
  </layers>
  <styles>
    <style/>
    <style/>
    <style/>
    <style/>
    <style/>
    <style/>
  </styles>
  <bounds>
    <minx>589425.9342365642</minx>
    <maxx>609518.6719560538</maxx>
    <miny>4913959.224611808</miny>
    <maxy>4928082.949945881</maxy>
    <crs class="projected">EPSG:26713</crs>
  </bounds>
  <metadata>
    <entry key="GWC.metaTilingX">4</entry>
    <entry key="GWC.autoCacheStyles">false</entry>
    <entry key="rawStyleList"></entry>
    <entry key="GWC.metaTilingY">4</entry>
    <entry key="GWC.gutter">0</entry>
    <entry key="GWC.enabled">true</entry>
    <entry key="GWC.gridSets">EPSG:4326,EPSG:900913</entry>
    <entry key="GWC.cacheFormats">image/jpeg,image/png</entry>
  </metadata>
</layerGroup>